year,haven,share_global,global_wealth,switzerland,non_swiss,american,asian,european,weight_baseline,scenario,alpha,n_havens,weight,share_global_scenario,wealth_bn_usd
2001,Austria,0.002559017241395686,3311.5495732678387,1271.2506882567957,2040.298885011043,324.88582775297846,641.3859889772212,1074.0270682808432,0.004153466198499177,25% equal weights,0.25,19,0.016272994385716485,0.010026053231691406,33.20177230096831
2001,Austria,0.002559017241395686,3311.5495732678387,1271.2506882567957,2040.298885011043,324.88582775297846,641.3859889772212,1074.0270682808432,0.004153466198499177,50% equal weights,0.5,19,0.028392522572933798,0.017493089221987126,57.929232148207696
2001,Austria,0.002559017241395686,3311.5495732678387,1271.2506882567957,2040.298885011043,324.88582775297846,641.3859889772212,1074.0270682808432,0.004153466198499177,Baseline,0,19,0.004153466198499177,0.0025590172413956862,8.474312453728926
2001,Bahamas,0.05635577933939265,3311.5495732678387,1271.2506882567957,2040.298885011043,324.88582775297846,641.3859889772212,1074.0270682808432,0.09146942067830033,25% equal weights,0.25,19,0.08175996024556735,0.05037362480518912,166.81475572757827
2001,Bahamas,0.05635577933939265,3311.5495732678387,1271.2506882567957,2040.298885011043,324.88582775297846,641.3859889772212,1074.0270682808432,0.09146942067830033,50% equal weights,0.5,19,0.07205049981283437,0.044391470270985604,147.00455443261433
2001,Bahamas,0.05635577933939265,3311.5495732678387,1271.2506882567957,2040.298885011043,324.88582775297846,641.3859889772212,1074.0270682808432,0.09146942067830033,Baseline,0,19,0.09146942067830033,0.05635577933939265,186.6249570225422
2001,Bahrain,0.015241998228026537,3311.5495732678387,1271.2506882567957,2040.298885011043,324.88582775297846,641.3859889772212,1074.0270682808432,0.0247388424796876,25% equal weights,0.25,19,0.0317120265966078,0.019538288971664545,64.70201250649944
2001,Bahrain,0.015241998228026537,3311.5495732678387,1271.2506882567957,2040.298885011043,324.88582775297846,641.3859889772212,1074.0270682808432,0.0247388424796876,50% equal weights,0.5,19,0.03868521071352801,0.023834579715302555,78.92939228522846
2001,Bahrain,0.015241998228026537,3311.5495732678387,1271.2506882567957,2040.298885011043,324.88582775297846,641.3859889772212,1074.0270682808432,0.0247388424796876,Baseline,0,19,0.0247388424796876,0.015241998228026537,50.474632727770434
2001,Belgium,0.03001374739473931,3311.5495732678387,1271.2506882567957,2040.298885011043,324.88582775297846,641.3859889772212,1074.0270682808432,0.04871443743237634,25% equal weights,0.25,19,0.04969372281112436,0.030617100846699122,101.39004724358486
2001,Belgium,0.03001374739473931,3311.5495732678387,1271.2506882567957,2040.298885011043,324.88582775297846,641.3859889772212,1074.0270682808432,0.04871443743237634,50% equal weights,0.5,19,0.05067300818987238,0.031220454298658936,103.38808210995207
2001,Belgium,0.03001374739473931,3311.5495732678387,1271.2506882567957,2040.298885011043,324.88582775297846,641.3859889772212,1074.0270682808432,0.04871443743237634,Baseline,0,19,0.04871443743237634,0.030013747394739308,99.39201237721767
2001,Bermuda,0,3311.5495732678387,1271.2506882567957,2040.298885011043,324.88582775297846,641.3859889772212,1074.0270682808432,0,25% equal weights,0.25,19,0.013157894736842105,0.008106790300644642,26.846037960671616
2001,Bermuda,0,3311.5495732678387,1271.2506882567957,2040.298885011043,324.88582775297846,641.3859889772212,1074.0270682808432,0,50% equal weights,0.5,19,0.02631578947368421,0.016213580601289284,53.69207592134323
2001,Bermuda,0,3311.5495732678387,1271.2506882567957,2040.298885011043,324.88582775297846,641.3859889772212,1074.0270682808432,0,Baseline,0,19,0,0,0
2001,Cayman Islands,0.0816355065277716,3311.5495732678387,1271.2506882567957,2040.298885011043,324.88582775297846,641.3859889772212,1074.0270682808432,0.13250020807813298,25% equal weights,0.25,19,0.11253305079544183,0.06933342019647334,229.60105806483105
2001,Cayman Islands,0.0816355065277716,3311.5495732678387,1271.2506882567957,2040.298885011043,324.88582775297846,641.3859889772212,1074.0270682808432,0.13250020807813298,50% equal weights,0.5,19,0.0925658935127507,0.05703133386517508,188.8620893241162
2001,Cayman Islands,0.0816355065277716,3311.5495732678387,1271.2506882567957,2040.298885011043,324.88582775297846,641.3859889772212,1074.0270682808432,0.13250020807813298,Baseline,0,19,0.13250020807813298,0.0816355065277716,270.3400268055459
2001,Cyprus,0.01134055746233614,3311.5495732678387,1271.2506882567957,2040.298885011043,324.88582775297846,641.3859889772212,1074.0270682808432,0.018406527838109064,25% equal weights,0.25,19,0.026962790615423903,0.016612208397396747,55.01215162943561
2001,Cyprus,0.01134055746233614,3311.5495732678387,1271.2506882567957,2040.298885011043,324.88582775297846,641.3859889772212,1074.0270682808432,0.018406527838109064,50% equal weights,0.5,19,0.03551905339273874,0.021883859332457352,72.46948503385255
2001,Cyprus,0.01134055746233614,3311.5495732678387,1271.2506882567957,2040.298885011043,324.88582775297846,641.3859889772212,1074.0270682808432,0.018406527838109064,Baseline,0,19,0.018406527838109064,0.01134055746233614,37.55481822501865
2001,Guernsey,0.04157055598754196,3311.5495732678387,1271.2506882567957,2040.298885011043,324.88582775297846,641.3859889772212,1074.0270682808432,0.06747195616896408,25% equal weights,0.25,19,0.06376186186356517,0.03928470729130111,130.09325566646015
2001,Guernsey,0.04157055598754196,3311.5495732678387,1271.2506882567957,2040.298885011043,324.88582775297846,641.3859889772212,1074.0270682808432,0.06747195616896408,50% equal weights,0.5,19,0.06005176755816625,0.03699885859506026,122.52355439186893
2001,Guernsey,0.04157055598754196,3311.5495732678387,1271.2506882567957,2040.298885011043,324.88582775297846,641.3859889772212,1074.0270682808432,0.06747195616896408,Baseline,0,19,0.06747195616896408,0.04157055598754196,137.66295694105136
2001,Hong Kong,0.04612779488489267,3311.5495732678387,1271.2506882567957,2040.298885011043,324.88582775297846,641.3859889772212,1074.0270682808432,0.07486867761829216,25% equal weights,0.25,19,0.06930940295056123,0.04270263646431415,141.41189756081118
2001,Hong Kong,0.04612779488489267,3311.5495732678387,1271.2506882567957,2040.298885011043,324.88582775297846,641.3859889772212,1074.0270682808432,0.07486867761829216,50% equal weights,0.5,19,0.06375012828283029,0.03927747804373562,130.0693156547696
2001,Hong Kong,0.04612779488489267,3311.5495732678387,1271.2506882567957,2040.298885011043,324.88582775297846,641.3859889772212,1074.0270682808432,0.07486867761829216,Baseline,0,19,0.07486867761829216,0.04612779488489267,152.75447946685273
2001,Isle of Man,0.019808848710775644,3311.5495732678387,1271.2506882567957,2040.298885011043,324.88582775297846,641.3859889772212,1074.0270682808432,0.03215116421275759,25% equal weights,0.25,19,0.0372712678964103,0.022963426833726375,76.04452633199381
2001,Isle of Man,0.019808848710775644,3311.5495732678387,1271.2506882567957,2040.298885011043,324.88582775297846,641.3859889772212,1074.0270682808432,0.03215116421275759,50% equal weights,0.5,19,0.04239137158006301,0.026118004956677106,86.49106816889137
2001,Isle of Man,0.019808848710775644,3311.5495732678387,1271.2506882567957,2040.298885011043,324.88582775297846,641.3859889772212,1074.0270682808432,0.03215116421275759,Baseline,0,19,0.03215116421275759,0.019808848710775644,65.59798449509627
2001,Jersey,0.06330711145205081,3311.5495732678387,1271.2506882567957,2040.298885011043,324.88582775297846,641.3859889772212,1074.0270682808432,0.10275192495276185,25% equal weights,0.25,19,0.09022183845141349,0.055587123889682746,184.0795163960654
2001,Jersey,0.06330711145205081,3311.5495732678387,1271.2506882567957,2040.298885011043,324.88582775297846,641.3859889772212,1074.0270682808432,0.10275192495276185,50% equal weights,0.5,19,0.07769175195006514,0.047867136327314694,158.51439487827244
2001,Jersey,0.06330711145205081,3311.5495732678387,1271.2506882567957,2040.298885011043,324.88582775297846,641.3859889772212,1074.0270682808432,0.10275192495276185,Baseline,0,19,0.10275192495276185,0.06330711145205081,209.64463791385836
2001,Luxembourg,0.11403921505437606,3311.5495732678387,1271.2506882567957,2040.298885011043,324.88582775297846,641.3859889772212,1074.0270682808432,0.18509372167160418,25% equal weights,0.25,19,0.15197818599054524,0.09363620159142669,310.08092342251035
2001,Luxembourg,0.11403921505437606,3311.5495732678387,1271.2506882567957,2040.298885011043,324.88582775297846,641.3859889772212,1074.0270682808432,0.18509372167160418,50% equal weights,0.5,19,0.1188626503094863,0.07323318812847732,242.5153328959024
2001,Luxembourg,0.11403921505437606,3311.5495732678387,1271.2506882567957,2040.298885011043,324.88582775297846,641.3859889772212,1074.0270682808432,0.18509372167160418,Baseline,0,19,0.18509372167160418,0.11403921505437606,377.64651394911834
2001,Macao,0,3311.5495732678387,1271.2506882567957,2040.298885011043,324.88582775297846,641.3859889772212,1074.0270682808432,0,25% equal weights,0.25,19,0.013157894736842105,0.008106790300644642,26.846037960671616
2001,Macao,0,3311.5495732678387,1271.2506882567957,2040.298885011043,324.88582775297846,641.3859889772212,1074.0270682808432,0,50% equal weights,0.5,19,0.02631578947368421,0.016213580601289284,53.69207592134323
2001,Macao,0,3311.5495732678387,1271.2506882567957,2040.298885011043,324.88582775297846,641.3859889772212,1074.0270682808432,0,Baseline,0,19,0,0,0
2001,Malaysia,0,3311.5495732678387,1271.2506882567957,2040.298885011043,324.88582775297846,641.3859889772212,1074.0270682808432,0,25% equal weights,0.25,19,0.013157894736842105,0.008106790300644642,26.846037960671616
2001,Malaysia,0,3311.5495732678387,1271.2506882567957,2040.298885011043,324.88582775297846,641.3859889772212,1074.0270682808432,0,50% equal weights,0.5,19,0.02631578947368421,0.016213580601289284,53.69207592134323
2001,Malaysia,0,3311.5495732678387,1271.2506882567957,2040.298885011043,324.88582775297846,641.3859889772212,1074.0270682808432,0,Baseline,0,19,0,0,0
2001,Netherlands Antilles (then Curaçao),0.0048228600003697815,3311.5495732678387,1271.2506882567957,2040.298885011043,324.88582775297846,641.3859889772212,1074.0270682808432,0.007827843309373094,25% equal weights,0.25,19,0.019028777218871924,0.011723935300921976,38.824392942787924
2001,Netherlands Antilles (then Curaçao),0.0048228600003697815,3311.5495732678387,1271.2506882567957,2040.298885011043,324.88582775297846,641.3859889772212,1074.0270682808432,0.007827843309373094,50% equal weights,0.5,19,0.030229711128370758,0.018625010601474173,61.677645909420775
2001,Netherlands Antilles (then Curaçao),0.0048228600003697815,3311.5495732678387,1271.2506882567957,2040.298885011043,324.88582775297846,641.3859889772212,1074.0270682808432,0.007827843309373094,Baseline,0,19,0.007827843309373094,0.004822860000369781,15.971139976155078
2001,Panama,0,3311.5495732678387,1271.2506882567957,2040.298885011043,324.88582775297846,641.3859889772212,1074.0270682808432,0,25% equal weights,0.25,19,0.013157894736842105,0.008106790300644642,26.846037960671616
2001,Panama,0,3311.5495732678387,1271.2506882567957,2040.298885011043,324.88582775297846,641.3859889772212,1074.0270682808432,0,50% equal weights,0.5,19,0.02631578947368421,0.016213580601289284,53.69207592134323
2001,Panama,0,3311.5495732678387,1271.2506882567957,2040.298885011043,324.88582775297846,641.3859889772212,1074.0270682808432,0,Baseline,0,19,0,0,0
2001,Singapore,0.07113309783596244,3311.5495732678387,1271.2506882567957,2040.298885011043,324.88582775297846,641.3859889772212,1074.0270682808432,0.11545405504773674,25% equal weights,0.25,19,0.09974843602264466,0.06145661367761647,203.51662279859727
2001,Singapore,0.07113309783596244,3311.5495732678387,1271.2506882567957,2040.298885011043,324.88582775297846,641.3859889772212,1074.0270682808432,0.11545405504773674,50% equal weights,0.5,19,0.08404281699755259,0.05178012951927051,171.47246581329367
2001,Singapore,0.07113309783596244,3311.5495732678387,1271.2506882567957,2040.298885011043,324.88582775297846,641.3859889772212,1074.0270682808432,0.11545405504773674,Baseline,0,19,0.11545405504773674,0.07113309783596244,235.56077978390087
2001,UK,0.04168858984935023,3311.5495732678387,1271.2506882567957,2040.298885011043,324.88582775297846,641.3859889772212,1074.0270682808432,0.06766353348519645,25% equal weights,0.25,19,0.06390554485073945,0.039373232687657314,130.3864119049869
2001,UK,0.04168858984935023,3311.5495732678387,1271.2506882567957,2040.298885011043,324.88582775297846,641.3859889772212,1074.0270682808432,0.06766353348519645,50% equal weights,0.5,19,0.060147556216282434,0.037057875525964394,122.71899188422007
2001,UK,0.04168858984935023,3311.5495732678387,1271.2506882567957,2040.298885011043,324.88582775297846,641.3859889772212,1074.0270682808432,0.06766353348519645,Baseline,0,19,0.06766353348519645,0.04168858984935023,138.05383192575368
2001,US,0.01647138288001128,3311.5495732678387,1271.2506882567957,2040.298885011043,324.88582775297846,641.3859889772212,1074.0270682808432,0.02673422082820837,25% equal weights,0.25,19,0.03320856035799838,0.0204603274606531,67.75538867124601
2001,US,0.01647138288001128,3311.5495732678387,1271.2506882567957,2040.298885011043,324.88582775297846,641.3859889772212,1074.0270682808432,0.02673422082820837,50% equal weights,0.5,19,0.03968289988778839,0.024449272041294923,80.9649763950595
2001,US,0.01647138288001128,3311.5495732678387,1271.2506882567957,2040.298885011043,324.88582775297846,641.3859889772212,1074.0270682808432,0.02673422082820837,Baseline,0,19,0.02673422082820837,0.01647138288001128,54.54580094743254
2002,Austria,0.0033752008373805695,3326.746220979236,1282.4401425946048,2044.3060783846313,426.573882943992,535.4471449457465,1082.2850504948929,0.005492541821171046,25% equal weights,0.25,19,0.01727730110272039,0.010617008126329585,35.32009166237278
2002,Austria,0.0033752008373805695,3326.746220979236,1282.4401425946048,2044.3060783846313,426.573882943992,535.4471449457465,1082.2850504948929,0.005492541821171046,50% equal weights,0.5,19,0.02906206038426973,0.0178588154152786,59.411746693943805
2002,Austria,0.0033752008373805695,3326.746220979236,1282.4401425946048,2044.3060783846313,426.573882943992,535.4471449457465,1082.2850504948929,0.005492541821171046,Baseline,0,19,0.005492541821171046,0.0033752008373805695,11.228436630801763
2002,Bahamas,0.03983917255775796,3326.746220979236,1282.4401425946048,2044.3060783846313,426.573882943992,535.4471449457465,1082.2850504948929,0.064831200256562,25% equal weights,0.25,19,0.061781294929263604,0.037964986916612625,126.29987675436719
2002,Bahamas,0.03983917255775796,3326.746220979236,1282.4401425946048,2044.3060783846313,426.573882943992,535.4471449457465,1082.2850504948929,0.064831200256562,50% equal weights,0.5,19,0.05873138960196521,0.036090801275467294,120.06493675527341
2002,Bahamas,0.03983917255775796,3326.746220979236,1282.4401425946048,2044.3060783846313,426.573882943992,535.4471449457465,1082.2850504948929,0.064831200256562,Baseline,0,19,0.064831200256562,0.03983917255775796,132.53481675346097
2002,Bahrain,0.011665835240422324,3326.746220979236,1282.4401425946048,2044.3060783846313,426.573882943992,535.4471449457465,1082.2850504948929,0.018984081547762974,25% equal weights,0.25,19,0.027395955897664335,0.0168349839286109,56.005719164752485
2002,Bahrain,0.011665835240422324,3326.746220979236,1282.4401425946048,2044.3060783846313,426.573882943992,535.4471449457465,1082.2850504948929,0.018984081547762974,50% equal weights,0.5,19,0.035807830247565696,0.02200413261679948,73.2021650288636
2002,Bahrain,0.011665835240422324,3326.746220979236,1282.4401425946048,2044.3060783846313,426.573882943992,535.4471449457465,1082.2850504948929,0.018984081547762974,Baseline,0,19,0.018984081547762974,0.011665835240422326,38.809273300641365
2002,Belgium,0.03596501024891158,3326.746220979236,1282.4401425946048,2044.3060783846313,426.573882943992,535.4471449457465,1082.2850504948929,0.05852668697614413,25% equal weights,0.25,19,0.057052909968950204,0.03505936518497784,116.63361063905603
2002,Belgium,0.03596501024891158,3326.746220979236,1282.4401425946048,2044.3060783846313,426.573882943992,535.4471449457465,1082.2850504948929,0.05852668697614413,50% equal weights,0.5,19,0.055579132961756275,0.034153720121044104,113.62075934506596
2002,Belgium,0.03596501024891158,3326.746220979236,1282.4401425946048,2044.3060783846313,426.573882943992,535.4471449457465,1082.2850504948929,0.05852668697614413,Baseline,0,19,0.05852668697614413,0.03596501024891158,119.64646193304608
2002,Bermuda,0.0010304134573526655,3326.746220979236,1282.4401425946048,2044.3060783846313,426.573882943992,535.4471449457465,1082.2850504948929,0.0016768154786306775,25% equal weights,0.25,19,0.014415506345815112,0.008858417591308657,29.469707245742057
2002,Bermuda,0.0010304134573526655,3326.746220979236,1282.4401425946048,2044.3060783846313,426.573882943992,535.4471449457465,1082.2850504948929,0.0016768154786306775,50% equal weights,0.5,19,0.027154197212999547,0.016686421725264647,55.511490416189986
2002,Bermuda,0.0010304134573526655,3326.746220979236,1282.4401425946048,2044.3060783846313,426.573882943992,535.4471449457465,1082.2850504948929,0.0016768154786306775,Baseline,0,19,0.0016768154786306775,0.0010304134573526655,3.4279240752941287
2002,Cayman Islands,0.11078511173486456,3326.746220979236,1282.4401425946048,2044.3060783846313,426.573882943992,535.4471449457465,1082.2850504948929,0.1802831560800068,25% equal weights,0.25,19,0.1483702617968472,0.09117444129944258,303.3142280428138
2002,Cayman Islands,0.11078511173486456,3326.746220979236,1282.4401425946048,2044.3060783846313,426.573882943992,535.4471449457465,1082.2850504948929,0.1802831560800068,50% equal weights,0.5,19,0.11645736751368761,0.0715637708640206,238.07450428090448
2002,Cayman Islands,0.11078511173486456,3326.746220979236,1282.4401425946048,2044.3060783846313,426.573882943992,535.4471449457465,1082.2850504948929,0.1802831560800068,Baseline,0,19,0.1802831560800068,0.11078511173486456,368.5539518047231
2002,Cyprus,0.011375550552621162,3326.746220979236,1282.4401425946048,2044.3060783846313,426.573882943992,535.4471449457465,1082.2850504948929,0.018511694610033113,25% equal weights,0.25,19,0.02704166569436694,0.016617270412760028,55.28144154863949
2002,Cyprus,0.011375550552621162,3326.746220979236,1282.4401425946048,2044.3060783846313,426.573882943992,535.4471449457465,1082.2850504948929,0.018511694610033113,50% equal weights,0.5,19,0.03557163677870077,0.021858990272898896,72.71931328478829
2002,Cyprus,0.011375550552621162,3326.746220979236,1282.4401425946048,2044.3060783846313,426.573882943992,535.4471449457465,1082.2850504948929,0.018511694610033113,Baseline,0,19,0.018511694610033113,0.011375550552621162,37.843569812490706
2002,Guernsey,0.02945198825094081,3326.746220979236,1282.4401425946048,2044.3060783846313,426.573882943992,535.4471449457465,1082.2850504948929,0.04792789673235401,25% equal weights,0.25,19,0.04910381728610761,0.030174598686499767,100.38323214987813
2002,Guernsey,0.02945198825094081,3326.746220979236,1282.4401425946048,2044.3060783846313,426.573882943992,535.4471449457465,1082.2850504948929,0.04792789673235401,50% equal weights,0.5,19,0.05027973783986121,0.030897209122058723,102.78717368561404
2002,Guernsey,0.02945198825094081,3326.746220979236,1282.4401425946048,2044.3060783846313,426.573882943992,535.4471449457465,1082.2850504948929,0.04792789673235401,Baseline,0,19,0.04792789673235401,0.02945198825094081,97.9792906141422
2002,Hong Kong,0.035358382506443416,3326.746220979236,1282.4401425946048,2044.3060783846313,426.573882943992,535.4471449457465,1082.2850504948929,0.057539507721953494,25% equal weights,0.25,19,0.056312525528307227,0.03460439437812672,115.12003822670819
2002,Hong Kong,0.035358382506443416,3326.746220979236,1282.4401425946048,2044.3060783846313,426.573882943992,535.4471449457465,1082.2850504948929,0.057539507721953494,50% equal weights,0.5,19,0.05508554333466095,0.03385040624981002,112.6117110701674
2002,Hong Kong,0.035358382506443416,3326.746220979236,1282.4401425946048,2044.3060783846313,426.573882943992,535.4471449457465,1082.2850504948929,0.057539507721953494,Baseline,0,19,0.057539507721953494,0.035358382506443416,117.62836538324896
2002,Isle of Man,0.02090913794130928,3326.746220979236,1282.4401425946048,2044.3060783846313,426.573882943992,535.4471449457465,1082.2850504948929,0.0340259202698006,25% equal weights,0.25,19,0.03867733493919255,0.023767460954276114,79.0683109119096
2002,Isle of Man,0.02090913794130928,3326.746220979236,1282.4401425946048,2044.3060783846313,426.573882943992,535.4471449457465,1082.2850504948929,0.0340259202698006,50% equal weights,0.5,19,0.04332874960858451,0.026625783967242952,88.57722619363503
2002,Isle of Man,0.02090913794130928,3326.746220979236,1282.4401425946048,2044.3060783846313,426.573882943992,535.4471449457465,1082.2850504948929,0.0340259202698006,Baseline,0,19,0.0340259202698006,0.02090913794130928,69.5593956301842
2002,Jersey,0.06748743995453946,3326.746220979236,1282.4401425946048,2044.3060783846313,426.573882943992,535.4471449457465,1082.2850504948929,0.1098238606274327,25% equal weights,0.25,19,0.09552579020741662,0.05870118746419875,195.2839535635169
2002,Jersey,0.06748743995453946,3326.746220979236,1282.4401425946048,2044.3060783846313,426.573882943992,535.4471449457465,1082.2850504948929,0.1098238606274327,50% equal weights,0.5,19,0.08122771978740057,0.04991493497385805,166.05432129470657
2002,Jersey,0.06748743995453946,3326.746220979236,1282.4401425946048,2044.3060783846313,426.573882943992,535.4471449457465,1082.2850504948929,0.1098238606274327,Baseline,0,19,0.1098238606274327,0.06748743995453946,224.51358583232727
2002,Luxembourg,0.11055643487443696,3326.746220979236,1282.4401425946048,2044.3060783846313,426.573882943992,535.4471449457465,1082.2850504948929,0.17991102497434866,25% equal weights,0.25,19,0.1480911634676036,0.09100293365412188,302.7436656318741
2002,Luxembourg,0.11055643487443696,3326.746220979236,1282.4401425946048,2044.3060783846313,426.573882943992,535.4471449457465,1082.2850504948929,0.17991102497434866,50% equal weights,0.5,19,0.11627130196085854,0.07144943243380679,237.694129340278
2002,Luxembourg,0.11055643487443696,3326.746220979236,1282.4401425946048,2044.3060783846313,426.573882943992,535.4471449457465,1082.2850504948929,0.17991102497434866,Baseline,0,19,0.17991102497434866,0.11055643487443696,367.7932019234702
2002,Macao,0,3326.746220979236,1282.4401425946048,2044.3060783846313,426.573882943992,535.4471449457465,1082.2850504948929,0,25% equal weights,0.25,19,0.013157894736842105,0.008085607498294158,26.898764189271464
2002,Macao,0,3326.746220979236,1282.4401425946048,2044.3060783846313,426.573882943992,535.4471449457465,1082.2850504948929,0,50% equal weights,0.5,19,0.02631578947368421,0.016171214996588315,53.79752837854293
2002,Macao,0,3326.746220979236,1282.4401425946048,2044.3060783846313,426.573882943992,535.4471449457465,1082.2850504948929,0,Baseline,0,19,0,0,0
2002,Malaysia,0,3326.746220979236,1282.4401425946048,2044.3060783846313,426.573882943992,535.4471449457465,1082.2850504948929,0,25% equal weights,0.25,19,0.013157894736842105,0.008085607498294158,26.898764189271464
2002,Malaysia,0,3326.746220979236,1282.4401425946048,2044.3060783846313,426.573882943992,535.4471449457465,1082.2850504948929,0,50% equal weights,0.5,19,0.02631578947368421,0.016171214996588315,53.79752837854293
2002,Malaysia,0,3326.746220979236,1282.4401425946048,2044.3060783846313,426.573882943992,535.4471449457465,1082.2850504948929,0,Baseline,0,19,0,0,0
2002,Netherlands Antilles (then Curaçao),0.005054595743500238,3326.746220979236,1282.4401425946048,2044.3060783846313,426.573882943992,535.4471449457465,1082.2850504948929,0.00822545971274238,25% equal weights,0.25,19,0.01932698952139889,0.011876554305919336,39.51028215547183
2002,Netherlands Antilles (then Curaçao),0.005054595743500238,3326.746220979236,1282.4401425946048,2044.3060783846313,426.573882943992,535.4471449457465,1082.2850504948929,0.00822545971274238,50% equal weights,0.5,19,0.0304285193300554,0.018698512868338436,62.205207022676504
2002,Netherlands Antilles (then Curaçao),0.005054595743500238,3326.746220979236,1282.4401425946048,2044.3060783846313,426.573882943992,535.4471449457465,1082.2850504948929,0.00822545971274238,Baseline,0,19,0.00822545971274238,0.005054595743500238,16.81535728826715
2002,Panama,1.0774915496770151e-5,3326.746220979236,1282.4401425946048,2044.3060783846313,426.573882943992,535.4471449457465,1082.2850504948929,1.753426739237356e-5,25% equal weights,0.25,19,0.013171045437386385,0.008093688684916736,26.925648246329153
2002,Panama,1.0774915496770151e-5,3326.746220979236,1282.4401425946048,2044.3060783846313,426.573882943992,535.4471449457465,1082.2850504948929,1.753426739237356e-5,50% equal weights,0.5,19,0.026324556607380395,0.0161766024543367,53.81545108324805
2002,Panama,1.0774915496770151e-5,3326.746220979236,1282.4401425946048,2044.3060783846313,426.573882943992,535.4471449457465,1082.2850504948929,1.753426739237356e-5,Baseline,0,19,1.753426739237356e-5,1.0774915496770151e-5,0.03584540941025071
2002,Singapore,0.06800380705873083,3326.746220979236,1282.4401425946048,2044.3060783846313,426.573882943992,535.4471449457465,1082.2850504948929,0.1106641566724672,25% equal weights,0.25,19,0.09615601224119251,0.059088462792342276,196.57232029789685
2002,Singapore,0.06800380705873083,3326.746220979236,1282.4401425946048,2044.3060783846313,426.573882943992,535.4471449457465,1082.2850504948929,0.1106641566724672,50% equal weights,0.5,19,0.08164786780991781,0.05017311852595373,166.91323245095987
2002,Singapore,0.06800380705873083,3326.746220979236,1282.4401425946048,2044.3060783846313,426.573882943992,535.4471449457465,1082.2850504948929,0.1106641566724672,Baseline,0,19,0.1106641566724672,0.06800380705873083,226.23140814483386
2002,UK,0.04620764492014128,3326.746220979236,1282.4401425946048,2044.3060783846313,426.573882943992,535.4471449457465,1082.2850504948929,0.07519476155933444,25% equal weights,0.25,19,0.06955396590634294,0.042741341188400124,142.1895952780943
2002,UK,0.04620764492014128,3326.746220979236,1282.4401425946048,2044.3060783846313,426.573882943992,535.4471449457465,1082.2850504948929,0.07519476155933444,50% equal weights,0.5,19,0.06391317025335143,0.03927503745665896,130.65808243775814
2002,UK,0.04620764492014128,3326.746220979236,1282.4401425946048,2044.3060783846313,426.573882943992,535.4471449457465,1082.2850504948929,0.07519476155933444,Baseline,0,19,0.07519476155933444,0.04620764492014128,153.7211081184304
2002,US,0.017429669075506117,3326.746220979236,1282.4401425946048,2044.3060783846313,426.573882943992,535.4471449457465,1082.2850504948929,0.028363700691863357,25% equal weights,0.25,19,0.03443067025573962,0.021157859304923744,70.38682848666544
2002,US,0.017429669075506117,3326.746220979236,1282.4401425946048,2044.3060783846313,426.573882943992,535.4471449457465,1082.2850504948929,0.028363700691863357,50% equal weights,0.5,19,0.04049763981961589,0.024886049534341377,82.78957124347225
2002,US,0.017429669075506117,3326.746220979236,1282.4401425946048,2044.3060783846313,426.573882943992,535.4471449457465,1082.2850504948929,0.028363700691863357,Baseline,0,19,0.028363700691863357,0.017429669075506117,57.984085729858634
2003,Austria,0.003325059792366412,3569.3502972638985,1556.1788672324774,2013.171430031421,410.6825963377121,494.7619443555895,1107.7268893381197,0.00589532663798932,25% equal weights,0.25,19,0.017579389715334095,0.00991506077714687,35.3903251322988
2003,Austria,0.003325059792366412,3569.3502972638985,1556.1788672324774,2013.171430031421,410.6825963377121,494.7619443555895,1107.7268893381197,0.00589532663798932,50% equal weights,0.5,19,0.02926345279267887,0.016505061761927325,58.912347106294305
2003,Austria,0.003325059792366412,3569.3502972638985,1556.1788672324774,2013.171430031421,410.6825963377121,494.7619443555895,1107.7268893381197,0.00589532663798932,Baseline,0,19,0.00589532663798932,0.003325059792366412,11.868303158303288
2003,Bahamas,0.037208622396199875,3569.3502972638985,1556.1788672324774,2013.171430031421,410.6825963377121,494.7619443555895,1107.7268893381197,0.06597083856320338,25% equal weights,0.25,19,0.06263602365924464,0.03532773273002197,126.09705332156346
2003,Bahamas,0.037208622396199875,3569.3502972638985,1556.1788672324774,2013.171430031421,410.6825963377121,494.7619443555895,1107.7268893381197,0.06597083856320338,50% equal weights,0.5,19,0.0593012087552859,0.03344684306384406,119.38349923247074
2003,Bahamas,0.037208622396199875,3569.3502972638985,1556.1788672324774,2013.171430031421,410.6825963377121,494.7619443555895,1107.7268893381197,0.06597083856320338,Baseline,0,19,0.06597083856320338,0.037208622396199875,132.81060741065616
2003,Bahrain,0.009142135743194432,3569.3502972638985,1556.1788672324774,2013.171430031421,410.6825963377121,494.7619443555895,1107.7268893381197,0.016208994646863557,25% equal weights,0.25,19,0.025314640721989773,0.014277867740267885,50.9627114630198
2003,Bahrain,0.009142135743194432,3569.3502972638985,1556.1788672324774,2013.171430031421,410.6825963377121,494.7619443555895,1107.7268893381197,0.016208994646863557,50% equal weights,0.5,19,0.034420286797115986,0.019413599737341334,69.29393799344163
2003,Bahrain,0.009142135743194432,3569.3502972638985,1556.1788672324774,2013.171430031421,410.6825963377121,494.7619443555895,1107.7268893381197,0.016208994646863557,Baseline,0,19,0.016208994646863557,0.009142135743194432,32.63148493259796
2003,Belgium,0.033148145620823695,3569.3502972638985,1556.1788672324774,2013.171430031421,410.6825963377121,494.7619443555895,1107.7268893381197,0.05877161858172574,25% equal weights,0.25,19,0.05723660867313641,0.032282375148489834,115.22710533264686
2003,Belgium,0.033148145620823695,3569.3502972638985,1556.1788672324774,2013.171430031421,410.6825963377121,494.7619443555895,1107.7268893381197,0.05877161858172574,50% equal weights,0.5,19,0.05570159876454708,0.03141660467615597,112.1368672398597
2003,Belgium,0.033148145620823695,3569.3502972638985,1556.1788672324774,2013.171430031421,410.6825963377121,494.7619443555895,1107.7268893381197,0.05877161858172574,Baseline,0,19,0.05877161858172574,0.033148145620823695,118.31734342543405
2003,Bermuda,8.951584358684458e-4,3569.3502972638985,1556.1788672324774,2013.171430031421,410.6825963377121,494.7619443555895,1107.7268893381197,0.0015871147292783976,25% equal weights,0.25,19,0.014348230783800903,0.008092634759773395,28.88544828544532
2003,Bermuda,8.951584358684458e-4,3569.3502972638985,1556.1788672324774,2013.171430031421,410.6825963377121,494.7619443555895,1107.7268893381197,0.0015871147292783976,50% equal weights,0.5,19,0.027109346838323407,0.015290111083678342,54.57576254172532
2003,Bermuda,8.951584358684458e-4,3569.3502972638985,1556.1788672324774,2013.171430031421,410.6825963377121,494.7619443555895,1107.7268893381197,0.0015871147292783976,Baseline,0,19,0.0015871147292783976,8.951584358684458e-4,3.1951340291653234
2003,Cayman Islands,0.0854068009553514,3569.3502972638985,1556.1788672324774,2013.171430031421,410.6825963377121,494.7619443555895,1107.7268893381197,0.15142614574735155,25% equal weights,0.25,19,0.12672750404735578,0.07147636664938561,255.12419054732794
2003,Cayman Islands,0.0854068009553514,3569.3502972638985,1556.1788672324774,2013.171430031421,410.6825963377121,494.7619443555895,1107.7268893381197,0.15142614574735155,50% equal weights,0.5,19,0.10202886234735999,0.05754593234341982,205.4015907163137
2003,Cayman Islands,0.0854068009553514,3569.3502972638985,1556.1788672324774,2013.171430031421,410.6825963377121,494.7619443555895,1107.7268893381197,0.15142614574735155,Baseline,0,19,0.15142614574735155,0.0854068009553514,304.8467903783421
2003,Cyprus,0.010851604664420226,3569.3502972638985,1556.1788672324774,2013.171430031421,410.6825963377121,494.7619443555895,1107.7268893381197,0.019239880795513822,25% equal weights,0.25,19,0.02758780533347747,0.015559969431187228,55.538981514625306
2003,Cyprus,0.010851604664420226,3569.3502972638985,1556.1788672324774,2013.171430031421,410.6825963377121,494.7619443555895,1107.7268893381197,0.019239880795513822,50% equal weights,0.5,19,0.03593572987144112,0.020268334197954232,72.34478469451197
2003,Cyprus,0.010851604664420226,3569.3502972638985,1556.1788672324774,2013.171430031421,410.6825963377121,494.7619443555895,1107.7268893381197,0.019239880795513822,Baseline,0,19,0.019239880795513822,0.010851604664420226,38.73317833473864
2003,Guernsey,0.02702798160742607,3569.3502972638985,1556.1788672324774,2013.171430031421,410.6825963377121,494.7619443555895,1107.7268893381197,0.047920575836606076,25% equal weights,0.25,19,0.04909832661429666,0.02769225213844161,98.84334840225338
2003,Guernsey,0.02702798160742607,3569.3502972638985,1556.1788672324774,2013.171430031421,410.6825963377121,494.7619443555895,1107.7268893381197,0.047920575836606076,50% equal weights,0.5,19,0.05027607739198725,0.028356522669457155,101.21436261959737
2003,Guernsey,0.02702798160742607,3569.3502972638985,1556.1788672324774,2013.171430031421,410.6825963377121,494.7619443555895,1107.7268893381197,0.047920575836606076,Baseline,0,19,0.047920575836606076,0.02702798160742607,96.47233418490941
2003,Hong Kong,0.03147519107909181,3569.3502972638985,1556.1788672324774,2013.171430031421,410.6825963377121,494.7619443555895,1107.7268893381197,0.05580547237988614,25% equal weights,0.25,19,0.055011999021756706,0.031027659242190916,110.74858473951709
2003,Hong Kong,0.03147519107909181,3569.3502972638985,1556.1788672324774,2013.171430031421,410.6825963377121,494.7619443555895,1107.7268893381197,0.05580547237988614,50% equal weights,0.5,19,0.05421852566362728,0.030580127405290026,109.15118684443983
2003,Hong Kong,0.03147519107909181,3569.3502972638985,1556.1788672324774,2013.171430031421,410.6825963377121,494.7619443555895,1107.7268893381197,0.05580547237988614,Baseline,0,19,0.05580547237988614,0.03147519107909181,112.34598263459435
2003,Isle of Man,0.017891413924168625,3569.3502972638985,1556.1788672324774,2013.171430031421,410.6825963377121,494.7619443555895,1107.7268893381197,0.03172145335268642,25% equal weights,0.25,19,0.03694898475135692,0.02083982637599853,74.38464047009838
2003,Isle of Man,0.017891413924168625,3569.3502972638985,1556.1788672324774,2013.171430031421,410.6825963377121,494.7619443555895,1107.7268893381197,0.03172145335268642,50% equal weights,0.5,19,0.04217651615002742,0.023788238827828434,84.90855733149402
2003,Isle of Man,0.017891413924168625,3569.3502972638985,1556.1788672324774,2013.171430031421,410.6825963377121,494.7619443555895,1107.7268893381197,0.03172145335268642,Baseline,0,19,0.03172145335268642,0.017891413924168625,63.860723608702735
2003,Jersey,0.07092594747724815,3569.3502972638985,1556.1788672324774,2013.171430031421,410.6825963377121,494.7619443555895,1107.7268893381197,0.12575161157919276,25% equal weights,0.25,19,0.10747160342123667,0.060615726540808164,216.3587615473008
2003,Jersey,0.07092594747724815,3569.3502972638985,1556.1788672324774,2013.171430031421,410.6825963377121,494.7619443555895,1107.7268893381197,0.12575161157919276,50% equal weights,0.5,19,0.08919159526328059,0.050305505604368195,179.5579713829623
2003,Jersey,0.07092594747724815,3569.3502972638985,1556.1788672324774,2013.171430031421,410.6825963377121,494.7619443555895,1107.7268893381197,0.12575161157919276,Baseline,0,19,0.12575161157919276,0.07092594747724815,253.1595517116393
2003,Luxembourg,0.10037789117723944,3569.3502972638985,1556.1788672324774,2013.171430031421,410.6825963377121,494.7619443555895,1107.7268893381197,0.1779698690173697,25% equal weights,0.25,19,0.1466352964998694,0.08270468431580165,295.2019895477235
2003,Luxembourg,0.10037789117723944,3569.3502972638985,1556.1788672324774,2013.171430031421,410.6825963377121,494.7619443555895,1107.7268893381197,0.1779698690173697,50% equal weights,0.5,19,0.11530072398236905,0.06503147745436384,232.12012338324408
2003,Luxembourg,0.10037789117723944,3569.3502972638985,1556.1788672324774,2013.171430031421,410.6825963377121,494.7619443555895,1107.7268893381197,0.1779698690173697,Baseline,0,19,0.1779698690173697,0.10037789117723944,358.28385571220286
2003,Macao,8.890954372704013e-4,3569.3502972638985,1556.1788672324774,2013.171430031421,410.6825963377121,494.7619443555895,1107.7268893381197,0.001576365040739502,25% equal weights,0.25,19,0.014340168517396732,0.00808808751082486,28.86921756105914
2003,Macao,8.890954372704013e-4,3569.3502972638985,1556.1788672324774,2013.171430031421,410.6825963377121,494.7619443555895,1107.7268893381197,0.001576365040739502,50% equal weights,0.5,19,0.02710397199405396,0.015287079584379321,54.5649420588012
2003,Macao,8.890954372704013e-4,3569.3502972638985,1556.1788672324774,2013.171430031421,410.6825963377121,494.7619443555895,1107.7268893381197,0.001576365040739502,Baseline,0,19,0.001576365040739502,8.890954372704013e-4,3.1734930633170824
2003,Malaysia,0,3569.3502972638985,1556.1788672324774,2013.171430031421,410.6825963377121,494.7619443555895,1107.7268893381197,0,25% equal weights,0.25,19,0.013157894736842105,0.00742126593287206,26.48909776357133
2003,Malaysia,0,3569.3502972638985,1556.1788672324774,2013.171430031421,410.6825963377121,494.7619443555895,1107.7268893381197,0,50% equal weights,0.5,19,0.02631578947368421,0.01484253186574412,52.97819552714266
2003,Malaysia,0,3569.3502972638985,1556.1788672324774,2013.171430031421,410.6825963377121,494.7619443555895,1107.7268893381197,0,Baseline,0,19,0,0,0
2003,Netherlands Antilles (then Curaçao),0.0042345714494057395,3569.3502972638985,1556.1788672324774,2013.171430031421,410.6825963377121,494.7619443555895,1107.7268893381197,0.007507889609523063,25% equal weights,0.25,19,0.0187888119439844,0.010597194519926363,37.82509940986252
2003,Netherlands Antilles (then Curaçao),0.0042345714494057395,3569.3502972638985,1556.1788672324774,2013.171430031421,410.6825963377121,494.7619443555895,1107.7268893381197,0.007507889609523063,50% equal weights,0.5,19,0.03006973427844574,0.01695981759044699,60.53552995800345
2003,Netherlands Antilles (then Curaçao),0.0042345714494057395,3569.3502972638985,1556.1788672324774,2013.171430031421,410.6825963377121,494.7619443555895,1107.7268893381197,0.007507889609523063,Baseline,0,19,0.007507889609523063,0.0042345714494057395,15.114668861721594
2003,Panama,0.003094603978308083,3569.3502972638985,1556.1788672324774,2013.171430031421,410.6825963377121,494.7619443555895,1107.7268893381197,0.005486728782811904,25% equal weights,0.25,19,0.017272941323951033,0.009742218916603122,34.77339198598733
2003,Panama,0.003094603978308083,3569.3502972638985,1556.1788672324774,2013.171430031421,410.6825963377121,494.7619443555895,1107.7268893381197,0.005486728782811904,50% equal weights,0.5,19,0.02905915386509016,0.016389833854898162,58.50105834208666
2003,Panama,0.003094603978308083,3569.3502972638985,1556.1788672324774,2013.171430031421,410.6825963377121,494.7619443555895,1107.7268893381197,0.005486728782811904,Baseline,0,19,0.005486728782811904,0.003094603978308083,11.045725629887999
2003,Singapore,0.054769231692779266,3569.3502972638985,1556.1788672324774,2013.171430031421,410.6825963377121,494.7619443555895,1107.7268893381197,0.09710577574632372,25% equal weights,0.25,19,0.08598722654658489,0.04849818970245651,173.1070278312241
2003,Singapore,0.054769231692779266,3569.3502972638985,1556.1788672324774,2013.171430031421,410.6825963377121,494.7619443555895,1107.7268893381197,0.09710577574632372,50% equal weights,0.5,19,0.07486867734684607,0.04222714771213376,150.72348223891117
2003,Singapore,0.054769231692779266,3569.3502972638985,1556.1788672324774,2013.171430031421,410.6825963377121,494.7619443555895,1107.7268893381197,0.09710577574632372,Baseline,0,19,0.09710577574632372,0.054769231692779266,195.490573423537
2003,UK,0.04679607919968742,3569.3502972638985,1556.1788672324774,2013.171430031421,410.6825963377121,494.7619443555895,1107.7268893381197,0.08296938686417889,25% equal weights,0.25,19,0.07538493488497627,0.04251832533263763,151.76279716521324
2003,UK,0.04679607919968742,3569.3502972638985,1556.1788672324774,2013.171430031421,410.6825963377121,494.7619443555895,1107.7268893381197,0.08296938686417889,50% equal weights,0.5,19,0.06780048290577365,0.038240571465587826,136.49399512823726
2003,UK,0.04679607919968742,3569.3502972638985,1556.1788672324774,2013.171430031421,410.6825963377121,494.7619443555895,1107.7268893381197,0.08296938686417889,Baseline,0,19,0.08296938686417889,0.04679607919968742,167.03159920218923
2003,US,0.026556676267427057,3569.3502972638985,1556.1788672324774,2013.171430031421,410.6825963377121,494.7619443555895,1107.7268893381197,0.04708495208875601,25% equal weights,0.25,19,0.04847160880340911,0.02733877313344235,97.58165801068273
2003,US,0.026556676267427057,3569.3502972638985,1556.1788672324774,2013.171430031421,410.6825963377121,494.7619443555895,1107.7268893381197,0.04708495208875601,50% equal weights,0.5,19,0.04985826551806222,0.028120869999457652,100.37323569188361
2003,US,0.026556676267427057,3569.3502972638985,1556.1788672324774,2013.171430031421,410.6825963377121,494.7619443555895,1107.7268893381197,0.04708495208875601,Baseline,0,19,0.04708495208875601,0.026556676267427057,94.79008032948188
2004,Austria,0.0034711921705444368,4266.8113944519455,1819.918975951736,2446.8924185002097,523.0687508803655,581.4359200710031,1342.3877475488407,0.00605295197844846,25% equal weights,0.25,19,0.01769760872067845,0.01014906462950738,43.304144604211295
2004,Austria,0.0034711921705444368,4266.8113944519455,1819.918975951736,2446.8924185002097,523.0687508803655,581.4359200710031,1342.3877475488407,0.00605295197844846,50% equal weights,0.5,19,0.02934226546290844,0.01682693708847032,71.7973669028112
2004,Austria,0.0034711921705444368,4266.8113944519455,1819.918975951736,2446.8924185002097,523.0687508803655,581.4359200710031,1342.3877475488407,0.00605295197844846,Baseline,0,19,0.00605295197844846,0.0034711921705444368,14.810922305611383
2004,Bahamas,0.03552283742820778,4266.8113944519455,1819.918975951736,2446.8924185002097,523.0687508803655,581.4359200710031,1342.3877475488407,0.06194356824025936,25% equal weights,0.25,19,0.05961557091703662,0.034187798572754884,145.8728885014585
2004,Bahamas,0.03552283742820778,4266.8113944519455,1819.918975951736,2446.8924185002097,523.0687508803655,581.4359200710031,1342.3877475488407,0.06194356824025936,50% equal weights,0.5,19,0.05728757359381389,0.03285275971730199,140.17652950097602
2004,Bahamas,0.03552283742820778,4266.8113944519455,1819.918975951736,2446.8924185002097,523.0687508803655,581.4359200710031,1342.3877475488407,0.06194356824025936,Baseline,0,19,0.06194356824025936,0.03552283742820778,151.569247501941
2004,Bahrain,0.010407751213815025,4266.8113944519455,1819.918975951736,2446.8924185002097,523.0687508803655,581.4359200710031,1342.3877475488407,0.01814869797052469,25% equal weights,0.25,19,0.02676941821473562,0.015351483911960319,65.50188647729802
2004,Bahrain,0.010407751213815025,4266.8113944519455,1819.918975951736,2446.8924185002097,523.0687508803655,581.4359200710031,1342.3877475488407,0.01814869797052469,50% equal weights,0.5,19,0.035390138458946556,0.020295216610105617,86.59586148486902
2004,Bahrain,0.010407751213815025,4266.8113944519455,1819.918975951736,2446.8924185002097,523.0687508803655,581.4359200710031,1342.3877475488407,0.01814869797052469,Baseline,0,19,0.01814869797052469,0.010407751213815023,44.407911469727004
2004,Belgium,0.037146896193488675,4266.8113944519455,1819.918975951736,2446.8924185002097,523.0687508803655,581.4359200710031,1342.3877475488407,0.06477554907953445,25% equal weights,0.25,19,0.06173955654649294,0.03540584264671556,151.07005283517856
2004,Belgium,0.037146896193488675,4266.8113944519455,1819.918975951736,2446.8924185002097,523.0687508803655,581.4359200710031,1342.3877475488407,0.06477554907953445,50% equal weights,0.5,19,0.058703564013451434,0.033664789099942444,143.64130572345607
2004,Belgium,0.037146896193488675,4266.8113944519455,1819.918975951736,2446.8924185002097,523.0687508803655,581.4359200710031,1342.3877475488407,0.06477554907953445,Baseline,0,19,0.06477554907953445,0.037146896193488675,158.49879994690107
2004,Bermuda,0.0010514091454380235,4266.8113944519455,1819.918975951736,2446.8924185002097,523.0687508803655,581.4359200710031,1342.3877475488407,0.0018334130622447537,25% equal weights,0.25,19,0.01453295453352567,0.008334227360677569,35.56057626649221
2004,Bermuda,0.0010514091454380235,4266.8113944519455,1819.918975951736,2446.8924185002097,523.0687508803655,581.4359200710031,1342.3877475488407,0.0018334130622447537,50% equal weights,0.5,19,0.027232496004806588,0.015617045575917116,66.63498801099848
2004,Bermuda,0.0010514091454380235,4266.8113944519455,1819.918975951736,2446.8924185002097,523.0687508803655,581.4359200710031,1342.3877475488407,0.0018334130622447537,Baseline,0,19,0.0018334130622447537,0.0010514091454380235,4.486164521985941
2004,Cayman Islands,0.08336463775149532,4266.8113944519455,1819.918975951736,2446.8924185002097,523.0687508803655,581.4359200710031,1342.3877475488407,0.14536854320324444,25% equal weights,0.25,19,0.12218430213927543,0.07006914881522054,298.971842564332
2004,Cayman Islands,0.08336463775149532,4266.8113944519455,1819.918975951736,2446.8924185002097,523.0687508803655,581.4359200710031,1342.3877475488407,0.14536854320324444,50% equal weights,0.5,19,0.09900006107530643,0.05677365987894576,242.24249887622503
2004,Cayman Islands,0.08336463775149532,4266.8113944519455,1819.918975951736,2446.8924185002097,523.0687508803655,581.4359200710031,1342.3877475488407,0.14536854320324444,Baseline,0,19,0.14536854320324444,0.08336463775149532,355.701186252439
2004,Cyprus,0.011000817773073409,4266.8113944519455,1819.918975951736,2446.8924185002097,523.0687508803655,581.4359200710031,1342.3877475488407,0.01918286814228203,25% equal weights,0.25,19,0.027545045843553627,0.01579628383140411,67.39976384183208
2004,Cyprus,0.011000817773073409,4266.8113944519455,1819.918975951736,2446.8924185002097,523.0687508803655,581.4359200710031,1342.3877475488407,0.01918286814228203,50% equal weights,0.5,19,0.03590722354482522,0.020591749889734806,87.86111306122505
2004,Cyprus,0.011000817773073409,4266.8113944519455,1819.918975951736,2446.8924185002097,523.0687508803655,581.4359200710031,1342.3877475488407,0.01918286814228203,Baseline,0,19,0.01918286814228203,0.01100081777307341,46.9384146224391
2004,Guernsey,0.0277175665700943,4266.8113944519455,1819.918975951736,2446.8924185002097,523.0687508803655,581.4359200710031,1342.3877475488407,0.04833299084732464,25% equal weights,0.25,19,0.04940763787233558,0.028333845429169776,120.89517452582177
2004,Guernsey,0.0277175665700943,4266.8113944519455,1819.918975951736,2446.8924185002097,523.0687508803655,581.4359200710031,1342.3877475488407,0.04833299084732464,50% equal weights,0.5,19,0.05048228489734653,0.028950124288245255,123.52472018388487
2004,Guernsey,0.0277175665700943,4266.8113944519455,1819.918975951736,2446.8924185002097,523.0687508803655,581.4359200710031,1342.3877475488407,0.04833299084732464,Baseline,0,19,0.04833299084732464,0.0277175665700943,118.26562886775869
2004,Hong Kong,0.034031275632911494,4266.8113944519455,1819.918975951736,2446.8924185002097,523.0687508803655,581.4359200710031,1342.3877475488407,0.05934263130670988,25% equal weights,0.25,19,0.05766486821687451,0.03306912722628267,141.09972885368396
2004,Hong Kong,0.034031275632911494,4266.8113944519455,1819.918975951736,2446.8924185002097,523.0687508803655,581.4359200710031,1342.3877475488407,0.05934263130670988,50% equal weights,0.5,19,0.05598710512703915,0.03210697881965385,136.99442306912633
2004,Hong Kong,0.034031275632911494,4266.8113944519455,1819.918975951736,2446.8924185002097,523.0687508803655,581.4359200710031,1342.3877475488407,0.05934263130670988,Baseline,0,19,0.05934263130670988,0.034031275632911494,145.20503463824159
2004,Isle of Man,0.019037301713216236,4266.8113944519455,1819.918975951736,2446.8924185002097,523.0687508803655,581.4359200710031,1342.3877475488407,0.033196627385587534,25% equal weights,0.25,19,0.03805536527603275,0.021823646786511226,93.11738477718069
2004,Isle of Man,0.019037301713216236,4266.8113944519455,1819.918975951736,2446.8924185002097,523.0687508803655,581.4359200710031,1342.3877475488407,0.033196627385587534,50% equal weights,0.5,19,0.04291410316647798,0.024609991859806224,105.00619368479082
2004,Isle of Man,0.019037301713216236,4266.8113944519455,1819.918975951736,2446.8924185002097,523.0687508803655,581.4359200710031,1342.3877475488407,0.033196627385587534,Baseline,0,19,0.033196627385587534,0.019037301713216236,81.22857586957058
2004,Jersey,0.05926897865530291,4266.8113944519455,1819.918975951736,2446.8924185002097,523.0687508803655,581.4359200710031,1342.3877475488407,0.1033513167771311,25% equal weights,0.25,19,0.09067138231969042,0.05199740449307624,221.86311797298444
2004,Jersey,0.05926897865530291,4266.8113944519455,1819.918975951736,2446.8924185002097,523.0687508803655,581.4359200710031,1342.3877475488407,0.1033513167771311,50% equal weights,0.5,19,0.07799144786224976,0.044725830330849564,190.83668248199334
2004,Jersey,0.05926897865530291,4266.8113944519455,1819.918975951736,2446.8924185002097,523.0687508803655,581.4359200710031,1342.3877475488407,0.1033513167771311,Baseline,0,19,0.1033513167771311,0.059268978655302916,252.8895534639756
2004,Luxembourg,0.10170798658441728,4266.8113944519455,1819.918975951736,2446.8924185002097,523.0687508803655,581.4359200710031,1342.3877475488407,0.17735507813259427,25% equal weights,0.25,19,0.14617420333628778,0.08382666043991199,357.67254992387063
2004,Luxembourg,0.10170798658441728,4266.8113944519455,1819.918975951736,2446.8924185002097,523.0687508803655,581.4359200710031,1342.3877475488407,0.17735507813259427,50% equal weights,0.5,19,0.11499332853998134,0.06594533429540675,281.37630378258416
2004,Luxembourg,0.10170798658441728,4266.8113944519455,1819.918975951736,2446.8924185002097,523.0687508803655,581.4359200710031,1342.3877475488407,0.17735507813259427,Baseline,0,19,0.17735507813259427,0.10170798658441728,433.9687960651572
2004,Macao,9.390722747657481e-4,4266.8113944519455,1819.918975951736,2446.8924185002097,523.0687508803655,581.4359200710031,1342.3877475488407,0.0016375236818300103,25% equal weights,0.25,19,0.014386037498214613,0.008249974707673363,35.20108608664106
2004,Macao,9.390722747657481e-4,4266.8113944519455,1819.918975951736,2446.8924185002097,523.0687508803655,581.4359200710031,1342.3877475488407,0.0016375236818300103,50% equal weights,0.5,19,0.027134551314599215,0.015560877140580976,66.39532789109772
2004,Macao,9.390722747657481e-4,4266.8113944519455,1819.918975951736,2446.8924185002097,523.0687508803655,581.4359200710031,1342.3877475488407,0.0016375236818300103,Baseline,0,19,0.0016375236818300103,9.39072274765748e-4,4.006844282184402
2004,Malaysia,0,4266.8113944519455,1819.918975951736,2446.8924185002097,523.0687508803655,581.4359200710031,1342.3877475488407,0,25% equal weights,0.25,19,0.013157894736842105,0.007545670501599051,32.19595287500276
2004,Malaysia,0,4266.8113944519455,1819.918975951736,2446.8924185002097,523.0687508803655,581.4359200710031,1342.3877475488407,0,50% equal weights,0.5,19,0.02631578947368421,0.015091341003198103,64.39190575000552
2004,Malaysia,0,4266.8113944519455,1819.918975951736,2446.8924185002097,523.0687508803655,581.4359200710031,1342.3877475488407,0,Baseline,0,19,0,0,0
2004,Netherlands Antilles (then Curaçao),0.004502669659721848,4266.8113944519455,1819.918975951736,2446.8924185002097,523.0687508803655,581.4359200710031,1342.3877475488407,0.00785160886694398,25% equal weights,0.25,19,0.01904660138705009,0.010922672746390439,46.604984532168444
2004,Netherlands Antilles (then Curaçao),0.004502669659721848,4266.8113944519455,1819.918975951736,2446.8924185002097,523.0687508803655,581.4359200710031,1342.3877475488407,0.00785160886694398,50% equal weights,0.5,19,0.030241593907156198,0.017342675833059026,73.99792685478263
2004,Netherlands Antilles (then Curaçao),0.004502669659721848,4266.8113944519455,1819.918975951736,2446.8924185002097,523.0687508803655,581.4359200710031,1342.3877475488407,0.00785160886694398,Baseline,0,19,0.00785160886694398,0.004502669659721848,19.212042209554244
2004,Panama,0.0033701061201682663,4266.8113944519455,1819.918975951736,2446.8924185002097,523.0687508803655,581.4359200710031,1342.3877475488407,0.005876681412442311,25% equal weights,0.25,19,0.017565405796173838,0.010073250091725251,42.980658270537404
2004,Panama,0.0033701061201682663,4266.8113944519455,1819.918975951736,2446.8924185002097,523.0687508803655,581.4359200710031,1342.3877475488407,0.005876681412442311,50% equal weights,0.5,19,0.029254130179905365,0.016776394063282237,71.5817093470286
2004,Panama,0.0033701061201682663,4266.8113944519455,1819.918975951736,2446.8924185002097,523.0687508803655,581.4359200710031,1342.3877475488407,0.005876681412442311,Baseline,0,19,0.005876681412442311,0.0033701061201682663,14.379607194046194
2004,Singapore,0.04981440607469597,4266.8113944519455,1819.918975951736,2446.8924185002097,523.0687508803655,581.4359200710031,1342.3877475488407,0.08686474069736497,25% equal weights,0.25,19,0.07830645025986584,0.044906475057621034,191.6074594605295
2004,Singapore,0.04981440607469597,4266.8113944519455,1819.918975951736,2446.8924185002097,523.0687508803655,581.4359200710031,1342.3877475488407,0.08686474069736497,50% equal weights,0.5,19,0.06974815982236669,0.039998544040546084,170.66624347369
2004,Singapore,0.04981440607469597,4266.8113944519455,1819.918975951736,2446.8924185002097,523.0687508803655,581.4359200710031,1342.3877475488407,0.08686474069736497,Baseline,0,19,0.08686474069736497,0.04981440607469597,212.54867544736896
2004,UK,0.05526071687021752,4266.8113944519455,1819.918975951736,2446.8924185002097,523.0687508803655,581.4359200710031,1342.3877475488407,0.09636184027737088,25% equal weights,0.25,19,0.08542927494487026,0.04899120815426219,209.03624518057296
2004,UK,0.05526071687021752,4266.8113944519455,1819.918975951736,2446.8924185002097,523.0687508803655,581.4359200710031,1342.3877475488407,0.09636184027737088,50% equal weights,0.5,19,0.07449670961236965,0.042721699438306865,182.28543395371898
2004,UK,0.05526071687021752,4266.8113944519455,1819.918975951736,2446.8924185002097,523.0687508803655,581.4359200710031,1342.3877475488407,0.09636184027737088,Baseline,0,19,0.09636184027737088,0.05526071687021752,235.78705640742695
2004,US,0.03585533628995359,4266.8113944519455,1819.918975951736,2446.8924185002097,523.0687508803655,581.4359200710031,1342.3877475488407,0.06252336893816209,25% equal weights,0.25,19,0.06005042144046367,0.03443717271906425,146.936920950413
2004,US,0.03585533628995359,4266.8113944519455,1819.918975951736,2446.8924185002097,523.0687508803655,581.4359200710031,1342.3877475488407,0.06252336893816209,50% equal weights,0.5,19,0.05757747394276525,0.0330190091481749,140.88588446694567
2004,US,0.03585533628995359,4266.8113944519455,1819.918975951736,2446.8924185002097,523.0687508803655,581.4359200710031,1342.3877475488407,0.06252336893816209,Baseline,0,19,0.06252336893816209,0.03585533628995359,152.98795743388033
2005,Austria,0.006303175183975056,4566.731931122663,2019.501565473577,2547.230365649086,497.9268239239759,669.5059721785608,1379.7975695465489,0.011300474338049859,25% equal weights,0.25,19,0.0216332504903795,0.012066587964413521,55.10487255678764
2005,Austria,0.006303175183975056,4566.731931122663,2019.501565473577,2547.230365649086,497.9268239239759,669.5059721785608,1379.7975695465489,0.011300474338049859,50% equal weights,0.5,19,0.03196602664270914,0.017830000744851984,81.42483373345641
2005,Austria,0.006303175183975056,4566.731931122663,2019.501565473577,2547.230365649086,497.9268239239759,669.5059721785608,1379.7975695465489,0.011300474338049859,Baseline,0,19,0.011300474338049859,0.006303175183975056,28.784911380118853
2005,Bahamas,0.04117504597147933,4566.731931122663,2019.501565473577,2547.230365649086,497.9268239239759,669.5059721785608,1379.7975695465489,0.07381954916177477,25% equal weights,0.25,19,0.06852255660817319,0.03822049105504173,174.54273692424718
2005,Bahamas,0.04117504597147933,4566.731931122663,2019.501565473577,2547.230365649086,497.9268239239759,669.5059721785608,1379.7975695465489,0.07381954916177477,50% equal weights,0.5,19,0.0632255640545716,0.03526593613860412,161.0500766450961
2005,Bahamas,0.04117504597147933,4566.731931122663,2019.501565473577,2547.230365649086,497.9268239239759,669.5059721785608,1379.7975695465489,0.07381954916177477,Baseline,0,19,0.07381954916177477,0.04117504597147933,188.03539720339822
2005,Bahrain,0.012353463552081194,4566.731931122663,2019.501565473577,2547.230365649086,497.9268239239759,669.5059721785608,1379.7975695465489,0.022147567500779817,25% equal weights,0.25,19,0.029768570362426968,0.016604304240493122,75.82740636913539
2005,Bahrain,0.012353463552081194,4566.731931122663,2019.501565473577,2547.230365649086,497.9268239239759,669.5059721785608,1379.7975695465489,0.022147567500779817,50% equal weights,0.5,19,0.037389573224074116,0.020855144928905053,95.23985627502158
2005,Bahrain,0.012353463552081194,4566.731931122663,2019.501565473577,2547.230365649086,497.9268239239759,669.5059721785608,1379.7975695465489,0.022147567500779817,Baseline,0,19,0.022147567500779817,0.012353463552081194,56.41495646324918
2005,Belgium,0.03642806924727046,4566.731931122663,2019.501565473577,2547.230365649086,497.9268239239759,669.5059721785608,1379.7975695465489,0.06530906244840809,25% equal weights,0.25,19,0.06213969157314817,0.034660258511885075,158.28410928719163
2005,Belgium,0.03642806924727046,4566.731931122663,2019.501565473577,2547.230365649086,497.9268239239759,669.5059721785608,1379.7975695465489,0.06530906244840809,50% equal weights,0.5,19,0.058970320697888254,0.03289244777649968,150.21099155372576
2005,Belgium,0.03642806924727046,4566.731931122663,2019.501565473577,2547.230365649086,497.9268239239759,669.5059721785608,1379.7975695465489,0.06530906244840809,Baseline,0,19,0.06530906244840809,0.03642806924727046,166.35722702065752
2005,Bermuda,0.0010564260628250876,4566.731931122663,2019.501565473577,2547.230365649086,497.9268239239759,669.5059721785608,1379.7975695465489,0.001893984422859283,25% equal weights,0.25,19,0.014578383053986567,0.008131526123551044,37.13449999717864
2005,Bermuda,0.0010564260628250876,4566.731931122663,2019.501565473577,2547.230365649086,497.9268239239759,669.5059721785608,1379.7975695465489,0.001893984422859283,50% equal weights,0.5,19,0.02726278168511385,0.015206626184276999,69.44458536038375
2005,Bermuda,0.0010564260628250876,4566.731931122663,2019.501565473577,2547.230365649086,497.9268239239759,669.5059721785608,1379.7975695465489,0.001893984422859283,Baseline,0,19,0.001893984422859283,0.0010564260628250876,4.824414633973524
2005,Cayman Islands,0.07462629402097297,4566.731931122663,2019.501565473577,2547.230365649086,497.9268239239759,669.5059721785608,1379.7975695465489,0.13379169956623976,25% equal weights,0.25,19,0.11350166941152193,0.06330892709216196,289.11489887689265
2005,Cayman Islands,0.07462629402097297,4566.731931122663,2019.501565473577,2547.230365649086,497.9268239239759,669.5059721785608,1379.7975695465489,0.13379169956623976,50% equal weights,0.5,19,0.09321163925680409,0.05199156016335094,237.43151794685977
2005,Cayman Islands,0.07462629402097297,4566.731931122663,2019.501565473577,2547.230365649086,497.9268239239759,669.5059721785608,1379.7975695465489,0.13379169956623976,Baseline,0,19,0.13379169956623976,0.07462629402097297,340.79827980692556
2005,Cyprus,0.01056477601316124,4566.731931122663,2019.501565473577,2547.230365649086,497.9268239239759,669.5059721785608,1379.7975695465489,0.018940768222260113,25% equal weights,0.25,19,0.02736347090353719,0.015262788586303158,69.70106399504516
2005,Cyprus,0.01056477601316124,4566.731931122663,2019.501565473577,2547.230365649086,497.9268239239759,669.5059721785608,1379.7975695465489,0.018940768222260113,50% equal weights,0.5,19,0.035786173584814264,0.019960801159445075,91.15562802562809
2005,Cyprus,0.01056477601316124,4566.731931122663,2019.501565473577,2547.230365649086,497.9268239239759,669.5059721785608,1379.7975695465489,0.018940768222260113,Baseline,0,19,0.018940768222260113,0.01056477601316124,48.24649996446221
2005,Guernsey,0.02627079670753831,4566.731931122663,2019.501565473577,2547.230365649086,497.9268239239759,669.5059721785608,1379.7975695465489,0.04709887562516401,25% equal weights,0.25,19,0.04848205145571511,0.02704230410708596,123.494953656959
2005,Guernsey,0.02627079670753831,4566.731931122663,2019.501565473577,2547.230365649086,497.9268239239759,669.5059721785608,1379.7975695465489,0.04709887562516401,50% equal weights,0.5,19,0.04986522728626622,0.027813811506633614,127.01822113357066
2005,Guernsey,0.02627079670753831,4566.731931122663,2019.501565473577,2547.230365649086,497.9268239239759,669.5059721785608,1379.7975695465489,0.04709887562516401,Baseline,0,19,0.04709887562516401,0.02627079670753831,119.97168618034733
2005,Hong Kong,0.03509438613683673,4566.731931122663,2019.501565473577,2547.230365649086,497.9268239239759,669.5059721785608,1379.7975695465489,0.06291800535025485,25% equal weights,0.25,19,0.060346398749533244,0.03365999617905977,153.7161793523791
2005,Hong Kong,0.03509438613683673,4566.731931122663,2019.501565473577,2547.230365649086,497.9268239239759,669.5059721785608,1379.7975695465489,0.06291800535025485,50% equal weights,0.5,19,0.057774792148811635,0.03222560622128282,147.1657049305174
2005,Hong Kong,0.03509438613683673,4566.731931122663,2019.501565473577,2547.230365649086,497.9268239239759,669.5059721785608,1379.7975695465489,0.06291800535025485,Baseline,0,19,0.06291800535025485,0.03509438613683673,160.2666537742408
2005,Isle of Man,0.021087295382680775,4566.731931122663,2019.501565473577,2547.230365649086,497.9268239239759,669.5059721785608,1379.7975695465489,0.0378057777827113,25% equal weights,0.25,19,0.04151222807387558,0.02315467811344281,105.74120789552633
2005,Isle of Man,0.021087295382680775,4566.731931122663,2019.501565473577,2547.230365649086,497.9268239239759,669.5059721785608,1379.7975695465489,0.0378057777827113,50% equal weights,0.5,19,0.04521867836503986,0.025222060844204842,115.18239062594888
2005,Isle of Man,0.021087295382680775,4566.731931122663,2019.501565473577,2547.230365649086,497.9268239239759,669.5059721785608,1379.7975695465489,0.0378057777827113,Baseline,0,19,0.0378057777827113,0.02108729538268077,96.30002516510378
2005,Jersey,0.06740534739030236,4566.731931122663,2019.501565473577,2547.230365649086,497.9268239239759,669.5059721785608,1379.7975695465489,0.1208458239218855,25% equal weights,0.25,19,0.10379226267825624,0.057893217119159,264.3828032134806
2005,Jersey,0.06740534739030236,4566.731931122663,2019.501565473577,2547.230365649086,497.9268239239759,669.5059721785608,1379.7975695465489,0.1208458239218855,50% equal weights,0.5,19,0.08673870143462696,0.048381086848015634,220.94345417125172
2005,Jersey,0.06740534739030236,4566.731931122663,2019.501565473577,2547.230365649086,497.9268239239759,669.5059721785608,1379.7975695465489,0.1208458239218855,Baseline,0,19,0.1208458239218855,0.06740534739030236,307.82215225570945
2005,Luxembourg,0.08044420414081986,4566.731931122663,2019.501565473577,2547.230365649086,497.9268239239759,669.5059721785608,1379.7975695465489,0.1442221797752554,25% equal weights,0.25,19,0.12132452956828364,0.06767235968204711,309.04152581442247
2005,Luxembourg,0.08044420414081986,4566.731931122663,2019.501565473577,2547.230365649086,497.9268239239759,669.5059721785608,1379.7975695465489,0.1442221797752554,50% equal weights,0.5,19,0.0984268793613119,0.05490051522327438,250.71593590521297
2005,Luxembourg,0.08044420414081986,4566.731931122663,2019.501565473577,2547.230365649086,497.9268239239759,669.5059721785608,1379.7975695465489,0.1442221797752554,Baseline,0,19,0.1442221797752554,0.08044420414081986,367.36711572363197
2005,Macao,0.0020671905565446645,4566.731931122663,2019.501565473577,2547.230365649086,497.9268239239759,669.5059721785608,1379.7975695465489,0.003706105756902033,25% equal weights,0.25,19,0.01593747405451863,0.008889599493840727,40.5964178634143
2005,Macao,0.0020671905565446645,4566.731931122663,2019.501565473577,2547.230365649086,497.9268239239759,669.5059721785608,1379.7975695465489,0.003706105756902033,50% equal weights,0.5,19,0.028168842352135227,0.01571200843113679,71.75253060454087
2005,Macao,0.0020671905565446645,4566.731931122663,2019.501565473577,2547.230365649086,497.9268239239759,669.5059721785608,1379.7975695465489,0.003706105756902033,Baseline,0,19,0.003706105756902033,0.0020671905565446645,9.440305122287748
2005,Malaysia,0,4566.731931122663,2019.501565473577,2547.230365649086,497.9268239239759,669.5059721785608,1379.7975695465489,0,25% equal weights,0.25,19,0.013157894736842105,0.0073392065764322275,33.516189021698494
2005,Malaysia,0,4566.731931122663,2019.501565473577,2547.230365649086,497.9268239239759,669.5059721785608,1379.7975695465489,0,50% equal weights,0.5,19,0.02631578947368421,0.014678413152864455,67.03237804339699
2005,Malaysia,0,4566.731931122663,2019.501565473577,2547.230365649086,497.9268239239759,669.5059721785608,1379.7975695465489,0,Baseline,0,19,0,0,0
2005,Netherlands Antilles (then Curaçao),0.004174198001349335,4566.731931122663,2019.501565473577,2547.230365649086,497.9268239239759,669.5059721785608,1379.7975695465489,0.007483596127252084,25% equal weights,0.25,19,0.018770591832281167,0.010469855077444228,47.8130214963913
2005,Netherlands Antilles (then Curaçao),0.004174198001349335,4566.731931122663,2019.501565473577,2547.230365649086,497.9268239239759,669.5059721785608,1379.7975695465489,0.007483596127252084,50% equal weights,0.5,19,0.030057587537310252,0.016765512153539122,76.5635996931922
2005,Netherlands Antilles (then Curaçao),0.004174198001349335,4566.731931122663,2019.501565473577,2547.230365649086,497.9268239239759,669.5059721785608,1379.7975695465489,0.007483596127252084,Baseline,0,19,0.007483596127252084,0.004174198001349335,19.06244329959041
2005,Panama,0.0033236403843770906,4566.731931122663,2019.501565473577,2547.230365649086,497.9268239239759,669.5059721785608,1379.7975695465489,0.005958697287685622,25% equal weights,0.25,19,0.01762691770260632,0.009831936864715046,44.899820024876234
2005,Panama,0.0033236403843770906,4566.731931122663,2019.501565473577,2547.230365649086,497.9268239239759,669.5059721785608,1379.7975695465489,0.005958697287685622,50% equal weights,0.5,19,0.02929513811752702,0.016340233345053003,74.62146537884882
2005,Panama,0.0033236403843770906,4566.731931122663,2019.501565473577,2547.230365649086,497.9268239239759,669.5059721785608,1379.7975695465489,0.005958697287685622,Baseline,0,19,0.005958697287685622,0.0033236403843770906,15.178174670903662
2005,Singapore,0.0506843417071165,4566.731931122663,2019.501565473577,2547.230365649086,497.9268239239759,669.5059721785608,1379.7975695465489,0.09086802858635046,25% equal weights,0.25,19,0.08130891617660495,0.0453524628567696,207.11254028306428
2005,Singapore,0.0506843417071165,4566.731931122663,2019.501565473577,2547.230365649086,497.9268239239759,669.5059721785608,1379.7975695465489,0.09086802858635046,50% equal weights,0.5,19,0.07174980376685944,0.04002058400642271,182.7632788843075
2005,Singapore,0.0506843417071165,4566.731931122663,2019.501565473577,2547.230365649086,497.9268239239759,669.5059721785608,1379.7975695465489,0.09086802858635046,Baseline,0,19,0.09086802858635046,0.0506843417071165,231.46180168182104
2005,UK,0.053637471073608875,4566.731931122663,2019.501565473577,2547.230365649086,497.9268239239759,669.5059721785608,1379.7975695465489,0.09616246538192479,25% equal weights,0.25,19,0.08527974377328569,0.04756730988163888,217.22715291408684
2005,UK,0.053637471073608875,4566.731931122663,2019.501565473577,2547.230365649086,497.9268239239759,669.5059721785608,1379.7975695465489,0.09616246538192479,50% equal weights,0.5,19,0.07439702216464661,0.041497148689668896,189.50635397165593
2005,UK,0.053637471073608875,4566.731931122663,2019.501565473577,2547.230365649086,497.9268239239759,669.5059721785608,1379.7975695465489,0.09616246538192479,Baseline,0,19,0.09616246538192479,0.053637471073608875,244.94795185651782
2005,US,0.031083578275909515,4566.731931122663,2019.501565473577,2547.230365649086,497.9268239239759,669.5059721785608,1379.7975695465489,0.05572733874424227,25% equal weights,0.25,19,0.05495339879502381,0.030651890283364364,139.97896610630855
2005,US,0.031083578275909515,4566.731931122663,2019.501565473577,2547.230365649086,497.9268239239759,669.5059721785608,1379.7975695465489,0.05572733874424227,50% equal weights,0.5,19,0.05417945884580534,0.03022020229081921,138.00756276647033
2005,US,0.031083578275909515,4566.731931122663,2019.501565473577,2547.230365649086,497.9268239239759,669.5059721785608,1379.7975695465489,0.05572733874424227,Baseline,0,19,0.05572733874424227,0.031083578275909515,141.9503694461467
2006,Austria,0.00617438173241413,5052.610039900942,2422.1621746176393,2630.4478652833027,538.1350627230989,696.57885151915,1395.7339510410532,0.011859859890443664,25% equal weights,0.25,19,0.022052789654674852,0.011480940150255184,58.008713470681165
2006,Austria,0.00617438173241413,5052.610039900942,2422.1621746176393,2630.4478652833027,538.1350627230989,696.57885151915,1395.7339510410532,0.011859859890443664,50% equal weights,0.5,19,0.03224571941890604,0.016787498568096238,84.82068380998574
2006,Austria,0.00617438173241413,5052.610039900942,2422.1621746176393,2630.4478652833027,538.1350627230989,696.57885151915,1395.7339510410532,0.011859859890443664,Baseline,0,19,0.011859859890443664,0.00617438173241413,31.1967431313766
2006,Bahamas,0.03903795568864466,5052.610039900942,2422.1621746176393,2630.4478652833027,538.1350627230989,696.57885151915,1395.7339510410532,0.0749847847025893,25% equal weights,0.25,19,0.06939648326378409,0.03612862061742809,182.5438312593893
2006,Bahamas,0.03903795568864466,5052.610039900942,2422.1621746176393,2630.4478652833027,538.1350627230989,696.57885151915,1395.7339510410532,0.0749847847025893,50% equal weights,0.5,19,0.06380818182497885,0.0332192855462115,167.84409566912447
2006,Bahamas,0.03903795568864466,5052.610039900942,2422.1621746176393,2630.4478652833027,538.1350627230989,696.57885151915,1395.7339510410532,0.0749847847025893,Baseline,0,19,0.0749847847025893,0.03903795568864466,197.2435668496541
2006,Bahrain,0.014259945961577937,5052.610039900942,2422.1621746176393,2630.4478652833027,538.1350627230989,696.57885151915,1395.7339510410532,0.027390752382828044,25% equal weights,0.25,19,0.03370095902396314,0.01754511332212804,88.6486157225839
2006,Bahrain,0.014259945961577937,5052.610039900942,2422.1621746176393,2630.4478652833027,538.1350627230989,696.57885151915,1395.7339510410532,0.027390752382828044,50% equal weights,0.5,19,0.04001116566509823,0.02083028068267814,105.2472853112542
2006,Bahrain,0.014259945961577937,5052.610039900942,2422.1621746176393,2630.4478652833027,538.1350627230989,696.57885151915,1395.7339510410532,0.027390752382828044,Baseline,0,19,0.027390752382828044,0.014259945961577937,72.04994613391356
2006,Belgium,0.0284051402947316,5052.610039900942,2422.1621746176393,2630.4478652833027,538.1350627230989,696.57885151915,1395.7339510410532,0.05456108784064358,25% equal weights,0.25,19,0.05407871061732479,0.028154009071993287,142.25122890061547
2006,Belgium,0.0284051402947316,5052.610039900942,2422.1621746176393,2630.4478652833027,538.1350627230989,696.57885151915,1395.7339510410532,0.05456108784064358,50% equal weights,0.5,19,0.053596333394006,0.02790287784925497,140.98236076327527
2006,Belgium,0.0284051402947316,5052.610039900942,2422.1621746176393,2630.4478652833027,538.1350627230989,696.57885151915,1395.7339510410532,0.05456108784064358,Baseline,0,19,0.05456108784064358,0.0284051402947316,143.52009703795565
2006,Bermuda,7.199196019437404e-4,5052.610039900942,2422.1621746176393,2630.4478652833027,538.1350627230989,696.57885151915,1395.7339510410532,0.001382834100880639,25% equal weights,0.25,19,0.014195020312502584,0.007390093552402392,37.33926087867554
2006,Bermuda,7.199196019437404e-4,5052.610039900942,2422.1621746176393,2630.4478652833027,538.1350627230989,696.57885151915,1395.7339510410532,0.001382834100880639,50% equal weights,0.5,19,0.027007206524124527,0.014060267502861044,71.04104874864865
2006,Bermuda,7.199196019437404e-4,5052.610039900942,2422.1621746176393,2630.4478652833027,538.1350627230989,696.57885151915,1395.7339510410532,0.001382834100880639,Baseline,0,19,0.001382834100880639,7.199196019437404e-4,3.637473008702432
2006,Cayman Islands,0.06819007817072655,5052.610039900942,2422.1621746176393,2630.4478652833027,538.1350627230989,696.57885151915,1395.7339510410532,0.13098068892915915,25% equal weights,0.25,19,0.11139341143371147,0.0579927124789895,293.014561312431
2006,Cayman Islands,0.06819007817072655,5052.610039900942,2422.1621746176393,2630.4478652833027,538.1350627230989,696.57885151915,1395.7339510410532,0.13098068892915915,50% equal weights,0.5,19,0.09180613393826378,0.04779534678725245,241.49124903781893
2006,Cayman Islands,0.06819007817072655,5052.610039900942,2422.1621746176393,2630.4478652833027,538.1350627230989,696.57885151915,1395.7339510410532,0.13098068892915915,Baseline,0,19,0.13098068892915915,0.06819007817072656,344.537873587043
2006,Cyprus,0.009659114170279511,5052.610039900942,2422.1621746176393,2630.4478652833027,538.1350627230989,696.57885151915,1395.7339510410532,0.018553394605312766,25% equal weights,0.25,19,0.027072940690826677,0.014094489478654219,71.2139590471265
2006,Cyprus,0.009659114170279511,5052.610039900942,2422.1621746176393,2630.4478652833027,538.1350627230989,696.57885151915,1395.7339510410532,0.018553394605312766,50% equal weights,0.5,19,0.035592486776340596,0.01852986478702893,93.6241808609493
2006,Cyprus,0.009659114170279511,5052.610039900942,2422.1621746176393,2630.4478652833027,538.1350627230989,696.57885151915,1395.7339510410532,0.018553394605312766,Baseline,0,19,0.018553394605312766,0.009659114170279511,48.80373723330371
2006,Guernsey,0.022548107519696978,5052.610039900942,2422.1621746176393,2630.4478652833027,538.1350627230989,696.57885151915,1395.7339510410532,0.043310797350669714,25% equal weights,0.25,19,0.045640992749844386,0.02376123449071732,120.05625194823887
2006,Guernsey,0.022548107519696978,5052.610039900942,2422.1621746176393,2630.4478652833027,538.1350627230989,696.57885151915,1395.7339510410532,0.043310797350669714,50% equal weights,0.5,19,0.047971188149019066,0.024974361461737662,126.18570946169088
2006,Guernsey,0.022548107519696978,5052.610039900942,2422.1621746176393,2630.4478652833027,538.1350627230989,696.57885151915,1395.7339510410532,0.043310797350669714,Baseline,0,19,0.043310797350669714,0.022548107519696978,113.92679443478687
2006,Hong Kong,0.03224505092971015,5052.610039900942,2422.1621746176393,2630.4478652833027,538.1350627230989,696.57885151915,1395.7339510410532,0.061936855018042275,25% equal weights,0.25,19,0.05961053600037381,0.031033942048227202,156.80240717057674
2006,Hong Kong,0.03224505092971015,5052.610039900942,2422.1621746176393,2630.4478652833027,538.1350627230989,696.57885151915,1395.7339510410532,0.061936855018042275,50% equal weights,0.5,19,0.05728421698270535,0.02982283316674425,150.6831462765828
2006,Hong Kong,0.03224505092971015,5052.610039900942,2422.1621746176393,2630.4478652833027,538.1350627230989,696.57885151915,1395.7339510410532,0.061936855018042275,Baseline,0,19,0.061936855018042275,0.03224505092971015,162.92166806457072
2006,Isle of Man,0.018490677927630195,5052.610039900942,2422.1621746176393,2630.4478652833027,538.1350627230989,696.57885151915,1395.7339510410532,0.03551721597480015,25% equal weights,0.25,19,0.039795806717942216,0.020718162296667234,104.68079482843801
2006,Isle of Man,0.018490677927630195,5052.610039900942,2422.1621746176393,2630.4478652833027,538.1350627230989,696.57885151915,1395.7339510410532,0.03551721597480015,50% equal weights,0.5,19,0.04407439746108428,0.022945646665704273,115.93540471515696
2006,Isle of Man,0.018490677927630195,5052.610039900942,2422.1621746176393,2630.4478652833027,538.1350627230989,696.57885151915,1395.7339510410532,0.03551721597480015,Baseline,0,19,0.03551721597480015,0.018490677927630195,93.42618494171907
2006,Jersey,0.06307853933666674,5052.610039900942,2422.1621746176393,2630.4478652833027,538.1350627230989,696.57885151915,1395.7339510410532,0.12116235617557211,25% equal weights,0.25,19,0.10402966186852118,0.05415905835344464,273.64460198819535
2006,Jersey,0.06307853933666674,5052.610039900942,2422.1621746176393,2630.4478652833027,538.1350627230989,696.57885151915,1395.7339510410532,0.12116235617557211,50% equal weights,0.5,19,0.08689696756147026,0.04523957737022254,228.57794282166185
2006,Jersey,0.06307853933666674,5052.610039900942,2422.1621746176393,2630.4478652833027,538.1350627230989,696.57885151915,1395.7339510410532,0.12116235617557211,Baseline,0,19,0.12116235617557211,0.06307853933666674,318.71126115472885
2006,Luxembourg,0.07853867767130343,5052.610039900942,2422.1621746176393,2630.4478652833027,538.1350627230989,696.57885151915,1395.7339510410532,0.15085845895669672,25% equal weights,0.25,19,0.12630173895436464,0.06575416210442216,332.2301396140774
2006,Luxembourg,0.07853867767130343,5052.610039900942,2422.1621746176393,2630.4478652833027,538.1350627230989,696.57885151915,1395.7339510410532,0.15085845895669672,50% equal weights,0.5,19,0.10174501895203257,0.05296964653754089,267.63496790558327
2006,Luxembourg,0.07853867767130343,5052.610039900942,2422.1621746176393,2630.4478652833027,538.1350627230989,696.57885151915,1395.7339510410532,0.15085845895669672,Baseline,0,19,0.15085845895669672,0.07853867767130343,396.8253113225716
2006,Macao,0.0019692241053929503,5052.610039900942,2422.1621746176393,2630.4478652833027,538.1350627230989,696.57885151915,1395.7339510410532,0.0037825199339777725,25% equal weights,0.25,19,0.015994784687325434,0.0083270719299893,42.07344723644125
2006,Macao,0.0019692241053929503,5052.610039900942,2422.1621746176393,2630.4478652833027,538.1350627230989,696.57885151915,1395.7339510410532,0.0037825199339777725,50% equal weights,0.5,19,0.028207049440673097,0.01468491975458565,74.19717298715912
2006,Macao,0.0019692241053929503,5052.610039900942,2422.1621746176393,2630.4478652833027,538.1350627230989,696.57885151915,1395.7339510410532,0.0037825199339777725,Baseline,0,19,0.0037825199339777725,0.0019692241053929503,9.949721485723371
2006,Malaysia,0,5052.610039900942,2422.1621746176393,2630.4478652833027,538.1350627230989,696.57885151915,1395.7339510410532,0,25% equal weights,0.25,19,0.013157894736842105,0.006850153850944587,34.61115612214872
2006,Malaysia,0,5052.610039900942,2422.1621746176393,2630.4478652833027,538.1350627230989,696.57885151915,1395.7339510410532,0,50% equal weights,0.5,19,0.02631578947368421,0.013700307701889174,69.22231224429744
2006,Malaysia,0,5052.610039900942,2422.1621746176393,2630.4478652833027,538.1350627230989,696.57885151915,1395.7339510410532,0,Baseline,0,19,0,0,0
2006,Netherlands Antilles (then Curaçao),0.0027722113537148145,5052.610039900942,2422.1621746176393,2630.4478652833027,538.1350627230989,696.57885151915,1395.7339510410532,0.005324911815729254,25% equal weights,0.25,19,0.017151578598639045,0.008929312366230699,45.11633331102885
2006,Netherlands Antilles (then Curaçao),0.0027722113537148145,5052.610039900942,2422.1621746176393,2630.4478652833027,538.1350627230989,696.57885151915,1395.7339510410532,0.005324911815729254,50% equal weights,0.5,19,0.028978245381548837,0.015086413378746583,76.22576370355087
2006,Netherlands Antilles (then Curaçao),0.0027722113537148145,5052.610039900942,2422.1621746176393,2630.4478652833027,538.1350627230989,696.57885151915,1395.7339510410532,0.005324911815729254,Baseline,0,19,0.005324911815729254,0.0027722113537148145,14.006902918506851
2006,Panama,0.0030434638378331012,5052.610039900942,2422.1621746176393,2630.4478652833027,538.1350627230989,696.57885151915,1395.7339510410532,0.00584593830809675,25% equal weights,0.25,19,0.017542348467914665,0.009132751729319412,46.14423307948194
2006,Panama,0.0030434638378331012,5052.610039900942,2422.1621746176393,2630.4478652833027,538.1350627230989,696.57885151915,1395.7339510410532,0.00584593830809675,50% equal weights,0.5,19,0.029238758627732585,0.015222039620805724,76.91103021585293
2006,Panama,0.0030434638378331012,5052.610039900942,2422.1621746176393,2630.4478652833027,538.1350627230989,696.57885151915,1395.7339510410532,0.00584593830809675,Baseline,0,19,0.00584593830809675,0.0030434638378331012,15.377435943110978
2006,Singapore,0.046860844432538275,5052.610039900942,2422.1621746176393,2630.4478652833027,538.1350627230989,696.57885151915,1395.7339510410532,0.09001112555126753,25% equal weights,0.25,19,0.08066623890029274,0.04199578717534829,212.18833591570797
2006,Singapore,0.046860844432538275,5052.610039900942,2422.1621746176393,2630.4478652833027,538.1350627230989,696.57885151915,1395.7339510410532,0.09001112555126753,50% equal weights,0.5,19,0.07132135224931797,0.03713072991815831,187.60709877333693
2006,Singapore,0.046860844432538275,5052.610039900942,2422.1621746176393,2630.4478652833027,538.1350627230989,696.57885151915,1395.7339510410532,0.09001112555126753,Baseline,0,19,0.09001112555126753,0.046860844432538275,236.769573058079
2006,UK,0.04934555008513956,5052.610039900942,2422.1621746176393,2630.4478652833027,538.1350627230989,696.57885151915,1395.7339510410532,0.09478379141255415,25% equal weights,0.25,19,0.08424573829625771,0.04385931641479925,221.60402246060687
2006,UK,0.04934555008513956,5052.610039900942,2422.1621746176393,2630.4478652833027,538.1350627230989,696.57885151915,1395.7339510410532,0.09478379141255415,50% equal weights,0.5,19,0.07370768517996129,0.038373082744458956,193.8842231366029
2006,UK,0.04934555008513956,5052.610039900942,2422.1621746176393,2630.4478652833027,538.1350627230989,696.57885151915,1395.7339510410532,0.09478379141255415,Baseline,0,19,0.09478379141255415,0.04934555008513956,249.3238217846109
2006,US,0.035272809851844236,5052.610039900942,2422.1621746176393,2630.4478652833027,538.1350627230989,696.57885151915,1395.7339510410532,0.06775262705073629,25% equal weights,0.25,19,0.06397236502489431,0.03330476123982776,168.27597101685745
2006,US,0.035272809851844236,5052.610039900942,2422.1621746176393,2630.4478652833027,538.1350627230989,696.57885151915,1395.7339510410532,0.06775262705073629,50% equal weights,0.5,19,0.06019210299905235,0.03133671262781129,158.33218884076993
2006,US,0.035272809851844236,5052.610039900942,2422.1621746176393,2630.4478652833027,538.1350627230989,696.57885151915,1395.7339510410532,0.06775262705073629,Baseline,0,19,0.06775262705073629,0.035272809851844236,178.219753192945
2007,Austria,0.006606864406472475,6795.072296255632,2911.7417314555923,3883.33056480004,804.5110064894491,1071.2725952622461,2007.5469630483444,0.011560726171620728,25% equal weights,0.25,19,0.02182843936555765,0.012474782029451636,84.76704577015443
2007,Austria,0.006606864406472475,6795.072296255632,2911.7417314555923,3883.33056480004,804.5110064894491,1071.2725952622461,2007.5469630483444,0.011560726171620728,50% equal weights,0.5,19,0.03209615255949457,0.018342699652430794,124.6399702467703
2007,Austria,0.006606864406472475,6795.072296255632,2911.7417314555923,3883.33056480004,804.5110064894491,1071.2725952622461,2007.5469630483444,0.011560726171620728,Baseline,0,19,0.011560726171620728,0.006606864406472475,44.894121293538525
2007,Bahamas,0.040569677846480336,6795.072296255632,2911.7417314555923,3883.33056480004,804.5110064894491,1071.2725952622461,2007.5469630483444,0.07098903619008014,25% equal weights,0.25,19,0.06639967187940221,0.03794689210945753,257.85187530197635
2007,Bahamas,0.040569677846480336,6795.072296255632,2911.7417314555923,3883.33056480004,804.5110064894491,1071.2725952622461,2007.5469630483444,0.07098903619008014,50% equal weights,0.5,19,0.06181030756872428,0.03532410637243472,240.02985660131824
2007,Bahamas,0.040569677846480336,6795.072296255632,2911.7417314555923,3883.33056480004,804.5110064894491,1071.2725952622461,2007.5469630483444,0.07098903619008014,Baseline,0,19,0.07098903619008014,0.040569677846480336,275.67389400263437
2007,Bahrain,0.0154644546691868,6795.072296255632,2911.7417314555923,3883.33056480004,804.5110064894491,1071.2725952622461,2007.5469630483444,0.0270597843129286,25% equal weights,0.25,19,0.03345273297153856,0.01911797472648738,129.90802042446975
2007,Bahrain,0.0154644546691868,6795.072296255632,2911.7417314555923,3883.33056480004,804.5110064894491,1071.2725952622461,2007.5469630483444,0.0270597843129286,50% equal weights,0.5,19,0.03984568163014851,0.022771494783787958,154.7339533496472
2007,Bahrain,0.0154644546691868,6795.072296255632,2911.7417314555923,3883.33056480004,804.5110064894491,1071.2725952622461,2007.5469630483444,0.0270597843129286,Baseline,0,19,0.0270597843129286,0.015464454669186799,105.08208749929229
2007,Belgium,0.03301437708852372,6795.072296255632,2911.7417314555923,3883.33056480004,804.5110064894491,1071.2725952622461,2007.5469630483444,0.05776873109021963,25% equal weights,0.25,19,0.056484443054506825,0.03228041654099007,219.3477641492737
2007,Belgium,0.03301437708852372,6795.072296255632,2911.7417314555923,3883.33056480004,804.5110064894491,1071.2725952622461,2007.5469630483444,0.05776873109021963,50% equal weights,0.5,19,0.05520015501879402,0.031546455993456415,214.36044916618314
2007,Belgium,0.03301437708852372,6795.072296255632,2911.7417314555923,3883.33056480004,804.5110064894491,1071.2725952622461,2007.5469630483444,0.05776873109021963,Baseline,0,19,0.05776873109021963,0.03301437708852372,224.33507913236423
2007,Bermuda,4.936373600067459e-4,6795.072296255632,2911.7417314555923,3883.33056480004,804.5110064894491,1071.2725952622461,2007.5469630483444,8.637692551294114e-4,25% equal weights,0.25,19,0.013805721678189163,0.007889861744602338,53.61218096203448
2007,Bermuda,4.936373600067459e-4,6795.072296255632,2911.7417314555923,3883.33056480004,804.5110064894491,1071.2725952622461,2007.5469630483444,8.637692551294114e-4,50% equal weights,0.5,19,0.026747674101248915,0.015286086129197931,103.87006037469035
2007,Bermuda,4.936373600067459e-4,6795.072296255632,2911.7417314555923,3883.33056480004,804.5110064894491,1071.2725952622461,2007.5469630483444,8.637692551294114e-4,Baseline,0,19,8.637692551294114e-4,4.936373600067459e-4,3.354301549378607
2007,Cayman Islands,0.07841252910250218,6795.072296255632,2911.7417314555923,3883.33056480004,804.5110064894491,1071.2725952622461,2007.5469630483444,0.1372066568356091,25% equal weights,0.25,19,0.11606288736354893,0.06632903055147392,450.7105579378139
2007,Cayman Islands,0.07841252910250218,6795.072296255632,2911.7417314555923,3883.33056480004,804.5110064894491,1071.2725952622461,2007.5469630483444,0.1372066568356091,50% equal weights,0.5,19,0.09491911789148876,0.05424553200044565,368.6023116918766
2007,Cayman Islands,0.07841252910250218,6795.072296255632,2911.7417314555923,3883.33056480004,804.5110064894491,1071.2725952622461,2007.5469630483444,0.1372066568356091,Baseline,0,19,0.1372066568356091,0.07841252910250218,532.8188041837511
2007,Cyprus,0.010330517297425842,6795.072296255632,2911.7417314555923,3883.33056480004,804.5110064894491,1071.2725952622461,2007.5469630483444,0.01807639363231559,25% equal weights,0.25,19,0.026715189961078797,0.01526752169766666,103.74391372029649
2007,Cyprus,0.010330517297425842,6795.072296255632,2911.7417314555923,3883.33056480004,804.5110064894491,1071.2725952622461,2007.5469630483444,0.01807639363231559,50% equal weights,0.5,19,0.035353986289842,0.020204526097907478,137.291215546865
2007,Cyprus,0.010330517297425842,6795.072296255632,2911.7417314555923,3883.33056480004,804.5110064894491,1071.2725952622461,2007.5469630483444,0.01807639363231559,Baseline,0,19,0.01807639363231559,0.010330517297425842,70.19661189372795
2007,Guernsey,0.0234556609939301,6795.072296255632,2911.7417314555923,3883.33056480004,804.5110064894491,1071.2725952622461,2007.5469630483444,0.04104283927176444,25% equal weights,0.25,19,0.043940024190665436,0.025111379470044853,170.63363895766423
2007,Guernsey,0.0234556609939301,6795.072296255632,2911.7417314555923,3883.33056480004,804.5110064894491,1071.2725952622461,2007.5469630483444,0.04104283927176444,50% equal weights,0.5,19,0.04683720910956643,0.02676709794615961,181.88436570511018
2007,Guernsey,0.0234556609939301,6795.072296255632,2911.7417314555923,3883.33056480004,804.5110064894491,1071.2725952622461,2007.5469630483444,0.04104283927176444,Baseline,0,19,0.04104283927176444,0.0234556609939301,159.38291221021828
2007,Hong Kong,0.03837834586211176,6795.072296255632,2911.7417314555923,3883.33056480004,804.5110064894491,1071.2725952622461,2007.5469630483444,0.0671546319305374,25% equal weights,0.25,19,0.06352386868474516,0.0363033931211811,246.684180857815
2007,Hong Kong,0.03837834586211176,6795.072296255632,2911.7417314555923,3883.33056480004,804.5110064894491,1071.2725952622461,2007.5469630483444,0.0671546319305374,50% equal weights,0.5,19,0.05989310543895291,0.03422844038025044,232.58472697187736
2007,Hong Kong,0.03837834586211176,6795.072296255632,2911.7417314555923,3883.33056480004,804.5110064894491,1071.2725952622461,2007.5469630483444,0.0671546319305374,Baseline,0,19,0.0671546319305374,0.038378345862111765,260.7836347437526
2007,Isle of Man,0.019645430481351405,6795.072296255632,2911.7417314555923,3883.33056480004,804.5110064894491,1071.2725952622461,2007.5469630483444,0.03437567783228895,25% equal weights,0.25,19,0.03893965311105882,0.022253706585610832,151.2155451088857
2007,Isle of Man,0.019645430481351405,6795.072296255632,2911.7417314555923,3883.33056480004,804.5110064894491,1071.2725952622461,2007.5469630483444,0.03437567783228895,50% equal weights,0.5,19,0.043503628389828686,0.02486198268987026,168.9389698059245
2007,Isle of Man,0.019645430481351405,6795.072296255632,2911.7417314555923,3883.33056480004,804.5110064894491,1071.2725952622461,2007.5469630483444,0.03437567783228895,Baseline,0,19,0.03437567783228895,0.019645430481351405,133.49212041184688
2007,Jersey,0.07476470741832397,6795.072296255632,2911.7417314555923,3883.33056480004,804.5110064894491,1071.2725952622461,2007.5469630483444,0.13082367922033203,25% equal weights,0.25,19,0.11127565415209113,0.06359316428834026,432.120148886934
2007,Jersey,0.07476470741832397,6795.072296255632,2911.7417314555923,3883.33056480004,804.5110064894491,1071.2725952622461,2007.5469630483444,0.13082367922033203,50% equal weights,0.5,19,0.09172762908385022,0.052421621158356545,356.20870565795667
2007,Jersey,0.07476470741832397,6795.072296255632,2911.7417314555923,3883.33056480004,804.5110064894491,1071.2725952622461,2007.5469630483444,0.13082367922033203,Baseline,0,19,0.13082367922033203,0.07476470741832399,508.0315921159112
2007,Luxembourg,0.07042668213341621,6795.072296255632,2911.7417314555923,3883.33056480004,804.5110064894491,1071.2725952622461,2007.5469630483444,0.12323297970555841,25% equal weights,0.25,19,0.10558262951601091,0.060339645324659436,410.012252311484
2007,Luxembourg,0.07042668213341621,6795.072296255632,2911.7417314555923,3883.33056480004,804.5110064894491,1071.2725952622461,2007.5469630483444,0.12323297970555841,50% equal weights,0.5,19,0.08793227932646341,0.050252608515902665,341.47010794099003
2007,Luxembourg,0.07042668213341621,6795.072296255632,2911.7417314555923,3883.33056480004,804.5110064894491,1071.2725952622461,2007.5469630483444,0.12323297970555841,Baseline,0,19,0.12323297970555841,0.07042668213341621,478.554396681978
2007,Macao,0.0022402445847347994,6795.072296255632,2911.7417314555923,3883.33056480004,804.5110064894491,1071.2725952622461,2007.5469630483444,0.00391999178554401,25% equal weights,0.25,19,0.016097888576000113,0.00919981716314838,62.51342273592663
2007,Macao,0.0022402445847347994,6795.072296255632,2911.7417314555923,3883.33056480004,804.5110064894491,1071.2725952622461,2007.5469630483444,0.00391999178554401,50% equal weights,0.5,19,0.028275785366456214,0.016159389741561957,109.80422155728512
2007,Macao,0.0022402445847347994,6795.072296255632,2911.7417314555923,3883.33056480004,804.5110064894491,1071.2725952622461,2007.5469630483444,0.00391999178554401,Baseline,0,19,0.00391999178554401,0.0022402445847347994,15.222623914568139
2007,Malaysia,0.0027759087906872853,6795.072296255632,2911.7417314555923,3883.33056480004,804.5110064894491,1071.2725952622461,2007.5469630483444,0.004857299837286171,25% equal weights,0.25,19,0.016800869614806733,0.009601565317612743,65.24333049039926
2007,Malaysia,0.0027759087906872853,6795.072296255632,2911.7417314555923,3883.33056480004,804.5110064894491,1071.2725952622461,2007.5469630483444,0.004857299837286171,50% equal weights,0.5,19,0.028744439392327296,0.016427221844538202,111.62416006026687
2007,Malaysia,0.0027759087906872853,6795.072296255632,2911.7417314555923,3883.33056480004,804.5110064894491,1071.2725952622461,2007.5469630483444,0.004857299837286171,Baseline,0,19,0.004857299837286171,0.0027759087906872853,18.862500920531648
2007,Netherlands Antilles (then Curaçao),0.0029124366800590395,6795.072296255632,2911.7417314555923,3883.33056480004,804.5110064894491,1071.2725952622461,2007.5469630483444,0.005096197057920806,25% equal weights,0.25,19,0.016980042530282707,0.009703961234641557,65.93911814945145
2007,Netherlands Antilles (then Curaçao),0.0029124366800590395,6795.072296255632,2911.7417314555923,3883.33056480004,804.5110064894491,1071.2725952622461,2007.5469630483444,0.005096197057920806,50% equal weights,0.5,19,0.02886388800264461,0.016495485789224076,112.088018499635
2007,Netherlands Antilles (then Curaçao),0.0029124366800590395,6795.072296255632,2911.7417314555923,3883.33056480004,804.5110064894491,1071.2725952622461,2007.5469630483444,0.005096197057920806,Baseline,0,19,0.005096197057920806,0.0029124366800590395,19.790217799267907
2007,Panama,0.00343304041821499,6795.072296255632,2911.7417314555923,3883.33056480004,804.5110064894491,1071.2725952622461,2007.5469630483444,0.006007152223709731,25% equal weights,0.25,19,0.017663258904624404,0.010094414038258523,68.59227317830442
2007,Panama,0.00343304041821499,6795.072296255632,2911.7417314555923,3883.33056480004,804.5110064894491,1071.2725952622461,2007.5469630483444,0.006007152223709731,50% equal weights,0.5,19,0.029319365585539076,0.016755787658302053,113.85678851887032
2007,Panama,0.00343304041821499,6795.072296255632,2911.7417314555923,3883.33056480004,804.5110064894491,1071.2725952622461,2007.5469630483444,0.006007152223709731,Baseline,0,19,0.006007152223709731,0.0034330404182149896,23.327757837738528
2007,Singapore,0.05481962789977751,6795.072296255632,2911.7417314555923,3883.33056480004,804.5110064894491,1071.2725952622461,2007.5469630483444,0.09592367392292843,25% equal weights,0.25,19,0.08510065017903842,0.04863435464943041,330.4739559246159
2007,Singapore,0.05481962789977751,6795.072296255632,2911.7417314555923,3883.33056480004,804.5110064894491,1071.2725952622461,2007.5469630483444,0.09592367392292843,50% equal weights,0.5,19,0.07427762643514843,0.04244908139908332,288.44457701641136
2007,Singapore,0.05481962789977751,6795.072296255632,2911.7417314555923,3883.33056480004,804.5110064894491,1071.2725952622461,2007.5469630483444,0.09592367392292843,Baseline,0,19,0.09592367392292843,0.05481962789977751,372.50333483282054
2007,UK,0.0571973501331145,6795.072296255632,2911.7417314555923,3883.33056480004,804.5110064894491,1071.2725952622461,2007.5469630483444,0.10008422482281587,25% equal weights,0.25,19,0.08822106335395401,0.05041764632443315,342.59155178157033
2007,UK,0.0571973501331145,6795.072296255632,2911.7417314555923,3883.33056480004,804.5110064894491,1071.2725952622461,2007.5469630483444,0.10008422482281587,50% equal weights,0.5,19,0.07635790188509214,0.04363794251575181,296.5229742543809
2007,UK,0.0571973501331145,6795.072296255632,2911.7417314555923,3883.33056480004,804.5110064894491,1071.2725952622461,2007.5469630483444,0.10008422482281587,Baseline,0,19,0.10008422482281587,0.0571973501331145,388.66012930875974
2007,US,0.03655066990307353,6795.072296255632,2911.7417314555923,3883.33056480004,804.5110064894491,1071.2725952622461,2007.5469630483444,0.06395655490141057,25% equal weights,0.25,19,0.061125310912900035,0.034932636151902424,237.36978815097015
2007,US,0.03655066990307353,6795.072296255632,2911.7417314555923,3883.33056480004,804.5110064894491,1071.2725952622461,2007.5469630483444,0.06395655490141057,50% equal weights,0.5,19,0.058294066924389494,0.03331460240073132,226.3751318339808
2007,US,0.03655066990307353,6795.072296255632,2911.7417314555923,3883.33056480004,804.5110064894491,1071.2725952622461,2007.5469630483444,0.06395655490141057,Baseline,0,19,0.06395655490141057,0.03655066990307353,248.3644444679595
2008,Austria,0.00529629186985071,5644.1315902770675,2135.386399455316,3508.7451908217513,908.5430473627749,1056.0454551495704,1544.1566883094067,0.008519560876676551,25% equal weights,0.25,19,0.019547565394349518,0.012151989189594823,68.58742606969756
2008,Austria,0.00529629186985071,5644.1315902770675,2135.386399455316,3508.7451908217513,908.5430473627749,1056.0454551495704,1544.1566883094067,0.008519560876676551,50% equal weights,0.5,19,0.030575569912022486,0.019007686509338935,107.28188388544314
2008,Austria,0.00529629186985071,5644.1315902770675,2135.386399455316,3508.7451908217513,908.5430473627749,1056.0454551495704,1544.1566883094067,0.008519560876676551,Baseline,0,19,0.008519560876676551,0.00529629186985071,29.89296825395199
2008,Bahamas,0.051619221784847805,5644.1315902770675,2135.386399455316,3508.7451908217513,908.5430473627749,1056.0454551495704,1544.1566883094067,0.08303415166866086,25% equal weights,0.25,19,0.07543350848833776,0.046894186625842646,264.6769601352669
2008,Bahamas,0.051619221784847805,5644.1315902770675,2135.386399455316,3508.7451908217513,908.5430473627749,1056.0454551495704,1544.1566883094067,0.08303415166866086,50% equal weights,0.5,19,0.06783286530801463,0.04216915146683748,238.00823992915596
2008,Bahamas,0.051619221784847805,5644.1315902770675,2135.386399455316,3508.7451908217513,908.5430473627749,1056.0454551495704,1544.1566883094067,0.08303415166866086,Baseline,0,19,0.08303415166866086,0.051619221784847805,291.3456803413777
2008,Bahrain,0.01767176341102663,5644.1315902770675,2135.386399455316,3508.7451908217513,908.5430473627749,1056.0454551495704,1544.1566883094067,0.028426617693694145,25% equal weights,0.25,19,0.03447785800711271,0.021433592845476763,120.97401847229195
2008,Bahrain,0.01767176341102663,5644.1315902770675,2135.386399455316,3508.7451908217513,908.5430473627749,1056.0454551495704,1544.1566883094067,0.028426617693694145,50% equal weights,0.5,19,0.04052909832053128,0.025195422279926896,142.20627882050604
2008,Bahrain,0.01767176341102663,5644.1315902770675,2135.386399455316,3508.7451908217513,908.5430473627749,1056.0454551495704,1544.1566883094067,0.028426617693694145,Baseline,0,19,0.028426617693694145,0.01767176341102663,99.74175812407783
2008,Belgium,0.029112585560727294,5644.1315902770675,2135.386399455316,3508.7451908217513,908.5430473627749,1056.0454551495704,1544.1566883094067,0.04683020706883026,25% equal weights,0.25,19,0.0482805500384648,0.030014209457752263,169.40414775769227
2008,Belgium,0.029112585560727294,5644.1315902770675,2135.386399455316,3508.7451908217513,908.5430473627749,1056.0454551495704,1544.1566883094067,0.04683020706883026,50% equal weights,0.5,19,0.04973089300809934,0.03091583335477723,174.4930316774396
2008,Belgium,0.029112585560727294,5644.1315902770675,2135.386399455316,3508.7451908217513,908.5430473627749,1056.0454551495704,1544.1566883094067,0.04683020706883026,Baseline,0,19,0.04683020706883026,0.029112585560727298,164.31526383794497
2008,Bermuda,4.6736570711943974e-4,5644.1315902770675,2135.386399455316,3508.7451908217513,908.5430473627749,1056.0454551495704,1544.1566883094067,7.517996914296354e-4,25% equal weights,0.25,19,0.013721744505414331,0.00853029456754637,48.146105043057325
2008,Bermuda,4.6736570711943974e-4,5644.1315902770675,2135.386399455316,3508.7451908217513,908.5430473627749,1056.0454551495704,1544.1566883094067,7.517996914296354e-4,50% equal weights,0.5,19,0.026691689319399026,0.0165932234279733,93.65433653434964
2008,Bermuda,4.6736570711943974e-4,5644.1315902770675,2135.386399455316,3508.7451908217513,908.5430473627749,1056.0454551495704,1544.1566883094067,7.517996914296354e-4,Baseline,0,19,7.517996914296354e-4,4.6736570711943974e-4,2.6378735517650096
2008,Cayman Islands,0.11485016014740317,5644.1315902770675,2135.386399455316,3508.7451908217513,908.5430473627749,1056.0454551495704,1544.1566883094067,0.18474679173967679,25% equal weights,0.25,19,0.15171798854159968,0.09431739039775916,532.3397626564874
2008,Cayman Islands,0.11485016014740317,5644.1315902770675,2135.386399455316,3508.7451908217513,908.5430473627749,1056.0454551495704,1544.1566883094067,0.18474679173967679,50% equal weights,0.5,19,0.1186891853435226,0.07378462064811517,416.4501082766364
2008,Cayman Islands,0.11485016014740317,5644.1315902770675,2135.386399455316,3508.7451908217513,908.5430473627749,1056.0454551495704,1544.1566883094067,0.18474679173967679,Baseline,0,19,0.18474679173967679,0.11485016014740317,648.2294170363385
2008,Cyprus,0.009566314921260135,5644.1315902770675,2135.386399455316,3508.7451908217513,908.5430473627749,1056.0454551495704,1544.1566883094067,0.015388276239283672,25% equal weights,0.25,19,0.02469910191630486,0.015354506478151892,86.66285506645097
2008,Cyprus,0.009566314921260135,5644.1315902770675,2135.386399455316,3508.7451908217513,908.5430473627749,1056.0454551495704,1544.1566883094067,0.015388276239283672,50% equal weights,0.5,19,0.03400992759332604,0.021142698035043647,119.33216988327874
2008,Cyprus,0.009566314921260135,5644.1315902770675,2135.386399455316,3508.7451908217513,908.5430473627749,1056.0454551495704,1544.1566883094067,0.015388276239283672,Baseline,0,19,0.015388276239283672,0.009566314921260135,53.99354024962321
2008,Guernsey,0.025836350313364745,5644.1315902770675,2135.386399455316,3508.7451908217513,908.5430473627749,1056.0454551495704,1544.1566883094067,0.04156008859308895,25% equal weights,0.25,19,0.04432796118165881,0.027557033022230344,155.53552061507864
2008,Guernsey,0.025836350313364745,5644.1315902770675,2135.386399455316,3508.7451908217513,908.5430473627749,1056.0454551495704,1544.1566883094067,0.04156008859308895,50% equal weights,0.5,19,0.04709583377022868,0.02927771573109595,165.24728024903052
2008,Guernsey,0.025836350313364745,5644.1315902770675,2135.386399455316,3508.7451908217513,908.5430473627749,1056.0454551495704,1544.1566883094067,0.04156008859308895,Baseline,0,19,0.04156008859308895,0.025836350313364745,145.82376098112678
2008,Hong Kong,0.04681724009996644,5644.1315902770675,2135.386399455316,3508.7451908217513,908.5430473627749,1056.0454551495704,1544.1566883094067,0.07530973309461694,25% equal weights,0.25,19,0.06964019455780482,0.04329270036218162,244.34969774258875
2008,Hong Kong,0.04681724009996644,5644.1315902770675,2135.386399455316,3508.7451908217513,908.5430473627749,1056.0454551495704,1544.1566883094067,0.07530973309461694,50% equal weights,0.5,19,0.06397065602099268,0.0397681606243968,224.45673166737058
2008,Hong Kong,0.04681724009996644,5644.1315902770675,2135.386399455316,3508.7451908217513,908.5430473627749,1056.0454551495704,1544.1566883094067,0.07530973309461694,Baseline,0,19,0.07530973309461694,0.04681724009996644,264.2426638178069
2008,Isle of Man,0.02019400440379187,5644.1315902770675,2135.386399455316,3508.7451908217513,908.5430473627749,1056.0454551495704,1544.1566883094067,0.03248386873112956,25% equal weights,0.25,19,0.03752079628518927,0.02332527359005069,131.6509135214605
2008,Isle of Man,0.02019400440379187,5644.1315902770675,2135.386399455316,3508.7451908217513,908.5430473627749,1056.0454551495704,1544.1566883094067,0.03248386873112956,50% equal weights,0.5,19,0.04255772383924899,0.026456542776309513,149.32420885328509
2008,Isle of Man,0.02019400440379187,5644.1315902770675,2135.386399455316,3508.7451908217513,908.5430473627749,1056.0454551495704,1544.1566883094067,0.03248386873112956,Baseline,0,19,0.03248386873112956,0.020194004403791866,113.9776181896359
2008,Jersey,0.055561809963877315,5644.1315902770675,2135.386399455316,3508.7451908217513,908.5430473627749,1056.0454551495704,1544.1566883094067,0.08937615864794278,25% equal weights,0.25,19,0.08019001372279919,0.04985112776011477,281.3663250018019
2008,Jersey,0.055561809963877315,5644.1315902770675,2135.386399455316,3508.7451908217513,908.5430473627749,1056.0454551495704,1544.1566883094067,0.08937615864794278,50% equal weights,0.5,19,0.0710038687976556,0.04414044555635224,249.1344831735127
2008,Jersey,0.055561809963877315,5644.1315902770675,2135.386399455316,3508.7451908217513,908.5430473627749,1056.0454551495704,1544.1566883094067,0.08937615864794278,Baseline,0,19,0.08937615864794278,0.055561809963877315,313.5981668300911
2008,Luxembourg,0.0701064965231884,5644.1315902770675,2135.386399455316,3508.7451908217513,908.5430473627749,1056.0454551495704,1544.1566883094067,0.11277259253400103,25% equal weights,0.25,19,0.09773733913734288,0.06075964267959809,342.9354186618664
2008,Luxembourg,0.0701064965231884,5644.1315902770675,2135.386399455316,3508.7451908217513,908.5430473627749,1056.0454551495704,1544.1566883094067,0.11277259253400103,50% equal weights,0.5,19,0.08270208574068472,0.05141278883600777,290.18054561355564
2008,Luxembourg,0.0701064965231884,5644.1315902770675,2135.386399455316,3508.7451908217513,908.5430473627749,1056.0454551495704,1544.1566883094067,0.11277259253400103,Baseline,0,19,0.11277259253400103,0.0701064965231884,395.69029171017706
2008,Macao,0.0027878307013740047,5644.1315902770675,2135.386399455316,3508.7451908217513,908.5430473627749,1056.0454551495704,1544.1566883094067,0.0044844759235093306,25% equal weights,0.25,19,0.016521251679474103,0.010270643313237293,57.96886237671054
2008,Macao,0.0027878307013740047,5644.1315902770675,2135.386399455316,3508.7451908217513,908.5430473627749,1056.0454551495704,1544.1566883094067,0.0044844759235093306,50% equal weights,0.5,19,0.028558027435438876,0.017753455925100584,100.20284142345179
2008,Macao,0.0027878307013740047,5644.1315902770675,2135.386399455316,3508.7451908217513,908.5430473627749,1056.0454551495704,1544.1566883094067,0.0044844759235093306,Baseline,0,19,0.0044844759235093306,0.0027878307013740047,15.734883329969296
2008,Malaysia,0.0027760604347942157,5644.1315902770675,2135.386399455316,3508.7451908217513,908.5430473627749,1056.0454551495704,1544.1566883094067,0.004465542393196914,25% equal weights,0.25,19,0.01650705153173979,0.010261815613302451,57.91903767663881
2008,Malaysia,0.0027760604347942157,5644.1315902770675,2135.386399455316,3508.7451908217513,908.5430473627749,1056.0454551495704,1544.1566883094067,0.004465542393196914,50% equal weights,0.5,19,0.028548560670282667,0.017747570791810687,100.1696249567373
2008,Malaysia,0.0027760604347942157,5644.1315902770675,2135.386399455316,3508.7451908217513,908.5430473627749,1056.0454551495704,1544.1566883094067,0.004465542393196914,Baseline,0,19,0.004465542393196914,0.0027760604347942157,15.668450396540324
2008,Netherlands Antilles (then Curaçao),0.0033166314584464913,5644.1315902770675,2135.386399455316,3508.7451908217513,908.5430473627749,1056.0454551495704,1544.1566883094067,0.005335099407301338,25% equal weights,0.25,19,0.017159219292318107,0.010667243881041658,60.20732817017697
2008,Netherlands Antilles (then Curaçao),0.0033166314584464913,5644.1315902770675,2135.386399455316,3508.7451908217513,908.5430473627749,1056.0454551495704,1544.1566883094067,0.005335099407301338,50% equal weights,0.5,19,0.02898333917733488,0.018017856303636826,101.69515195242941
2008,Netherlands Antilles (then Curaçao),0.0033166314584464913,5644.1315902770675,2135.386399455316,3508.7451908217513,908.5430473627749,1056.0454551495704,1544.1566883094067,0.005335099407301338,Baseline,0,19,0.005335099407301338,0.0033166314584464913,18.719504387924545
2008,Panama,0.004944742304965852,5644.1315902770675,2135.386399455316,3508.7451908217513,908.5430473627749,1056.0454551495704,1544.1566883094067,0.007954061845881988,25% equal weights,0.25,19,0.019123441121253595,0.011888327015931179,67.09928206616148
2008,Panama,0.004944742304965852,5644.1315902770675,2135.386399455316,3508.7451908217513,908.5430473627749,1056.0454551495704,1544.1566883094067,0.007954061845881988,50% equal weights,0.5,19,0.030292820396625203,0.018831911726896505,106.28978788308574
2008,Panama,0.004944742304965852,5644.1315902770675,2135.386399455316,3508.7451908217513,908.5430473627749,1056.0454551495704,1544.1566883094067,0.007954061845881988,Baseline,0,19,0.007954061845881988,0.004944742304965851,27.908776249237206
2008,Singapore,0.0616489243091917,5644.1315902770675,2135.386399455316,3508.7451908217513,908.5430473627749,1056.0454551495704,1544.1566883094067,0.0991678284619515,25% equal weights,0.25,19,0.08753376608330574,0.054416463519100566,307.1336807793151
2008,Singapore,0.0616489243091917,5644.1315902770675,2135.386399455316,3508.7451908217513,908.5430473627749,1056.0454551495704,1544.1566883094067,0.0991678284619515,50% equal weights,0.5,19,0.07589970370465995,0.047184002729009425,266.31272035852146
2008,Singapore,0.0616489243091917,5644.1315902770675,2135.386399455316,3508.7451908217513,908.5430473627749,1056.0454551495704,1544.1566883094067,0.0991678284619515,Baseline,0,19,0.0991678284619515,0.0616489243091917,347.9546412001087
2008,UK,0.057912377312381226,5644.1315902770675,2135.386399455316,3508.7451908217513,908.5430473627749,1056.0454551495704,1544.1566883094067,0.09315725721887023,25% equal weights,0.25,19,0.08302583765099478,0.0516140532714927,291.31650857187543
2008,UK,0.057912377312381226,5644.1315902770675,2135.386399455316,3508.7451908217513,908.5430473627749,1056.0454551495704,1544.1566883094067,0.09315725721887023,50% equal weights,0.5,19,0.07289441808311933,0.045315729230604194,255.76793888689505
2008,UK,0.057912377312381226,5644.1315902770675,2135.386399455316,3508.7451908217513,908.5430473627749,1056.0454551495704,1544.1566883094067,0.09315725721887023,Baseline,0,19,0.09315725721887023,0.057912377312381226,326.8650782568558
2008,US,0.041176370600138755,5644.1315902770675,2135.386399455316,3508.7451908217513,908.5430473627749,1056.0454551495704,1544.1566883094067,0.0662358881702577,25% equal weights,0.25,19,0.06283481086453538,0.039062048237310854,220.47134043713285
2008,US,0.041176370600138755,5644.1315902770675,2135.386399455316,3508.7451908217513,908.5430473627749,1056.0454551495704,1544.1566883094067,0.0662358881702577,50% equal weights,0.5,19,0.05943373355881306,0.03694772587448296,208.53782679706666
2008,US,0.041176370600138755,5644.1315902770675,2135.386399455316,3508.7451908217513,908.5430473627749,1056.0454551495704,1544.1566883094067,0.0662358881702577,Baseline,0,19,0.0662358881702577,0.041176370600138755,232.40485407719905
2009,Austria,0.004474903016472175,6305.321264958117,2358.608590598537,3946.712674359581,995.4642429006772,1268.220682109218,1683.027749349685,0.00714916526143259,25% equal weights,0.25,19,0.01851976868291655,0.011592146175530343,73.09220578707439
2009,Austria,0.004474903016472175,6305.321264958117,2358.608590598537,3946.712674359581,995.4642429006772,1268.220682109218,1683.027749349685,0.00714916526143259,50% equal weights,0.5,19,0.029890372104400504,0.01870938933458851,117.96871042576153
2009,Austria,0.004474903016472175,6305.321264958117,2358.608590598537,3946.712674359581,995.4642429006772,1268.220682109218,1683.027749349685,0.00714916526143259,Baseline,0,19,0.00714916526143259,0.004474903016472175,28.21570114838723
2009,Bahamas,0.04521451201882996,6305.321264958117,2358.608590598537,3946.712674359581,995.4642429006772,1268.220682109218,1683.027749349685,0.072235312686727,25% equal weights,0.25,19,0.06733437925188736,0.04214685292729868,265.7494480135586
2009,Bahamas,0.04521451201882996,6305.321264958117,2358.608590598537,3946.712674359581,995.4642429006772,1268.220682109218,1683.027749349685,0.072235312686727,50% equal weights,0.5,19,0.06243344581704771,0.0390791938357674,246.40687191008436
2009,Bahamas,0.04521451201882996,6305.321264958117,2358.608590598537,3946.712674359581,995.4642429006772,1268.220682109218,1683.027749349685,0.072235312686727,Baseline,0,19,0.072235312686727,0.04521451201882996,285.0920241170329
2009,Bahrain,0.018238608668851703,6305.321264958117,2358.608590598537,3946.712674359581,995.4642429006772,1268.220682109218,1683.027749349685,0.02913824657925492,25% equal weights,0.25,19,0.035011579671283294,0.021914925414814986,138.18064523800402
2009,Bahrain,0.018238608668851703,6305.321264958117,2358.608590598537,3946.712674359581,995.4642429006772,1268.220682109218,1683.027749349685,0.02913824657925492,50% equal weights,0.5,19,0.04088491276331167,0.025591242160778276,161.36100339304798
2009,Bahrain,0.018238608668851703,6305.321264958117,2358.608590598537,3946.712674359581,995.4642429006772,1268.220682109218,1683.027749349685,0.02913824657925492,Baseline,0,19,0.02913824657925492,0.018238608668851703,115.0002870829601
2009,Belgium,0.02144644131346395,6305.321264958117,2358.608590598537,3946.712674359581,995.4642429006772,1268.220682109218,1683.027749349685,0.03426312316829684,25% equal weights,0.25,19,0.03885523711306474,0.024320799898274178,153.35045677937939
2009,Belgium,0.02144644131346395,6305.321264958117,2358.608590598537,3946.712674359581,995.4642429006772,1268.220682109218,1683.027749349685,0.03426312316829684,50% equal weights,0.5,19,0.04344735105783263,0.027195158483084396,171.4742110872982
2009,Belgium,0.02144644131346395,6305.321264958117,2358.608590598537,3946.712674359581,995.4642429006772,1268.220682109218,1683.027749349685,0.03426312316829684,Baseline,0,19,0.03426312316829684,0.02144644131346395,135.22670247146056
2009,Bermuda,5.595280964581001e-4,6305.321264958117,2358.608590598537,3946.712674359581,995.4642429006772,1268.220682109218,1683.027749349685,8.93909614413791e-4,25% equal weights,0.25,19,0.013828326947652448,0.008655614985519786,54.57643322948805
2009,Bermuda,5.595280964581001e-4,6305.321264958117,2358.608590598537,3946.712674359581,995.4642429006772,1268.220682109218,1683.027749349685,8.93909614413791e-4,50% equal weights,0.5,19,0.026762744280891104,0.01675170187458147,105.62486205403731
2009,Bermuda,5.595280964581001e-4,6305.321264958117,2358.608590598537,3946.712674359581,995.4642429006772,1268.220682109218,1683.027749349685,8.93909614413791e-4,Baseline,0,19,8.93909614413791e-4,5.595280964581001e-4,3.528004404938795
2009,Cayman Islands,0.11225169512578424,6305.321264958117,2358.608590598537,3946.712674359581,995.4642429006772,1268.220682109218,1683.027749349685,0.17933481829128903,25% equal weights,0.25,19,0.14765900845530888,0.09242474025751439,582.7676801539361
2009,Cayman Islands,0.11225169512578424,6305.321264958117,2358.608590598537,3946.712674359581,995.4642429006772,1268.220682109218,1683.027749349685,0.17933481829128903,50% equal weights,0.5,19,0.11598319861932872,0.07259778538924454,457.7523600036693
2009,Cayman Islands,0.11225169512578424,6305.321264958117,2358.608590598537,3946.712674359581,995.4642429006772,1268.220682109218,1683.027749349685,0.17933481829128903,Baseline,0,19,0.17933481829128903,0.11225169512578424,707.7830003042028
2009,Cyprus,0.011074516303775511,6305.321264958117,2358.608590598537,3946.712674359581,995.4642429006772,1268.220682109218,1683.027749349685,0.017692796235959058,25% equal weights,0.25,19,0.0264274919138114,0.016541856141007845,104.30171728777478
2009,Cyprus,0.011074516303775511,6305.321264958117,2358.608590598537,3946.712674359581,995.4642429006772,1268.220682109218,1683.027749349685,0.017692796235959058,50% equal weights,0.5,19,0.035162187591663736,0.022009195978240175,138.77505142622846
2009,Cyprus,0.011074516303775511,6305.321264958117,2358.608590598537,3946.712674359581,995.4642429006772,1268.220682109218,1683.027749349685,0.017692796235959058,Baseline,0,19,0.017692796235959058,0.011074516303775511,69.8283831493211
2009,Guernsey,0.02354099764379893,6305.321264958117,2358.608590598537,3946.712674359581,995.4642429006772,1268.220682109218,1683.027749349685,0.03760941454038331,25% equal weights,0.25,19,0.04136495564212959,0.02589171714602541,163.2555947071147
2009,Guernsey,0.02354099764379893,6305.321264958117,2358.608590598537,3946.712674359581,995.4642429006772,1268.220682109218,1683.027749349685,0.03760941454038331,50% equal weights,0.5,19,0.04512049674387586,0.028242436648251885,178.07763637245506
2009,Guernsey,0.02354099764379893,6305.321264958117,2358.608590598537,3946.712674359581,995.4642429006772,1268.220682109218,1683.027749349685,0.03760941454038331,Baseline,0,19,0.03760941454038331,0.02354099764379893,148.4335530417743
2009,Hong Kong,0.05473056693734745,6305.321264958117,2358.608590598537,3946.712674359581,995.4642429006772,1268.220682109218,1683.027749349685,0.08743829004711312,25% equal weights,0.25,19,0.07873661227217695,0.0492838941161868,310.7507855907369
2009,Hong Kong,0.05473056693734745,6305.321264958117,2358.608590598537,3946.712674359581,995.4642429006772,1268.220682109218,1683.027749349685,0.08743829004711312,50% equal weights,0.5,19,0.07003493449724077,0.04383722129502615,276.4077636282032
2009,Hong Kong,0.05473056693734745,6305.321264958117,2358.608590598537,3946.712674359581,995.4642429006772,1268.220682109218,1683.027749349685,0.08743829004711312,Baseline,0,19,0.08743829004711312,0.05473056693734745,345.09380755327055
2009,Isle of Man,0.0197497332961094,6305.321264958117,2358.608590598537,3946.712674359581,995.4642429006772,1268.220682109218,1683.027749349685,0.031552439613409845,25% equal weights,0.25,19,0.03682222444689949,0.02304826888525826,145.32673992269142
2009,Isle of Man,0.0197497332961094,6305.321264958117,2358.608590598537,3946.712674359581,995.4642429006772,1268.220682109218,1683.027749349685,0.031552439613409845,50% equal weights,0.5,19,0.04209200928038913,0.02634680447440712,166.12506651617286
2009,Isle of Man,0.0197497332961094,6305.321264958117,2358.608590598537,3946.712674359581,995.4642429006772,1268.220682109218,1683.027749349685,0.031552439613409845,Baseline,0,19,0.031552439613409845,0.019749733296109396,124.52841332920995
2009,Jersey,0.045378969728475174,6305.321264958117,2358.608590598537,3946.712674359581,995.4642429006772,1268.220682109218,1683.027749349685,0.07249805253615893,25% equal weights,0.25,19,0.0675314341389613,0.042270196209532596,266.52716703391786
2009,Jersey,0.045378969728475174,6305.321264958117,2358.608590598537,3946.712674359581,995.4642429006772,1268.220682109218,1683.027749349685,0.07249805253615893,50% equal weights,0.5,19,0.06256481574176367,0.03916142269059001,246.92535125699052
2009,Jersey,0.045378969728475174,6305.321264958117,2358.608590598537,3946.712674359581,995.4642429006772,1268.220682109218,1683.027749349685,0.07249805253615893,Baseline,0,19,0.07249805253615893,0.045378969728475174,286.12898281084523
2009,Luxembourg,0.07772592611552605,6305.321264958117,2358.608590598537,3946.712674359581,995.4642429006772,1268.220682109218,1683.027749349685,0.12417598523417074,25% equal weights,0.25,19,0.10628988366247016,0.06653041349982075,419.49563100687635
2009,Luxembourg,0.07772592611552605,6305.321264958117,2358.608590598537,3946.712674359581,995.4642429006772,1268.220682109218,1683.027749349685,0.12417598523417074,50% equal weights,0.5,19,0.08840378209076957,0.05533490088411544,348.9043272389628
2009,Luxembourg,0.07772592611552605,6305.321264958117,2358.608590598537,3946.712674359581,995.4642429006772,1268.220682109218,1683.027749349685,0.12417598523417074,Baseline,0,19,0.12417598523417074,0.07772592611552605,490.0869347747898
2009,Macao,0.003282209377485436,6305.321264958117,2358.608590598537,3946.712674359581,995.4642429006772,1268.220682109218,1683.027749349685,0.0052437018580943524,25% equal weights,0.25,19,0.01709067113041287,0.010697625946290288,67.45196836371186
2009,Macao,0.003282209377485436,6305.321264958117,2358.608590598537,3946.712674359581,995.4642429006772,1268.220682109218,1683.027749349685,0.0052437018580943524,50% equal weights,0.5,19,0.028937640402731384,0.01811304251509514,114.20855214351984
2009,Macao,0.003282209377485436,6305.321264958117,2358.608590598537,3946.712674359581,995.4642429006772,1268.220682109218,1683.027749349685,0.0052437018580943524,Baseline,0,19,0.0052437018580943524,0.0032822093774854365,20.695384583903866
2009,Malaysia,0.003795005586963572,6305.321264958117,2358.608590598537,3946.712674359581,995.4642429006772,1268.220682109218,1683.027749349685,0.006062951981169773,25% equal weights,0.25,19,0.017705108722719434,0.01108222310339889,69.87697699687116
2009,Malaysia,0.003795005586963572,6305.321264958117,2358.608590598537,3946.712674359581,995.4642429006772,1268.220682109218,1683.027749349685,0.006062951981169773,50% equal weights,0.5,19,0.029347265464269096,0.01836944061983421,115.82522456562606
2009,Malaysia,0.003795005586963572,6305.321264958117,2358.608590598537,3946.712674359581,995.4642429006772,1268.220682109218,1683.027749349685,0.006062951981169773,Baseline,0,19,0.006062951981169773,0.003795005586963572,23.928729428116274
2009,Netherlands Antilles (then Curaçao),0.0036673553990384336,6305.321264958117,2358.608590598537,3946.712674359581,995.4642429006772,1268.220682109218,1683.027749349685,0.0058590163236213345,25% equal weights,0.25,19,0.017552156979558108,0.010986485462455037,69.27332041357096
2009,Netherlands Antilles (then Curaçao),0.0036673553990384336,6305.321264958117,2358.608590598537,3946.712674359581,995.4642429006772,1268.220682109218,1683.027749349685,0.0058590163236213345,50% equal weights,0.5,19,0.029245297635494875,0.01830561552587164,115.42278684342591
2009,Netherlands Antilles (then Curaçao),0.0036673553990384336,6305.321264958117,2358.608590598537,3946.712674359581,995.4642429006772,1268.220682109218,1683.027749349685,0.0058590163236213345,Baseline,0,19,0.0058590163236213345,0.0036673553990384336,23.123853983715996
2009,Panama,0.007072062359460805,6305.321264958117,2358.608590598537,3946.712674359581,995.4642429006772,1268.220682109218,1683.027749349685,0.011298421968215311,25% equal weights,0.25,19,0.02163171121300359,0.013540015682771816,85.37414881244753
2009,Panama,0.007072062359460805,6305.321264958117,2358.608590598537,3946.712674359581,995.4642429006772,1268.220682109218,1683.027749349685,0.011298421968215311,50% equal weights,0.5,19,0.03196500045779187,0.020007969006082826,126.15667244267696
2009,Panama,0.007072062359460805,6305.321264958117,2358.608590598537,3946.712674359581,995.4642429006772,1268.220682109218,1683.027749349685,0.011298421968215311,Baseline,0,19,0.011298421968215311,0.007072062359460805,44.59162518221809
2009,Singapore,0.07164719638726928,6305.321264958117,2358.608590598537,3946.712674359581,995.4642429006772,1268.220682109218,1683.027749349685,0.11446452484119196,25% equal weights,0.25,19,0.09900628836773608,0.06197136620362818,390.7493731422435
2009,Singapore,0.07164719638726928,6305.321264958117,2358.608590598537,3946.712674359581,995.4642429006772,1268.220682109218,1683.027749349685,0.11446452484119196,50% equal weights,0.5,19,0.08354805189428019,0.052295536019987064,329.7401553292076
2009,Singapore,0.07164719638726928,6305.321264958117,2358.608590598537,3946.712674359581,995.4642429006772,1268.220682109218,1683.027749349685,0.11446452484119196,Baseline,0,19,0.11446452484119196,0.07164719638726928,451.75859095527943
2009,UK,0.06353032015198318,6305.321264958117,2358.608590598537,3946.712674359581,995.4642429006772,1268.220682109218,1683.027749349685,0.10149689416873937,25% equal weights,0.25,19,0.08928056536339664,0.055883709027163594,352.3647388937065
2009,UK,0.06353032015198318,6305.321264958117,2358.608590598537,3946.712674359581,995.4642429006772,1268.220682109218,1683.027749349685,0.10149689416873937,50% equal weights,0.5,19,0.07706423655805389,0.048237097902344005,304.1503991635162
2009,UK,0.06353032015198318,6305.321264958117,2358.608590598537,3946.712674359581,995.4642429006772,1268.220682109218,1683.027749349685,0.10149689416873937,Baseline,0,19,0.10149689416873937,0.06353032015198318,400.57907862389675
2009,US,0.03855308987429856,6305.321264958117,2358.608590598537,3946.712674359581,995.4642429006772,1268.220682109218,1683.027749349685,0.061592935050358455,25% equal weights,0.25,19,0.059352596024610946,0.037150786318900134,234.2476429864761
2009,US,0.03855308987429856,6305.321264958117,2358.608590598537,3946.712674359581,995.4642429006772,1268.220682109218,1683.027749349685,0.061592935050358455,50% equal weights,0.5,19,0.05711225699886344,0.035748482763501704,225.405668558696
2009,US,0.03855308987429856,6305.321264958117,2358.608590598537,3946.712674359581,995.4642429006772,1268.220682109218,1683.027749349685,0.061592935050358455,Baseline,0,19,0.061592935050358455,0.03855308987429856,243.0896174142562
2010,Austria,0.0027330145723851603,5844.857398652377,2301.2503586082425,3543.6070400441345,960.7157882020192,1201.5755642184722,1381.3156876236428,0.004507858874733248,25% equal weights,0.25,19,0.01653878889289204,0.01002709985160095,58.60696875465597
2010,Austria,0.0027330145723851603,5844.857398652377,2301.2503586082425,3543.6070400441345,960.7157882020192,1201.5755642184722,1381.3156876236428,0.004507858874733248,50% equal weights,0.5,19,0.028569718911050833,0.017321185130816742,101.23985706528177
2010,Austria,0.0027330145723851603,5844.857398652377,2301.2503586082425,3543.6070400441345,960.7157882020192,1201.5755642184722,1381.3156876236428,0.004507858874733248,Baseline,0,19,0.004507858874733248,0.0027330145723851603,15.974080444030166
2010,Bahamas,0.046920193269926434,5844.857398652377,2301.2503586082425,3543.6070400441345,960.7157882020192,1201.5755642184722,1381.3156876236428,0.07739058978066411,25% equal weights,0.25,19,0.07120083707234019,0.043167483874756905,252.3077875065801
2010,Bahamas,0.046920193269926434,5844.857398652377,2301.2503586082425,3543.6070400441345,960.7157882020192,1201.5755642184722,1381.3156876236428,0.07739058978066411,50% equal weights,0.5,19,0.06501108436401626,0.039414774479587376,230.37373623323117
2010,Bahamas,0.046920193269926434,5844.857398652377,2301.2503586082425,3543.6070400441345,960.7157882020192,1201.5755642184722,1381.3156876236428,0.07739058978066411,Baseline,0,19,0.07739058978066411,0.046920193269926434,274.24183877992897
2010,Bahrain,0.01962883167616318,5844.857398652377,2301.2503586082425,3543.6070400441345,960.7157882020192,1201.5755642184722,1381.3156876236428,0.03237597192715127,25% equal weights,0.25,19,0.037439873682205554,0.022698962679434463,132.67219995862672
2010,Bahrain,0.01962883167616318,5844.857398652377,2301.2503586082425,3543.6070400441345,960.7157882020192,1201.5755642184722,1381.3156876236428,0.03237597192715127,50% equal weights,0.5,19,0.04250377543725985,0.025769093682705753,150.61667786792896
2010,Bahrain,0.01962883167616318,5844.857398652377,2301.2503586082425,3543.6070400441345,960.7157882020192,1201.5755642184722,1381.3156876236428,0.03237597192715127,Baseline,0,19,0.03237597192715127,0.01962883167616318,114.7277220493245
2010,Belgium,0.01263563373334221,5844.857398652377,2301.2503586082425,3543.6070400441345,960.7157882020192,1201.5755642184722,1381.3156876236428,0.020841328194242146,25% equal weights,0.25,19,0.028788890882523715,0.017454064222318738,102.01651640637343
2010,Belgium,0.01263563373334221,5844.857398652377,2301.2503586082425,3543.6070400441345,960.7157882020192,1201.5755642184722,1381.3156876236428,0.020841328194242146,50% equal weights,0.5,19,0.03673645357080528,0.022272494711295266,130.17955549976008
2010,Belgium,0.01263563373334221,5844.857398652377,2301.2503586082425,3543.6070400441345,960.7157882020192,1201.5755642184722,1381.3156876236428,0.020841328194242146,Baseline,0,19,0.020841328194242146,0.01263563373334221,73.85347731298678
2010,Bermuda,5.851686654545165e-4,5844.857398652377,2301.2503586082425,3543.6070400441345,960.7157882020192,1201.5755642184722,1381.3156876236428,9.651824722920662e-4,25% equal weights,0.25,19,0.013881781591061154,0.008416215421402968,49.19157897443937
2010,Bermuda,5.851686654545165e-4,5844.857398652377,2301.2503586082425,3543.6070400441345,960.7157882020192,1201.5755642184722,1381.3156876236428,9.651824722920662e-4,50% equal weights,0.5,19,0.026798380709830243,0.01624726217735142,94.96293054513738
2010,Bermuda,5.851686654545165e-4,5844.857398652377,2301.2503586082425,3543.6070400441345,960.7157882020192,1201.5755642184722,1381.3156876236428,9.651824722920662e-4,Baseline,0,19,9.651824722920662e-4,5.851686654545165e-4,3.4202274037413685
2010,Cayman Islands,0.11837990928187506,5844.857398652377,2301.2503586082425,3543.6070400441345,960.7157882020192,1201.5755642184722,1381.3156876236428,0.195256889604031,25% equal weights,0.25,19,0.15960056193986538,0.09676227088371839,565.5616748851069
2010,Cayman Islands,0.11837990928187506,5844.857398652377,2301.2503586082425,3543.6070400441345,960.7157882020192,1201.5755642184722,1381.3156876236428,0.195256889604031,50% equal weights,0.5,19,0.12394423427569971,0.07514463248556169,439.209661152249
2010,Cayman Islands,0.11837990928187506,5844.857398652377,2301.2503586082425,3543.6070400441345,960.7157882020192,1201.5755642184722,1381.3156876236428,0.195256889604031,Baseline,0,19,0.195256889604031,0.11837990928187506,691.9136886179647
2010,Cyprus,0.014242248851922924,5844.857398652377,2301.2503586082425,3543.6070400441345,960.7157882020192,1201.5755642184722,1381.3156876236428,0.023491293655002233,25% equal weights,0.25,19,0.03077636497809378,0.01865902556125427,109.05934360334086
2010,Cyprus,0.014242248851922924,5844.857398652377,2301.2503586082425,3543.6070400441345,960.7157882020192,1201.5755642184722,1381.3156876236428,0.023491293655002233,50% equal weights,0.5,19,0.038061436301185324,0.023075802270585623,134.8747736310717
2010,Cyprus,0.014242248851922924,5844.857398652377,2301.2503586082425,3543.6070400441345,960.7157882020192,1201.5755642184722,1381.3156876236428,0.023491293655002233,Baseline,0,19,0.023491293655002233,0.014242248851922922,83.24391357561002
2010,Guernsey,0.024494143562785915,5844.857398652377,2301.2503586082425,3543.6070400441345,960.7157882020192,1201.5755642184722,1381.3156876236428,0.04040086121536198,25% equal weights,0.25,19,0.04345854064836359,0.026347946594401515,153.9999905915854
2010,Guernsey,0.024494143562785915,5844.857398652377,2301.2503586082425,3543.6070400441345,960.7157882020192,1201.5755642184722,1381.3156876236428,0.04040086121536198,50% equal weights,0.5,19,0.0465162200813652,0.028201749626017118,164.83520495656808
2010,Guernsey,0.024494143562785915,5844.857398652377,2301.2503586082425,3543.6070400441345,960.7157882020192,1201.5755642184722,1381.3156876236428,0.04040086121536198,Baseline,0,19,0.04040086121536198,0.024494143562785915,143.16477622660275
2010,Hong Kong,0.057995901338589326,5844.857398652377,2301.2503586082425,3543.6070400441345,960.7157882020192,1201.5755642184722,1381.3156876236428,0.09565896252033218,25% equal weights,0.25,19,0.08490211662709124,0.05147426492625407,300.8597381944087
2010,Hong Kong,0.057995901338589326,5844.857398652377,2301.2503586082425,3543.6070400441345,960.7157882020192,1201.5755642184722,1381.3156876236428,0.09565896252033218,50% equal weights,0.5,19,0.0741452707338503,0.044952628513918826,262.74170335845025
2010,Hong Kong,0.057995901338589326,5844.857398652377,2301.2503586082425,3543.6070400441345,960.7157882020192,1201.5755642184722,1381.3156876236428,0.09565896252033218,Baseline,0,19,0.09565896252033218,0.057995901338589326,338.97777303036713
2010,Isle of Man,0.016300734026690564,5844.857398652377,2301.2503586082425,3543.6070400441345,960.7157882020192,1201.5755642184722,1381.3156876236428,0.026886577660196847,25% equal weights,0.25,19,0.03332282798198974,0.020202889442330004,118.08300783115851
2010,Isle of Man,0.016300734026690564,5844.857398652377,2301.2503586082425,3543.6070400441345,960.7157882020192,1201.5755642184722,1381.3156876236428,0.026886577660196847,50% equal weights,0.5,19,0.039759078303782634,0.024105044857969445,140.89054978295016
2010,Isle of Man,0.016300734026690564,5844.857398652377,2301.2503586082425,3543.6070400441345,960.7157882020192,1201.5755642184722,1381.3156876236428,0.026886577660196847,Baseline,0,19,0.026886577660196847,0.016300734026690564,95.2754658793669
2010,Jersey,0.03379919012479172,5844.857398652377,2301.2503586082425,3543.6070400441345,960.7157882020192,1201.5755642184722,1381.3156876236428,0.0557486889028437,25% equal weights,0.25,19,0.05496941141397488,0.03332673151590587,194.78999327364377
2010,Jersey,0.03379919012479172,5844.857398652377,2301.2503586082425,3543.6070400441345,960.7157882020192,1201.5755642184722,1381.3156876236428,0.0557486889028437,50% equal weights,0.5,19,0.05419013392510606,0.032854272907020025,192.02854007794033
2010,Jersey,0.03379919012479172,5844.857398652377,2301.2503586082425,3543.6070400441345,960.7157882020192,1201.5755642184722,1381.3156876236428,0.0557486889028437,Baseline,0,19,0.0557486889028437,0.03379919012479172,197.55144646934724
2010,Luxembourg,0.06261234839047854,5844.857398652377,2301.2503586082425,3543.6070400441345,960.7157882020192,1201.5755642184722,1381.3156876236428,0.10327337190653364,25% equal weights,0.25,19,0.09061292366674234,0.05493660021517099,321.0965942244499
2010,Luxembourg,0.06261234839047854,5844.857398652377,2301.2503586082425,3543.6070400441345,960.7157882020192,1201.5755642184722,1381.3156876236428,0.10327337190653364,50% equal weights,0.5,19,0.07795247542695102,0.047260852039863424,276.23294071181107
2010,Luxembourg,0.06261234839047854,5844.857398652377,2301.2503586082425,3543.6070400441345,960.7157882020192,1201.5755642184722,1381.3156876236428,0.10327337190653364,Baseline,0,19,0.10327337190653364,0.06261234839047854,365.96024773708876
2010,Macao,0.0030325433608376956,5844.857398652377,2301.2503586082425,3543.6070400441345,960.7157882020192,1201.5755642184722,1381.3156876236428,0.005001904358759145,25% equal weights,0.25,19,0.016909323005911463,0.010251746442940352,59.919996046128105
2010,Macao,0.0030325433608376956,5844.857398652377,2301.2503586082425,3543.6070400441345,960.7157882020192,1201.5755642184722,1381.3156876236428,0.005001904358759145,50% equal weights,0.5,19,0.028816741653063783,0.01747094952504301,102.11520859292987
2010,Macao,0.0030325433608376956,5844.857398652377,2301.2503586082425,3543.6070400441345,960.7157882020192,1201.5755642184722,1381.3156876236428,0.005001904358759145,Baseline,0,19,0.005001904358759145,0.003032543360837695,17.72478349932635
2010,Malaysia,0.003977557125163668,5844.857398652377,2301.2503586082425,3543.6070400441345,960.7157882020192,1201.5755642184722,1381.3156876236428,0.006560618581253805,25% equal weights,0.25,19,0.018078358672782457,0.010960506766184831,64.06259906531486
2010,Malaysia,0.003977557125163668,5844.857398652377,2301.2503586082425,3543.6070400441345,960.7157882020192,1201.5755642184722,1381.3156876236428,0.006560618581253805,50% equal weights,0.5,19,0.029596098764311112,0.017943456407205995,104.87694393905437
2010,Malaysia,0.003977557125163668,5844.857398652377,2301.2503586082425,3543.6070400441345,960.7157882020192,1201.5755642184722,1381.3156876236428,0.006560618581253805,Baseline,0,19,0.006560618581253805,0.003977557125163668,23.248254191575345
2010,Netherlands Antilles (then Curaçao),0.0026662779161070213,5844.857398652377,2301.2503586082425,3543.6070400441345,960.7157882020192,1201.5755642184722,1381.3156876236428,0.004397782832214791,25% equal weights,0.25,19,0.016456231861003198,0.009977047359392347,58.31441907524952
2010,Netherlands Antilles (then Curaçao),0.0026662779161070213,5844.857398652377,2301.2503586082425,3543.6070400441345,960.7157882020192,1201.5755642184722,1381.3156876236428,0.004397782832214791,50% equal weights,0.5,19,0.028514680889791606,0.017287816802677672,101.04482394567748
2010,Netherlands Antilles (then Curaçao),0.0026662779161070213,5844.857398652377,2301.2503586082425,3543.6070400441345,960.7157882020192,1201.5755642184722,1381.3156876236428,0.004397782832214791,Baseline,0,19,0.004397782832214791,0.0026662779161070213,15.584014204821568
2010,Panama,0.007300413675975701,5844.857398652377,2301.2503586082425,3543.6070400441345,960.7157882020192,1201.5755642184722,1381.3156876236428,0.012041368132827204,25% equal weights,0.25,19,0.022188920836462508,0.013452649179293856,78.62881608707053
2010,Panama,0.007300413675975701,5844.857398652377,2301.2503586082425,3543.6070400441345,960.7157882020192,1201.5755642184722,1381.3156876236428,0.012041368132827204,50% equal weights,0.5,19,0.03233647354009781,0.01960488468261201,114.58775528689148
2010,Panama,0.007300413675975701,5844.857398652377,2301.2503586082425,3543.6070400441345,960.7157882020192,1201.5755642184722,1381.3156876236428,0.012041368132827204,Baseline,0,19,0.012041368132827204,0.007300413675975701,42.66987688724958
2010,Singapore,0.0707717781369244,5844.857398652377,2301.2503586082425,3543.6070400441345,960.7157882020192,1201.5755642184722,1381.3156876236428,0.11673160889031173,25% equal weights,0.25,19,0.1007066014045759,0.06105617252500537,356.86462171617364
2010,Singapore,0.0707717781369244,5844.857398652377,2301.2503586082425,3543.6070400441345,960.7157882020192,1201.5755642184722,1381.3156876236428,0.11673160889031173,50% equal weights,0.5,19,0.08468159391884007,0.05134056691308636,300.0782923729602
2010,Singapore,0.0707717781369244,5844.857398652377,2301.2503586082425,3543.6070400441345,960.7157882020192,1201.5755642184722,1381.3156876236428,0.11673160889031173,Baseline,0,19,0.11673160889031173,0.0707717781369244,413.6509510593871
2010,UK,0.06951277888700713,5844.857398652377,2301.2503586082425,3543.6070400441345,960.7157882020192,1201.5755642184722,1381.3156876236428,0.11465500417719854,25% equal weights,0.25,19,0.09914914786974101,0.06011192308756743,351.34561840559115
2010,UK,0.06951277888700713,5844.857398652377,2301.2503586082425,3543.6070400441345,960.7157882020192,1201.5755642184722,1381.3156876236428,0.11465500417719854,50% equal weights,0.5,19,0.08364329156228348,0.05071106728812773,296.3989568325719
2010,UK,0.06951277888700713,5844.857398652377,2301.2503586082425,3543.6070400441345,960.7157882020192,1201.5755642184722,1381.3156876236428,0.11465500417719854,Baseline,0,19,0.11465500417719854,0.06951277888700713,406.2922799786104
2010,US,0.03868909149929704,5844.857398652377,2301.2503586082425,3543.6070400441345,960.7157882020192,1201.5755642184722,1381.3156876236428,0.06381413631405042,25% equal weights,0.25,19,0.06101849697237992,0.03699415754678486,216.2255754442372
2010,US,0.03868909149929704,5844.857398652377,2301.2503586082425,3543.6070400441345,960.7157882020192,1201.5755642184722,1381.3156876236428,0.06381413631405042,50% equal weights,0.5,19,0.05822285763070942,0.035299223594272684,206.31892819166924
2010,US,0.03868909149929704,5844.857398652377,2301.2503586082425,3543.6070400441345,960.7157882020192,1201.5755642184722,1381.3156876236428,0.06381413631405042,Baseline,0,19,0.06381413631405042,0.03868909149929704,226.13222269680512
2011,Austria,0.0018119812223711248,6563.066040110752,2251.6964074010957,4311.369632709656,1045.219955185768,1604.65583477814,1661.493842745747,0.00275832355816548,25% equal weights,0.25,19,0.015226637405466214,0.010002590514402348,65.64766211820798
2011,Austria,0.0018119812223711248,6563.066040110752,2251.6964074010957,4311.369632709656,1045.219955185768,1604.65583477814,1661.493842745747,0.00275832355816548,50% equal weights,0.5,19,0.02769495125276695,0.018193199806433573,119.40317181055366
2011,Austria,0.0018119812223711248,6563.066040110752,2251.6964074010957,4311.369632709656,1045.219955185768,1604.65583477814,1661.493842745747,0.00275832355816548,Baseline,0,19,0.00275832355816548,0.0018119812223711248,11.892152425862296
2011,Bahamas,0.04806842357062829,6563.066040110752,2251.6964074010957,4311.369632709656,1045.219955185768,1604.65583477814,1661.493842745747,0.07317309004187048,25% equal weights,0.25,19,0.06803771226824495,0.04469492227559522,293.3357265523485
2011,Bahamas,0.04806842357062829,6563.066040110752,2251.6964074010957,4311.369632709656,1045.219955185768,1604.65583477814,1661.493842745747,0.07317309004187048,50% equal weights,0.5,19,0.06290233449461945,0.04132142098056215,271.1952147666474
2011,Bahamas,0.04806842357062829,6563.066040110752,2251.6964074010957,4311.369632709656,1045.219955185768,1604.65583477814,1661.493842745747,0.07317309004187048,Baseline,0,19,0.07317309004187048,0.04806842357062829,315.4762383380497
2011,Bahrain,0.01897300227198775,6563.066040110752,2251.6964074010957,4311.369632709656,1045.219955185768,1604.65583477814,1661.493842745747,0.02888202067981042,25% equal weights,0.25,19,0.03481941024669992,0.022873356301614817,150.11934796648146
2011,Bahrain,0.01897300227198775,6563.066040110752,2251.6964074010957,4311.369632709656,1045.219955185768,1604.65583477814,1661.493842745747,0.02888202067981042,50% equal weights,0.5,19,0.04075679981358942,0.026773710331241887,175.717629042736
2011,Bahrain,0.01897300227198775,6563.066040110752,2251.6964074010957,4311.369632709656,1045.219955185768,1604.65583477814,1661.493842745747,0.02888202067981042,Baseline,0,19,0.02888202067981042,0.01897300227198775,124.52106689022695
2011,Belgium,0.00802753955019605,6563.066040110752,2251.6964074010957,4311.369632709656,1045.219955185768,1604.65583477814,1661.493842745747,0.012220077770141325,25% equal weights,0.25,19,0.0223229530644481,0.014664259260271043,96.24250195446449
2011,Belgium,0.00802753955019605,6563.066040110752,2251.6964074010957,4311.369632709656,1045.219955185768,1604.65583477814,1661.493842745747,0.012220077770141325,50% equal weights,0.5,19,0.03242582835875487,0.021300978970346034,139.79973170139132
2011,Belgium,0.00802753955019605,6563.066040110752,2251.6964074010957,4311.369632709656,1045.219955185768,1604.65583477814,1661.493842745747,0.012220077770141325,Baseline,0,19,0.012220077770141325,0.00802753955019605,52.685272207537636
2011,Bermuda,9.347655211307096e-4,6563.066040110752,2251.6964074010957,4311.369632709656,1045.219955185768,1604.65583477814,1661.493842745747,0.0014229649438207979,25% equal weights,0.25,19,0.014225118444707703,0.009344678738472037,61.329743684210804
2011,Bermuda,9.347655211307096e-4,6563.066040110752,2251.6964074010957,4311.369632709656,1045.219955185768,1604.65583477814,1661.493842745747,0.0014229649438207979,50% equal weights,0.5,19,0.027027271945594608,0.017754591955813363,116.52455952122222
2011,Bermuda,9.347655211307096e-4,6563.066040110752,2251.6964074010957,4311.369632709656,1045.219955185768,1604.65583477814,1661.493842745747,0.0014229649438207979,Baseline,0,19,0.0014229649438207979,9.347655211307097e-4,6.134927847199389
2011,Cayman Islands,0.09917957164336451,6563.066040110752,2251.6964074010957,4311.369632709656,1045.219955185768,1604.65583477814,1661.493842745747,0.1509780264690964,25% equal weights,0.25,19,0.12639141458866437,0.08302828333014736,544.9201066927837
2011,Cayman Islands,0.09917957164336451,6563.066040110752,2251.6964074010957,4311.369632709656,1045.219955185768,1604.65583477814,1661.493842745747,0.1509780264690964,50% equal weights,0.5,19,0.1018048027082324,0.06687699501693026,438.9181348602709
2011,Cayman Islands,0.09917957164336451,6563.066040110752,2251.6964074010957,4311.369632709656,1045.219955185768,1604.65583477814,1661.493842745747,0.1509780264690964,Baseline,0,19,0.1509780264690964,0.0991795716433645,650.9220785252968
2011,Cyprus,0.016862148022048672,6563.066040110752,2251.6964074010957,4311.369632709656,1045.219955185768,1604.65583477814,1661.493842745747,0.025668731858946383,25% equal weights,0.25,19,0.03240944363105189,0.021290215614160505,139.72909108393247
2011,Cyprus,0.016862148022048672,6563.066040110752,2251.6964074010957,4311.369632709656,1045.219955185768,1604.65583477814,1661.493842745747,0.025668731858946383,50% equal weights,0.5,19,0.0391501554031574,0.025718283206272344,168.79079112103668
2011,Cyprus,0.016862148022048672,6563.066040110752,2251.6964074010957,4311.369632709656,1045.219955185768,1604.65583477814,1661.493842745747,0.025668731858946383,Baseline,0,19,0.025668731858946383,0.016862148022048672,110.66739104682831
2011,Guernsey,0.024791984943331232,6563.066040110752,2251.6964074010957,4311.369632709656,1045.219955185768,1604.65583477814,1661.493842745747,0.03774007990733368,25% equal weights,0.25,19,0.041462954667342365,0.027237593305122428,178.76212363519696
2011,Guernsey,0.024791984943331232,6563.066040110752,2251.6964074010957,4311.369632709656,1045.219955185768,1604.65583477814,1661.493842745747,0.03774007990733368,50% equal weights,0.5,19,0.045185829427351054,0.029683201666913628,194.81281282187967
2011,Guernsey,0.024791984943331232,6563.066040110752,2251.6964074010957,4311.369632709656,1045.219955185768,1604.65583477814,1661.493842745747,0.03774007990733368,Baseline,0,19,0.03774007990733368,0.024791984943331232,162.7114344485143
2011,Hong Kong,0.078492214586630693,6563.066040110752,2251.6964074010957,4311.369632709656,1045.219955185768,1604.65583477814,1661.493842745747,0.11948629596920803,25% equal weights,0.25,19,0.10277261671374813,0.06751276553759702,443.0907387737625
2011,Hong Kong,0.078492214586630693,6563.066040110752,2251.6964074010957,4311.369632709656,1045.219955185768,1604.65583477814,1661.493842745747,0.11948629596920803,50% equal weights,0.5,19,0.08605893745828821,0.05653331648856335,371.0318895809233
2011,Hong Kong,0.078492214586630693,6563.066040110752,2251.6964074010957,4311.369632709656,1045.219955185768,1604.65583477814,1661.493842745747,0.11948629596920803,Baseline,0,19,0.11948629596920803,0.078492214586630693,515.1495879666016
2011,Isle of Man,0.016088755649895422,6563.066040110752,2251.6964074010957,4311.369632709656,1045.219955185768,1604.65583477814,1661.493842745747,0.024491420320902825,25% equal weights,0.25,19,0.031526459977519225,0.02071017133504557,135.92222217391273
2011,Isle of Man,0.016088755649895422,6563.066040110752,2251.6964074010957,4311.369632709656,1045.219955185768,1604.65583477814,1661.493842745747,0.024491420320902825,50% equal weights,0.5,19,0.03856149963413562,0.025331587020195716,166.2528785143568
2011,Isle of Man,0.016088755649895422,6563.066040110752,2251.6964074010957,4311.369632709656,1045.219955185768,1604.65583477814,1661.493842745747,0.024491420320902825,Baseline,0,19,0.024491420320902825,0.016088755649895422,105.59156583346862
2011,Jersey,0.034348353490851226,6563.066040110752,2251.6964074010957,4311.369632709656,1045.219955185768,1604.65583477814,1661.493842745747,0.05228744726947577,25% equal weights,0.25,19,0.05237348018894893,0.034404869715762426,225.8014320459552
2011,Jersey,0.034348353490851226,6563.066040110752,2251.6964074010957,4311.369632709656,1045.219955185768,1604.65583477814,1661.493842745747,0.05228744726947577,50% equal weights,0.5,19,0.05245951310842209,0.03446138594067362,226.17235176238512
2011,Jersey,0.034348353490851226,6563.066040110752,2251.6964074010957,4311.369632709656,1045.219955185768,1604.65583477814,1661.493842745747,0.05228744726947577,Baseline,0,19,0.05228744726947577,0.034348353490851226,225.43051232952524
2011,Luxembourg,0.06985623680381689,6563.066040110752,2251.6964074010957,4311.369632709656,1045.219955185768,1604.65583477814,1661.493842745747,0.10634001129912876,25% equal weights,0.25,19,0.09291290321118868,0.06103578220048667,400.5818693916104
2011,Luxembourg,0.06985623680381689,6563.066040110752,2251.6964074010957,4311.369632709656,1045.219955185768,1604.65583477814,1661.493842745747,0.10634001129912876,50% equal weights,0.5,19,0.07948579512324859,0.052215327597156455,342.69264332615523
2011,Luxembourg,0.06985623680381689,6563.066040110752,2251.6964074010957,4311.369632709656,1045.219955185768,1604.65583477814,1661.493842745747,0.10634001129912876,Baseline,0,19,0.10634001129912876,0.06985623680381689,458.4710954570654
2011,Macao,0.0041059993297898195,6563.066040110752,2251.6964074010957,4311.369632709656,1045.219955185768,1604.65583477814,1661.493842745747,0.006250437113443353,25% equal weights,0.25,19,0.01784572257192462,0.01172310409496637,76.93950637035707
2011,Macao,0.0041059993297898195,6563.066040110752,2251.6964074010957,4311.369632709656,1045.219955185768,1604.65583477814,1661.493842745747,0.006250437113443353,50% equal weights,0.5,19,0.029441008030405884,0.019340208860142916,126.93106797865305
2011,Macao,0.0041059993297898195,6563.066040110752,2251.6964074010957,4311.369632709656,1045.219955185768,1604.65583477814,1661.493842745747,0.006250437113443353,Baseline,0,19,0.006250437113443353,0.0041059993297898195,26.94794476206107
2011,Malaysia,0.00513747699308392,6563.066040110752,2251.6964074010957,4311.369632709656,1045.219955185768,1604.65583477814,1661.493842745747,0.007820623991352875,25% equal weights,0.25,19,0.019023362730356763,0.012496712342436945,82.01674838768079
2011,Malaysia,0.00513747699308392,6563.066040110752,2251.6964074010957,4311.369632709656,1045.219955185768,1604.65583477814,1661.493842745747,0.007820623991352875,50% equal weights,0.5,19,0.030226101469360646,0.019855947691789968,130.3158959902022
2011,Malaysia,0.00513747699308392,6563.066040110752,2251.6964074010957,4311.369632709656,1045.219955185768,1604.65583477814,1661.493842745747,0.007820623991352875,Baseline,0,19,0.007820623991352875,0.005137476993083919,33.71760078515937
2011,Netherlands Antilles (then Curaçao),0.002164645299598235,6563.066040110752,2251.6964074010957,4311.369632709656,1045.219955185768,1604.65583477814,1661.493842745747,0.0032951732894564534,25% equal weights,0.25,19,0.015629274703934444,0.010267088572322681,67.38358033982016
2011,Netherlands Antilles (then Curaçao),0.002164645299598235,6563.066040110752,2251.6964074010957,4311.369632709656,1045.219955185768,1604.65583477814,1661.493842745747,0.0032951732894564534,50% equal weights,0.5,19,0.027963376118412434,0.018369531845047124,120.56045062496177
2011,Netherlands Antilles (then Curaçao),0.002164645299598235,6563.066040110752,2251.6964074010957,4311.369632709656,1045.219955185768,1604.65583477814,1661.493842745747,0.0032951732894564534,Baseline,0,19,0.0032951732894564534,0.002164645299598235,14.206710054678538
2011,Panama,0.00938981439092664,6563.066040110752,2251.6964074010957,4311.369632709656,1045.219955185768,1604.65583477814,1661.493842745747,0.01429382706703867,25% equal weights,0.25,19,0.023878265037121107,0.015685965390818984,102.94802676283665
2011,Panama,0.00938981439092664,6563.066040110752,2251.6964074010957,4311.369632709656,1045.219955185768,1604.65583477814,1661.493842745747,0.01429382706703867,50% equal weights,0.5,19,0.03346270300720355,0.02198211639071133,144.27008157363946
2011,Panama,0.00938981439092664,6563.066040110752,2251.6964074010957,4311.369632709656,1045.219955185768,1604.65583477814,1661.493842745747,0.01429382706703867,Baseline,0,19,0.01429382706703867,0.00938981439092664,61.62597195203385
2011,Singapore,0.08662136791854833,6563.066040110752,2251.6964074010957,4311.369632709656,1045.219955185768,1604.65583477814,1661.493842745747,0.1318610572893202,25% equal weights,0.25,19,0.11205368770383227,0.07360963053653524,483.10486639943383
2011,Singapore,0.08662136791854833,6563.066040110752,2251.6964074010957,4311.369632709656,1045.219955185768,1604.65583477814,1661.493842745747,0.1318610572893202,50% equal weights,0.5,19,0.09224631811834431,0.060597893154522166,397.7079746647042
2011,Singapore,0.08662136791854833,6563.066040110752,2251.6964074010957,4311.369632709656,1045.219955185768,1604.65583477814,1661.493842745747,0.1318610572893202,Baseline,0,19,0.1318610572893202,0.08662136791854831,568.5017581341634
2011,UK,0.0813711786127225,6563.066040110752,2251.6964074010957,4311.369632709656,1045.219955185768,1604.65583477814,1661.493842745747,0.12386885479390068,25% equal weights,0.25,19,0.10605953583226761,0.06967198855716587,457.2618620465202
2011,UK,0.0813711786127225,6563.066040110752,2251.6964074010957,4311.369632709656,1045.219955185768,1604.65583477814,1661.493842745747,0.12386885479390068,50% equal weights,0.5,19,0.08825021687063456,0.05797279850160926,380.4793050960952
2011,UK,0.0813711786127225,6563.066040110752,2251.6964074010957,4311.369632709656,1045.219955185768,1604.65583477814,1661.493842745747,0.12386885479390068,Baseline,0,19,0.12386885479390068,0.0813711786127225,534.0444189969453
2011,US,0.05068848959850224,6563.066040110752,2251.6964074010957,4311.369632709656,1045.219955185768,1604.65583477814,1661.493842745747,0.07716153636758717,25% equal weights,0.25,19,0.07102904701253249,0.04665997179650068,306.2324763301391
2011,US,0.05068848959850224,6563.066040110752,2251.6964074010957,4311.369632709656,1045.219955185768,1604.65583477814,1661.493842745747,0.07716153636758717,50% equal weights,0.5,19,0.06489655765747779,0.04263145399449912,279.793047951841
2011,US,0.05068848959850224,6563.066040110752,2251.6964074010957,4311.369632709656,1045.219955185768,1604.65583477814,1661.493842745747,0.07716153636758717,Baseline,0,19,0.07716153636758717,0.05068848959850224,332.67190470843707
2012,Austria,0.001845256933461852,8219.975666549735,2369.874815311892,5850.100851237843,1290.7576879580647,2194.471495600551,2364.871667679228,0.002592770189317192,25% equal weights,0.25,19,0.015102472378829999,0.010748327014972048,88.35098651918939
2012,Austria,0.001845256933461852,8219.975666549735,2369.874815311892,5850.100851237843,1290.7576879580647,2194.471495600551,2364.871667679228,0.002592770189317192,50% equal weights,0.5,19,0.027612174568342807,0.019651397096482247,161.53400594679016
2012,Austria,0.001845256933461852,8219.975666549735,2369.874815311892,5850.100851237843,1290.7576879580647,2194.471495600551,2364.871667679228,0.002592770189317192,Baseline,0,19,0.002592770189317192,0.001845256933461852,15.167967091588608
2012,Bahamas,0.047413336502537325,8219.975666549735,2369.874815311892,5850.100851237843,1290.7576879580647,2194.471495600551,2364.871667679228,0.06662047069467622,25% equal weights,0.25,19,0.06312324775784928,0.04492438669177866,369.2773654410913
2012,Bahamas,0.047413336502537325,8219.975666549735,2369.874815311892,5850.100851237843,1290.7576879580647,2194.471495600551,2364.871667679228,0.06662047069467622,50% equal weights,0.5,19,0.05962602482102232,0.04243543688101998,348.8182585613914
2012,Bahamas,0.047413336502537325,8219.975666549735,2369.874815311892,5850.100851237843,1290.7576879580647,2194.471495600551,2364.871667679228,0.06662047069467622,Baseline,0,19,0.06662047069467622,0.047413336502537325,389.7364723207911
2012,Bahrain,0.021239501837808157,8219.975666549735,2369.874815311892,5850.100851237843,1290.7576879580647,2194.471495600551,2364.871667679228,0.02984362025818405,25% equal weights,0.25,19,0.03554060993048014,0.025294010693231776,207.916152407814
2012,Bahrain,0.021239501837808157,8219.975666549735,2369.874815311892,5850.100851237843,1290.7576879580647,2194.471495600551,2364.871667679228,0.02984362025818405,50% equal weights,0.5,19,0.04123759960277623,0.029348519548655395,241.24411653920657
2012,Bahrain,0.021239501837808157,8219.975666549735,2369.874815311892,5850.100851237843,1290.7576879580647,2194.471495600551,2364.871667679228,0.02984362025818405,Baseline,0,19,0.02984362025818405,0.021239501837808157,174.58818827642145
2012,Belgium,0.00809722262858076,8219.975666549735,2369.874815311892,5850.100851237843,1290.7576879580647,2194.471495600551,2364.871667679228,0.011377406076595464,25% equal weights,0.25,19,0.021690949294288702,0.015437301286311229,126.89424093067522
2012,Belgium,0.00809722262858076,8219.975666549735,2369.874815311892,5850.100851237843,1290.7576879580647,2194.471495600551,2364.871667679228,0.011377406076595464,50% equal weights,0.5,19,0.03200449251198194,0.022777379944041696,187.22950888778072
2012,Belgium,0.00809722262858076,8219.975666549735,2369.874815311892,5850.100851237843,1290.7576879580647,2194.471495600551,2364.871667679228,0.011377406076595464,Baseline,0,19,0.011377406076595464,0.00809722262858076,66.55897297356974
2012,Bermuda,8.061456663577805e-4,8219.975666549735,2369.874815311892,5850.100851237843,1290.7576879580647,2194.471495600551,2364.871667679228,0.001132715132552519,25% equal weights,0.25,19,0.014007431086256494,0.009968993564643995,81.94488452136454
2012,Bermuda,8.061456663577805e-4,8219.975666549735,2369.874815311892,5850.100851237843,1290.7576879580647,2194.471495600551,2364.871667679228,0.001132715132552519,50% equal weights,0.5,19,0.026882147039960468,0.019131841462930208,157.2632712815736
2012,Bermuda,8.061456663577805e-4,8219.975666549735,2369.874815311892,5850.100851237843,1290.7576879580647,2194.471495600551,2364.871667679228,0.001132715132552519,Baseline,0,19,0.001132715132552519,8.061456663577806e-4,6.626497761155477
2012,Cayman Islands,0.09019074617581815,8219.975666549735,2369.874815311892,5850.100851237843,1290.7576879580647,2194.471495600551,2364.871667679228,0.12672700142533794,25% equal weights,0.25,19,0.10820314580584556,0.07700744394673928,632.9993153853895
2012,Cayman Islands,0.09019074617581815,8219.975666549735,2369.874815311892,5850.100851237843,1290.7576879580647,2194.471495600551,2364.871667679228,0.12672700142533794,50% equal weights,0.5,19,0.08967929018635318,0.06382414171766039,524.6328918575903
2012,Cayman Islands,0.09019074617581815,8219.975666549735,2369.874815311892,5850.100851237843,1290.7576879580647,2194.471495600551,2364.871667679228,0.12672700142533794,Baseline,0,19,0.12672700142533794,0.09019074617581815,741.3657389131888
2012,Cyprus,0.019497431302978277,8219.975666549735,2369.874815311892,5850.100851237843,1290.7576879580647,2194.471495600551,2364.871667679228,0.027395837259249094,25% equal weights,0.25,19,0.03370477268127892,0.023987457792109368,197.17631935352782
2012,Cyprus,0.019497431302978277,8219.975666549735,2369.874815311892,5850.100851237843,1290.7576879580647,2194.471495600551,2364.871667679228,0.027395837259249094,50% equal weights,0.5,19,0.04001370810330876,0.02847748428124046,234.08422783634916
2012,Cyprus,0.019497431302978277,8219.975666549735,2369.874815311892,5850.100851237843,1290.7576879580647,2194.471495600551,2364.871667679228,0.027395837259249094,Baseline,0,19,0.027395837259249094,0.019497431302978277,160.26841087070653
2012,Guernsey,0.023700145416271967,8219.975666549735,2369.874815311892,5850.100851237843,1290.7576879580647,2194.471495600551,2364.871667679228,0.03330107011304332,25% equal weights,0.25,19,0.038133697321624596,0.027139493377079636,223.0859751620823
2012,Guernsey,0.023700145416271967,8219.975666549735,2369.874815311892,5850.100851237843,1290.7576879580647,2194.471495600551,2364.871667679228,0.03330107011304332,50% equal weights,0.5,19,0.042966324530205866,0.0305788413378873,251.35733170871876
2012,Guernsey,0.023700145416271967,8219.975666549735,2369.874815311892,5850.100851237843,1290.7576879580647,2194.471495600551,2364.871667679228,0.03330107011304332,Baseline,0,19,0.03330107011304332,0.023700145416271967,194.81461861544582
2012,Hong Kong,0.10257695206969188,8219.975666549735,2369.874815311892,5850.100851237843,1290.7576879580647,2194.471495600551,2364.871667679228,0.14413085712587234,25% equal weights,0.25,19,0.12125603758124635,0.08629709836714457,709.3600486717771
2012,Hong Kong,0.10257695206969188,8219.975666549735,2369.874815311892,5850.100851237843,1290.7576879580647,2194.471495600551,2364.871667679228,0.14413085712587234,50% equal weights,0.5,19,0.09838121803662038,0.07001724466459726,575.5400473818487
2012,Hong Kong,0.10257695206969188,8219.975666549735,2369.874815311892,5850.100851237843,1290.7576879580647,2194.471495600551,2364.871667679228,0.14413085712587234,Baseline,0,19,0.14413085712587234,0.10257695206969188,843.1800499617057
2012,Isle of Man,0.016853251591828964,8219.975666549735,2369.874815311892,5850.100851237843,1290.7576879580647,2194.471495600551,2364.871667679228,0.02368050081696659,25% equal weights,0.25,19,0.030918270349567047,0.022004323008747384,180.87499969080395
2012,Isle of Man,0.016853251591828964,8219.975666549735,2369.874815311892,5850.100851237843,1290.7576879580647,2194.471495600551,2364.871667679228,0.02368050081696659,50% equal weights,0.5,19,0.0381560398821675,0.0271553944256658,223.2166813945332
2012,Isle of Man,0.016853251591828964,8219.975666549735,2369.874815311892,5850.100851237843,1290.7576879580647,2194.471495600551,2364.871667679228,0.02368050081696659,Baseline,0,19,0.02368050081696659,0.016853251591828964,138.53331798707467
2012,Jersey,0.03814115396158747,8219.975666549735,2369.874815311892,5850.100851237843,1290.7576879580647,2194.471495600551,2364.871667679228,0.05359212865399362,25% equal weights,0.25,19,0.05335199122733732,0.037970249786066265,312.11452929428
2012,Jersey,0.03814115396158747,8219.975666549735,2369.874815311892,5850.100851237843,1290.7576879580647,2194.471495600551,2364.871667679228,0.05359212865399362,50% equal weights,0.5,19,0.05311185380068102,0.03779934561054506,310.70970113018393
2012,Jersey,0.03814115396158747,8219.975666549735,2369.874815311892,5850.100851237843,1290.7576879580647,2194.471495600551,2364.871667679228,0.05359212865399362,Baseline,0,19,0.05359212865399362,0.03814115396158747,313.5193574583761
2012,Luxembourg,0.08767830525796916,8219.975666549735,2369.874815311892,5850.100851237843,1290.7576879580647,2194.471495600551,2364.871667679228,0.12319677113811259,25% equal weights,0.25,19,0.10555547309042655,0.07512311325835254,617.5101629791176
2012,Luxembourg,0.08767830525796916,8219.975666549735,2369.874815311892,5850.100851237843,1290.7576879580647,2194.471495600551,2364.871667679228,0.12319677113811259,50% equal weights,0.5,19,0.0879141750427405,0.06256792125873589,514.306790253409
2012,Luxembourg,0.08767830525796916,8219.975666549735,2369.874815311892,5850.100851237843,1290.7576879580647,2194.471495600551,2364.871667679228,0.12319677113811259,Baseline,0,19,0.12319677113811259,0.08767830525796916,720.7135357048262
2012,Macao,0.006119570315440381,8219.975666549735,2369.874815311892,5850.100851237843,1290.7576879580647,2194.471495600551,2364.871667679228,0.008598607162817764,25% equal weights,0.25,19,0.019606850108955427,0.013954062051455943,114.70205051249293
2012,Macao,0.006119570315440381,8219.975666549735,2369.874815311892,5850.100851237843,1290.7576879580647,2194.471495600551,2364.871667679228,0.008598607162817764,50% equal weights,0.5,19,0.030615093055093093,0.02178855378747151,179.10138194232587
2012,Macao,0.006119570315440381,8219.975666549735,2369.874815311892,5850.100851237843,1290.7576879580647,2194.471495600551,2364.871667679228,0.008598607162817764,Baseline,0,19,0.008598607162817764,0.006119570315440381,50.30271908266001
2012,Malaysia,0.007405719898320571,8219.975666549735,2369.874815311892,5850.100851237843,1290.7576879580647,2194.471495600551,2364.871667679228,0.010405775713182373,25% equal weights,0.25,19,0.020962226521728883,0.014918674238616087,122.63113921860662
2012,Malaysia,0.007405719898320571,8219.975666549735,2369.874815311892,5850.100851237843,1290.7576879580647,2194.471495600551,2364.871667679228,0.010405775713182373,50% equal weights,0.5,19,0.0315186773302754,0.022431628578911605,184.38744107973503
2012,Malaysia,0.007405719898320571,8219.975666549735,2369.874815311892,5850.100851237843,1290.7576879580647,2194.471495600551,2364.871667679228,0.010405775713182373,Baseline,0,19,0.010405775713182373,0.007405719898320571,60.87483735747828
2012,Netherlands Antilles (then Curaçao),0.002619877491618717,8219.975666549735,2369.874815311892,5850.100851237843,1290.7576879580647,2194.471495600551,2364.871667679228,0.0036811893979384097,25% equal weights,0.25,19,0.015918786785295912,0.011329292433589697,93.12650812333334
2012,Netherlands Antilles (then Curaçao),0.002619877491618717,8219.975666549735,2369.874815311892,5850.100851237843,1290.7576879580647,2194.471495600551,2364.871667679228,0.0036811893979384097,50% equal weights,0.5,19,0.028156384172653415,0.02003870737556068,164.7176870162195
2012,Netherlands Antilles (then Curaçao),0.002619877491618717,8219.975666549735,2369.874815311892,5850.100851237843,1290.7576879580647,2194.471495600551,2364.871667679228,0.0036811893979384097,Baseline,0,19,0.0036811893979384097,0.002619877491618717,21.535329230447214
2012,Panama,0.011272445521620832,8219.975666549735,2369.874815311892,5850.100851237843,1290.7576879580647,2194.471495600551,2364.871667679228,0.015838911199389783,25% equal weights,0.25,19,0.025037078136384443,0.017818718456091284,146.46943211817103
2012,Panama,0.011272445521620832,8219.975666549735,2369.874815311892,5850.100851237843,1290.7576879580647,2194.471495600551,2364.871667679228,0.015838911199389783,50% equal weights,0.5,19,0.0342352450733791,0.02436499139056173,200.27963634611123
2012,Panama,0.011272445521620832,8219.975666549735,2369.874815311892,5850.100851237843,1290.7576879580647,2194.471495600551,2364.871667679228,0.015838911199389783,Baseline,0,19,0.015838911199389783,0.011272445521620832,92.65922789023078
2012,Singapore,0.07878702174817113,8219.975666549735,2369.874815311892,5850.100851237843,1290.7576879580647,2194.471495600551,2364.871667679228,0.11070363025841816,25% equal weights,0.25,19,0.09618561743065572,0.068454650626004,562.6955624079166
2012,Singapore,0.07878702174817113,8219.975666549735,2369.874815311892,5850.100851237843,1290.7576879580647,2194.471495600551,2364.871667679228,0.11070363025841816,50% equal weights,0.5,19,0.0816676046028933,0.05812227950383689,477.76372320594163
2012,Singapore,0.07878702174817113,8219.975666549735,2369.874815311892,5850.100851237843,1290.7576879580647,2194.471495600551,2364.871667679228,0.11070363025841816,Baseline,0,19,0.11070363025841816,0.07878702174817113,647.6274016098915
2012,UK,0.09188536774521484,8219.975666549735,2369.874815311892,5850.100851237843,1290.7576879580647,2194.471495600551,2364.871667679228,0.12910811389137408,25% equal weights,0.25,19,0.10998898015537266,0.07827841012378679,643.4466264337278
2012,UK,0.09188536774521484,8219.975666549735,2369.874815311892,5850.100851237843,1290.7576879580647,2194.471495600551,2364.871667679228,0.12910811389137408,50% equal weights,0.5,19,0.09086984641937125,0.06467145250235874,531.5977658898158
2012,UK,0.09188536774521484,8219.975666549735,2369.874815311892,5850.100851237843,1290.7576879580647,2194.471495600551,2364.871667679228,0.12910811389137408,Baseline,0,19,0.12910811389137408,0.09188536774521484,755.2954869776399
2012,US,0.05556375586527192,8219.975666549735,2369.874815311892,5850.100851237843,1290.7576879580647,2194.471495600551,2364.871667679228,0.07807262349297853,25% equal weights,0.25,19,0.07171236235657599,0.0510372012138296,419.5245520664819
2012,US,0.05556375586527192,8219.975666549735,2369.874815311892,5850.100851237843,1290.7576879580647,2194.471495600551,2364.871667679228,0.07807262349297853,50% equal weights,0.5,19,0.06535210122017347,0.04651064656238728,382.31638297831853
2012,US,0.05556375586527192,8219.975666549735,2369.874815311892,5850.100851237843,1290.7576879580647,2194.471495600551,2364.871667679228,0.07807262349297853,Baseline,0,19,0.07807262349297853,0.05556375586527192,456.7327211546453
2013,Austria,0.0018753591711997673,8475.816267396418,2423.4840239192777,6052.33224347714,1421.7906447616544,2434.691294280813,2195.850304434672,0.002626293324791777,25% equal weights,0.25,19,0.015127614730435937,0.010802186776052136,91.55735039991715
2013,Austria,0.0018753591711997673,8475.816267396418,2423.4840239192777,6052.33224347714,1421.7906447616544,2434.691294280813,2195.850304434672,0.002626293324791777,50% equal weights,0.5,19,0.0276289361360801,0.019729014380904505,167.21950102936827
2013,Austria,0.0018753591711997673,8475.816267396418,2423.4840239192777,6052.33224347714,1421.7906447616544,2434.691294280813,2195.850304434672,0.002626293324791777,Baseline,0,19,0.002626293324791777,0.0018753591711997673,15.895199770466052
2013,Bahamas,0.04548163509896139,8475.816267396418,2423.4840239192777,6052.33224347714,1421.7906447616544,2434.691294280813,2195.850304434672,0.06369346016240737,25% equal weights,0.25,19,0.060927989858647634,0.04350689372187335,368.75643755174127
2013,Bahamas,0.04548163509896139,8475.816267396418,2423.4840239192777,6052.33224347714,1421.7906447616544,2434.691294280813,2195.850304434672,0.06369346016240737,50% equal weights,0.5,19,0.058162519554887895,0.041532152344785314,352.01889246391767
2013,Bahamas,0.04548163509896139,8475.816267396418,2423.4840239192777,6052.33224347714,1421.7906447616544,2434.691294280813,2195.850304434672,0.06369346016240737,Baseline,0,19,0.06369346016240737,0.04548163509896139,385.4939826395648
2013,Bahrain,0.02216660512797553,8475.816267396418,2423.4840239192777,6052.33224347714,1421.7906447616544,2434.691294280813,2195.850304434672,0.031042590654063038,25% equal weights,0.25,19,0.03643983772738939,0.02602062124363396,220.54600482455353
2013,Bahrain,0.02216660512797553,8475.816267396418,2423.4840239192777,6052.33224347714,1421.7906447616544,2434.691294280813,2195.850304434672,0.031042590654063038,50% equal weights,0.5,19,0.041837084800715726,0.029874637359292383,253.21193731245916
2013,Bahrain,0.02216660512797553,8475.816267396418,2423.4840239192777,6052.33224347714,1421.7906447616544,2434.691294280813,2195.850304434672,0.031042590654063038,Baseline,0,19,0.031042590654063038,0.02216660512797553,187.88007233664786
2013,Belgium,0.00644144442806097,8475.816267396418,2423.4840239192777,6052.33224347714,1421.7906447616544,2434.691294280813,2195.850304434672,0.00902073734100275,25% equal weights,0.25,19,0.019923447742594167,0.014226750718698038,120.58332517373451
2013,Belgium,0.00644144442806097,8475.816267396418,2423.4840239192777,6052.33224347714,1421.7906447616544,2434.691294280813,2195.850304434672,0.00902073734100275,50% equal weights,0.5,19,0.030826158144185583,0.022012057009335104,186.57015087857982
2013,Belgium,0.00644144442806097,8475.816267396418,2423.4840239192777,6052.33224347714,1421.7906447616544,2434.691294280813,2195.850304434672,0.00902073734100275,Baseline,0,19,0.00902073734100275,0.006441444428060969,54.59649946888918
2013,Bermuda,8.914035003961272e-4,8475.816267396418,2423.4840239192777,6052.33224347714,1421.7906447616544,2434.691294280813,2195.850304434672,0.001248340637217059,25% equal weights,0.25,19,0.0140941502147549,0.010064220022949407,85.30247978917133
2013,Bermuda,8.914035003961272e-4,8475.816267396418,2423.4840239192777,6052.33224347714,1421.7906447616544,2434.691294280813,2195.850304434672,0.001248340637217059,50% equal weights,0.5,19,0.026939959792292738,0.019237036545502684,163.04958728887104
2013,Bermuda,8.914035003961272e-4,8475.816267396418,2423.4840239192777,6052.33224347714,1421.7906447616544,2434.691294280813,2195.850304434672,0.001248340637217059,Baseline,0,19,0.001248340637217059,8.914035003961272e-4,7.555372289471605
2013,Cayman Islands,0.09271408218021868,8475.816267396418,2423.4840239192777,6052.33224347714,1421.7906447616544,2434.691294280813,2195.850304434672,0.12983879508709162,25% equal weights,0.25,19,0.11053699105216082,0.07893122903281632,669.006595041937
2013,Cayman Islands,0.09271408218021868,8475.816267396418,2423.4840239192777,6052.33224347714,1421.7906447616544,2434.691294280813,2195.850304434672,0.12983879508709162,50% equal weights,0.5,19,0.09123518701723002,0.06514837588541396,552.1856641240482
2013,Cayman Islands,0.09271408218021868,8475.816267396418,2423.4840239192777,6052.33224347714,1421.7906447616544,2434.691294280813,2195.850304434672,0.12983879508709162,Baseline,0,19,0.12983879508709162,0.09271408218021868,785.8275259598258
2013,Cyprus,0.010436644506571828,8475.816267396418,2423.4840239192777,6052.33224347714,1421.7906447616544,2434.691294280813,2195.850304434672,0.014615701472960468,25% equal weights,0.25,19,0.024119670841562454,0.01722315077758118,145.98026153644383
2013,Cyprus,0.010436644506571828,8475.816267396418,2423.4840239192777,6052.33224347714,1421.7906447616544,2434.691294280813,2195.850304434672,0.014615701472960468,50% equal weights,0.5,19,0.033623640210164445,0.024009657048590535,203.50144178705276
2013,Cyprus,0.010436644506571828,8475.816267396418,2423.4840239192777,6052.33224347714,1421.7906447616544,2434.691294280813,2195.850304434672,0.014615701472960468,Baseline,0,19,0.014615701472960468,0.010436644506571828,88.45908128583497
2013,Guernsey,0.020691305804953857,8475.816267396418,2423.4840239192777,6052.33224347714,1421.7906447616544,2434.691294280813,2195.850304434672,0.028976549746473654,25% equal weights,0.25,19,0.03489030704669735,0.024914146751367706,211.16773032354402
2013,Guernsey,0.020691305804953857,8475.816267396418,2423.4840239192777,6052.33224347714,1421.7906447616544,2434.691294280813,2195.850304434672,0.028976549746473654,50% equal weights,0.5,19,0.040804064346921035,0.029136987697781547,246.95975431178616
2013,Guernsey,0.020691305804953857,8475.816267396418,2423.4840239192777,6052.33224347714,1421.7906447616544,2434.691294280813,2195.850304434672,0.028976549746473654,Baseline,0,19,0.028976549746473654,0.020691305804953857,175.37570633530183
2013,Hong Kong,0.11546758100568716,8475.816267396418,2423.4840239192777,6052.33224347714,1421.7906447616544,2434.691294280813,2195.850304434672,0.16170328429997954,25% equal weights,0.25,19,0.13443535796182676,0.09599635315191768,813.6474516557554
2013,Hong Kong,0.11546758100568716,8475.816267396418,2423.4840239192777,6052.33224347714,1421.7906447616544,2434.691294280813,2195.850304434672,0.16170328429997954,50% equal weights,0.5,19,0.10716743162367398,0.0765251252981482,648.6129018665937
2013,Hong Kong,0.11546758100568716,8475.816267396418,2423.4840239192777,6052.33224347714,1421.7906447616544,2434.691294280813,2195.850304434672,0.16170328429997954,Baseline,0,19,0.16170328429997954,0.11546758100568717,978.682001444917
2013,Isle of Man,0.013185212385820926,8475.816267396418,2423.4840239192777,6052.33224347714,1421.7906447616544,2434.691294280813,2195.850304434672,0.018464855056372922,25% equal weights,0.25,19,0.027006536029121796,0.019284576687018006,163.45252879368093
2013,Isle of Man,0.013185212385820926,8475.816267396418,2423.4840239192777,6052.33224347714,1421.7906447616544,2434.691294280813,2195.850304434672,0.018464855056372922,50% equal weights,0.5,19,0.03554821700187067,0.025383940988215083,215.14961995854412
2013,Isle of Man,0.013185212385820926,8475.816267396418,2423.4840239192777,6052.33224347714,1421.7906447616544,2434.691294280813,2195.850304434672,0.018464855056372922,Baseline,0,19,0.018464855056372922,0.013185212385820926,111.75543762881775
2013,Jersey,0.032646459358034396,8475.816267396418,2423.4840239192777,6052.33224347714,1421.7906447616544,2434.691294280813,2195.850304434672,0.04571880395329277,25% equal weights,0.25,19,0.04744699770181168,0.03388051191617811,287.1649940468606
2013,Jersey,0.032646459358034396,8475.816267396418,2423.4840239192777,6052.33224347714,1421.7906447616544,2434.691294280813,2195.850304434672,0.04571880395329277,50% equal weights,0.5,19,0.0491751914503306,0.035114564474321826,297.6245967939973
2013,Jersey,0.032646459358034396,8475.816267396418,2423.4840239192777,6052.33224347714,1421.7906447616544,2434.691294280813,2195.850304434672,0.04571880395329277,Baseline,0,19,0.04571880395329277,0.032646459358034396,276.705391299724
2013,Luxembourg,0.08614493342960033,8475.816267396418,2423.4840239192777,6052.33224347714,1421.7906447616544,2434.691294280813,2195.850304434672,0.1206392178656915,25% equal weights,0.25,19,0.10363730813611073,0.07400436746985256,627.2474216593587
2013,Luxembourg,0.08614493342960033,8475.816267396418,2423.4840239192777,6052.33224347714,1421.7906447616544,2434.691294280813,2195.850304434672,0.1206392178656915,50% equal weights,0.5,19,0.08663539840652995,0.06186380151010479,524.3462152023293
2013,Luxembourg,0.08614493342960033,8475.816267396418,2423.4840239192777,6052.33224347714,1421.7906447616544,2434.691294280813,2195.850304434672,0.1206392178656915,Baseline,0,19,0.1206392178656915,0.08614493342960033,730.1486281163881
2013,Macao,0.007943626411325037,8475.816267396418,2423.4840239192777,6052.33224347714,1421.7906447616544,2434.691294280813,2195.850304434672,0.011124425304276984,25% equal weights,0.25,19,0.021501213715049844,0.01535338720614609,130.13248904148907
2013,Macao,0.007943626411325037,8475.816267396418,2423.4840239192777,6052.33224347714,1421.7906447616544,2434.691294280813,2195.850304434672,0.011124425304276984,50% equal weights,0.5,19,0.0318780021258227,0.02276314800096714,192.93626012374955
2013,Macao,0.007943626411325037,8475.816267396418,2423.4840239192777,6052.33224347714,1421.7906447616544,2434.691294280813,2195.850304434672,0.011124425304276984,Baseline,0,19,0.011124425304276984,0.007943626411325037,67.32871795922858
2013,Malaysia,0.007596614914000827,8475.816267396418,2423.4840239192777,6052.33224347714,1421.7906447616544,2434.691294280813,2195.850304434672,0.010638462938750207,25% equal weights,0.25,19,0.02113674194090476,0.015093128583152931,127.92658477099347
2013,Malaysia,0.007596614914000827,8475.816267396418,2423.4840239192777,6052.33224347714,1421.7906447616544,2434.691294280813,2195.850304434672,0.010638462938750207,50% equal weights,0.5,19,0.03163502094305931,0.022589642252305035,191.46565727675247
2013,Malaysia,0.007596614914000827,8475.816267396418,2423.4840239192777,6052.33224347714,1421.7906447616544,2434.691294280813,2195.850304434672,0.010638462938750207,Baseline,0,19,0.010638462938750207,0.007596614914000826,64.38751226523445
2013,Netherlands Antilles (then Curaçao),0.00227642168913661,8475.816267396418,2423.4840239192777,6052.33224347714,1421.7906447616544,2434.691294280813,2195.850304434672,0.0031879499022930643,25% equal weights,0.25,19,0.015548857163561903,0.011102983664504767,94.1068495602462
2013,Netherlands Antilles (then Curaçao),0.00227642168913661,8475.816267396418,2423.4840239192777,6052.33224347714,1421.7906447616544,2434.691294280813,2195.850304434672,0.0031879499022930643,50% equal weights,0.5,19,0.02790976442483074,0.019929545639872925,168.9191671362543
2013,Netherlands Antilles (then Curaçao),0.00227642168913661,8475.816267396418,2423.4840239192777,6052.33224347714,1421.7906447616544,2434.691294280813,2195.850304434672,0.0031879499022930643,Baseline,0,19,0.0031879499022930643,0.00227642168913661,19.29453198423811
2013,Panama,0.01106454594866693,8475.816267396418,2423.4840239192777,6052.33224347714,1421.7906447616544,2434.691294280813,2195.850304434672,0.015495028159456746,25% equal weights,0.25,19,0.024779165856434665,0.01769407685915251,149.97174447936737
2013,Panama,0.01106454594866693,8475.816267396418,2423.4840239192777,6052.33224347714,1421.7906447616544,2434.691294280813,2195.850304434672,0.015495028159456746,50% equal weights,0.5,19,0.03406330355341258,0.024323607769638086,206.1624304156684
2013,Panama,0.01106454594866693,8475.816267396418,2423.4840239192777,6052.33224347714,1421.7906447616544,2434.691294280813,2195.850304434672,0.015495028159456746,Baseline,0,19,0.015495028159456746,0.01106454594866693,93.78105854306631
2013,Singapore,0.08542765446046284,8475.816267396418,2423.4840239192777,6052.33224347714,1421.7906447616544,2434.691294280813,2195.850304434672,0.11963472496769682,25% equal weights,0.25,19,0.10288393846261472,0.07346640824299944,622.6877780932009
2013,Singapore,0.08542765446046284,8475.816267396418,2423.4840239192777,6052.33224347714,1421.7906447616544,2434.691294280813,2195.850304434672,0.11963472496769682,50% equal weights,0.5,19,0.08613315195753263,0.06150516202553605,521.3064528248908
2013,Singapore,0.08542765446046284,8475.816267396418,2423.4840239192777,6052.33224347714,1421.7906447616544,2434.691294280813,2195.850304434672,0.11963472496769682,Baseline,0,19,0.11963472496769682,0.08542765446046284,724.0691033615111
2013,UK,0.08765106947716518,8475.816267396418,2423.4840239192777,6052.33224347714,1421.7906447616544,2434.691294280813,2195.850304434672,0.12274844318566966,25% equal weights,0.25,19,0.10521922712609434,0.07513396950552619,636.8217209690054
2013,UK,0.08765106947716518,8475.816267396418,2423.4840239192777,6052.33224347714,1421.7906447616544,2434.691294280813,2195.850304434672,0.12274844318566966,50% equal weights,0.5,19,0.08769001106651904,0.0626168695338872,530.7290814087604
2013,UK,0.08765106947716518,8475.816267396418,2423.4840239192777,6052.33224347714,1421.7906447616544,2434.691294280813,2195.850304434672,0.12274844318566966,Baseline,0,19,0.12274844318566966,0.08765106947716518,742.9143605292503
2013,US,0.06396812332333726,8475.816267396418,2423.4840239192777,6052.33224347714,1421.7906447616544,2434.691294280813,2195.850304434672,0.08958233594051207,25% equal weights,0.25,19,0.08034464669222616,0.05737175989015526,486.2724957661393
2013,US,0.06396812332333726,8475.816267396418,2423.4840239192777,6052.33224347714,1421.7906447616544,2434.691294280813,2195.850304434672,0.08958233594051207,50% equal weights,0.5,19,0.07110695744394024,0.05077539645697325,430.3629312735164
2013,US,0.06396812332333726,8475.816267396418,2423.4840239192777,6052.33224347714,1421.7906447616544,2434.691294280813,2195.850304434672,0.08958233594051207,Baseline,0,19,0.08958233594051207,0.06396812332333726,542.1820602587622
2014,Austria,0.0017882542377681216,9523.389064490357,2341.8949121053233,7181.494152385034,1735.7094924080145,3087.008092968849,2358.7765670081703,0.002371406352372171,25% equal weights,0.25,19,0.014936449501121232,0.011263429859193388,107.26602474969648
2014,Austria,0.0017882542377681216,9523.389064490357,2341.8949121053233,7181.494152385034,1735.7094924080145,3087.008092968849,2358.7765670081703,0.002371406352372171,50% equal weights,0.5,19,0.027501492649870295,0.020738605480618656,197.50180864690353
2014,Austria,0.0017882542377681216,9523.389064490357,2341.8949121053233,7181.494152385034,1735.7094924080145,3087.008092968849,2358.7765670081703,0.002371406352372171,Baseline,0,19,0.002371406352372171,0.0017882542377681216,17.030240852489467
2014,Bahamas,0.03333108663361769,9523.389064490357,2341.8949121053233,7181.494152385034,1735.7094924080145,3087.008092968849,2358.7765670081703,0.044200398861113877,25% equal weights,0.25,19,0.04630819388267751,0.034920554156080565,332.56202357596095
2014,Bahamas,0.03333108663361769,9523.389064490357,2341.8949121053233,7181.494152385034,1735.7094924080145,3087.008092968849,2358.7765670081703,0.044200398861113877,50% equal weights,0.5,19,0.04841598890424115,0.03651002167854344,347.6991411977465
2014,Bahamas,0.03333108663361769,9523.389064490357,2341.8949121053233,7181.494152385034,1735.7094924080145,3087.008092968849,2358.7765670081703,0.044200398861113877,Baseline,0,19,0.044200398861113877,0.03333108663361769,317.4249059541754
2014,Bahrain,0.023348608367984417,9523.389064490357,2341.8949121053233,7181.494152385034,1735.7094924080145,3087.008092968849,2358.7765670081703,0.03096262099285898,25% equal weights,0.25,19,0.03637986048148634,0.02743369545685561,261.2617553123775
2014,Bahrain,0.023348608367984417,9523.389064490357,2341.8949121053233,7181.494152385034,1735.7094924080145,3087.008092968849,2358.7765670081703,0.03096262099285898,50% equal weights,0.5,19,0.0417970999701137,0.031518782545726806,300.16562902202423
2014,Bahrain,0.023348608367984417,9523.389064490357,2341.8949121053233,7181.494152385034,1735.7094924080145,3087.008092968849,2358.7765670081703,0.03096262099285898,Baseline,0,19,0.03096262099285898,0.023348608367984417,222.35788160273086
2014,Belgium,0.0073397482386436605,9523.389064490357,2341.8949121053233,7181.494152385034,1735.7094924080145,3087.008092968849,2358.7765670081703,0.009733250021347893,25% equal weights,0.25,19,0.020457832252853025,0.015427050359850045,146.91780269433795
2014,Belgium,0.0073397482386436605,9523.389064490357,2341.8949121053233,7181.494152385034,1735.7094924080145,3087.008092968849,2358.7765670081703,0.009733250021347893,50% equal weights,0.5,19,0.031182414484358156,0.023514352481056426,223.93632727666449
2014,Belgium,0.0073397482386436605,9523.389064490357,2341.8949121053233,7181.494152385034,1735.7094924080145,3087.008092968849,2358.7765670081703,0.009733250021347893,Baseline,0,19,0.009733250021347893,0.0073397482386436605,69.8992781120114
2014,Bermuda,9.229131057593848e-4,9523.389064490357,2341.8949121053233,7181.494152385034,1735.7094924080145,3087.008092968849,2358.7765670081703,0.0012238763121382994,25% equal weights,0.25,19,0.01407580197094583,0.010614424010186837,101.0852895444772
2014,Bermuda,9.229131057593848e-4,9523.389064490357,2341.8949121053233,7181.494152385034,1735.7094924080145,3087.008092968849,2358.7765670081703,0.0012238763121382994,50% equal weights,0.5,19,0.02692772762975336,0.020305934914614288,193.38131851009067
2014,Bermuda,9.229131057593848e-4,9523.389064490357,2341.8949121053233,7181.494152385034,1735.7094924080145,3087.008092968849,2358.7765670081703,0.0012238763121382994,Baseline,0,19,0.0012238763121382994,9.229131057593848e-4,8.789260578863757
2014,Cayman Islands,0.0917672979788072,9523.389064490357,2341.8949121053233,7181.494152385034,1735.7094924080145,3087.008092968849,2358.7765670081703,0.12169273740325462,25% equal weights,0.25,19,0.10442744778928308,0.0787477126649727,749.9451056472299
2014,Cayman Islands,0.0917672979788072,9523.389064490357,2341.8949121053233,7181.494152385034,1735.7094924080145,3087.008092968849,2358.7765670081703,0.12169273740325462,50% equal weights,0.5,19,0.08716215817531152,0.0657281273511382,625.9545292452591
2014,Cayman Islands,0.0917672979788072,9523.389064490357,2341.8949121053233,7181.494152385034,1735.7094924080145,3087.008092968849,2358.7765670081703,0.12169273740325462,Baseline,0,19,0.12169273740325462,0.0917672979788072,873.9356820492005
2014,Cyprus,0.009844499663244717,9523.389064490357,2341.8949121053233,7181.494152385034,1735.7094924080145,3087.008092968849,2358.7765670081703,0.01305480425785595,25% equal weights,0.25,19,0.02294899793023407,0.017305613928300836,164.80809443907222
2014,Cyprus,0.009844499663244717,9523.389064490357,2341.8949121053233,7181.494152385034,1735.7094924080145,3087.008092968849,2358.7765670081703,0.01305480425785595,50% equal weights,0.5,19,0.03284319160261218,0.024766728193356954,235.86318843982065
2014,Cyprus,0.009844499663244717,9523.389064490357,2341.8949121053233,7181.494152385034,1735.7094924080145,3087.008092968849,2358.7765670081703,0.01305480425785595,Baseline,0,19,0.01305480425785595,0.009844499663244717,93.75300043832375
2014,Guernsey,0.014796920683106283,9523.389064490357,2341.8949121053233,7181.494152385034,1735.7094924080145,3087.008092968849,2358.7765670081703,0.01962221644012979,25% equal weights,0.25,19,0.027874557066939448,0.02101992969319701,200.18096857654857
2014,Guernsey,0.014796920683106283,9523.389064490357,2341.8949121053233,7181.494152385034,1735.7094924080145,3087.008092968849,2358.7765670081703,0.01962221644012979,50% equal weights,0.5,19,0.036126897693749105,0.02724293870328774,259.44510453147154
2014,Guernsey,0.014796920683106283,9523.389064490357,2341.8949121053233,7181.494152385034,1735.7094924080145,3087.008092968849,2358.7765670081703,0.01962221644012979,Baseline,0,19,0.01962221644012979,0.014796920683106283,140.9168326216256
2014,Hong Kong,0.1459387158556591,9523.389064490357,2341.8949121053233,7181.494152385034,1735.7094924080145,3087.008092968849,2358.7765670081703,0.1935295275850047,25% equal weights,0.25,19,0.15830504042559562,0.11937627607261161,1136.8667221094913
2014,Hong Kong,0.1459387158556591,9523.389064490357,2341.8949121053233,7181.494152385034,1735.7094924080145,3087.008092968849,2358.7765670081703,0.1935295275850047,50% equal weights,0.5,19,0.12308055326618655,0.09281383628956413,883.9022735534335
2014,Hong Kong,0.1459387158556591,9523.389064490357,2341.8949121053233,7181.494152385034,1735.7094924080145,3087.008092968849,2358.7765670081703,0.1935295275850047,Baseline,0,19,0.1935295275850047,0.1459387158556591,1389.8311706655493
2014,Isle of Man,0.012446275382552089,9523.389064490357,2341.8949121053233,7181.494152385034,1735.7094924080145,3087.008092968849,2358.7765670081703,0.016505022542205518,25% equal weights,0.25,19,0.025536661643496245,0.019256945717781367,183.39138626420348
2014,Isle of Man,0.012446275382552089,9523.389064490357,2341.8949121053233,7181.494152385034,1735.7094924080145,3087.008092968849,2358.7765670081703,0.016505022542205518,50% equal weights,0.5,19,0.034568300744786964,0.026067616053010636,248.2520496565748
2014,Isle of Man,0.012446275382552089,9523.389064490357,2341.8949121053233,7181.494152385034,1735.7094924080145,3087.008092968849,2358.7765670081703,0.016505022542205518,Baseline,0,19,0.016505022542205518,0.012446275382552087,118.5307228718321
2014,Jersey,0.025892292315754083,9523.389064490357,2341.8949121053233,7181.494152385034,1735.7094924080145,3087.008092968849,2358.7765670081703,0.03433580370075886,25% equal weights,0.25,19,0.03890974751241125,0.029341458417682858,279.4301242311595
2014,Jersey,0.025892292315754083,9523.389064490357,2341.8949121053233,7181.494152385034,1735.7094924080145,3087.008092968849,2358.7765670081703,0.03433580370075886,50% equal weights,0.5,19,0.04348369132406364,0.03279062451961164,312.27787496787886
2014,Jersey,0.025892292315754083,9523.389064490357,2341.8949121053233,7181.494152385034,1735.7094924080145,3087.008092968849,2358.7765670081703,0.03433580370075886,Baseline,0,19,0.03433580370075886,0.025892292315754083,246.58237349444016
2014,Luxembourg,0.08439869867420226,9523.389064490357,2341.8949121053233,7181.494152385034,1735.7094924080145,3087.008092968849,2358.7765670081703,0.11192122794449101,25% equal weights,0.25,19,0.09709881569521037,0.073221263186519,697.3145771186654
2014,Luxembourg,0.08439869867420226,9523.389064490357,2341.8949121053233,7181.494152385034,1735.7094924080145,3087.008092968849,2358.7765670081703,0.11192122794449101,50% equal weights,0.5,19,0.08227640344592971,0.06204382769883572,590.867510226216
2014,Luxembourg,0.08439869867420226,9523.389064490357,2341.8949121053233,7181.494152385034,1735.7094924080145,3087.008092968849,2358.7765670081703,0.11192122794449101,Baseline,0,19,0.11192122794449101,0.08439869867420226,803.7616440111146
2014,Macao,0.010778536873492256,9523.389064490357,2341.8949121053233,7181.494152385034,1735.7094924080145,3087.008092968849,2358.7765670081703,0.01429343225993325,25% equal weights,0.25,19,0.023877968931792042,0.018006141835986488,171.47949425449607
2014,Macao,0.010778536873492256,9523.389064490357,2341.8949121053233,7181.494152385034,1735.7094924080145,3087.008092968849,2358.7765670081703,0.01429343225993325,50% equal weights,0.5,19,0.033462505603650834,0.025233746798480724,240.3107883167699
2014,Macao,0.010778536873492256,9523.389064490357,2341.8949121053233,7181.494152385034,1735.7094924080145,3087.008092968849,2358.7765670081703,0.01429343225993325,Baseline,0,19,0.01429343225993325,0.010778536873492256,102.64820019222223
2014,Malaysia,0.00964196076500996,9523.389064490357,2341.8949121053233,7181.494152385034,1735.7094924080145,3087.008092968849,2358.7765670081703,0.01278621715221273,25% equal weights,0.25,19,0.022747557601001653,0.01715370975462477,163.3614518926351
2014,Malaysia,0.00964196076500996,9523.389064490357,2341.8949121053233,7181.494152385034,1735.7094924080145,3087.008092968849,2358.7765670081703,0.01278621715221273,50% equal weights,0.5,19,0.032708898049790575,0.024665458744239577,234.89876007552925
2014,Malaysia,0.00964196076500996,9523.389064490357,2341.8949121053233,7181.494152385034,1735.7094924080145,3087.008092968849,2358.7765670081703,0.01278621715221273,Baseline,0,19,0.01278621715221273,0.00964196076500996,91.82414370974094
2014,Netherlands Antilles (then Curaçao),0.003474339348720428,9523.389064490357,2341.8949121053233,7181.494152385034,1735.7094924080145,3087.008092968849,2358.7765670081703,0.004607326088115527,25% equal weights,0.25,19,0.01661338930292875,0.01252799369240762,119.3089581302789
2014,Netherlands Antilles (then Curaçao),0.003474339348720428,9523.389064490357,2341.8949121053233,7181.494152385034,1735.7094924080145,3087.008092968849,2358.7765670081703,0.004607326088115527,50% equal weights,0.5,19,0.02861945251774197,0.02158164803609481,205.5304309006251
2014,Netherlands Antilles (then Curaçao),0.003474339348720428,9523.389064490357,2341.8949121053233,7181.494152385034,1735.7094924080145,3087.008092968849,2358.7765670081703,0.004607326088115527,Baseline,0,19,0.004607326088115527,0.003474339348720428,33.08748535993267
2014,Panama,0.014249167362078955,9523.389064490357,2341.8949121053233,7181.494152385034,1735.7094924080145,3087.008092968849,2358.7765670081703,0.01889584002363191,25% equal weights,0.25,19,0.027329774754566036,0.020609114702426514,196.2686175859161
2014,Panama,0.014249167362078955,9523.389064490357,2341.8949121053233,7181.494152385034,1735.7094924080145,3087.008092968849,2358.7765670081703,0.01889584002363191,50% equal weights,0.5,19,0.035763709485500166,0.026969062042774074,256.8368705377166
2014,Panama,0.014249167362078955,9523.389064490357,2341.8949121053233,7181.494152385034,1735.7094924080145,3087.008092968849,2358.7765670081703,0.01889584002363191,Baseline,0,19,0.01889584002363191,0.014249167362078955,135.70036463411563
2014,Singapore,0.09671399946684038,9523.389064490357,2341.8949121053233,7181.494152385034,1735.7094924080145,3087.008092968849,2358.7765670081703,0.1282525649066702,25% equal weights,0.25,19,0.10934731841684475,0.08245773878099759,785.2771277895549
2014,Singapore,0.09671399946684038,9523.389064490357,2341.8949121053233,7181.494152385034,1735.7094924080145,3087.008092968849,2358.7765670081703,0.1282525649066702,50% equal weights,0.5,19,0.09044207192701931,0.0682014780951548,649.5092106734758
2014,Singapore,0.09671399946684038,9523.389064490357,2341.8949121053233,7181.494152385034,1735.7094924080145,3087.008092968849,2358.7765670081703,0.1282525649066702,Baseline,0,19,0.1282525649066702,0.0967139994668404,921.045044905634
2014,UK,0.09117578508305972,9523.389064490357,2341.8949121053233,7181.494152385034,1735.7094924080145,3087.008092968849,2358.7765670081703,0.12090833135580338,25% equal weights,0.25,19,0.10383914325369464,0.0783040779931621,745.7202000650799
2014,UK,0.09117578508305972,9523.389064490357,2341.8949121053233,7181.494152385034,1735.7094924080145,3087.008092968849,2358.7765670081703,0.12090833135580338,50% equal weights,0.5,19,0.08676995515158589,0.06543237090326445,623.1379255238257
2014,UK,0.09117578508305972,9523.389064490357,2341.8949121053233,7181.494152385034,1735.7094924080145,3087.008092968849,2358.7765670081703,0.12090833135580338,Baseline,0,19,0.12090833135580338,0.09117578508305972,868.302474606334
2014,US,0.07624107770961407,9523.389064490357,2341.8949121053233,7181.494152385034,1735.7094924080145,3087.008092968849,2358.7765670081703,0.10110339580010144,25% equal weights,0.25,19,0.088985441586918193,0.06710304746307785,639.048428403853
2014,US,0.07624107770961407,9523.389064490357,2341.8949121053233,7181.494152385034,1735.7094924080145,3087.008092968849,2358.7765670081703,0.10110339580010144,50% equal weights,0.5,19,0.07686748737373493,0.057965017216541626,552.0234110830078
2014,US,0.07624107770961407,9523.389064490357,2341.8949121053233,7181.494152385034,1735.7094924080145,3087.008092968849,2358.7765670081703,0.10110339580010144,Baseline,0,19,0.10110339580010144,0.07624107770961407,726.0734457246981
2015,Austria,0.0015818387283175123,9523.389064490357,2216.899312870068,7306.48975162029,1663.9096175187017,3338.564082674404,2304.0160514271824,0.002061792483005348,25% equal weights,0.25,19,0.014704239099096116,0.011281317139873629,107.43637228292013
2015,Austria,0.0015818387283175123,9523.389064490357,2216.899312870068,7306.48975162029,1663.9096175187017,3338.564082674404,2304.0160514271824,0.002061792483005348,50% equal weights,0.5,19,0.027346685715186884,0.020980795551429746,199.80827891879395
2015,Austria,0.0015818387283175123,9523.389064490357,2216.899312870068,7306.48975162029,1663.9096175187017,3338.564082674404,2304.0160514271824,0.002061792483005348,Baseline,0,19,0.002061792483005348,0.0015818387283175121,15.064465647046328
2015,Bahamas,0.026918333680850087,9523.389064490357,2216.899312870068,7306.48975162029,1663.9096175187017,3338.564082674404,2304.0160514271824,0.0350857625652128,25% equal weights,0.25,19,0.03947221666075171,0.030283688354273062,288.403346505518
2015,Bahamas,0.026918333680850087,9523.389064490357,2216.899312870068,7306.48975162029,1663.9096175187017,3338.564082674404,2304.0160514271824,0.0350857625652128,50% equal weights,0.5,19,0.04385867075629061,0.03364904302769603,320.4529284005258
2015,Bahamas,0.026918333680850087,9523.389064490357,2216.899312870068,7306.48975162029,1663.9096175187017,3338.564082674404,2304.0160514271824,0.0350857625652128,Baseline,0,19,0.0350857625652128,0.026918333680850084,256.35376461051015
2015,Bahrain,0.025815346422061677,9523.389064490357,2216.899312870068,7306.48975162029,1663.9096175187017,3338.564082674404,2304.0160514271824,0.03364811231787093,25% equal weights,0.25,19,0.0383939789752453,0.02945644791018175,280.5252139065547
2015,Bahrain,0.025815346422061677,9523.389064490357,2216.899312870068,7306.48975162029,1663.9096175187017,3338.564082674404,2304.0160514271824,0.03364811231787093,50% equal weights,0.5,19,0.043139845632619675,0.033097549398301826,315.200840001217
2015,Bahrain,0.025815346422061677,9523.389064490357,2216.899312870068,7306.48975162029,1663.9096175187017,3338.564082674404,2304.0160514271824,0.03364811231787093,Baseline,0,19,0.03364811231787093,0.025815346422061677,245.8495878118924
2015,Belgium,0.006351575756893868,9523.389064490357,2216.899312870068,7306.48975162029,1663.9096175187017,3338.564082674404,2304.0160514271824,0.0082787397453163,25% equal weights,0.25,19,0.019366949545829328,0.014858619911305894,141.50441837674921
2015,Belgium,0.006351575756893868,9523.389064490357,2216.899312870068,7306.48975162029,1663.9096175187017,3338.564082674404,2304.0160514271824,0.0082787397453163,50% equal weights,0.5,19,0.03045515934634236,0.023365664065717922,222.52030964801335
2015,Belgium,0.006351575756893868,9523.389064490357,2216.899312870068,7306.48975162029,1663.9096175187017,3338.564082674404,2304.0160514271824,0.0082787397453163,Baseline,0,19,0.0082787397453163,0.006351575756893868,60.48852710548512
2015,Bermuda,0.0011237461316179452,9523.389064490357,2216.899312870068,7306.48975162029,1663.9096175187017,3338.564082674404,2304.0160514271824,0.0014647076756304802,25% equal weights,0.25,19,0.014256425493564965,0.010937747692348954,104.16442676347064
2015,Bermuda,0.0011237461316179452,9523.389064490357,2216.899312870068,7306.48975162029,1663.9096175187017,3338.564082674404,2304.0160514271824,0.0014647076756304802,50% equal weights,0.5,19,0.027048143311499448,0.02075174925307996,197.62698190582762
2015,Bermuda,0.0011237461316179452,9523.389064490357,2216.899312870068,7306.48975162029,1663.9096175187017,3338.564082674404,2304.0160514271824,0.0014647076756304802,Baseline,0,19,0.0014647076756304802,0.0011237461316179452,10.701871621113678
2015,Cayman Islands,0.08057034805545782,9523.389064490357,2216.899312870068,7306.48975162029,1663.9096175187017,3338.564082674404,2304.0160514271824,0.10501660820414775,25% equal weights,0.25,19,0.09192035088995291,0.07052269913522885,671.615101742782
2015,Cayman Islands,0.08057034805545782,9523.389064490357,2216.899312870068,7306.48975162029,1663.9096175187017,3338.564082674404,2304.0160514271824,0.10501660820414775,50% equal weights,0.5,19,0.07882409357575809,0.0604750502149999,575.9274318920352
2015,Cayman Islands,0.08057034805545782,9523.389064490357,2216.899312870068,7306.48975162029,1663.9096175187017,3338.564082674404,2304.0160514271824,0.10501660820414775,Baseline,0,19,0.10501660820414775,0.08057034805545782,767.3027715935289
2015,Cyprus,0.009189833774663194,9523.389064490357,2216.899312870068,7306.48975162029,1663.9096175187017,3338.564082674404,2304.0160514271824,0.011978168101132763,25% equal weights,0.25,19,0.022141520812691676,0.01698731342463289,161.77679490321907
2015,Cyprus,0.009189833774663194,9523.389064490357,2216.899312870068,7306.48975162029,1663.9096175187017,3338.564082674404,2304.0160514271824,0.011978168101132763,50% equal weights,0.5,19,0.03230487352425059,0.024784793074602587,236.0352273323266
2015,Cyprus,0.009189833774663194,9523.389064490357,2216.899312870068,7306.48975162029,1663.9096175187017,3338.564082674404,2304.0160514271824,0.011978168101132763,Baseline,0,19,0.011978168101132763,0.009189833774663194,87.5183624741116
2015,Guernsey,0.013762969214945084,9523.389064490357,2216.899312870068,7306.48975162029,1663.9096175187017,3338.564082674404,2304.0160514271824,0.017938861884731896,25% equal weights,0.25,19,0.026612041150391025,0.020417165004844307,194.44060593502945
2015,Guernsey,0.013762969214945084,9523.389064490357,2216.899312870068,7306.48975162029,1663.9096175187017,3338.564082674404,2304.0160514271824,0.017938861884731896,50% equal weights,0.5,19,0.03528522041605016,0.02707136079474353,257.8111013535335
2015,Guernsey,0.013762969214945084,9523.389064490357,2216.899312870068,7306.48975162029,1663.9096175187017,3338.564082674404,2304.0160514271824,0.017938861884731896,Baseline,0,19,0.017938861884731896,0.013762969214945084,131.07011051652543
2015,Hong Kong,0.16768563405741613,9523.389064490357,2216.899312870068,7306.48975162029,1663.9096175187017,3338.564082674404,2304.0160514271824,0.21856398735116153,25% equal weights,0.25,19,0.17708088525021326,0.1358591636366976,1293.8396732885317
2015,Hong Kong,0.16768563405741613,9523.389064490357,2216.899312870068,7306.48975162029,1663.9096175187017,3338.564082674404,2304.0160514271824,0.21856398735116153,50% equal weights,0.5,19,0.13559778314926496,0.10403269321597905,990.7438129225349
2015,Hong Kong,0.16768563405741613,9523.389064490357,2216.899312870068,7306.48975162029,1663.9096175187017,3338.564082674404,2304.0160514271824,0.21856398735116153,Baseline,0,19,0.21856398735116153,0.16768563405741613,1596.9355336545284
2015,Isle of Man,0.012427743492818206,9523.389064490357,2216.899312870068,7306.48975162029,1663.9096175187017,3338.564082674404,2304.0160514271824,0.01619850851765717,25% equal weights,0.25,19,0.025306776125084984,0.01941574571324915,184.90370040448246
2015,Isle of Man,0.012427743492818206,9523.389064490357,2216.899312870068,7306.48975162029,1663.9096175187017,3338.564082674404,2304.0160514271824,0.01619850851765717,50% equal weights,0.5,19,0.03441504373251279,0.02640374793368009,251.45316433316881
2015,Isle of Man,0.012427743492818206,9523.389064490357,2216.899312870068,7306.48975162029,1663.9096175187017,3338.564082674404,2304.0160514271824,0.01619850851765717,Baseline,0,19,0.01619850851765717,0.012427743492818206,118.3542364757961
2015,Jersey,0.024451180604609133,9523.389064490357,2216.899312870068,7306.48975162029,1663.9096175187017,3338.564082674404,2304.0160514271824,0.031870037993576135,25% equal weights,0.25,19,0.03706042323202421,0.028433323547092344,270.7816025354954
2015,Jersey,0.024451180604609133,9523.389064490357,2216.899312870068,7306.48975162029,1663.9096175187017,3338.564082674404,2304.0160514271824,0.031870037993576135,50% equal weights,0.5,19,0.04225080847047227,0.03241546648957555,308.7050990871774
2015,Jersey,0.024451180604609133,9523.389064490357,2216.899312870068,7306.48975162029,1663.9096175187017,3338.564082674404,2304.0160514271824,0.031870037993576135,Baseline,0,19,0.031870037993576135,0.024451180604609133,232.8581059838133
2015,Luxembourg,0.08417283415340901,9523.389064490357,2216.899312870068,7306.48975162029,1663.9096175187017,3338.564082674404,2304.0160514271824,0.10971214297891409,25% equal weights,0.25,19,0.09544200197102767,0.07322456370869225,697.3460092754373
2015,Luxembourg,0.08417283415340901,9523.389064490357,2216.899312870068,7306.48975162029,1663.9096175187017,3338.564082674404,2304.0160514271824,0.10971214297891409,50% equal weights,0.5,19,0.08117186096314125,0.06227629326397549,593.0813702471386
2015,Luxembourg,0.08417283415340901,9523.389064490357,2216.899312870068,7306.48975162029,1663.9096175187017,3338.564082674404,2304.0160514271824,0.10971214297891409,Baseline,0,19,0.10971214297891409,0.08417283415340901,801.6106483037357
2015,Macao,0.014291839395693624,9523.389064490357,2216.899312870068,7306.48975162029,1663.9096175187017,3338.564082674404,2304.0160514271824,0.018628199263841853,25% equal weights,0.25,19,0.027129044184723495,0.020813817640405713,198.21808330693625
2015,Macao,0.014291839395693624,9523.389064490357,2216.899312870068,7306.48975162029,1663.9096175187017,3338.564082674404,2304.0160514271824,0.018628199263841853,50% equal weights,0.5,19,0.035629889105605134,0.027335795885117798,260.32941960147133
2015,Macao,0.014291839395693624,9523.389064490357,2216.899312870068,7306.48975162029,1663.9096175187017,3338.564082674404,2304.0160514271824,0.018628199263841853,Baseline,0,19,0.018628199263841853,0.014291839395693624,136.10674701240112
2015,Malaysia,0.009316128984177562,9523.389064490357,2216.899312870068,7306.48975162029,1663.9096175187017,3338.564082674404,2304.0160514271824,0.012142783184171772,25% equal weights,0.25,19,0.022264982124970932,0.017082034831768664,162.67886371610905
2015,Malaysia,0.009316128984177562,9523.389064490357,2216.899312870068,7306.48975162029,1663.9096175187017,3338.564082674404,2304.0160514271824,0.012142783184171772,50% equal weights,0.5,19,0.0323871810657701,0.024847940679359772,236.63660654091993
2015,Malaysia,0.009316128984177562,9523.389064490357,2216.899312870068,7306.48975162029,1663.9096175187017,3338.564082674404,2304.0160514271824,0.012142783184171772,Baseline,0,19,0.012142783184171772,0.009316128984177562,88.72112089129824
2015,Netherlands Antilles (then Curaçao),0.003837356885126087,9523.389064490357,2216.899312870068,7306.48975162029,1663.9096175187017,3338.564082674404,2304.0160514271824,0.005001668905133604,25% equal weights,0.25,19,0.016909146415692307,0.01297295575748006,123.5465049949028
2015,Netherlands Antilles (then Curaçao),0.003837356885126087,9523.389064490357,2216.899312870068,7306.48975162029,1663.9096175187017,3338.564082674404,2304.0160514271824,0.005001668905133604,50% equal weights,0.5,19,0.028816623926251013,0.022108554629834035,210.54836739344907
2015,Netherlands Antilles (then Curaçao),0.003837356885126087,9523.389064490357,2216.899312870068,7306.48975162029,1663.9096175187017,3338.564082674404,2304.0160514271824,0.005001668905133604,Baseline,0,19,0.005001668905133604,0.003837356885126087,36.54464259635655
2015,Panama,0.01613962139190056,9523.389064490357,2216.899312870068,7306.48975162029,1663.9096175187017,3338.564082674404,2304.0160514271824,0.02103662621774772,25% equal weights,0.25,19,0.028935364400152895,0.022199654137560913,211.4159434491157
2015,Panama,0.01613962139190056,9523.389064490357,2216.899312870068,7306.48975162029,1663.9096175187017,3338.564082674404,2304.0160514271824,0.02103662621774772,50% equal weights,0.5,19,0.036834102582558065,0.028259686883221266,269.127993029591
2015,Panama,0.01613962139190056,9523.389064490357,2216.899312870068,7306.48975162029,1663.9096175187017,3338.564082674404,2304.0160514271824,0.02103662621774772,Baseline,0,19,0.02103662621774772,0.01613962139190056,153.70389386864042
2015,Singapore,0.1015763199345958,9523.389064490357,2216.899312870068,7306.48975162029,1663.9096175187017,3338.564082674404,2304.0160514271824,0.13239610912501223,25% equal weights,0.25,19,0.11245497658060129,0.08627717804458235,821.6511339048631
2015,Singapore,0.1015763199345958,9523.389064490357,2216.899312870068,7306.48975162029,1663.9096175187017,3338.564082674404,2304.0160514271824,0.13239610912501223,50% equal weights,0.5,19,0.09251384403619033,0.0709780361545689,675.9514533334225
2015,Singapore,0.1015763199345958,9523.389064490357,2216.899312870068,7306.48975162029,1663.9096175187017,3338.564082674404,2304.0160514271824,0.13239610912501223,Baseline,0,19,0.13239610912501223,0.1015763199345958,967.3508144763034
2015,UK,0.08999439055958947,9523.389064490357,2216.899312870068,7306.48975162029,1663.9096175187017,3338.564082674404,2304.0160514271824,0.11730004749963666,25% equal weights,0.25,19,0.1011329303615696,0.0775907310133276,738.9267192381368
2015,UK,0.08999439055958947,9523.389064490357,2216.899312870068,7306.48975162029,1663.9096175187017,3338.564082674404,2304.0160514271824,0.11730004749963666,50% equal weights,0.5,19,0.08496581322350254,0.06518707146706572,620.801843555605
2015,UK,0.08999439055958947,9523.389064490357,2216.899312870068,7306.48975162029,1663.9096175187017,3338.564082674404,2304.0160514271824,0.11730004749963666,Baseline,0,19,0.11730004749963666,0.08999439055958947,857.0515949206684
2015,US,0.07800825389215456,9523.389064490357,2216.899312870068,7306.48975162029,1663.9096175187017,3338.564082674404,2304.0160514271824,0.1016771359860986,25% equal weights,0.25,19,0.08941574672641604,0.06860112851275141,653.3152370900343
2015,US,0.07800825389215456,9523.389064490357,2216.899312870068,7306.48975162029,1663.9096175187017,3338.564082674404,2304.0160514271824,0.1016771359860986,50% equal weights,0.5,19,0.0771543574667335,0.059194003133348265,563.7275221235368
2015,US,0.07800825389215456,9523.389064490357,2216.899312870068,7306.48975162029,1663.9096175187017,3338.564082674404,2304.0160514271824,0.1016771359860986,Baseline,0,19,0.1016771359860986,0.07800825389215456,742.902952056532
2016,Austria,0.0021891917652298695,7905.563979386344,2128.9410793406223,5776.6229000457215,1269.5011195135398,2731.684951787722,1775.4368287444604,0.00299600577407147,25% equal weights,0.25,19,0.015404899067395707,0.011256412946330818,88.98829272561102
2016,Austria,0.0021891917652298695,7905.563979386344,2128.9410793406223,5776.6229000457215,1269.5011195135398,2731.684951787722,1775.4368287444604,0.00299600577407147,50% equal weights,0.5,19,0.027813792360719944,0.020323634127431767,160.66978988805158
2016,Austria,0.0021891917652298695,7905.563979386344,2128.9410793406223,5776.6229000457215,1269.5011195135398,2731.684951787722,1775.4368287444604,0.00299600577407147,Baseline,0,19,0.00299600577407147,0.0021891917652298695,17.30679556317046
2016,Bahamas,0.01940696980573425,7905.563979386344,2128.9410793406223,5776.6229000457215,1269.5011195135398,2731.684951787722,1775.4368287444604,0.026559296685964517,25% equal weights,0.25,19,0.03307736725131549,0.0241697464767091,191.07547713717148
2016,Bahamas,0.01940696980573425,7905.563979386344,2128.9410793406223,5776.6229000457215,1269.5011195135398,2731.684951787722,1775.4368287444604,0.026559296685964517,50% equal weights,0.5,19,0.03959543781666647,0.028932523147683957,228.72791282909188
2016,Bahamas,0.01940696980573425,7905.563979386344,2128.9410793406223,5776.6229000457215,1269.5011195135398,2731.684951787722,1775.4368287444604,0.026559296685964517,Baseline,0,19,0.026559296685964517,0.01940696980573425,153.42304144525107
2016,Bahrain,0.023912292646682,7905.563979386344,2128.9410793406223,5776.6229000457215,1269.5011195135398,2731.684951787722,1775.4368287444604,0.03272503029592912,25% equal weights,0.25,19,0.037701667458788946,0.027548738607419916,217.7883156123488
2016,Bahrain,0.023912292646682,7905.563979386344,2128.9410793406223,5776.6229000457215,1269.5011195135398,2731.684951787722,1775.4368287444604,0.03272503029592912,50% equal weights,0.5,19,0.04267830462164877,0.03118518456815783,246.53647181254343
2016,Bahrain,0.023912292646682,7905.563979386344,2128.9410793406223,5776.6229000457215,1269.5011195135398,2731.684951787722,1775.4368287444604,0.03272503029592912,Baseline,0,19,0.03272503029592912,0.023912292646681998,189.04015941215414
2016,Belgium,0.0051313068806852005,7905.563979386344,2128.9410793406223,5776.6229000457215,1269.5011195135398,2731.684951787722,1775.4368287444604,0.007022420460023649,25% equal weights,0.25,19,0.018424710081859842,0.013462999282922317,106.43260218557485
2016,Belgium,0.0051313068806852005,7905.563979386344,2128.9410793406223,5776.6229000457215,1269.5011195135398,2731.684951787722,1775.4368287444604,0.007022420460023649,50% equal weights,0.5,19,0.029826999703696032,0.02179469168515943,172.29932952802744
2016,Belgium,0.0051313068806852005,7905.563979386344,2128.9410793406223,5776.6229000457215,1269.5011195135398,2731.684951787722,1775.4368287444604,0.007022420460023649,Baseline,0,19,0.007022420460023649,0.0051313068806852005,40.565874843122224
2016,Bermuda,9.526934133065485e-4,7905.563979386344,2128.9410793406223,5776.6229000457215,1269.5011195135398,2731.684951787722,1775.4368287444604,0.0013038030804426,25% equal weights,0.25,19,0.014135747047174055,0.010329039182388328,81.65688010195933
2016,Bermuda,9.526934133065485e-4,7905.563979386344,2128.9410793406223,5776.6229000457215,1269.5011195135398,2731.684951787722,1775.4368287444604,0.0013038030804426,50% equal weights,0.5,19,0.02696769101390551,0.019705384951470107,155.78218147228378
2016,Bermuda,9.526934133065485e-4,7905.563979386344,2128.9410793406223,5776.6229000457215,1269.5011195135398,2731.684951787722,1775.4368287444604,0.0013038030804426,Baseline,0,19,0.0013038030804426,9.526934133065486e-4,7.531578731634877
2016,Cayman Islands,0.05992373589848509,7905.563979386344,2128.9410793406223,5776.6229000457215,1269.5011195135398,2731.684951787722,1775.4368287444604,0.08200828342552438,25% equal weights,0.25,19,0.07466410730598538,0.054557321046272235,431.3063920752262
2016,Cayman Islands,0.05992373589848509,7905.563979386344,2128.9410793406223,5776.6229000457215,1269.5011195135398,2731.684951787722,1775.4368287444604,0.08200828342552438,50% equal weights,0.5,19,0.0673199311864464,0.04919090619405938,388.8818561211284
2016,Cayman Islands,0.05992373589848509,7905.563979386344,2128.9410793406223,5776.6229000457215,1269.5011195135398,2731.684951787722,1775.4368287444604,0.08200828342552438,Baseline,0,19,0.08200828342552438,0.0599237358984851,473.7309280293241
2016,Cyprus,0.008404272069498831,7905.563979386344,2128.9410793406223,5776.6229000457215,1269.5011195135398,2731.684951787722,1775.4368287444604,0.011501618107193185,25% equal weights,0.25,19,0.021784108317236994,0.01591772317453254,125.83857896242769
2016,Cyprus,0.008404272069498831,7905.563979386344,2128.9410793406223,5776.6229000457215,1269.5011195135398,2731.684951787722,1775.4368287444604,0.011501618107193185,50% equal weights,0.5,19,0.032066598527280804,0.023431174279566248,185.2366473792627
2016,Cyprus,0.008404272069498831,7905.563979386344,2128.9410793406223,5776.6229000457215,1269.5011195135398,2731.684951787722,1775.4368287444604,0.011501618107193185,Baseline,0,19,0.011501618107193185,0.008404272069498831,66.44051054559267
2016,Guernsey,0.013423943815854437,7905.563979386344,2128.9410793406223,5776.6229000457215,1269.5011195135398,2731.684951787722,1775.4368287444604,0.018371260947479356,25% equal weights,0.25,19,0.02693634044745162,0.019682476984299244,155.60108107217684
2016,Guernsey,0.013423943815854437,7905.563979386344,2128.9410793406223,5776.6229000457215,1269.5011195135398,2731.684951787722,1775.4368287444604,0.018371260947479356,50% equal weights,0.5,19,0.03550141994742389,0.02594101015274405,205.0783154524288
2016,Guernsey,0.013423943815854437,7905.563979386344,2128.9410793406223,5776.6229000457215,1269.5011195135398,2731.684951787722,1775.4368287444604,0.018371260947479356,Baseline,0,19,0.018371260947479356,0.013423943815854437,106.12384669192491
2016,Hong Kong,0.18714975601078904,7905.563979386344,2128.9410793406223,5776.6229000457215,1269.5011195135398,2731.684951787722,1775.4368287444604,0.256122720051213,25% equal weights,0.25,19,0.20524993477525183,0.14997683613050017,1185.6514734556104
2016,Hong Kong,0.18714975601078904,7905.563979386344,2128.9410793406223,5776.6229000457215,1269.5011195135398,2731.684951787722,1775.4368287444604,0.256122720051213,50% equal weights,0.5,19,0.1543771494992907,0.11280391625021134,891.7785770413847
2016,Hong Kong,0.18714975601078904,7905.563979386344,2128.9410793406223,5776.6229000457215,1269.5011195135398,2731.684951787722,1775.4368287444604,0.256122720051213,Baseline,0,19,0.256122720051213,0.187149756010789,1479.5243698698366
2016,Isle of Man,0.010877037155827314,7905.563979386344,2128.9410793406223,5776.6229000457215,1269.5011195135398,2731.684951787722,1775.4368287444604,0.014885706515631252,25% equal weights,0.25,19,0.02432217462356554,0.0177722969892789,140.50003090939964
2016,Isle of Man,0.010877037155827314,7905.563979386344,2128.9410793406223,5776.6229000457215,1269.5011195135398,2731.684951787722,1775.4368287444604,0.014885706515631252,50% equal weights,0.5,19,0.03375864273149984,0.02466755682273049,195.01094867724402
2016,Isle of Man,0.010877037155827314,7905.563979386344,2128.9410793406223,5776.6229000457215,1269.5011195135398,2731.684951787722,1775.4368287444604,0.014885706515631252,Baseline,0,19,0.014885706515631252,0.010877037155827314,85.9891131415553
2016,Jersey,0.022342797489305163,7905.563979386344,2128.9410793406223,5776.6229000457215,1269.5011195135398,2731.684951787722,1775.4368287444604,0.030577106743245524,25% equal weights,0.25,19,0.03609072479427625,0.026371617239387288,208.48250732586408
2016,Jersey,0.022342797489305163,7905.563979386344,2128.9410793406223,5776.6229000457215,1269.5011195135398,2731.684951787722,1775.4368287444604,0.030577106743245524,50% equal weights,0.5,19,0.04160434284530697,0.030400436989469416,240.33259962155364
2016,Jersey,0.022342797489305163,7905.563979386344,2128.9410793406223,5776.6229000457215,1269.5011195135398,2731.684951787722,1775.4368287444604,0.030577106743245524,Baseline,0,19,0.030577106743245524,0.022342797489305163,176.63241503017454
2016,Luxembourg,0.07270718917200332,7905.563979386344,2128.9410793406223,5776.6229000457215,1269.5011195135398,2731.684951787722,1775.4368287444604,0.09950300473241361,25% equal weights,0.25,19,0.08778514828615232,0.06414491100141091,507.1016978736969
2016,Luxembourg,0.07270718917200332,7905.563979386344,2128.9410793406223,5776.6229000457215,1269.5011195135398,2731.684951787722,1775.4368287444604,0.09950300473241361,50% equal weights,0.5,19,0.07606729183989101,0.05558263283081849,439.4120599867755
2016,Luxembourg,0.07270718917200332,7905.563979386344,2128.9410793406223,5776.6229000457215,1269.5011195135398,2731.684951787722,1775.4368287444604,0.09950300473241361,Baseline,0,19,0.09950300473241361,0.07270718917200332,574.7913357606183
2016,Macao,0.009132610481883525,7905.563979386344,2128.9410793406223,5776.6229000457215,1269.5011195135398,2731.684951787722,1775.4368287444604,0.01249838144407403,25% equal weights,0.25,19,0.022531680819897627,0.01646397698382106,130.1570234007416
2016,Macao,0.009132610481883525,7905.563979386344,2128.9410793406223,5776.6229000457215,1269.5011195135398,2731.684951787722,1775.4368287444604,0.01249838144407403,50% equal weights,0.5,19,0.032564980195721224,0.023795343485758593,188.11561033813862
2016,Macao,0.009132610481883525,7905.563979386344,2128.9410793406223,5776.6229000457215,1269.5011195135398,2731.684951787722,1775.4368287444604,0.01249838144407403,Baseline,0,19,0.01249838144407403,0.009132610481883525,72.19843646334456
2016,Malaysia,0.006843808111256444,7905.563979386344,2128.9410793406223,5776.6229000457215,1269.5011195135398,2731.684951787722,1775.4368287444604,0.009366054150038564,25% equal weights,0.25,19,0.020182435349371027,0.01474737520585075,116.58631821786895
2016,Malaysia,0.006843808111256444,7905.563979386344,2128.9410793406223,5776.6229000457215,1269.5011195135398,2731.684951787722,1775.4368287444604,0.009366054150038564,50% equal weights,0.5,19,0.03099881654870349,0.022650942300445055,179.06847354955687
2016,Malaysia,0.006843808111256444,7905.563979386344,2128.9410793406223,5776.6229000457215,1269.5011195135398,2731.684951787722,1775.4368287444604,0.009366054150038564,Baseline,0,19,0.009366054150038564,0.006843808111256444,54.10416288618103
2016,Netherlands Antilles (then Curaçao),0.002730671393558713,7905.563979386344,2128.9410793406223,5776.6229000457215,1269.5011195135398,2731.684951787722,1775.4368287444604,0.0037370445988931713,25% equal weights,0.25,19,0.015960678186011983,0.01166252266757745,92.19881910957703
2016,Netherlands Antilles (then Curaçao),0.002730671393558713,7905.563979386344,2128.9410793406223,5776.6229000457215,1269.5011195135398,2731.684951787722,1775.4368287444604,0.0037370445988931713,50% equal weights,0.5,19,0.028184311773130796,0.02059437394159619,162.8101408106956
2016,Netherlands Antilles (then Curaçao),0.002730671393558713,7905.563979386344,2128.9410793406223,5776.6229000457215,1269.5011195135398,2731.684951787722,1775.4368287444604,0.0037370445988931713,Baseline,0,19,0.0037370445988931713,0.002730671393558713,21.58749740845847
2016,Panama,0.015039849885527428,7905.563979386344,2128.9410793406223,5776.6229000457215,1269.5011195135398,2731.684951787722,1775.4368287444604,0.020582699886721425,25% equal weights,0.25,19,0.028594919651883172,0.020894406536553986,165.18206768603577
2016,Panama,0.015039849885527428,7905.563979386344,2128.9410793406223,5776.6229000457215,1269.5011195135398,2731.684951787722,1775.4368287444604,0.020582699886721425,50% equal weights,0.5,19,0.03660713941704492,0.02674896318758055,211.46563986166808
2016,Panama,0.015039849885527428,7905.563979386344,2128.9410793406223,5776.6229000457215,1269.5011195135398,2731.684951787722,1775.4368287444604,0.020582699886721425,Baseline,0,19,0.020582699886721425,0.015039849885527428,118.89849551040346
2016,Singapore,0.0954107395168296,7905.563979386344,2128.9410793406223,5776.6229000457215,1269.5011195135398,2731.684951787722,1775.4368287444604,0.13057381771707674,25% equal weights,0.25,19,0.11108825802464965,0.0811725737600306,641.7149752313791
2016,Singapore,0.0954107395168296,7905.563979386344,2128.9410793406223,5776.6229000457215,1269.5011195135398,2731.684951787722,1775.4368287444604,0.13057381771707674,50% equal weights,0.5,19,0.09160269833222258,0.06693440800323162,529.154244891897
2016,Singapore,0.0954107395168296,7905.563979386344,2128.9410793406223,5776.6229000457215,1269.5011195135398,2731.684951787722,1775.4368287444604,0.13057381771707674,Baseline,0,19,0.13057381771707674,0.0954107395168296,754.2757055708613
2016,UK,0.08950492830281628,7905.563979386344,2128.9410793406223,5776.6229000457215,1269.5011195135398,2731.684951787722,1775.4368287444604,0.12249145381511768,25% equal weights,0.25,19,0.10502648509818037,0.07674321534952062,606.6983989294595
2016,UK,0.08950492830281628,7905.563979386344,2128.9410793406223,5776.6229000457215,1269.5011195135398,2731.684951787722,1775.4368287444604,0.12249145381511768,50% equal weights,0.5,19,0.08756151638124304,0.06398150239622497,505.80986069061714
2016,UK,0.08950492830281628,7905.563979386344,2128.9410793406223,5776.6229000457215,1269.5011195135398,2731.684951787722,1775.4368287444604,0.12249145381511768,Baseline,0,19,0.12249145381511768,0.08950492830281628,707.5869371683017
2016,US,0.08561965948776663,7905.563979386344,2128.9410793406223,5776.6229000457215,1269.5011195135398,2731.684951787722,1775.4368287444604,0.11717429156894675,25% equal weights,0.25,19,0.10103861341355216,0.07382926373823338,583.6619680335922
2016,US,0.08561965948776663,7905.563979386344,2128.9410793406223,5776.6229000457215,1269.5011195135398,2731.684951787722,1775.4368287444604,0.11717429156894675,50% equal weights,0.5,19,0.08490293525815759,0.062038867988700154,490.45224009337244
2016,US,0.08561965948776663,7905.563979386344,2128.9410793406223,5776.6229000457215,1269.5011195135398,2731.684951787722,1775.4368287444604,0.11717429156894675,Baseline,0,19,0.11717429156894675,0.08561965948776663,676.8716959738122
2017,Austria,0.002172457883413401,9429.189571691053,2444.343036082455,6984.846535608596,1367.537736187469,3361.3958183736736,2255.9129810474547,0.0029327082728002733,25% equal weights,0.25,19,0.01535742594144231,0.011376297248811278,107.2692633829489
2017,Austria,0.002172457883413401,9429.189571691053,2444.343036082455,6984.846535608596,1367.537736187469,3361.3958183736736,2255.9129810474547,0.0029327082728002733,50% equal weights,0.5,19,0.027782143610084346,0.02058013661420915,194.05400954667815
2017,Austria,0.002172457883413401,9429.189571691053,2444.343036082455,6984.846535608596,1367.537736187469,3361.3958183736736,2255.9129810474547,0.0029327082728002733,Baseline,0,19,0.0029327082728002733,0.002172457883413401,20.484517219219658
2017,Bahamas,0.014894772948113689,9429.189571691053,2444.343036082455,6984.846535608596,1367.537736187469,3361.3958183736736,2255.9129810474547,0.020107190192235544,25% equal weights,0.25,19,0.028238287381018762,0.02091803354733649,197.24010378482885
2017,Bahamas,0.014894772948113689,9429.189571691053,2444.343036082455,6984.846535608596,1367.537736187469,3361.3958183736736,2255.9129810474547,0.020107190192235544,50% equal weights,0.5,19,0.03636938456980198,0.026941294146559294,254.03456981459811
2017,Bahamas,0.014894772948113689,9429.189571691053,2444.343036082455,6984.846535608596,1367.537736187469,3361.3958183736736,2255.9129810474547,0.020107190192235544,Baseline,0,19,0.020107190192235544,0.014894772948113687,140.44563775505958
2017,Bahrain,0.02287273211509418,9429.189571691053,2444.343036082455,6984.846535608596,1367.537736187469,3361.3958183736736,2255.9129810474547,0.03087703159063572,25% equal weights,0.25,19,0.0363156684298189,0.026901502922571863,253.659370820331
2017,Bahrain,0.02287273211509418,9429.189571691053,2444.343036082455,6984.846535608596,1367.537736187469,3361.3958183736736,2255.9129810474547,0.03087703159063572,50% equal weights,0.5,19,0.04175430526900207,0.030930273730049543,291.64741450493284
2017,Bahrain,0.02287273211509418,9429.189571691053,2444.343036082455,6984.846535608596,1367.537736187469,3361.3958183736736,2255.9129810474547,0.03087703159063572,Baseline,0,19,0.03087703159063572,0.02287273211509418,215.6713271357291
2017,Belgium,0.0031037610440020967,9429.189571691053,2444.343036082455,6984.846535608596,1367.537736187469,3361.3958183736736,2255.9129810474547,0.004189920439902054,25% equal weights,0.25,19,0.016300335066768645,0.012074774619252798,113.85533892037829
2017,Belgium,0.0031037610440020967,9429.189571691053,2444.343036082455,6984.846535608596,1367.537736187469,3361.3958183736736,2255.9129810474547,0.004189920439902054,50% equal weights,0.5,19,0.028410749693635235,0.0210457881945035,198.44472657163107
2017,Belgium,0.0031037610440020967,9429.189571691053,2444.343036082455,6984.846535608596,1367.537736187469,3361.3958183736736,2255.9129810474547,0.004189920439902054,Baseline,0,19,0.004189920439902054,0.0031037610440020967,29.265951269125505
2017,Bermuda,6.811203382941918e-4,9429.189571691053,2444.343036082455,6984.846535608596,1367.537736187469,3361.3958183736736,2255.9129810474547,9.194780097413672e-4,25% equal weights,0.25,19,0.01384750324414813,0.010257794089971869,96.72268506171686
2017,Bermuda,6.811203382941918e-4,9429.189571691053,2444.343036082455,6984.846535608596,1367.537736187469,3361.3958183736736,2255.9129810474547,9.194780097413672e-4,50% equal weights,0.5,19,0.026775528478554893,0.019834467841649547,187.02295733252345
2017,Bermuda,6.811203382941918e-4,9429.189571691053,2444.343036082455,6984.846535608596,1367.537736187469,3361.3958183736736,2255.9129810474547,9.194780097413672e-4,Baseline,0,19,9.194780097413672e-4,6.811203382941918e-4,6.4224127909102755
2017,Cayman Islands,0.0484049162932051,9429.189571691053,2444.343036082455,6984.846535608596,1367.537736187469,3361.3958183736736,2255.9129810474547,0.06534418896730988,25% equal weights,0.25,19,0.06216603646232452,0.046050641056155056,434.2202244163851
2017,Cayman Islands,0.0484049162932051,9429.189571691053,2444.343036082455,6984.846535608596,1367.537736187469,3361.3958183736736,2255.9129810474547,0.06534418896730988,50% equal weights,0.5,19,0.05898788395733915,0.043696365819105,412.02131690230226
2017,Cayman Islands,0.0484049162932051,9429.189571691053,2444.343036082455,6984.846535608596,1367.537736187469,3361.3958183736736,2255.9129810474547,0.06534418896730988,Baseline,0,19,0.06534418896730988,0.048404916293205105,456.41913193046787
2017,Cyprus,0.008663887582763225,9429.189571691053,2444.343036082455,6984.846535608596,1367.537736187469,3361.3958183736736,2255.9129810474547,0.011695810069587531,25% equal weights,0.25,19,0.021929752289032753,0.016244869523323643,153.1759543028051
2017,Cyprus,0.008663887582763225,9429.189571691053,2444.343036082455,6984.846535608596,1367.537736187469,3361.3958183736736,2255.9129810474547,0.011695810069587531,50% equal weights,0.5,19,0.032163694508477975,0.02382585146388406,224.65847015991562
2017,Cyprus,0.008663887582763225,9429.189571691053,2444.343036082455,6984.846535608596,1367.537736187469,3361.3958183736736,2255.9129810474547,0.011695810069587531,Baseline,0,19,0.011695810069587531,0.008663887582763225,81.6934384456946
2017,Guernsey,0.01244165253854791,9429.189571691053,2444.343036082455,6984.846535608596,1367.537736187469,3361.3958183736736,2255.9129810474547,0.01679560170334619,25% equal weights,0.25,19,0.025754596014351747,0.019078193240162158,179.89190074684376
2017,Guernsey,0.01244165253854791,9429.189571691053,2444.343036082455,6984.846535608596,1367.537736187469,3361.3958183736736,2255.9129810474547,0.01679560170334619,50% equal weights,0.5,19,0.034713590325357306,0.025714733941776407,242.46910112260807
2017,Guernsey,0.01244165253854791,9429.189571691053,2444.343036082455,6984.846535608596,1367.537736187469,3361.3958183736736,2255.9129810474547,0.01679560170334619,Baseline,0,19,0.01679560170334619,0.01244165253854791,117.31470037107948
2017,Hong Kong,0.1930311413704509,9429.189571691053,2444.343036082455,6984.846535608596,1367.537736187469,3361.3958183736736,2255.9129810474547,0.2605822785000226,25% equal weights,0.25,19,0.20859460361185905,0.1545203098640894,1457.0012943849422
2017,Hong Kong,0.1930311413704509,9429.189571691053,2444.343036082455,6984.846535608596,1367.537736187469,3361.3958183736736,2255.9129810474547,0.2605822785000226,50% equal weights,0.5,19,0.1566069287236955,0.1160094783577279,1093.8753635480068
2017,Hong Kong,0.1930311413704509,9429.189571691053,2444.343036082455,6984.846535608596,1367.537736187469,3361.3958183736736,2255.9129810474547,0.2605822785000226,Baseline,0,19,0.2605822785000226,0.1930311413704509,1820.127225221877
2017,Isle of Man,0.009947980720873802,9429.189571691053,2444.343036082455,6984.846535608596,1367.537736187469,3361.3958183736736,2255.9129810474547,0.013429270864356063,25% equal weights,0.25,19,0.02322984788510915,0.017207939376906577,162.2569225230193
2017,Isle of Man,0.009947980720873802,9429.189571691053,2444.343036082455,6984.846535608596,1367.537736187469,3361.3958183736736,2255.9129810474547,0.013429270864356063,50% equal weights,0.5,19,0.03303042490586224,0.024467898032939354,230.7124489733918
2017,Isle of Man,0.009947980720873802,9429.189571691053,2444.343036082455,6984.846535608596,1367.537736187469,3361.3958183736736,2255.9129810474547,0.013429270864356063,Baseline,0,19,0.013429270864356063,0.009947980720873802,93.8013960726469
2017,Jersey,0.023387350232108348,9429.189571691053,2444.343036082455,6984.846535608596,1367.537736187469,3361.3958183736736,2255.9129810474547,0.031571740022326475,25% equal weights,0.25,19,0.03683669975358696,0.02728746651033248,257.2986946570959
2017,Jersey,0.023387350232108348,9429.189571691053,2444.343036082455,6984.846535608596,1367.537736187469,3361.3958183736736,2255.9129810474547,0.031571740022326475,50% equal weights,0.5,19,0.042101659484847447,0.031187582788556625,294.0736303961095
2017,Jersey,0.023387350232108348,9429.189571691053,2444.343036082455,6984.846535608596,1367.537736187469,3361.3958183736736,2255.9129810474547,0.031571740022326475,Baseline,0,19,0.031571740022326475,0.023387350232108348,220.52375891808234
2017,Luxembourg,0.07168250909107875,9429.189571691053,2444.343036082455,6984.846535608596,1367.537736187469,3361.3958183736736,2255.9129810474547,0.09676776200428809,25% equal weights,0.25,19,0.08573371624005817,0.06350883565456028,598.8368508642208
2017,Luxembourg,0.07168250909107875,9429.189571691053,2444.343036082455,6984.846535608596,1367.537736187469,3361.3958183736736,2255.9129810474547,0.09676776200428809,50% equal weights,0.5,19,0.07469967047582826,0.05533516221804183,521.7657345341928
2017,Luxembourg,0.07168250909107875,9429.189571691053,2444.343036082455,6984.846535608596,1367.537736187469,3361.3958183736736,2255.9129810474547,0.09676776200428809,Baseline,0,19,0.09676776200428809,0.07168250909107875,675.9079671942488
2017,Macao,0.009294276420530129,9429.189571691053,2444.343036082455,6984.846535608596,1367.537736187469,3361.3958183736736,2255.9129810474547,0.012546803119310165,25% equal weights,0.25,19,0.022567997076324727,0.01671766115164882,157.6339961941917
2017,Macao,0.009294276420530129,9429.189571691053,2444.343036082455,6984.846535608596,1367.537736187469,3361.3958183736736,2255.9129810474547,0.012546803119310165,50% equal weights,0.5,19,0.03258919103333929,0.024141045882767515,227.63049808750668
2017,Macao,0.009294276420530129,9429.189571691053,2444.343036082455,6984.846535608596,1367.537736187469,3361.3958183736736,2255.9129810474547,0.012546803119310165,Baseline,0,19,0.012546803119310165,0.009294276420530129,87.63749430087674
2017,Malaysia,0.008501416968039016,9429.189571691053,2444.343036082455,6984.846535608596,1367.537736187469,3361.3958183736736,2255.9129810474547,0.011476482956492947,25% equal weights,0.25,19,0.021765256954211814,0.016123016562280486,152.0269796332573
2017,Malaysia,0.008501416968039016,9429.189571691053,2444.343036082455,6984.846535608596,1367.537736187469,3361.3958183736736,2255.9129810474547,0.011476482956492947,50% equal weights,0.5,19,0.032054030951930684,0.02374461615652196,223.89248704688376
2017,Malaysia,0.008501416968039016,9429.189571691053,2444.343036082455,6984.846535608596,1367.537736187469,3361.3958183736736,2255.9129810474547,0.011476482956492947,Baseline,0,19,0.011476482956492947,0.008501416968039016,80.16147221963087
2017,Netherlands Antilles (then Curaçao),0,9429.189571691053,2444.343036082455,6984.846535608596,1367.537736187469,3361.3958183736736,2255.9129810474547,0,25% equal weights,0.25,19,0.013157894736842105,0.009746953836251225,91.90587546853416
2017,Netherlands Antilles (then Curaçao),0,9429.189571691053,2444.343036082455,6984.846535608596,1367.537736187469,3361.3958183736736,2255.9129810474547,0,50% equal weights,0.5,19,0.02631578947368421,0.01949390767250245,183.81175093706833
2017,Netherlands Antilles (then Curaçao),0,9429.189571691053,2444.343036082455,6984.846535608596,1367.537736187469,3361.3958183736736,2255.9129810474547,0,Baseline,0,19,0,0,0
2017,Panama,0.012725505203531617,9429.189571691053,2444.343036082455,6984.846535608596,1367.537736187469,3361.3958183736736,2255.9129810474547,0.017178788445519597,25% equal weights,0.25,19,0.026041986070981803,0.01929108273889994,181.89927618826457
2017,Panama,0.012725505203531617,9429.189571691053,2444.343036082455,6984.846535608596,1367.537736187469,3361.3958183736736,2255.9129810474547,0.017178788445519597,50% equal weights,0.5,19,0.034905183696444006,0.025856660274268257,243.80735141688857
2017,Panama,0.012725505203531617,9429.189571691053,2444.343036082455,6984.846535608596,1367.537736187469,3361.3958183736736,2255.9129810474547,0.017178788445519597,Baseline,0,19,0.017178788445519597,0.012725505203531617,119.99120095964054
2017,Singapore,0.10721284594645054,9429.189571691053,2444.343036082455,6984.846535608596,1367.537736187469,3361.3958183736736,2255.9129810474547,0.14473191984904613,25% equal weights,0.25,19,0.1217068346236267,0.09015658829608914,850.1035621807273
2017,Singapore,0.10721284594645054,9429.189571691053,2444.343036082455,6984.846535608596,1367.537736187469,3361.3958183736736,2255.9129810474547,0.14473191984904613,50% equal weights,0.5,19,0.09868174939820727,0.07310033064572773,689.2768754118638
2017,Singapore,0.10721284594645054,9429.189571691053,2444.343036082455,6984.846535608596,1367.537736187469,3361.3958183736736,2255.9129810474547,0.14473191984904613,Baseline,0,19,0.14473191984904613,0.10721284594645054,1010.9302489495908
2017,UK,0.10784821365883102,9429.189571691053,2444.343036082455,6984.846535608596,1367.537736187469,3361.3958183736736,2255.9129810474547,0.14558963412769566,25% equal weights,0.25,19,0.12235012033261385,0.09063311408037449,854.5968141365527
2017,UK,0.10784821365883102,9429.189571691053,2444.343036082455,6984.846535608596,1367.537736187469,3361.3958183736736,2255.9129810474547,0.14558963412769566,50% equal weights,0.5,19,0.09911060653753204,0.07341801450191796,692.2723767157473
2017,UK,0.10784821365883102,9429.189571691053,2444.343036082455,6984.846535608596,1367.537736187469,3361.3958183736736,2255.9129810474547,0.14558963412769566,Baseline,0,19,0.14558963412769566,0.10784821365883103,1016.921251557358
2017,US,0.08390195119976553,9429.189571691053,2444.343036082455,6984.846535608596,1367.537736187469,3361.3958183736736,2255.9129810474547,0.11326339086538413,25% equal weights,0.25,19,0.0981054378858802,0.07267341723607537,685.2514279415547
2017,US,0.08390195119976553,9429.189571691053,2444.343036082455,6984.846535608596,1367.537736187469,3361.3958183736736,2255.9129810474547,0.11326339086538413,50% equal weights,0.5,19,0.08294748490637627,0.0614448832723852,579.3754525857486
2017,US,0.08390195119976553,9429.189571691053,2444.343036082455,6984.846535608596,1367.537736187469,3361.3958183736736,2255.9129810474547,0.11326339086538413,Baseline,0,19,0.11326339086538413,0.08390195119976553,791.1274032973607
2018,Austria,0.0023838546282483417,8765.78477137622,2281.5675692115733,6484.2172021646475,1192.6810822994555,3294.3379380331867,1997.1981818320048,0.0032226490794444915,25% equal weights,0.25,19,0.015574881546425473,0.011521035192968043,100.99091484500877
2018,Austria,0.0023838546282483417,8765.78477137622,2281.5675692115733,6484.2172021646475,1192.6810822994555,3294.3379380331867,1997.1981818320048,0.0032226490794444915,50% equal weights,0.5,19,0.027927114013406456,0.020658215757687746,181.08547309254354
2018,Austria,0.0023838546282483417,8765.78477137622,2281.5675692115733,6484.2172021646475,1192.6810822994555,3294.3379380331867,1997.1981818320048,0.0032226490794444915,Baseline,0,19,0.0032226490794444915,0.0023838546282483417,20.89635659747404
2018,Bahamas,0.014457990486205993,8765.78477137622,2281.5675692115733,6484.2172021646475,1192.6810822994555,3294.3379380331867,1997.1981818320048,0.01954524792697848,25% equal weights,0.25,19,0.027816830682075962,0.02057663708643628,180.37037201841832
2018,Bahamas,0.014457990486205993,8765.78477137622,2281.5675692115733,6484.2172021646475,1192.6810822994555,3294.3379380331867,1997.1981818320048,0.01954524792697848,50% equal weights,0.5,19,0.03608841343717345,0.02669528368666657,234.00511120814988
2018,Bahamas,0.014457990486205993,8765.78477137622,2281.5675692115733,6484.2172021646475,1192.6810822994555,3294.3379380331867,1997.1981818320048,0.01954524792697848,Baseline,0,19,0.01954524792697848,0.01445799048620599,126.73563282868676
2018,Bahrain,0.023529157649701017,8765.78477137622,2281.5675692115733,6484.2172021646475,1192.6810822994555,3294.3379380331867,1997.1981818320048,0.03180823920275309,25% equal weights,0.25,19,0.03701407413890692,0.02738001245905755,240.00729625369786
2018,Bahrain,0.023529157649701017,8765.78477137622,2281.5675692115733,6484.2172021646475,1192.6810822994555,3294.3379380331867,1997.1981818320048,0.03180823920275309,50% equal weights,0.5,19,0.04221990907506075,0.03123086726841408,273.76306069833623
2018,Bahrain,0.023529157649701017,8765.78477137622,2281.5675692115733,6484.2172021646475,1192.6810822994555,3294.3379380331867,1997.1981818320048,0.03180823920275309,Baseline,0,19,0.03180823920275309,0.023529157649701017,206.2515318090595
2018,Belgium,0.0025223281357785554,8765.78477137622,2281.5675692115733,6484.2172021646475,1192.6810822994555,3294.3379380331867,1997.1981818320048,0.0034098465353135177,25% equal weights,0.25,19,0.015715279638327244,0.011624890323615704,101.90128656766933
2018,Belgium,0.0025223281357785554,8765.78477137622,2281.5675692115733,6484.2172021646475,1192.6810822994555,3294.3379380331867,1997.1981818320048,0.0034098465353135177,50% equal weights,0.5,19,0.028020712741340967,0.020727452511452853,181.69238757431722
2018,Belgium,0.0025223281357785554,8765.78477137622,2281.5675692115733,6484.2172021646475,1192.6810822994555,3294.3379380331867,1997.1981818320048,0.0034098465353135177,Baseline,0,19,0.0034098465353135177,0.0025223281357785554,22.110185561021435
2018,Bermuda,4.922385030888648e-4,8765.78477137622,2281.5675692115733,6484.2172021646475,1192.6810822994555,3294.3379380331867,1997.1981818320048,6.654398888459436e-4,25% equal weights,0.25,19,0.013656974653476562,0.010102323099098436,88.5547899775993
2018,Bermuda,4.922385030888648e-4,8765.78477137622,2281.5675692115733,6484.2172021646475,1192.6810822994555,3294.3379380331867,1997.1981818320048,6.654398888459436e-4,50% equal weights,0.5,19,0.02664850941810718,0.019712407695108007,172.7947231809372
2018,Bermuda,4.922385030888648e-4,8765.78477137622,2281.5675692115733,6484.2172021646475,1192.6810822994555,3294.3379380331867,1997.1981818320048,6.654398888459436e-4,Baseline,0,19,6.654398888459436e-4,4.922385030888648e-4,4.314856774261398
2018,Cayman Islands,0.03378297456645349,8765.78477137622,2281.5675692115733,6484.2172021646475,1192.6810822994555,3294.3379380331867,1997.1981818320048,0.04567001301059883,25% equal weights,0.25,19,0.047410404494791225,0.0350703751466219,307.4193603867094
2018,Cayman Islands,0.03378297456645349,8765.78477137622,2281.5675692115733,6484.2172021646475,1192.6810822994555,3294.3379380331867,1997.1981818320048,0.04567001301059883,50% equal weights,0.5,19,0.04915079597898363,0.036357775726790324,318.7044367870106
2018,Cayman Islands,0.03378297456645349,8765.78477137622,2281.5675692115733,6484.2172021646475,1192.6810822994555,3294.3379380331867,1997.1981818320048,0.04567001301059883,Baseline,0,19,0.04567001301059883,0.03378297456645349,296.1342839864082
2018,Cyprus,0.007180493026700619,8765.78477137622,2281.5675692115733,6484.2172021646475,1192.6810822994555,3294.3379380331867,1997.1981818320048,0.009707055526056881,25% equal weights,0.25,19,0.020438186381384765,0.015118513991807251,132.52563971522233
2018,Cyprus,0.007180493026700619,8765.78477137622,2281.5675692115733,6484.2172021646475,1192.6810822994555,3294.3379380331867,1997.1981818320048,0.009707055526056881,50% equal weights,0.5,19,0.03116931723671265,0.023056534956913885,202.10862300601923
2018,Cyprus,0.007180493026700619,8765.78477137622,2281.5675692115733,6484.2172021646475,1192.6810822994555,3294.3379380331867,1997.1981818320048,0.009707055526056881,Baseline,0,19,0.009707055526056881,0.007180493026700619,62.94265642442543
2018,Guernsey,0.009398218496763635,8765.78477137622,2281.5675692115733,6484.2172021646475,1192.6810822994555,3294.3379380331867,1997.1981818320048,0.012705120449928001,25% equal weights,0.25,19,0.022686735074288106,0.016781808094354516,147.105717829651
2018,Guernsey,0.009398218496763635,8765.78477137622,2281.5675692115733,6484.2172021646475,1192.6810822994555,3294.3379380331867,1997.1981818320048,0.012705120449928001,50% equal weights,0.5,19,0.03266834969864821,0.02416539769194539,211.82867508230498
2018,Guernsey,0.009398218496763635,8765.78477137622,2281.5675692115733,6484.2172021646475,1192.6810822994555,3294.3379380331867,1997.1981818320048,0.012705120449928001,Baseline,0,19,0.012705120449928001,0.009398218496763635,82.38276057699699
2018,Hong Kong,0.21472626364936656,8765.78477137622,2281.5675692115733,6484.2172021646475,1192.6810822994555,3294.3379380331867,1997.1981818320048,0.2902808701848817,25% equal weights,0.25,19,0.23086854737550339,0.17077784195880671,1497.0018063310029
2018,Hong Kong,0.21472626364936656,8765.78477137622,2281.5675692115733,6484.2172021646475,1192.6810822994555,3294.3379380331867,1997.1981818320048,0.2902808701848817,50% equal weights,0.5,19,0.17145622456612505,0.12682942026824687,1111.7594007498728
2018,Hong Kong,0.21472626364936656,8765.78477137622,2281.5675692115733,6484.2172021646475,1192.6810822994555,3294.3379380331867,1997.1981818320048,0.2902808701848817,Baseline,0,19,0.2902808701848817,0.21472626364936656,1882.2442119121329
2018,Isle of Man,0.0094814395258777575,8765.78477137622,2281.5675692115733,6484.2172021646475,1192.6810822994555,3294.3379380331867,1997.1981818320048,0.012817624026986356,25% equal weights,0.25,19,0.022771112757081872,0.016844223866190108,147.65284105190113
2018,Isle of Man,0.0094814395258777575,8765.78477137622,2281.5675692115733,6484.2172021646475,1192.6810822994555,3294.3379380331867,1997.1981818320048,0.012817624026986356,50% equal weights,0.5,19,0.03272460148717739,0.024207008206502456,212.19342389713842
2018,Isle of Man,0.0094814395258777575,8765.78477137622,2281.5675692115733,6484.2172021646475,1192.6810822994555,3294.3379380331867,1997.1981818320048,0.012817624026986356,Baseline,0,19,0.012817624026986356,0.0094814395258777575,83.11225820666382
2018,Jersey,0.021432906997291706,8765.78477137622,2281.5675692115733,6484.2172021646475,1192.6810822994555,3294.3379380331867,1997.1981818320048,0.028974391804837,25% equal weights,0.25,19,0.034888688590469855,0.025807824469750565,226.2258347192901
2018,Jersey,0.021432906997291706,8765.78477137622,2281.5675692115733,6484.2172021646475,1192.6810822994555,3294.3379380331867,1997.1981818320048,0.028974391804837,50% equal weights,0.5,19,0.04080298537610271,0.030182741942209428,264.57541967539777
2018,Jersey,0.021432906997291706,8765.78477137622,2281.5675692115733,6484.2172021646475,1192.6810822994555,3294.3379380331867,1997.1981818320048,0.028974391804837,Baseline,0,19,0.028974391804837,0.021432906997291706,187.87624976318247
2018,Luxembourg,0.06371089376350272,8765.78477137622,2281.5675692115733,6484.2172021646475,1192.6810822994555,3294.3379380331867,1997.1981818320048,0.08612851249591741,25% equal weights,0.25,19,0.07775427910878016,0.057516314544408836,504.1756341390636
2018,Luxembourg,0.06371089376350272,8765.78477137622,2281.5675692115733,6484.2172021646475,1192.6810822994555,3294.3379380331867,1997.1981818320048,0.08612851249591741,50% equal weights,0.5,19,0.06938004572164291,0.05132173532531494,449.87528595524674
2018,Luxembourg,0.06371089376350272,8765.78477137622,2281.5675692115733,6484.2172021646475,1192.6810822994555,3294.3379380331867,1997.1981818320048,0.08612851249591741,Baseline,0,19,0.08612851249591741,0.06371089376350272,558.4759823228804
2018,Macao,0.008914791979859565,8765.78477137622,2281.5675692115733,6484.2172021646475,1192.6810822994555,3294.3379380331867,1997.1981818320048,0.012051593174724684,25% equal weights,0.25,19,0.022196589617885617,0.01641923820667646,143.92750822968313
2018,Macao,0.008914791979859565,8765.78477137622,2281.5675692115733,6484.2172021646475,1192.6810822994555,3294.3379380331867,1997.1981818320048,0.012051593174724684,50% equal weights,0.5,19,0.03234158606104655,0.023923684433493356,209.7098686823264
2018,Macao,0.008914791979859565,8765.78477137622,2281.5675692115733,6484.2172021646475,1192.6810822994555,3294.3379380331867,1997.1981818320048,0.012051593174724684,Baseline,0,19,0.012051593174724684,0.008914791979859565,78.14514777703985
2018,Malaysia,0.008681525713361076,8765.78477137622,2281.5675692115733,6484.2172021646475,1192.6810822994555,3294.3379380331867,1997.1981818320048,0.011736248727924592,25% equal weights,0.25,19,0.021960081282785548,0.016244288506802592,142.39393681477193
2018,Malaysia,0.008681525713361076,8765.78477137622,2281.5675692115733,6484.2172021646475,1192.6810822994555,3294.3379380331867,1997.1981818320048,0.011736248727924592,50% equal weights,0.5,19,0.0321839138376465,0.02380705130024411,208.68748773905227
2018,Malaysia,0.008681525713361076,8765.78477137622,2281.5675692115733,6484.2172021646475,1192.6810822994555,3294.3379380331867,1997.1981818320048,0.011736248727924592,Baseline,0,19,0.011736248727924592,0.008681525713361076,76.1003858904916
2018,Netherlands Antilles (then Curaçao),0,8765.78477137622,2281.5675692115733,6484.2172021646475,1192.6810822994555,3294.3379380331867,1997.1981818320048,0,25% equal weights,0.25,19,0.013157894736842105,0.009733144221781788,85.31864739690324
2018,Netherlands Antilles (then Curaçao),0,8765.78477137622,2281.5675692115733,6484.2172021646475,1192.6810822994555,3294.3379380331867,1997.1981818320048,0,50% equal weights,0.5,19,0.02631578947368421,0.019466288443563576,170.6372947938065
2018,Netherlands Antilles (then Curaçao),0,8765.78477137622,2281.5675692115733,6484.2172021646475,1192.6810822994555,3294.3379380331867,1997.1981818320048,0,Baseline,0,19,0,0,0
2018,Panama,0.012308489647724886,8765.78477137622,2281.5675692115733,6484.2172021646475,1192.6810822994555,3294.3379380331867,1997.1981818320048,0.016639413478723417,25% equal weights,0.25,19,0.02563745484588467,0.018964511457575453,166.23882573140477
2018,Panama,0.012308489647724886,8765.78477137622,2281.5675692115733,6484.2172021646475,1192.6810822994555,3294.3379380331867,1997.1981818320048,0.016639413478723417,50% equal weights,0.5,19,0.034635496213045916,0.025620533267426016,224.58408035014082
2018,Panama,0.012308489647724886,8765.78477137622,2281.5675692115733,6484.2172021646475,1192.6810822994555,3294.3379380331867,1997.1981818320048,0.016639413478723417,Baseline,0,19,0.016639413478723417,0.012308489647724886,107.89357111266868
2018,Singapore,0.10501583087545847,8765.78477137622,2281.5675692115733,6484.2172021646475,1192.6810822994555,3294.3379380331867,1997.1981818320048,0.14196720164373977,25% equal weights,0.25,19,0.11963329596964693,0.08849501737837565,775.7282756780393
2018,Singapore,0.10501583087545847,8765.78477137622,2281.5675692115733,6484.2172021646475,1192.6810822994555,3294.3379380331867,1997.1981818320048,0.14196720164373977,50% equal weights,0.5,19,0.0972993902955541,0.07197420388129282,630.9103803145638
2018,Singapore,0.10501583087545847,8765.78477137622,2281.5675692115733,6484.2172021646475,1192.6810822994555,3294.3379380331867,1997.1981818320048,0.14196720164373977,Baseline,0,19,0.14196720164373977,0.10501583087545847,920.5461710415146
2018,UK,0.11173006843351854,8765.78477137622,2281.5675692115733,6484.2172021646475,1192.6810822994555,3294.3379380331867,1997.1981818320048,0.15104394282973788,25% equal weights,0.25,19,0.1264408518591455,0.09353069554692069,819.8699466814231
2018,UK,0.11173006843351854,8765.78477137622,2281.5675692115733,6484.2172021646475,1192.6810822994555,3294.3379380331867,1997.1981818320048,0.15104394282973788,50% equal weights,0.5,19,0.10183776088855315,0.07533132266032284,660.3381609834864
2018,UK,0.11173006843351854,8765.78477137622,2281.5675692115733,6484.2172021646475,1192.6810822994555,3294.3379380331867,1997.1981818320048,0.15104394282973788,Baseline,0,19,0.15104394282973788,0.11173006843351854,979.4017323793599
2018,US,0.08996949477651399,8765.78477137622,2281.5675692115733,6484.2172021646475,1192.6810822994555,3294.3379380331867,1997.1981818320048,0.12162659001260785,25% equal weights,0.25,19,0.104377837246298,0.07721026530416727,676.8085677971874
2018,US,0.08996949477651399,8765.78477137622,2281.5675692115733,6484.2172021646475,1192.6810822994555,3294.3379380331867,1997.1981818320048,0.12162659001260785,50% equal weights,0.5,19,0.08712908447998813,0.06445103583182056,564.9639083939958
2018,US,0.08996949477651399,8765.78477137622,2281.5675692115733,6484.2172021646475,1192.6810822994555,3294.3379380331867,1997.1981818320048,0.12162659001260785,Baseline,0,19,0.12162659001260785,0.08996949477651399,788.6532272003788
2019,Austria,0.002907256436739894,10740.665488591729,2594.5728950462894,8146.09259354544,1490.9855269089578,4208.581177890415,2446.525888746066,0.003833232745392579,25% equal weights,0.25,19,0.016032819295886538,0.012159845277613063,130.60483051987373
2019,Austria,0.002907256436739894,10740.665488591729,2594.5728950462894,8146.09259354544,1490.9855269089578,4208.581177890415,2446.525888746066,0.003833232745392579,50% equal weights,0.5,19,0.0282324058463805,0.021412434118486236,229.98379216316914
2019,Austria,0.002907256436739894,10740.665488591729,2594.5728950462894,8146.09259354544,1490.9855269089578,4208.581177890415,2446.525888746066,0.003833232745392579,Baseline,0,19,0.003833232745392579,0.002907256436739894,31.22586887657834
2019,Bahamas,0.017301176203216355,10740.665488591729,2594.5728950462894,8146.09259354544,1490.9855269089578,4208.581177890415,2446.525888746066,0.022811690884187812,25% equal weights,0.25,19,0.030266662899982963,0.02295528510247041,246.55503848088776
2019,Bahamas,0.017301176203216355,10740.665488591729,2594.5728950462894,8146.09259354544,1490.9855269089578,4208.581177890415,2446.525888746066,0.022811690884187812,50% equal weights,0.5,19,0.03772163491577812,0.028609394001724468,307.2839308038452
2019,Bahamas,0.017301176203216355,10740.665488591729,2594.5728950462894,8146.09259354544,1490.9855269089578,4208.581177890415,2446.525888746066,0.022811690884187812,Baseline,0,19,0.022811690884187812,0.017301176203216355,185.82614615793037
2019,Bahrain,0.024040348409031933,10740.665488591729,2594.5728950462894,8146.09259354544,1490.9855269089578,4208.581177890415,2446.525888746066,0.03169732451791705,25% equal weights,0.25,19,0.03693088812527989,0.028009664256832094,300.84243423039777
2019,Bahrain,0.024040348409031933,10740.665488591729,2594.5728950462894,8146.09259354544,1490.9855269089578,4208.581177890415,2446.525888746066,0.03169732451791705,50% equal weights,0.5,19,0.04216445173264273,0.03197898010463225,343.4755279701851
2019,Bahrain,0.024040348409031933,10740.665488591729,2594.5728950462894,8146.09259354544,1490.9855269089578,4208.581177890415,2446.525888746066,0.03169732451791705,Baseline,0,19,0.03169732451791705,0.024040348409031933,258.2093404906104
2019,Belgium,0.002158636397893136,10740.665488591729,2594.5728950462894,8146.09259354544,1490.9855269089578,4208.581177890415,2446.525888746066,0.002846173327275898,25% equal weights,0.25,19,0.015292524732299029,0.011598380248477997,124.57432245839158
2019,Belgium,0.002158636397893136,10740.665488591729,2594.5728950462894,8146.09259354544,1490.9855269089578,4208.581177890415,2446.525888746066,0.002846173327275898,50% equal weights,0.5,19,0.027738876137322156,0.021038124099062853,225.96345345551435
2019,Belgium,0.002158636397893136,10740.665488591729,2594.5728950462894,8146.09259354544,1490.9855269089578,4208.581177890415,2446.525888746066,0.002846173327275898,Baseline,0,19,0.002846173327275898,0.002158636397893136,23.185191461268772
2019,Bermuda,6.01472603939905e-4,10740.665488591729,2594.5728950462894,8146.09259354544,1490.9855269089578,4208.581177890415,2446.525888746066,7.93044759224747e-4,25% equal weights,0.25,19,0.013752678306260665,0.010430507403013073,112.03059089204305
2019,Bermuda,6.01472603939905e-4,10740.665488591729,2594.5728950462894,8146.09259354544,1490.9855269089578,4208.581177890415,2446.525888746066,7.93044759224747e-4,50% equal weights,0.5,19,0.02671231185329658,0.02025954220208624,217.60096574461534
2019,Bermuda,6.01472603939905e-4,10740.665488591729,2594.5728950462894,8146.09259354544,1490.9855269089578,4208.581177890415,2446.525888746066,7.93044759224747e-4,Baseline,0,19,7.93044759224747e-4,6.01472603939905e-4,6.460216039470738
2019,Cayman Islands,0.02912732507028336,10740.665488591729,2594.5728950462894,8146.09259354544,1490.9855269089578,4208.581177890415,2446.525888746066,0.038404529725732495,25% equal weights,0.25,19,0.041961292031141476,0.031824896752770664,341.82057023047884
2019,Cayman Islands,0.02912732507028336,10740.665488591729,2594.5728950462894,8146.09259354544,1490.9855269089578,4208.581177890415,2446.525888746066,0.038404529725732495,50% equal weights,0.5,19,0.045518054336550456,0.03452246843525797,370.79428530357256
2019,Cayman Islands,0.02912732507028336,10740.665488591729,2594.5728950462894,8146.09259354544,1490.9855269089578,4208.581177890415,2446.525888746066,0.038404529725732495,Baseline,0,19,0.038404529725732495,0.02912732507028336,312.84685515738516
2019,Cyprus,0.006754731321478584,10740.665488591729,2594.5728950462894,8146.09259354544,1490.9855269089578,4208.581177890415,2446.525888746066,0.008906148408722963,25% equal weights,0.25,19,0.01983750604338433,0.015045451441167083,161.598161054426
2019,Cyprus,0.006754731321478584,10740.665488591729,2594.5728950462894,8146.09259354544,1490.9855269089578,4208.581177890415,2446.525888746066,0.008906148408722963,50% equal weights,0.5,19,0.03076886367804569,0.02333617156085558,250.6460125195373
2019,Cyprus,0.006754731321478584,10740.665488591729,2594.5728950462894,8146.09259354544,1490.9855269089578,4208.581177890415,2446.525888746066,0.008906148408722963,Baseline,0,19,0.008906148408722963,0.006754731321478584,72.55030958931464
2019,Guernsey,0.009087776123640565,10740.665488591729,2594.5728950462894,8146.09259354544,1490.9855269089578,4208.581177890415,2446.525888746066,0.01198228012489994,25% equal weights,0.25,19,0.02214460483051706,0.016795235042788566,180.3920013968656
2019,Guernsey,0.009087776123640565,10740.665488591729,2594.5728950462894,8146.09259354544,1490.9855269089578,4208.581177890415,2446.525888746066,0.01198228012489994,50% equal weights,0.5,19,0.03230692953613418,0.024502693961936568,263.175239414497
2019,Guernsey,0.009087776123640565,10740.665488591729,2594.5728950462894,8146.09259354544,1490.9855269089578,4208.581177890415,2446.525888746066,0.01198228012489994,Baseline,0,19,0.01198228012489994,0.009087776123640565,97.60876337923413
2019,Hong Kong,0.21048647550914223,10740.665488591729,2594.5728950462894,8146.09259354544,1490.9855269089578,4208.581177890415,2446.525888746066,0.2775275136336739,25% equal weights,0.25,19,0.2213035299620975,0.1678442595819148,1802.7590463497038
2019,Hong Kong,0.21048647550914223,10740.665488591729,2594.5728950462894,8146.09259354544,1490.9855269089578,4208.581177890415,2446.525888746066,0.2775275136336739,50% equal weights,0.5,19,0.16507954629052116,0.1252020436546874,1344.753269383056
2019,Hong Kong,0.21048647550914223,10740.665488591729,2594.5728950462894,8146.09259354544,1490.9855269089578,4208.581177890415,2446.525888746066,0.2775275136336739,Baseline,0,19,0.2775275136336739,0.21048647550914223,2260.764823316352
2019,Isle of Man,0.00968898177466324,10740.665488591729,2594.5728950462894,8146.09259354544,1490.9855269089578,4208.581177890415,2446.525888746066,0.012774972905313714,25% equal weights,0.25,19,0.02273912441582739,0.017246139281055575,185.23501298747976
2019,Isle of Man,0.00968898177466324,10740.665488591729,2594.5728950462894,8146.09259354544,1490.9855269089578,4208.581177890415,2446.525888746066,0.012774972905313714,50% equal weights,0.5,19,0.03270327592634106,0.024803296787447908,266.4039138082398
2019,Isle of Man,0.00968898177466324,10740.665488591729,2594.5728950462894,8146.09259354544,1490.9855269089578,4208.581177890415,2446.525888746066,0.012774972905313714,Baseline,0,19,0.012774972905313714,0.00968898177466324,104.0661121667197
2019,Jersey,0.023937391273713828,10740.665488591729,2594.5728950462894,8146.09259354544,1490.9855269089578,4208.581177890415,2446.525888746066,0.03156157499906286,25% equal weights,0.25,19,0.03682907598613925,0.027932446405343512,300.01306311781116
2019,Jersey,0.023937391273713828,10740.665488591729,2594.5728950462894,8146.09259354544,1490.9855269089578,4208.581177890415,2446.525888746066,0.03156157499906286,50% equal weights,0.5,19,0.042096576973215644,0.031927501536973206,342.9226138951275
2019,Jersey,0.023937391273713828,10740.665488591729,2594.5728950462894,8146.09259354544,1490.9855269089578,4208.581177890415,2446.525888746066,0.03156157499906286,Baseline,0,19,0.03156157499906286,0.023937391273713828,257.1035123404949
2019,Luxembourg,0.060997857810679464,10740.665488591729,2594.5728950462894,8146.09259354544,1490.9855269089578,4208.581177890415,2446.525888746066,0.08042599304411353,25% equal weights,0.25,19,0.07347738951992726,0.05572779630806774,598.5536185613328
2019,Luxembourg,0.060997857810679464,10740.665488591729,2594.5728950462894,8146.09259354544,1490.9855269089578,4208.581177890415,2446.525888746066,0.08042599304411353,50% equal weights,0.5,19,0.06652878599574097,0.05045773480545601,541.949650857475
2019,Luxembourg,0.060997857810679464,10740.665488591729,2594.5728950462894,8146.09259354544,1490.9855269089578,4208.581177890415,2446.525888746066,0.08042599304411353,Baseline,0,19,0.08042599304411353,0.060997857810679464,655.1575862651903
2019,Macao,0.009496863823576434,10740.665488591729,2594.5728950462894,8146.09259354544,1490.9855269089578,4208.581177890415,2446.525888746066,0.012521664386747153,25% equal weights,0.25,19,0.02254914302690247,0.01710205081774047,183.687407002247
2019,Macao,0.009496863823576434,10740.665488591729,2594.5728950462894,8146.09259354544,1490.9855269089578,4208.581177890415,2446.525888746066,0.012521664386747153,50% equal weights,0.5,19,0.032576621667057784,0.024707237811904502,265.3721764847513
2019,Macao,0.009496863823576434,10740.665488591729,2594.5728950462894,8146.09259354544,1490.9855269089578,4208.581177890415,2446.525888746066,0.012521664386747153,Baseline,0,19,0.012521664386747153,0.009496863823576434,102.00263751974269
2019,Malaysia,0.008876229840864516,10740.665488591729,2594.5728950462894,8146.09259354544,1490.9855269089578,4208.581177890415,2446.525888746066,0.011703355249868087,25% equal weights,0.25,19,0.02193541117424317,0.016636575330706532,178.68789050287617
2019,Malaysia,0.008876229840864516,10740.665488591729,2594.5728950462894,8146.09259354544,1490.9855269089578,4208.581177890415,2446.525888746066,0.011703355249868087,50% equal weights,0.5,19,0.03216746709861825,0.024396920820548545,262.03916548517077
2019,Malaysia,0.008876229840864516,10740.665488591729,2594.5728950462894,8146.09259354544,1490.9855269089578,4208.581177890415,2446.525888746066,0.011703355249868087,Baseline,0,19,0.011703355249868087,0.008876229840864516,95.33661552058156
2019,Netherlands Antilles (then Curaçao),0,10740.665488591729,2594.5728950462894,8146.09259354544,1490.9855269089578,4208.581177890415,2446.525888746066,0,25% equal weights,0.25,19,0.013157894736842105,0.009979402950058143,107.18542886243999
2019,Netherlands Antilles (then Curaçao),0,10740.665488591729,2594.5728950462894,8146.09259354544,1490.9855269089578,4208.581177890415,2446.525888746066,0,50% equal weights,0.5,19,0.02631578947368421,0.019958805900116287,214.37085772487998
2019,Netherlands Antilles (then Curaçao),0,10740.665488591729,2594.5728950462894,8146.09259354544,1490.9855269089578,4208.581177890415,2446.525888746066,0,Baseline,0,19,0,0,0
2019,Panama,0.013280695503036555,10740.665488591729,2594.5728950462894,8146.09259354544,1490.9855269089578,4208.581177890415,2446.525888746066,0.01751066615262681,25% equal weights,0.25,19,0.026290894351312214,0.019939924577335563,214.16805975291007
2019,Panama,0.013280695503036555,10740.665488591729,2594.5728950462894,8146.09259354544,1490.9855269089578,4208.581177890415,2446.525888746066,0.01751066615262681,50% equal weights,0.5,19,0.03507112254999761,0.026599153651634563,285.69261165186003
2019,Panama,0.013280695503036555,10740.665488591729,2594.5728950462894,8146.09259354544,1490.9855269089578,4208.581177890415,2446.525888746066,0.01751066615262681,Baseline,0,19,0.01751066615262681,0.013280695503036555,142.6435078539601
2019,Singapore,0.12103359891680006,10740.665488591729,2594.5728950462894,8146.09259354544,1490.9855269089578,4208.581177890415,2446.525888746066,0.15958343020502475,25% equal weights,0.25,19,0.13284546739061065,0.10075460213765819,1082.1714779967356
2019,Singapore,0.12103359891680006,10740.665488591729,2594.5728950462894,8146.09259354544,1490.9855269089578,4208.581177890415,2446.525888746066,0.15958343020502475,50% equal weights,0.5,19,0.10610750457619658,0.08047560535851632,864.3615571477438
2019,Singapore,0.12103359891680006,10740.665488591729,2594.5728950462894,8146.09259354544,1490.9855269089578,4208.581177890415,2446.525888746066,0.15958343020502475,Baseline,0,19,0.15958343020502475,0.12103359891680007,1299.9813988457277
2019,UK,0.11224896129088384,10740.665488591729,2594.5728950462894,8146.09259354544,1490.9855269089578,4208.581177890415,2446.525888746066,0.14800083976734382,25% equal weights,0.25,19,0.12415852456234998,0.09416612391822103,1011.4068373628887
2019,UK,0.11224896129088384,10740.665488591729,2594.5728950462894,8146.09259354544,1490.9855269089578,4208.581177890415,2446.525888746066,0.14800083976734382,50% equal weights,0.5,19,0.10031620935735612,0.07608328654555821,817.1851300585124
2019,UK,0.11224896129088384,10740.665488591729,2594.5728950462894,8146.09259354544,1490.9855269089578,4208.581177890415,2446.525888746066,0.14800083976734382,Baseline,0,19,0.14800083976734382,0.11224896129088384,1205.6285446672648
2019,US,0.096408845894835,10740.665488591729,2594.5728950462894,8146.09259354544,1490.9855269089578,4208.581177890415,2446.525888746066,0.12711556516287179,25% equal weights,0.25,19,0.10849456860899594,0.08228603737118438,883.8068017856493
2019,US,0.096408845894835,10740.665488591729,2594.5728950462894,8146.09259354544,1490.9855269089578,4208.581177890415,2446.525888746066,0.12711556516287179,50% equal weights,0.5,19,0.0898735720551201,0.06816322884753379,732.1184396736862
2019,US,0.096408845894835,10740.665488591729,2594.5728950462894,8146.09259354544,1490.9855269089578,4208.581177890415,2446.525888746066,0.12711556516287179,Baseline,0,19,0.12711556516287179,0.09640884589483499,1035.4951638976127
2020,Austria,0.0031620715390387557,12856.722293311332,2761.3611130775957,10095.361180233738,1884.1664387716353,5188.784837876178,3022.4099035859235,0.0040269857534768845,25% equal weights,0.25,19,0.016178134051949768,0.012703401594171484,163.32410647667123
2020,Austria,0.0031620715390387557,12856.722293311332,2761.3611130775957,10095.361180233738,1884.1664387716353,5188.784837876178,3022.4099035859235,0.0040269857534768845,50% equal weights,0.5,19,0.02832928235042265,0.02224473164930421,285.9943373043376
2020,Austria,0.0031620715390387557,12856.722293311332,2761.3611130775957,10095.361180233738,1884.1664387716353,5188.784837876178,3022.4099035859235,0.0040269857534768845,Baseline,0,19,0.0040269857534768845,0.003162071539038756,40.65387564900485
2020,Bahamas,0.014184406510061682,12856.722293311332,2761.3611130775957,10095.361180233738,1884.1664387716353,5188.784837876178,3022.4099035859235,0.01806423486386627,25% equal weights,0.25,19,0.026706070884741806,0.02097015282243868,269.6074312863929
2020,Bahamas,0.014184406510061682,12856.722293311332,2761.3611130775957,10095.361180233738,1884.1664387716353,5188.784837876178,3022.4099035859235,0.01806423486386627,50% equal weights,0.5,19,0.03534790690561734,0.027755899134815673,356.8498871774854
2020,Bahamas,0.014184406510061682,12856.722293311332,2761.3611130775957,10095.361180233738,1884.1664387716353,5188.784837876178,3022.4099035859235,0.01806423486386627,Baseline,0,19,0.01806423486386627,0.014184406510061682,182.3649753953004
2020,Bahrain,0.020038989832956464,12856.722293311332,2761.3611130775957,10095.361180233738,1884.1664387716353,5188.784837876178,3022.4099035859235,0.025520209007009045,25% equal weights,0.25,19,0.032298051492098884,0.02536109031460976,326.0604952305254
2020,Bahrain,0.020038989832956464,12856.722293311332,2761.3611130775957,10095.361180233738,1884.1664387716353,5188.784837876178,3022.4099035859235,0.025520209007009045,50% equal weights,0.5,19,0.03907589397718873,0.03068319079626307,394.4852631402405
2020,Bahrain,0.020038989832956464,12856.722293311332,2761.3611130775957,10095.361180233738,1884.1664387716353,5188.784837876178,3022.4099035859235,0.025520209007009045,Baseline,0,19,0.025520209007009045,0.020038989832956464,257.63572732081053
2020,Belgium,0.002170386009359423,12856.722293311332,2761.3611130775957,10095.361180233738,1884.1664387716353,5188.784837876178,3022.4099035859235,0.0027640467431969823,25% equal weights,0.25,19,0.015230929794239841,0.011959637446911984,153.76173738363434
2020,Belgium,0.002170386009359423,12856.722293311332,2761.3611130775957,10095.361180233738,1884.1664387716353,5188.784837876178,3022.4099035859235,0.0027640467431969823,50% equal weights,0.5,19,0.0276978128452827,0.021748888884464544,279.61942457564635
2020,Belgium,0.002170386009359423,12856.722293311332,2761.3611130775957,10095.361180233738,1884.1664387716353,5188.784837876178,3022.4099035859235,0.0027640467431969823,Baseline,0,19,0.0027640467431969823,0.002170386009359423,27.904050191622307
2020,Bermuda,5.256090950179743e-4,12856.722293311332,2761.3611130775957,10095.361180233738,1884.1664387716353,5188.784837876178,3022.4099035859235,6.693777517059895e-4,25% equal weights,0.25,19,0.013659928050621597,0.010726054761155897,137.90190736703119
2020,Bermuda,5.256090950179743e-4,12856.722293311332,2761.3611130775957,10095.361180233738,1884.1664387716353,5188.784837876178,3022.4099035859235,6.693777517059895e-4,50% equal weights,0.5,19,0.026650478349537203,0.02092650042729382,269.0462045645776
2020,Bermuda,5.256090950179743e-4,12856.722293311332,2761.3611130775957,10095.361180233738,1884.1664387716353,5188.784837876178,3022.4099035859235,6.693777517059895e-4,Baseline,0,19,6.693777517059895e-4,5.256090950179743e-4,6.757610169484785
2020,Cayman Islands,0.02856025617955393,12856.722293311332,2761.3611130775957,10095.361180233738,1884.1664387716353,5188.784837876178,3022.4099035859235,0.03637227789782279,25% equal weights,0.25,19,0.040437103160209195,0.03175204007455786,408.22716148468294
2020,Cayman Islands,0.02856025617955393,12856.722293311332,2761.3611130775957,10095.361180233738,1884.1664387716353,5188.784837876178,3022.4099035859235,0.03637227789782279,50% equal weights,0.5,19,0.04450192842259561,0.034943823969561805,449.2630406430121
2020,Cayman Islands,0.02856025617955393,12856.722293311332,2761.3611130775957,10095.361180233738,1884.1664387716353,5188.784837876178,3022.4099035859235,0.03637227789782279,Baseline,0,19,0.03637227789782279,0.028560256179553933,367.1912823263538
2020,Cyprus,0.00632054032559575,12856.722293311332,2761.3611130775957,10095.361180233738,1884.1664387716353,5188.784837876178,3022.4099035859235,0.008049383301804632,25% equal weights,0.25,19,0.019194932213195577,0.015072253184089229,193.7797735223127
2020,Cyprus,0.00632054032559575,12856.722293311332,2761.3611130775957,10095.361180233738,1884.1664387716353,5188.784837876178,3022.4099035859235,0.008049383301804632,50% equal weights,0.5,19,0.030340481124586524,0.02382396604258271,306.29811533476527
2020,Cyprus,0.00632054032559575,12856.722293311332,2761.3611130775957,10095.361180233738,1884.1664387716353,5188.784837876178,3022.4099035859235,0.008049383301804632,Baseline,0,19,0.008049383301804632,0.00632054032559575,81.26143170986015
2020,Guernsey,0.009395836688848429,12856.722293311332,2761.3611130775957,10095.361180233738,1884.1664387716353,5188.784837876178,3022.4099035859235,0.011965858463622919,25% equal weights,0.25,19,0.022132288584559293,0.01737872545652874,223.4334470062902
2020,Guernsey,0.009395836688848429,12856.722293311332,2761.3611130775957,10095.361180233738,1884.1664387716353,5188.784837876178,3022.4099035859235,0.011965858463622919,50% equal weights,0.5,19,0.032298718705495666,0.025361614224209048,326.06723099075026
2020,Guernsey,0.009395836688848429,12856.722293311332,2761.3611130775957,10095.361180233738,1884.1664387716353,5188.784837876178,3022.4099035859235,0.011965858463622919,Baseline,0,19,0.011965858463622919,0.009395836688848429,120.79966302183014
2020,Hong Kong,0.21990923738853757,12856.722293311332,2761.3611130775957,10095.361180233738,1884.1664387716353,5188.784837876178,3022.4099035859235,0.28006050941238775,25% equal weights,0.25,19,0.2232032767961329,0.17526377598129556,2253.317695868646
2020,Hong Kong,0.21990923738853757,12856.722293311332,2761.3611130775957,10095.361180233738,1884.1664387716353,5188.784837876178,3022.4099035859235,0.28006050941238775,50% equal weights,0.5,19,0.16634604417987808,0.13061831457405362,1679.3233968989875
2020,Hong Kong,0.21990923738853757,12856.722293311332,2761.3611130775957,10095.361180233738,1884.1664387716353,5188.784837876178,3022.4099035859235,0.28006050941238775,Baseline,0,19,0.28006050941238775,0.21990923738853754,2827.3119948383046
2020,Isle of Man,0.009305012245834245,12856.722293311332,2761.3611130775957,10095.361180233738,1884.1664387716353,5188.784837876178,3022.4099035859235,0.011850191017908905,25% equal weights,0.25,19,0.022045538000273784,0.0173106071242681,222.55766852533168
2020,Isle of Man,0.009305012245834245,12856.722293311332,2761.3611130775957,10095.361180233738,1884.1664387716353,5188.784837876178,3022.4099035859235,0.011850191017908905,50% equal weights,0.5,19,0.03224088498263866,0.025316202002701956,325.4833786701113
2020,Isle of Man,0.009305012245834245,12856.722293311332,2761.3611130775957,10095.361180233738,1884.1664387716353,5188.784837876178,3022.4099035859235,0.011850191017908905,Baseline,0,19,0.011850191017908905,0.009305012245834245,119.63195838055208
2020,Jersey,0.023500232799183247,12856.722293311332,2761.3611130775957,10095.361180233738,1884.1664387716353,5188.784837876178,3022.4099035859235,0.029928197865652793,25% equal weights,0.25,19,0.0356040431360817,0.027957022539279855,359.4356749353667
2020,Jersey,0.023500232799183247,12856.722293311332,2761.3611130775957,10095.361180233738,1884.1664387716353,5188.784837876178,3022.4099035859235,0.029928197865652793,50% equal weights,0.5,19,0.041279888406510604,0.03241381227937645,416.73538294346787
2020,Jersey,0.023500232799183247,12856.722293311332,2761.3611130775957,10095.361180233738,1884.1664387716353,5188.784837876178,3022.4099035859235,0.029928197865652793,Baseline,0,19,0.029928197865652793,0.023500232799183247,302.13596692726543
2020,Luxembourg,0.059798875779813576,12856.722293311332,2761.3611130775957,10095.361180233738,1884.1664387716353,5188.784837876178,3022.4099035859235,0.07615552585266532,25% equal weights,0.25,19,0.07027453912634109,0.055181004774752594,709.4468542548808
2020,Luxembourg,0.059798875779813576,12856.722293311332,2761.3611130775957,10095.361180233738,1884.1664387716353,5188.784837876178,3022.4099035859235,0.07615552585266532,50% equal weights,0.5,19,0.06439355240001687,0.050563133769691626,650.0761691564774
2020,Luxembourg,0.059798875779813576,12856.722293311332,2761.3611130775957,10095.361180233738,1884.1664387716353,5188.784837876178,3022.4099035859235,0.07615552585266532,Baseline,0,19,0.07615552585266532,0.059798875779813576,768.8175393532842
2020,Macao,0.01223836137937758,12856.722293311332,2761.3611130775957,10095.361180233738,1884.1664387716353,5188.784837876178,3022.4099035859235,0.015585892448099726,25% equal weights,0.25,19,0.024847314072916897,0.0195106189744256,250.8426099248007
2020,Macao,0.01223836137937758,12856.722293311332,2761.3611130775957,10095.361180233738,1884.1664387716353,5188.784837876178,3022.4099035859235,0.015585892448099726,50% equal weights,0.5,19,0.03410873569773407,0.026782876569473625,344.3400062697573
2020,Macao,0.01223836137937758,12856.722293311332,2761.3611130775957,10095.361180233738,1884.1664387716353,5188.784837876178,3022.4099035859235,0.015585892448099726,Baseline,0,19,0.015585892448099726,0.01223836137937758,157.34521357984417
2020,Malaysia,0.008655874875169204,12856.722293311332,2761.3611130775957,10095.361180233738,1884.1664387716353,5188.784837876178,3022.4099035859235,0.011023496583123214,25% equal weights,0.25,19,0.021425517174184516,0.01682375409626932,216.29833434669362
2020,Malaysia,0.008655874875169204,12856.722293311332,2761.3611130775957,10095.361180233738,1884.1664387716353,5188.784837876178,3022.4099035859235,0.011023496583123214,50% equal weights,0.5,19,0.031827537765245814,0.024991633317369435,321.31048921768587
2020,Malaysia,0.008655874875169204,12856.722293311332,2761.3611130775957,10095.361180233738,1884.1664387716353,5188.784837876178,3022.4099035859235,0.011023496583123214,Baseline,0,19,0.011023496583123214,0.008655874875169204,111.28617947570135
2020,Netherlands Antilles (then Curaçao),0,12856.722293311332,2761.3611130775957,10095.361180233738,1884.1664387716353,5188.784837876178,3022.4099035859235,0,25% equal weights,0.25,19,0.013157894736842105,0.010331847939892417,132.8336997399176
2020,Netherlands Antilles (then Curaçao),0,12856.722293311332,2761.3611130775957,10095.361180233738,1884.1664387716353,5188.784837876178,3022.4099035859235,0,50% equal weights,0.5,19,0.02631578947368421,0.020663695879784835,265.6673994798352
2020,Netherlands Antilles (then Curaçao),0,12856.722293311332,2761.3611130775957,10095.361180233738,1884.1664387716353,5188.784837876178,3022.4099035859235,0,Baseline,0,19,0,0,0
2020,Panama,0.01316658432207718,12856.722293311332,2761.3611130775957,10095.361180233738,1884.1664387716353,5188.784837876178,3022.4099035859235,0.016768010094760553,25% equal weights,0.25,19,0.025733902307912518,0.0202067861814503,259.7930383752274
2020,Panama,0.01316658432207718,12856.722293311332,2761.3611130775957,10095.361180233738,1884.1664387716353,5188.784837876178,3022.4099035859235,0.016768010094760553,50% equal weights,0.5,19,0.03469979452106449,0.027246988040823424,350.3069585700418
2020,Panama,0.01316658432207718,12856.722293311332,2761.3611130775957,10095.361180233738,1884.1664387716353,5188.784837876178,3022.4099035859235,0.016768010094760553,Baseline,0,19,0.016768010094760553,0.013166584322077178,169.27911818041315
2020,Singapore,0.1280328764628525,12856.722293311332,2761.3611130775957,10095.361180233738,1884.1664387716353,5188.784837876178,3022.4099035859235,0.16305341708028118,25% equal weights,0.25,19,0.13544795754705297,0.10635650528703176,1367.396052562466
2020,Singapore,0.1280328764628525,12856.722293311332,2761.3611130775957,10095.361180233738,1884.1664387716353,5188.784837876178,3022.4099035859235,0.16305341708028118,50% equal weights,0.5,19,0.1078424980138248,0.08468013411121107,1088.7089680282008
2020,Singapore,0.1280328764628525,12856.722293311332,2761.3611130775957,10095.361180233738,1884.1664387716353,5188.784837876178,3022.4099035859235,0.16305341708028118,Baseline,0,19,0.16305341708028118,0.1280328764628525,1646.0831370967314
2020,UK,0.12143106016723378,12856.722293311332,2761.3611130775957,10095.361180233738,1884.1664387716353,5188.784837876178,3022.4099035859235,0.1546458210340482,25% equal weights,0.25,19,0.12914226051237826,0.10140514306531775,1303.7377635042958
2020,UK,0.12143106016723378,12856.722293311332,2761.3611130775957,10095.361180233738,1884.1664387716353,5188.784837876178,3022.4099035859235,0.1546458210340482,50% equal weights,0.5,19,0.10363869999070831,0.08137922596340172,1046.2701086560874
2020,UK,0.12143106016723378,12856.722293311332,2761.3611130775957,10095.361180233738,1884.1664387716353,5188.784837876178,3022.4099035859235,0.1546458210340482,Baseline,0,19,0.1546458210340482,0.12143106016723378,1561.2054183525042
2020,US,0.10482423183131229,12856.722293311332,2761.3611130775957,10095.361180233738,1884.1664387716353,5188.784837876178,3022.4099035859235,0.13349656482856662,25% equal weights,0.25,19,0.11328031835826706,0.08895002181337662,1143.6057284385686
2020,US,0.10482423183131229,12856.722293311332,2761.3611130775957,10095.361180233738,1884.1664387716353,5188.784837876178,3022.4099035859235,0.13349656482856662,50% equal weights,0.5,19,0.09306407188796752,0.07307581179544098,939.5154186122692
2020,US,0.10482423183131229,12856.722293311332,2761.3611130775957,10095.361180233738,1884.1664387716353,5188.784837876178,3022.4099035859235,0.13349656482856662,Baseline,0,19,0.13349656482856662,0.10482423183131229,1347.696038264868
2021,Austria,0.002695915790652143,14033.606116016255,3026.471883151337,11007.13423286492,2140.2392343047068,5694.256615939473,3172.63838262074,0.0034371726125587082,25% equal weights,0.25,19,0.015735774196261137,0.01234221463851849,173.20577883629844
2021,Austria,0.002695915790652143,14033.606116016255,3026.471883151337,11007.13423286492,2140.2392343047068,5694.256615939473,3172.63838262074,0.0034371726125587082,50% equal weights,0.5,19,0.028034375779963563,0.021988513486384836,308.57813734463616
2021,Austria,0.002695915790652143,14033.606116016255,3026.471883151337,11007.13423286492,2140.2392343047068,5694.256615939473,3172.63838262074,0.0034371726125587082,Baseline,0,19,0.0034371726125587082,0.002695915790652143,37.83342032796071
2021,Bahamas,0.01414194186223046,14033.606116016255,3026.471883151337,11007.13423286492,2140.2392343047068,5694.256615939473,3172.63838262074,0.018030346283738216,25% equal weights,0.25,19,0.026680654449645767,0.02092673419220223,293.6775449479357
2021,Bahamas,0.01414194186223046,14033.606116016255,3026.471883151337,11007.13423286492,2140.2392343047068,5694.256615939473,3172.63838262074,0.018030346283738216,50% equal weights,0.5,19,0.03533096261555332,0.027711526522173995,388.89264808572767
2021,Bahamas,0.01414194186223046,14033.606116016255,3026.471883151337,11007.13423286492,2140.2392343047068,5694.256615939473,3172.63838262074,0.018030346283738216,Baseline,0,19,0.018030346283738216,0.014141941862230462,198.46244181014373
2021,Bahrain,0.02069559614838353,14033.606116016255,3026.471883151337,11007.13423286492,2140.2392343047068,5694.256615939473,3172.63838262074,0.026385963733901327,25% equal weights,0.25,19,0.032947367537268096,0.025841974906817028,362.65609710224606
2021,Bahrain,0.02069559614838353,14033.606116016255,3026.471883151337,11007.13423286492,2140.2392343047068,5694.256615939473,3172.63838262074,0.026385963733901327,50% equal weights,0.5,19,0.03950877134063487,0.03098835366525053,434.8783495219346
2021,Bahrain,0.02069559614838353,14033.606116016255,3026.471883151337,11007.13423286492,2140.2392343047068,5694.256615939473,3172.63838262074,0.026385963733901327,Baseline,0,19,0.026385963733901327,0.02069559614838353,290.4338446825576
2021,Belgium,0.0020236304076683104,14033.606116016255,3026.471883151337,11007.13423286492,2140.2392343047068,5694.256615939473,3172.63838262074,0.002580038678988551,25% equal weights,0.25,19,0.015092923746083517,0.011838000601280615,166.12983763953574
2021,Belgium,0.0020236304076683104,14033.606116016255,3026.471883151337,11007.13423286492,2140.2392343047068,5694.256615939473,3172.63838262074,0.002580038678988551,50% equal weights,0.5,19,0.027605808813178485,0.02165237079489292,303.860843213461
2021,Belgium,0.0020236304076683104,14033.606116016255,3026.471883151337,11007.13423286492,2140.2392343047068,5694.256615939473,3172.63838262074,0.002580038678988551,Baseline,0,19,0.002580038678988551,0.0020236304076683104,28.398832065610467
2021,Bermuda,4.7557685626611554e-4,14033.606116016255,3026.471883151337,11007.13423286492,2140.2392343047068,5694.256615939473,3172.63838262074,6.063393193484139e-4,25% equal weights,0.25,19,0.013612649226353414,0.010676960437728969,149.83625729937685
2021,Bermuda,4.7557685626611554e-4,14033.606116016255,3026.471883151337,11007.13423286492,2140.2392343047068,5694.256615939473,3172.63838262074,6.063393193484139e-4,50% equal weights,0.5,19,0.026618959133358416,0.020878344019191822,292.9984563200218
2021,Bermuda,4.7557685626611554e-4,14033.606116016255,3026.471883151337,11007.13423286492,2140.2392343047068,5694.256615939473,3172.63838262074,6.063393193484139e-4,Baseline,0,19,6.063393193484139e-4,4.7557685626611554e-4,6.674058278731942
2021,Cayman Islands,0.022910173981946547,14033.606116016255,3026.471883151337,11007.13423286492,2140.2392343047068,5694.256615939473,3172.63838262074,0.029209451880042966,25% equal weights,0.25,19,0.035064983646874326,0.02750290828198929,385.964981874359
2021,Cayman Islands,0.022910173981946547,14033.606116016255,3026.471883151337,11007.13423286492,2140.2392343047068,5694.256615939473,3172.63838262074,0.029209451880042966,50% equal weights,0.5,19,0.04092051541370569,0.032095642582032034,450.41760603667655
2021,Cayman Islands,0.022910173981946547,14033.606116016255,3026.471883151337,11007.13423286492,2140.2392343047068,5694.256615939473,3172.63838262074,0.029209451880042966,Baseline,0,19,0.029209451880042966,0.022910173981946547,321.51235771204153
2021,Cyprus,0.006116666798467887,14033.606116016255,3026.471883151337,11007.13423286492,2140.2392343047068,5694.256615939473,3172.63838262074,0.0077984778577802885,25% equal weights,0.25,19,0.01900675313017732,0.014907777894380298,209.20988303478728
2021,Cyprus,0.006116666798467887,14033.606116016255,3026.471883151337,11007.13423286492,2140.2392343047068,5694.256615939473,3172.63838262074,0.0077984778577802885,50% equal weights,0.5,19,0.030215028402574354,0.023698888990292707,332.58087347696204
2021,Cyprus,0.006116666798467887,14033.606116016255,3026.471883151337,11007.13423286492,2140.2392343047068,5694.256615939473,3172.63838262074,0.0077984778577802885,Baseline,0,19,0.0077984778577802885,0.006116666798467887,85.83889259261251
2021,Guernsey,0.009048909458205788,14033.606116016255,3026.471883151337,11007.13423286492,2140.2392343047068,5694.256615939473,3172.63838262074,0.011536956707295612,25% equal weights,0.25,19,0.021810612267313814,0.017106959889183725,240.07233692729346
2021,Guernsey,0.009048909458205788,14033.606116016255,3026.471883151337,11007.13423286492,2140.2392343047068,5694.256615939473,3172.63838262074,0.011536956707295612,50% equal weights,0.5,19,0.032084267827332015,0.02516501032016166,353.1558427386328
2021,Guernsey,0.009048909458205788,14033.606116016255,3026.471883151337,11007.13423286492,2140.2392343047068,5694.256615939473,3172.63838262074,0.011536956707295612,Baseline,0,19,0.011536956707295612,0.009048909458205788,126.98883111595408
2021,Hong Kong,0.22007632945678543,14033.606116016255,3026.471883151337,11007.13423286492,2140.2392343047068,5694.256615939473,3172.63838262074,0.280587522393764,25% equal weights,0.25,19,0.2235985365321651,0.17537752488811845,2461.179105881692
2021,Hong Kong,0.22007632945678543,14033.606116016255,3026.471883151337,11007.13423286492,2140.2392343047068,5694.256615939473,3172.63838262074,0.280587522393764,50% equal weights,0.5,19,0.1666095506705662,0.13067872031945146,1833.8936887082318
2021,Hong Kong,0.22007632945678543,14033.606116016255,3026.471883151337,11007.13423286492,2140.2392343047068,5694.256615939473,3172.63838262074,0.280587522393764,Baseline,0,19,0.280587522393764,0.22007632945678543,3088.4645230551523
2021,Isle of Man,0.01059331435945619,14033.606116016255,3026.471883151337,11007.13423286492,2140.2392343047068,5694.256615939473,3172.63838262074,0.013506004200427888,25% equal weights,0.25,19,0.02328739788716302,0.018265263565121526,256.3275144781383
2021,Isle of Man,0.01059331435945619,14033.606116016255,3026.471883151337,11007.13423286492,2140.2392343047068,5694.256615939473,3172.63838262074,0.013506004200427888,50% equal weights,0.5,19,0.03306879157389815,0.02593721277078686,363.9926277725294
2021,Isle of Man,0.01059331435945619,14033.606116016255,3026.471883151337,11007.13423286492,2140.2392343047068,5694.256615939473,3172.63838262074,0.013506004200427888,Baseline,0,19,0.013506004200427888,0.01059331435945619,148.66240118374722
2021,Jersey,0.02378234112427846,14033.606116016255,3026.471883151337,11007.13423286492,2140.2392343047068,5694.256615939473,3172.63838262074,0.030321426158168206,25% equal weights,0.25,19,0.03589896435546826,0.028157033638738227,395.14471948147224
2021,Jersey,0.02378234112427846,14033.606116016255,3026.471883151337,11007.13423286492,2140.2392343047068,5694.256615939473,3172.63838262074,0.030321426158168206,50% equal weights,0.5,19,0.041476502552768316,0.032531726153198,456.5374311080854
2021,Jersey,0.02378234112427846,14033.606116016255,3026.471883151337,11007.13423286492,2140.2392343047068,5694.256615939473,3172.63838262074,0.030321426158168206,Baseline,0,19,0.030321426158168206,0.02378234112427846,333.75200785485913
2021,Luxembourg,0.051325627594621157,14033.606116016255,3026.471883151337,11007.13423286492,2140.2392343047068,5694.256615939473,3172.63838262074,0.06543789019758087,25% equal weights,0.25,19,0.062236312385027755,0.04881449849149525,685.043444580514
2021,Luxembourg,0.051325627594621157,14033.606116016255,3026.471883151337,11007.13423286492,2140.2392343047068,5694.256615939473,3172.63838262074,0.06543789019758087,50% equal weights,0.5,19,0.05903473457247464,0.04630336938836934,649.8032478407799
2021,Luxembourg,0.051325627594621157,14033.606116016255,3026.471883151337,11007.13423286492,2140.2392343047068,5694.256615939473,3172.63838262074,0.06543789019758087,Baseline,0,19,0.06543789019758087,0.051325627594621157,720.2836413202482
2021,Macao,0.012933262721418448,14033.606116016255,3026.471883151337,11007.13423286492,2140.2392343047068,5694.256615939473,3172.63838262074,0.016489334188859287,25% equal weights,0.25,19,0.02552489537848657,0.020020224836593218,280.9559497108351
2021,Macao,0.012933262721418448,14033.606116016255,3026.471883151337,11007.13423286492,2140.2392343047068,5694.256615939473,3172.63838262074,0.016489334188859287,50% equal weights,0.5,19,0.03456045656811385,0.027107186951767986,380.4115845943273
2021,Macao,0.012933262721418448,14033.606116016255,3026.471883151337,11007.13423286492,2140.2392343047068,5694.256615939473,3172.63838262074,0.016489334188859287,Baseline,0,19,0.016489334188859287,0.012933262721418448,181.50031482734298
2021,Malaysia,0.008485369336385882,14033.606116016255,3026.471883151337,11007.13423286492,2140.2392343047068,5694.256615939473,3172.63838262074,0.010818468140436919,25% equal weights,0.25,19,0.021271745842169794,0.016684304797818794,234.1409618521492
2021,Malaysia,0.008485369336385882,14033.606116016255,3026.471883151337,11007.13423286492,2140.2392343047068,5694.256615939473,3172.63838262074,0.010818468140436919,50% equal weights,0.5,19,0.03172502354390267,0.024883240259251708,349.20159268853666
2021,Malaysia,0.008485369336385882,14033.606116016255,3026.471883151337,11007.13423286492,2140.2392343047068,5694.256615939473,3172.63838262074,0.010818468140436919,Baseline,0,19,0.010818468140436919,0.008485369336385882,119.0803310157617
2021,Netherlands Antilles (then Curaçao),0,14033.606116016255,3026.471883151337,11007.13423286492,2140.2392343047068,5694.256615939473,3172.63838262074,0,25% equal weights,0.25,19,0.013157894736842105,0.010320277795529383,144.8307135903279
2021,Netherlands Antilles (then Curaçao),0,14033.606116016255,3026.471883151337,11007.13423286492,2140.2392343047068,5694.256615939473,3172.63838262074,0,50% equal weights,0.5,19,0.02631578947368421,0.020640555591058766,289.6614271806558
2021,Netherlands Antilles (then Curaçao),0,14033.606116016255,3026.471883151337,11007.13423286492,2140.2392343047068,5694.256615939473,3172.63838262074,0,Baseline,0,19,0,0,0
2021,Panama,0.013536359774080155,14033.606116016255,3026.471883151337,11007.13423286492,2140.2392343047068,5694.256615939473,3172.63838262074,0.0172582560814909,25% equal weights,0.25,19,0.02610158679796028,0.0204725476260895,287.30366957592366
2021,Panama,0.013536359774080155,14033.606116016255,3026.471883151337,11007.13423286492,2140.2392343047068,5694.256615939473,3172.63838262074,0.0172582560814909,50% equal weights,0.5,19,0.03494491751442966,0.027408735478098842,384.64339783771965
2021,Panama,0.013536359774080155,14033.606116016255,3026.471883151337,11007.13423286492,2140.2392343047068,5694.256615939473,3172.63838262074,0.0172582560814909,Baseline,0,19,0.0172582560814909,0.013536359774080155,189.9639413141277
2021,Singapore,0.1289505411017968,14033.606116016255,3026.471883151337,11007.13423286492,2140.2392343047068,5694.256615939473,3172.63838262074,0.1644061991055387,25% equal weights,0.25,19,0.13646254406599612,0.10703318362187697,1502.0615402926635
2021,Singapore,0.1289505411017968,14033.606116016255,3026.471883151337,11007.13423286492,2140.2392343047068,5694.256615939473,3172.63838262074,0.1644061991055387,50% equal weights,0.5,19,0.10851888902645355,0.08511582614195716,1194.4819783155463
2021,Singapore,0.1289505411017968,14033.606116016255,3026.471883151337,11007.13423286492,2140.2392343047068,5694.256615939473,3172.63838262074,0.1644061991055387,Baseline,0,19,0.1644061991055387,0.1289505411017968,1809.641102269781
2021,UK,0.12048794459394026,14033.606116016255,3026.471883151337,11007.13423286492,2140.2392343047068,5694.256615939473,3172.63838262074,0.1536167653076443,25% equal weights,0.25,19,0.12837046871757532,0.10068623624098458,1412.9909807101387
2021,UK,0.12048794459394026,14033.606116016255,3026.471883151337,11007.13423286492,2140.2392343047068,5694.256615939473,3172.63838262074,0.1536167653076443,50% equal weights,0.5,19,0.10312417212750635,0.0808845278880289,1135.1016052605296
2021,UK,0.12048794459394026,14033.606116016255,3026.471883151337,11007.13423286492,2140.2392343047068,5694.256615939473,3172.63838262074,0.1536167653076443,Baseline,0,19,0.1536167653076443,0.12048794459394026,1690.8803561597479
2021,US,0.11606161109364932,14033.606116016255,3026.471883151337,11007.13423286492,2140.2392343047068,5694.256615939473,3172.63838262074,0.1479733871524346,25% equal weights,0.25,19,0.12413793510116806,0.09736648611576637,1366.4029150492308
2021,US,0.11606161109364932,14033.606116016255,3026.471883151337,11007.13423286492,2140.2392343047068,5694.256615939473,3172.63838262074,0.1479733871524346,50% equal weights,0.5,19,0.10030248304990151,0.07867136113788342,1104.0428948199244
2021,US,0.11606161109364932,14033.606116016255,3026.471883151337,11007.13423286492,2140.2392343047068,5694.256615939473,3172.63838262074,0.1479733871524346,Baseline,0,19,0.1479733871524346,0.11606161109364932,1628.7629352785373
