year,iso3,baseline_bn_usd,original_6b_bn_usd,difference_bn_usd
2001,AFG,0.07365651511362405,0.07365651511362405,0
2001,ALB,0.07947132683581008,0.07947132683581008,0
2001,DZA,2.675162159927955,2.675162159927955,0
2001,AND,0,0,0
2001,AGO,5.3755961691150524,5.3755961691150524,0
2001,ATG,0,0,0
2001,ARG,49.4361740372238,49.43617403722379,7.105427357601002e-15
2001,ARM,0.15308700650632662,0.15308700650632662,0
2001,ABW,0,0,0
2001,AUS,24.060502458167814,24.060502458167814,0
2001,AUT,19.471580789407167,19.471580789407163,3.552713678800501e-15
2001,AZE,1.0443553410351172,1.0443553410351172,0
2001,BHS,0,0,0
2001,BHR,0,0,0
2001,BGD,0.7599102263806942,0.7599102263806942,0
2001,BRB,0,0,0
2001,BLR,0.7570183218404759,0.7570183218404759,0
2001,BEL,76.22941497542982,76.22941497542982,0
2001,BLZ,0,0,0
2001,BEN,0.18980199295453445,0.18980199295453445,0
2001,BMU,0,0,0
2001,BTN,0.037162589899473915,0.037162589899473915,0
2001,BOL,0.8346030874121064,0.8346030874121064,0
2001,BES,0,0,0
2001,BIH,1.0315049264202485,1.0315049264202485,0
2001,BWA,0.517104270296098,0.517104270296098,0
2001,BRA,64.00871087347042,64.00871087347042,0
2001,BRN,0,0,0
2001,BGR,1.0283553638443799,1.0283553638443799,0
2001,BFA,0.10251986324458227,0.10251986324458227,0
2001,BDI,0.27923546646590847,0.27923546646590847,0
2001,CPV,0.052529008618638455,0.052529008618638455,0
2001,KHM,0.07892567627217617,0.07892567627217617,0
2001,CMR,1.0104176663110924,1.0104176663110924,0
2001,CAN,38.02345022970498,38.02345022970498,0
2001,CYM,0,0,0
2001,CAF,0.03421180331557332,0.03421180331557332,0
2001,TCD,0.03357859128390247,0.03357859128390247,0
2001,CHL,6.67367670607286,6.67367670607286,0
2001,CHN,12.883434593692249,12.883434593692247,1.7763568394002505e-15
2001,COL,7.531782349978354,7.531782349978354,0
2001,COM,0.025954244370852437,0.025954244370852437,0
2001,COG,0.5641483989800185,0.5641483989800185,0
2001,COD,2.7252538765639955,2.7252538765639955,0
2001,CRI,0,0,0
2001,HRV,2.355039825227727,2.355039825227727,0
2001,CUB,0.271952708779072,0.271952708779072,0
2001,CUW,0,0,0
2001,CYP,0,0,0
2001,CZE,3.603736702489099,3.603736702489099,0
2001,CIV,2.75477480331447,2.75477480331447,0
2001,DNK,5.14429162967354,5.14429162967354,0
2001,DJI,0,0,0
2001,DMA,0,0,0
2001,DOM,1.3659064484862669,1.3659064484862666,2.220446049250313e-16
2001,ECU,3.815353111645804,3.8153531116458037,4.440892098500626e-16
2001,EGY,23.463514624437675,23.463514624437675,0
2001,SLV,0.5017891196349298,0.5017891196349297,1.1102230246251565e-16
2001,GNQ,0.10524409526164814,0.10524409526164814,0
2001,ERI,0.14332058130931274,0.14332058130931274,0
2001,EST,0.5751189507581156,0.5751189507581156,0
2001,ETH,0.3643145553860301,0.3643145553860301,0
2001,FLK,0.14209018872580725,0.14209018872580723,2.7755575615628914e-17
2001,FRO,0,0,0
2001,FJI,0.10805758059081576,0.10805758059081574,1.3877787807814457e-17
2001,FIN,4.638952413959347,4.638952413959347,0
2001,FRA,177.22836055257463,177.22836055257463,0
2001,PYF,0.42672205563719373,0.4267220556371937,5.551115123125783e-17
2001,GAB,0.9690448679225756,0.9690448679225756,0
2001,GMB,0,0,0
2001,GEO,0.33135687591408575,0.33135687591408575,0
2001,DEU,418.070645885353,418.070645885353,0
2001,GHA,0.6387383978137241,0.6387383978137241,0
2001,GIB,0,0,0
2001,GRC,59.88080557095937,59.88080557095937,0
2001,GRD,0,0,0
2001,GTM,1.7069155956193012,1.706915595619301,2.220446049250313e-16
2001,GGY,0,0,0
2001,GIN,0.3618985890069734,0.3618985890069734,0
2001,GNB,0.039960317965425214,0.039960317965425214,0
2001,GUY,0,0,0
2001,HTI,0.2531319337064064,0.2531319337064064,0
2001,VAT,0.749623151413887,0.749623151413887,0
2001,HND,0.3696968605748604,0.3696968605748604,0
2001,HKG,0,0,0
2001,HUN,1.939966499693471,1.939966499693471,0
2001,ISL,0.6593888772165408,0.6593888772165408,0
2001,IND,14.523790395319603,14.523790395319603,0
2001,IDN,9.400729041830692,9.400729041830692,0
2001,IRN,10.69942427799187,10.69942427799187,0
2001,IRQ,0.7827714397393571,0.7827714397393571,0
2001,IRL,8.475118911173784,8.475118911173784,0
2001,IMN,0,0,0
2001,ISR,44.65833969724641,44.65833969724641,0
2001,ITA,164.75784338463924,164.75784338463924,0
2001,JAM,0.8198645748800342,0.8198645748800341,1.1102230246251565e-16
2001,JPN,47.90055214279061,47.90055214279061,0
2001,JEY,0,0,0
2001,JOR,18.16497949446123,18.16497949446123,0
2001,KAZ,3.1541317332301126,3.1541317332301126,0
2001,KEN,13.106341669429757,13.106341669429757,0
2001,KIR,0.014544845182235757,0.014544845182235757,0
2001,PRK,0.12738150329833606,0.12738150329833606,0
2001,KOR,3.602326434527006,3.602326434527006,0
2001,KWT,20.202763885948617,20.202763885948613,3.552713678800501e-15
2001,KGZ,0.07403375681379219,0.07403375681379219,0
2001,LAO,0.013664018369481388,0.013664018369481386,1.734723475976807e-18
2001,LVA,0.8867917934495253,0.8867917934495253,0
2001,LBN,0,0,0
2001,LSO,0.037392398712694924,0.037392398712694924,0
2001,LBR,0,0,0
2001,LBY,5.559399527572557,5.559399527572557,0
2001,LIE,0,0,0
2001,LTU,0.5565187491847393,0.5565187491847393,0
2001,LUX,0,0,0
2001,MAC,0,0,0
2001,MKD,0.29810603261008045,0.29810603261008045,0
2001,MDG,0.875083971083387,0.875083971083387,0
2001,MWI,0.28144278942485784,0.28144278942485784,0
2001,MYS,0,0,0
2001,MDV,0,0,0
2001,MLI,0.3464428004202433,0.3464428004202433,0
2001,MLT,0,0,0
2001,MHL,0,0,0
2001,MRT,0.26708635493441135,0.26708635493441135,0
2001,MUS,0,0,0
2001,MEX,45.14551228347584,45.14551228347583,7.105427357601002e-15
2001,FSM,0.004882411570047961,0.00488241157004796,8.673617379884035e-19
2001,MDA,0.1510294784213562,0.1510294784213562,0
2001,MNG,0.014213952389868134,0.014213952389868134,0
2001,MNE,0,0,0
2001,MAR,9.595015968283775,9.595015968283775,0
2001,MOZ,0.27318375589215155,0.2731837558921515,5.551115123125783e-17
2001,MMR,0.14861374073250222,0.14861374073250222,0
2001,NAM,0.1968197464086248,0.1968197464086248,0
2001,NRU,0,0,0
2001,NPL,0.2421375996186082,0.2421375996186082,0
2001,ANT,0,0,0
2001,NLD,48.431804237181225,48.431804237181225,0
2001,NCL,0.2952014360172223,0.2952014360172223,0
2001,NZL,8.19252461181806,8.19252461181806,0
2001,NIC,0.726536814185764,0.726536814185764,0
2001,NER,0.18053214838339932,0.18053214838339932,0
2001,NGA,9.117786308845131,9.117786308845131,0
2001,NOR,6.994697300664488,6.994697300664488,0
2001,OMN,5.721337361103691,5.72133736110369,8.881784197001252e-16
2001,PAK,13.416508326284669,13.416508326284669,0
2001,PLW,0,0,0
2001,PSE,0.4656728294880888,0.4656728294880888,0
2001,PAN,0,0,0
2001,PNG,0,0,0
2001,PRY,2.0829753472620216,2.0829753472620216,0
2001,PER,4.5321547687284465,4.5321547687284465,0
2001,PHL,8.309830100167687,8.309830100167687,0
2001,POL,4.669414360719171,4.669414360719171,0
2001,PRT,31.466261821534637,31.466261821534633,3.552713678800501e-15
2001,QAT,4.5668507553778355,4.566850755377835,8.881784197001252e-16
2001,ROU,1.2100762601008759,1.2100762601008759,0
2001,RUS,92.89191799081948,92.89191799081948,0
2001,RWA,0.29845608630102266,0.29845608630102266,0
2001,SHN,0.010756247953835377,0.010756247953835377,0
2001,KNA,0,0,0
2001,LCA,0,0,0
2001,VCT,0,0,0
2001,WSM,0,0,0
2001,SMR,0,0,0
2001,STP,0.0063386424384026165,0.0063386424384026165,0
2001,SAU,115.8740516931024,115.8740516931024,0
2001,SEN,1.4651703214427942,1.4651703214427942,0
2001,SRB,1.017292719907402,1.017292719907402,0
2001,SYC,0,0,0
2001,BEH,0,NA,NA
2001,CHH,0,NA,NA
2001,GBH,0,NA,NA
2001,IEH,0,NA,NA
2001,NLH,0,NA,NA
2001,USH,0,NA,NA
2001,SLE,0.16513039292966314,0.16513039292966314,0
2001,SGP,0,0,0
2001,SXM,0,0,0
2001,SVK,0.9185584784313856,0.9185584784313856,0
2001,SVN,0.7816423507344644,0.7816423507344644,0
2001,SLB,0,0,0
2001,SOM,0.04449818024590127,0.04449818024590127,0
2001,ZAF,26.755741436698848,26.755741436698848,0
2001,SSD,0,0,0
2001,ESP,94.81659137332623,94.81659137332623,0
2001,LKA,0.7111224091823759,0.7111224091823759,0
2001,SDN,0.7959661988460706,0.7959661988460706,0
2001,SUR,0.34693461946851034,0.3469346194685103,5.551115123125783e-17
2001,SWZ,0.21070685004807796,0.21070685004807796,0
2001,SWE,16.34743119457783,16.34743119457783,0
2001,CHE,0,0,0
2001,SYR,7.081022487189274,7.081022487189274,0
2001,TWN,29.62823046593074,29.628230465930734,7.105427357601002e-15
2001,TJK,0.05838749750771624,0.05838749750771624,0
2001,TZA,1.3196439880376563,1.3196439880376563,0
2001,THA,10.004790699525348,10.004790699525346,1.7763568394002505e-15
2001,TLS,0,0,0
2001,TGO,0.2898366991094946,0.2898366991094946,0
2001,TON,0.07807026834613852,0.07807026834613852,0
2001,TTO,0.7233167963469823,0.7233167963469823,0
2001,TUN,2.631778311907155,2.631778311907155,0
2001,TUR,49.93955284967147,49.93955284967147,0
2001,TKM,0.07075488953502578,0.07075488953502578,0
2001,TCA,0,0,0
2001,TUV,0,0,0
2001,UMI,1.747367010882861,1.747367010882861,0
2001,UGA,0.5313813920255784,0.5313813920255784,0
2001,UKR,3.1389747946755757,3.1389747946755757,0
2001,ARE,110.97632714311506,110.97632714311506,0
2001,GBR,207.75996470970378,207.75996470970375,2.842170943040401e-14
2001,USA,878.8348273364038,878.8348273364037,1.1368683772161603e-13
2001,URY,0,0,0
2001,UZB,0.5268492354136037,0.5268492354136037,0
2001,VUT,0,0,0
2001,VEN,36.67336407895152,36.67336407895152,0
2001,VNM,0.2817297001399385,0.2817297001399385,0
2001,VGB,0,0,0
2001,WLF,0.0075429764421047615,0.0075429764421047615,0
2001,YEM,5.945806790708732,5.945806790708732,0
2001,ZMB,1.1449326443215615,1.1449326443215615,0
2001,ZWE,2.4479646579502727,2.4479646579502727,0
2002,AFG,0.06968010509559602,0.06968010509559602,0
2002,ALB,0.06553023093563819,0.06553023093563819,0
2002,DZA,2.84785430194035,2.84785430194035,0
2002,AND,0,0,0
2002,AGO,5.482086483063295,5.482086483063295,0
2002,ATG,0,0,0
2002,ARG,53.951319446405876,53.951319446405876,0
2002,ARM,0.15063875738724722,0.15063875738724722,0
2002,ABW,0,0,0
2002,AUS,24.38420910412572,24.38420910412572,0
2002,AUT,18.922177370937778,18.922177370937778,0
2002,AZE,1.087315365975361,1.087315365975361,0
2002,BHS,0,0,0
2002,BHR,0,0,0
2002,BGD,0.8277779996855344,0.8277779996855344,0
2002,BRB,0,0,0
2002,BLR,0.7840194699308177,0.7840194699308177,0
2002,BEL,73.77288841313121,73.77288841313121,0
2002,BLZ,0,0,0
2002,BEN,0.18483848452107732,0.18483848452107732,0
2002,BMU,0,0,0
2002,BTN,0.037744795303299924,0.037744795303299924,0
2002,BOL,1.0109073618787283,1.0109073618787283,0
2002,BES,0,0,0
2002,BIH,0.7955471081527148,0.7955471081527148,0
2002,BWA,0.5224869425869906,0.5224869425869906,0
2002,BRA,59.33183991706801,59.33183991706801,0
2002,BRN,0,0,0
2002,BGR,1.0544580517678934,1.0544580517678934,0
2002,BFA,0.10750041500966814,0.10750041500966814,0
2002,BDI,0.26329895611041426,0.26329895611041426,0
2002,CPV,0.06232185425484059,0.06232185425484059,0
2002,KHM,0.0795421371217181,0.0795421371217181,0
2002,CMR,1.0321038885696614,1.0321038885696614,0
2002,CAN,37.879295786217604,37.879295786217604,0
2002,CYM,0,0,0
2002,CAF,0.035414044856946957,0.035414044856946957,0
2002,TCD,0.043287112449599374,0.043287112449599374,0
2002,CHL,6.343373561353136,6.343373561353136,0
2002,CHN,11.926803483754387,11.926803483754387,0
2002,COL,7.337032409815542,7.337032409815542,0
2002,COM,0.03195728489392333,0.03195728489392333,0
2002,COG,0.7178322558178104,0.7178322558178104,0
2002,COD,2.5726906580339546,2.5726906580339546,0
2002,CRI,0,0,0
2002,HRV,2.1514479139606197,2.1514479139606197,0
2002,CUB,0.2521060457639085,0.2521060457639085,0
2002,CUW,0,0,0
2002,CYP,0,0,0
2002,CZE,3.649989805083154,3.649989805083154,0
2002,CIV,2.700032915815282,2.700032915815282,0
2002,DNK,5.4124911547609775,5.4124911547609775,0
2002,DJI,0,0,0
2002,DMA,0,0,0
2002,DOM,1.3756972739915625,1.3756972739915625,0
2002,ECU,3.9563552127299246,3.9563552127299246,0
2002,EGY,24.093186322558815,24.093186322558815,0
2002,SLV,0.45730433837610296,0.45730433837610296,0
2002,GNQ,0.10838800143577902,0.10838800143577902,0
2002,ERI,0.1312133594577862,0.1312133594577862,0
2002,EST,0.5935467540035033,0.5935467540035033,0
2002,ETH,0.35156005868430584,0.35156005868430584,0
2002,FLK,0.10810716244014268,0.10810716244014268,0
2002,FRO,0,0,0
2002,FJI,0.09337975255704781,0.09337975255704781,0
2002,FIN,4.571494033791314,4.571494033791314,0
2002,FRA,179.5736574299355,179.5736574299355,0
2002,PYF,0.4861993375660072,0.4861993375660072,0
2002,GAB,0.9830455667443501,0.9830455667443501,0
2002,GMB,0,0,0
2002,GEO,0.3458833736541774,0.3458833736541774,0
2002,DEU,425.66308371682874,425.66308371682874,0
2002,GHA,0.6330602918428541,0.6330602918428541,0
2002,GIB,0,0,0
2002,GRC,61.67264182423512,61.67264182423512,0
2002,GRD,0,0,0
2002,GTM,1.7450039024038164,1.7450039024038164,0
2002,GGY,0,0,0
2002,GIN,0.3801099190172475,0.3801099190172475,0
2002,GNB,0.058055956014921535,0.058055956014921535,0
2002,GUY,0,0,0
2002,HTI,0.29816830974403813,0.29816830974403813,0
2002,VAT,0.6690506093534149,0.6690506093534149,0
2002,HND,0.32576972805728494,0.32576972805728494,0
2002,HKG,0,0,0
2002,HUN,2.109776495166023,2.109776495166023,0
2002,ISL,0.8141693992079801,0.8141693992079801,0
2002,IND,14.194516680362836,14.194516680362836,0
2002,IDN,9.011412446459328,9.011412446459328,0
2002,IRN,10.497249962441964,10.497249962441964,0
2002,IRQ,0.7194649759472057,0.7194649759472057,0
2002,IRL,9.056189676557821,9.056189676557821,0
2002,IMN,0,0,0
2002,ISR,44.42205026604954,44.42205026604954,0
2002,ITA,161.56296984354907,161.56296984354907,0
2002,JAM,0.8800292012009354,0.8800292012009354,0
2002,JPN,45.97360450811476,45.97360450811476,0
2002,JEY,0,0,0
2002,JOR,18.111051787036278,18.111051787036278,0
2002,KAZ,2.1899082468404467,2.1899082468404467,0
2002,KEN,13.563443268735794,13.563443268735794,0
2002,KIR,0.008679118704149539,0.008679118704149539,0
2002,PRK,0.10155372244150987,0.10155372244150987,0
2002,KOR,3.544385609786405,3.544385609786405,0
2002,KWT,18.992655658002427,18.992655658002427,0
2002,KGZ,0.07580582274962502,0.07580582274962502,0
2002,LAO,0.014394539870878043,0.014394539870878043,0
2002,LVA,0.7738894274324555,0.7738894274324555,0
2002,LBN,0,0,0
2002,LSO,0.039973178554031694,0.039973178554031694,0
2002,LBR,0,0,0
2002,LBY,5.165064615671283,5.165064615671283,0
2002,LIE,0,0,0
2002,LTU,0.5725014544041206,0.5725014544041206,0
2002,LUX,0,0,0
2002,MAC,0,0,0
2002,MKD,0.2778445592227359,0.2778445592227359,0
2002,MDG,0.7253921537996377,0.7253921537996377,0
2002,MWI,0.27565032454367566,0.27565032454367566,0
2002,MYS,0,0,0
2002,MDV,0,0,0
2002,MLI,0.37861092285574516,0.37861092285574516,0
2002,MLT,0,0,0
2002,MHL,0,0,0
2002,MRT,0.2074761688360278,0.2074761688360278,0
2002,MUS,0,0,0
2002,MEX,44.903647520756024,44.903647520756024,0
2002,FSM,0.010976766059594927,0.010976766059594927,0
2002,MDA,0.14496639440342943,0.14496639440342943,0
2002,MNG,0.01581274044905411,0.01581274044905411,0
2002,MNE,0,0,0
2002,MAR,10.22279956858014,10.22279956858014,0
2002,MOZ,0.2684140469060126,0.2684140469060126,0
2002,MMR,0.11219269823629692,0.11219269823629692,0
2002,NAM,0.2254968425444217,0.2254968425444217,0
2002,NRU,0,0,0
2002,NPL,0.26283964263388554,0.26283964263388554,0
2002,ANT,0,0,0
2002,NLD,43.22961525516554,43.22961525516554,0
2002,NCL,0.38672454398999323,0.38672454398999323,0
2002,NZL,8.143256159683911,8.143256159683911,0
2002,NIC,0.5666814632816907,0.5666814632816907,0
2002,NER,0.13694793669151295,0.13694793669151295,0
2002,NGA,9.310247642263677,9.310247642263677,0
2002,NOR,7.112301684655899,7.112301684655899,0
2002,OMN,5.594738803974374,5.594738803974374,0
2002,PAK,12.914494601031453,12.914494601031453,0
2002,PLW,0,0,0
2002,PSE,0.6604910697336491,0.6604910697336491,0
2002,PAN,0,0,0
2002,PNG,0,0,0
2002,PRY,2.2840042807400134,2.2840042807400134,0
2002,PER,3.9573393953736957,3.9573393953736957,0
2002,PHL,7.757167827390414,7.757167827390414,0
2002,POL,4.551443969015838,4.551443969015838,0
2002,PRT,31.798600694050904,31.798600694050904,0
2002,QAT,4.146414997723442,4.146414997723442,0
2002,ROU,1.2093554465067435,1.2093554465067435,0
2002,RUS,93.99416739615552,93.99416739615552,0
2002,RWA,0.2614696515180374,0.2614696515180374,0
2002,SHN,0.01103324604560872,0.01103324604560872,0
2002,KNA,0,0,0
2002,LCA,0,0,0
2002,VCT,0,0,0
2002,WSM,0,0,0
2002,SMR,0,0,0
2002,STP,0.005545694765413503,0.005545694765413503,0
2002,SAU,112.21207668261039,112.21207668261039,0
2002,SEN,1.757378574154338,1.757378574154338,0
2002,SRB,0.9698234813688604,0.9698234813688604,0
2002,SYC,0,0,0
2002,BEH,0,NA,NA
2002,CHH,0,NA,NA
2002,GBH,0,NA,NA
2002,IEH,0,NA,NA
2002,NLH,0,NA,NA
2002,USH,0,NA,NA
2002,SLE,0.15041497197101877,0.15041497197101877,0
2002,SGP,0,0,0
2002,SXM,0,0,0
2002,SVK,0.9568327707481967,0.9568327707481967,0
2002,SVN,0.7021836950256731,0.7021836950256731,0
2002,SLB,0,0,0
2002,SOM,0.048597928129571456,0.048597928129571456,0
2002,ZAF,27.133027977984327,27.133027977984327,0
2002,SSD,0,0,0
2002,ESP,100.75976978162844,100.75976978162844,0
2002,LKA,0.6824688077778741,0.6824688077778741,0
2002,SDN,0.8222654871900986,0.8222654871900986,0
2002,SUR,0.3133189391354065,0.3133189391354065,0
2002,SWZ,0.23367661174170304,0.23367661174170304,0
2002,SWE,17.689458092150456,17.689458092150456,0
2002,CHE,0,0,0
2002,SYR,7.370491173715124,7.370491173715124,0
2002,TWN,26.175258942442387,26.175258942442387,0
2002,TJK,0.07489677261290065,0.07489677261290065,0
2002,TZA,1.3874609583977777,1.3874609583977777,0
2002,THA,9.831583546517452,9.831583546517452,0
2002,TLS,4.41130467444412e-4,4.41130467444412e-4,0
2002,TGO,0.31671172883522536,0.31671172883522536,0
2002,TON,0.10412145739378877,0.10412145739378877,0
2002,TTO,0.7185801468125476,0.7185801468125476,0
2002,TUN,2.7245509099958842,2.7245509099958842,0
2002,TUR,50.05650133052677,50.05650133052677,0
2002,TKM,0.08629321028443812,0.08629321028443812,0
2002,TCA,0,0,0
2002,TUV,0,0,0
2002,UMI,1.1967434329611966,1.1967434329611966,0
2002,UGA,0.5429087587235912,0.5429087587235912,0
2002,UKR,3.006116042833432,3.006116042833432,0
2002,ARE,107.24797785015949,107.24797785015949,0
2002,GBR,212.6500933778073,212.6500933778073,0
2002,USA,898.2287416799278,898.2287416799278,0
2002,URY,0,0,0
2002,UZB,0.5267926540380229,0.5267926540380229,0
2002,VUT,0,0,0
2002,VEN,35.58406340814964,35.58406340814964,0
2002,VNM,0.3030360600100143,0.3030360600100143,0
2002,VGB,0,0,0
2002,WLF,0.005960929509591976,0.005960929509591976,0
2002,YEM,5.5318827340879055,5.5318827340879055,0
2002,ZMB,1.1549789518080902,1.1549789518080902,0
2002,ZWE,2.5338978712891325,2.5338978712891325,0
2003,AFG,0.06524632150188596,0.06524632150188596,0
2003,ALB,0.06672564603145334,0.06672564603145335,-1.3877787807814457e-17
2003,DZA,3.674490847102807,3.674490847102807,0
2003,AND,0,0,0
2003,AGO,5.837845546249248,5.837845546249248,0
2003,ATG,0,0,0
2003,ARG,67.26315917816785,67.26315917816785,0
2003,ARM,0.20709284693430483,0.20709284693430483,0
2003,ABW,0,0,0
2003,AUS,26.631403809336046,26.631403809336046,0
2003,AUT,20.854236881175865,20.85423688117587,-3.552713678800501e-15
2003,AZE,1.3083204929027812,1.3083204929027812,0
2003,BHS,0,0,0
2003,BHR,0,0,0
2003,BGD,0.9756486529460031,0.9756486529460032,-1.1102230246251565e-16
2003,BRB,0,0,0
2003,BLR,0.9371833853122897,0.9371833853122898,-1.1102230246251565e-16
2003,BEL,77.41876730012528,77.41876730012528,0
2003,BLZ,0,0,0
2003,BEN,0.22616472700673618,0.22616472700673618,0
2003,BMU,0,0,0
2003,BTN,0.050106817666426766,0.050106817666426766,0
2003,BOL,1.7522713991320544,1.7522713991320544,0
2003,BES,0,0,0
2003,BIH,0.69676793071431,0.6967679307143101,-1.1102230246251565e-16
2003,BWA,0.5141927097930539,0.5141927097930539,0
2003,BRA,62.17165402024356,62.17165402024356,0
2003,BRN,0,0,0
2003,BGR,1.250149464184987,1.250149464184987,0
2003,BFA,0.13261499632785867,0.13261499632785867,0
2003,BDI,0.25727787310147215,0.25727787310147215,0
2003,CPV,0.08167873208828998,0.08167873208828999,-1.3877787807814457e-17
2003,KHM,0.08395148658467379,0.08395148658467379,0
2003,CMR,1.214889194719601,1.214889194719601,0
2003,CAN,41.56192184521179,41.56192184521179,0
2003,CYM,0,0,0
2003,CAF,0.040978059103201174,0.040978059103201174,0
2003,TCD,0.05933449120507738,0.05933449120507738,0
2003,CHL,6.759267140908089,6.759267140908089,0
2003,CHN,13.2174774273915,13.217477427391502,-1.7763568394002505e-15
2003,COL,8.15906168556444,8.15906168556444,0
2003,COM,0.04771895491534446,0.04771895491534446,0
2003,COG,1.1982467766777958,1.1982467766777958,0
2003,COD,2.745267357283173,2.745267357283173,0
2003,CRI,0,0,0
2003,HRV,2.2649628408761515,2.2649628408761515,0
2003,CUB,0.2878862314495625,0.2878862314495625,0
2003,CUW,0,0,0
2003,CYP,0,0,0
2003,CZE,4.398709188356379,4.398709188356379,0
2003,CIV,3.3142688143983787,3.3142688143983787,0
2003,DNK,6.299463859859022,6.299463859859022,0
2003,DJI,0,0,0
2003,DMA,0,0,0
2003,DOM,1.701449664562169,1.7014496645621693,-2.220446049250313e-16
2003,ECU,4.31367902617471,4.313679026174711,-8.881784197001252e-16
2003,EGY,28.17962020839838,28.17962020839838,0
2003,SLV,0.5186560346938343,0.5186560346938343,0
2003,GNQ,0.16422860173667822,0.16422860173667822,0
2003,ERI,0.13490575630452709,0.13490575630452709,0
2003,EST,0.7503128198760523,0.7503128198760523,0
2003,ETH,0.35832629737591914,0.35832629737591914,0
2003,FLK,0.08523810483525943,0.08523810483525944,-1.3877787807814457e-17
2003,FRO,0,0,0
2003,FJI,0.09293451234080963,0.09293451234080963,0
2003,FIN,5.008628405673178,5.008628405673178,0
2003,FRA,203.36901521207506,203.36901521207506,0
2003,PYF,0.5976768679837101,0.5976768679837101,0
2003,GAB,1.1689166474390291,1.1689166474390291,0
2003,GMB,0,0,0
2003,GEO,0.39088279125352954,0.39088279125352954,0
2003,DEU,451.8391258986165,451.8391258986165,0
2003,GHA,0.654309900514652,0.6543099005146521,-1.1102230246251565e-16
2003,GIB,0,0,0
2003,GRC,70.95515076804922,70.95515076804922,0
2003,GRD,0,0,0
2003,GTM,1.7787012954817774,1.7787012954817774,0
2003,GGY,0,0,0
2003,GIN,0.507058520419218,0.507058520419218,0
2003,GNB,0.11451507362786684,0.11451507362786684,0
2003,GUY,0,0,0
2003,HTI,0.36542234427155423,0.36542234427155423,0
2003,VAT,0.7301487331890286,0.7301487331890286,0
2003,HND,0.341243911368798,0.341243911368798,0
2003,HKG,0,0,0
2003,HUN,2.4291545072075453,2.4291545072075453,0
2003,ISL,0.9809349041977631,0.9809349041977631,0
2003,IND,16.120090757544006,16.120090757544006,0
2003,IDN,9.722104453785592,9.722104453785592,0
2003,IRN,12.030976043023003,12.030976043023003,0
2003,IRQ,0.7983033505519508,0.7983033505519508,0
2003,IRL,10.548382874570613,10.548382874570613,0
2003,IMN,0,0,0
2003,ISR,52.165295998202545,52.165295998202545,0
2003,ITA,177.38457927061188,177.38457927061188,0
2003,JAM,0.9824737536424736,0.9824737536424736,0
2003,JPN,47.76956323798301,47.76956323798301,0
2003,JEY,0,0,0
2003,JOR,21.775470000020903,21.775470000020903,0
2003,KAZ,2.48329681232245,2.48329681232245,0
2003,KEN,15.589658851967014,15.589658851967014,0
2003,KIR,0.023827168148026975,0.023827168148026975,0
2003,PRK,0.08754280835707651,0.08754280835707651,0
2003,KOR,3.7616212820198283,3.7616212820198283,0
2003,KWT,21.06317456042784,21.06317456042784,0
2003,KGZ,0.09034699357985594,0.09034699357985594,0
2003,LAO,0.02074468172458027,0.02074468172458027,0
2003,LVA,0.8271156720325585,0.8271156720325585,0
2003,LBN,0,0,0
2003,LSO,0.04119130939771968,0.04119130939771968,0
2003,LBR,0,0,0
2003,LBY,5.820492054479244,5.820492054479244,0
2003,LIE,0,0,0
2003,LTU,0.6007205254444852,0.6007205254444852,0
2003,LUX,0,0,0
2003,MAC,0,0,0
2003,MKD,0.3242367227991738,0.3242367227991738,0
2003,MDG,0.8461732115600236,0.8461732115600236,0
2003,MWI,0.2756679764927471,0.2756679764927471,0
2003,MYS,0,0,0
2003,MDV,0,0,0
2003,MLI,0.3788824590165629,0.3788824590165629,0
2003,MLT,0,0,0
2003,MHL,0,0,0
2003,MRT,0.2490808270853344,0.2490808270853344,0
2003,MUS,0,0,0
2003,MEX,49.58242321593703,49.582423215937034,-7.105427357601002e-15
2003,FSM,0.02601260012729846,0.02601260012729846,0
2003,MDA,0.16347457992119765,0.16347457992119765,0
2003,MNG,0.018825202676890137,0.018825202676890137,0
2003,MNE,0,0,0
2003,MAR,12.74142371435315,12.74142371435315,0
2003,MOZ,0.2475398174686991,0.24753981746869913,-2.7755575615628914e-17
2003,MMR,0.13359017410802865,0.13359017410802865,0
2003,NAM,0.28045875215100435,0.2804587521510044,-5.551115123125783e-17
2003,NRU,0,0,0
2003,NPL,0.3086903688552982,0.3086903688552982,0
2003,ANT,0,0,0
2003,NLD,42.788648690382516,42.788648690382516,0
2003,NCL,0.3352506258106578,0.3352506258106578,0
2003,NZL,10.060010520626726,10.060010520626726,0
2003,NIC,0.4786948406900975,0.47869484069009755,-5.551115123125783e-17
2003,NER,0.1236568237944206,0.1236568237944206,0
2003,NGA,10.683607937570008,10.683607937570008,0
2003,NOR,8.135413797602439,8.135413797602439,0
2003,OMN,6.502882935756526,6.502882935756526,0
2003,PAK,14.767641653685681,14.767641653685681,0
2003,PLW,0,0,0
2003,PSE,0.6701334943525055,0.6701334943525055,0
2003,PAN,0,0,0
2003,PNG,0,0,0
2003,PRY,2.914433820756313,2.9144338207563134,-4.440892098500626e-16
2003,PER,4.214494930416,4.214494930416001,-8.881784197001252e-16
2003,PHL,8.114054576598308,8.114054576598308,0
2003,POL,4.798078710398445,4.798078710398445,0
2003,PRT,34.71626959391845,34.71626959391845,0
2003,QAT,4.210865471046381,4.210865471046381,0
2003,ROU,1.4807122020917962,1.4807122020917962,0
2003,RUS,103.00016358483917,103.00016358483917,0
2003,RWA,0.24977553895640384,0.24977553895640384,0
2003,SHN,0.012921323940873062,0.012921323940873062,0
2003,KNA,0,0,0
2003,LCA,0,0,0
2003,VCT,0,0,0
2003,WSM,0,0,0
2003,SMR,0,0,0
2003,STP,0.004994492715794167,0.004994492715794167,0
2003,SAU,135.88609534067226,135.88609534067226,0
2003,SEN,2.4521851790344433,2.4521851790344433,0
2003,SRB,1.0405259570815053,1.0405259570815053,0
2003,SYC,0,0,0
2003,BEH,0,NA,NA
2003,CHH,0,NA,NA
2003,GBH,0,NA,NA
2003,IEH,0,NA,NA
2003,NLH,0,NA,NA
2003,USH,0,NA,NA
2003,SLE,0.15894850116437217,0.15894850116437217,0
2003,SGP,0,0,0
2003,SXM,0,0,0
2003,SVK,1.1490615414445242,1.1490615414445242,0
2003,SVN,0.7522574822666273,0.7522574822666273,0
2003,SLB,0,0,0
2003,SOM,0.055757428754228004,0.05575742875422801,-6.938893903907228e-18
2003,ZAF,28.554284463686695,28.554284463686695,0
2003,SSD,0,0,0
2003,ESP,113.51001105813495,113.51001105813495,0
2003,LKA,0.7755885882149742,0.7755885882149742,0
2003,SDN,0.9555518091710165,0.9555518091710165,0
2003,SUR,0.2945291062762324,0.2945291062762324,0
2003,SWZ,0.25875472918845915,0.25875472918845915,0
2003,SWE,20.104930237195997,20.104930237195997,0
2003,CHE,0,0,0
2003,SYR,8.981014745146485,8.981014745146485,0
2003,TWN,26.455044027521097,26.455044027521097,0
2003,TJK,0.1011363011194064,0.1011363011194064,0
2003,TZA,1.5809478979107803,1.5809478979107803,0
2003,THA,10.996597852715908,10.996597852715908,0
2003,TLS,0.0012313621809314623,0.0012313621809314625,-2.168404344971009e-19
2003,TGO,0.4251607372440886,0.4251607372440886,0
2003,TON,0.20390266368805776,0.20390266368805776,0
2003,TTO,0.7297429183722861,0.7297429183722861,0
2003,TUN,3.36290839854633,3.36290839854633,0
2003,TUR,64.42045204621976,64.42045204621976,0
2003,TKM,0.08469090833641986,0.08469090833641986,0
2003,TCA,0,0,0
2003,TUV,0,0,0
2003,UMI,0.27166383343709366,0.27166383343709366,0
2003,UGA,0.6043135132776843,0.6043135132776843,0
2003,UKR,3.366834332441582,3.366834332441582,0
2003,ARE,119.51633824472047,119.51633824472047,0
2003,GBR,231.823550705567,231.823550705567,0
2003,USA,866.9409127025937,866.9409127025938,-1.1368683772161603e-13
2003,URY,0,0,0
2003,UZB,0.5974280045614748,0.5974280045614748,0
2003,VUT,0,0,0
2003,VEN,46.81740072392544,46.817400723925445,-7.105427357601002e-15
2003,VNM,0.36143423804044306,0.36143423804044306,0
2003,VGB,0,0,0
2003,WLF,0.006039229438748917,0.006039229438748917,0
2003,YEM,6.315080321837534,6.315080321837534,0
2003,ZMB,1.1741985602369966,1.1741985602369966,0
2003,ZWE,2.7500106613796738,2.7500106613796738,0
2004,AFG,0.07895661087619388,0.07895661087619388,0
2004,ALB,0.07449527833347348,0.07449527833347348,0
2004,DZA,4.893388249776893,4.893388249776893,0
2004,AND,0,0,0
2004,AGO,5.895345444334951,5.895345444334951,0
2004,ATG,0,0,0
2004,ARG,82.57884230764485,82.57884230764485,0
2004,ARM,0.27677563429418817,0.27677563429418817,0
2004,ABW,0,0,0
2004,AUS,33.72110902910063,33.72110902910063,0
2004,AUT,24.042279922311682,24.042279922311682,0
2004,AZE,1.9422893772381504,1.9422893772381504,0
2004,BHS,0,0,0
2004,BHR,0,0,0
2004,BGD,1.212635281580167,1.212635281580167,0
2004,BRB,0,0,0
2004,BLR,0.943900785541919,0.943900785541919,0
2004,BEL,80.84198839012237,80.84198839012237,0
2004,BLZ,0,0,0
2004,BEN,0.28019320739982256,0.28019320739982256,0
2004,BMU,0,0,0
2004,BTN,0.028860537814730903,0.028860537814730903,0
2004,BOL,1.3156113809549308,1.3156113809549308,0
2004,BES,0,0,0
2004,BIH,0.6873821841755327,0.6873821841755327,0
2004,BWA,0.6000698600767319,0.6000698600767319,0
2004,BRA,68.43057974910819,68.43057974910819,0
2004,BRN,0,0,0
2004,BGR,1.650447735619284,1.6504477356192842,-2.220446049250313e-16
2004,BFA,0.1761795740585988,0.1761795740585988,0
2004,BDI,0.27860350537500017,0.27860350537500017,0
2004,CPV,0.11494765540568815,0.11494765540568815,0
2004,KHM,0.09535126450643712,0.09535126450643712,0
2004,CMR,1.4401010456298677,1.4401010456298677,0
2004,CAN,49.95136901667522,49.95136901667522,0
2004,CYM,0,0,0
2004,CAF,0.05500508895068138,0.05500508895068138,0
2004,TCD,0.1067446822020907,0.1067446822020907,0
2004,CHL,8.349200524433869,8.349200524433869,0
2004,CHN,18.705118199946625,18.705118199946625,0
2004,COL,9.903085896964651,9.903085896964651,0
2004,COM,0.07654034493031511,0.07654034493031511,0
2004,COG,0.9680399938797382,0.9680399938797383,-1.1102230246251565e-16
2004,COD,3.38210929478529,3.38210929478529,0
2004,CRI,0,0,0
2004,HRV,2.5598223549836785,2.5598223549836785,0
2004,CUB,0.3696300347750826,0.3696300347750826,0
2004,CUW,0,0,0
2004,CYP,0,0,0
2004,CZE,6.376793767580168,6.3767937675801685,-8.881784197001252e-16
2004,CIV,4.051715049980981,4.051715049980981,0
2004,DNK,7.485265043496308,7.485265043496308,0
2004,DJI,0,0,0
2004,DMA,0,0,0
2004,DOM,2.235322832640263,2.235322832640263,0
2004,ECU,4.8567898745170055,4.8567898745170055,0
2004,EGY,35.15113655794446,35.15113655794446,0
2004,SLV,0.6644699017927485,0.6644699017927486,-1.1102230246251565e-16
2004,GNQ,0.27120688214545696,0.27120688214545696,0
2004,ERI,0.10579613254476138,0.10579613254476138,0
2004,EST,0.9511996975233289,0.9511996975233289,0
2004,ETH,0.3663460781503327,0.3663460781503327,0
2004,FLK,0.07820020927009774,0.07820020927009774,0
2004,FRO,0,0,0
2004,FJI,0.09763454204746129,0.0976345420474613,-1.3877787807814457e-17
2004,FIN,5.857855014267247,5.857855014267248,-8.881784197001252e-16
2004,FRA,243.94952863754276,243.94952863754278,-2.842170943040401e-14
2004,PYF,0.8520015294531414,0.8520015294531414,0
2004,GAB,1.304565336404146,1.304565336404146,0
2004,GMB,0,0,0
2004,GEO,0.42672460359914205,0.4267246035991421,-5.551115123125783e-17
2004,DEU,532.0650129419647,532.0650129419647,0
2004,GHA,0.8181448116193398,0.8181448116193398,0
2004,GIB,0,0,0
2004,GRC,79.16396365718921,79.16396365718921,0
2004,GRD,0,0,0
2004,GTM,2.0651639938833726,2.0651639938833726,0
2004,GGY,0,0,0
2004,GIN,0.6666180335640896,0.6666180335640896,0
2004,GNB,0.15153187893586348,0.15153187893586348,0
2004,GUY,0,0,0
2004,HTI,0.2805376004163315,0.2805376004163315,0
2004,VAT,0.9277179612443306,0.9277179612443306,0
2004,HND,0.3625705978989492,0.36257059789894924,-5.551115123125783e-17
2004,HKG,0,0,0
2004,HUN,3.2856701844618437,3.2856701844618437,0
2004,ISL,1.525147043519048,1.525147043519048,0
2004,IND,19.81797513994347,19.81797513994347,0
2004,IDN,10.76253045571526,10.76253045571526,0
2004,IRN,14.181719621519742,14.181719621519743,-1.7763568394002505e-15
2004,IRQ,1.2477237433387902,1.2477237433387902,0
2004,IRL,15.0318946787134,15.031894678713401,-1.7763568394002505e-15
2004,IMN,0,0,0
2004,ISR,63.828295588121115,63.828295588121115,0
2004,ITA,187.43044573298474,187.43044573298474,0
2004,JAM,1.151449947315961,1.151449947315961,0
2004,JPN,61.088828626319895,61.0888286263199,-7.105427357601002e-15
2004,JEY,0,0,0
2004,JOR,26.338492405256247,26.338492405256247,0
2004,KAZ,3.0330377041727417,3.0330377041727417,0
2004,KEN,18.42747282550978,18.42747282550978,0
2004,KIR,0.08457065037740055,0.08457065037740055,0
2004,PRK,0.09592479305136731,0.09592479305136731,0
2004,KOR,4.523613779057241,4.523613779057241,0
2004,KWT,24.474173899810957,24.474173899810957,0
2004,KGZ,0.11071984482725669,0.11071984482725669,0
2004,LAO,0.02930318890921296,0.029303188909212963,-3.469446951953614e-18
2004,LVA,0.9157386294929644,0.9157386294929644,0
2004,LBN,0,0,0
2004,LSO,0.04487580531756372,0.04487580531756372,0
2004,LBR,0,0,0
2004,LBY,6.732570425795791,6.732570425795791,0
2004,LIE,0,0,0
2004,LTU,0.6809784849215593,0.6809784849215593,0
2004,LUX,0,0,0
2004,MAC,0,0,0
2004,MKD,0.4532960769096545,0.45329607690965457,-5.551115123125783e-17
2004,MDG,1.0093619030822074,1.0093619030822074,0
2004,MWI,0.3169769987612834,0.3169769987612834,0
2004,MYS,0,0,0
2004,MDV,0,0,0
2004,MLI,0.4213463366640708,0.4213463366640708,0
2004,MLT,0,0,0
2004,MHL,0,0,0
2004,MRT,0.28960864326733204,0.2896086432673321,-5.551115123125783e-17
2004,MUS,0,0,0
2004,MEX,59.15101639634924,59.15101639634925,-7.105427357601002e-15
2004,FSM,0.05574039352965229,0.05574039352965229,0
2004,MDA,0.17977365340954998,0.17977365340954998,0
2004,MNG,0.026009027749842668,0.026009027749842668,0
2004,MNE,0.0018245917708925316,0.0018245917708925316,0
2004,MAR,15.720973259024554,15.720973259024554,0
2004,MOZ,0.29408338230396486,0.29408338230396486,0
2004,MMR,0.15334186502202163,0.15334186502202163,0
2004,NAM,0.36002326154446157,0.36002326154446157,0
2004,NRU,0,0,0
2004,NPL,0.37695415441210084,0.37695415441210084,0
2004,ANT,0,0,0
2004,NLD,48.76941113684073,48.76941113684074,-7.105427357601002e-15
2004,NCL,0.36824722626550155,0.36824722626550155,0
2004,NZL,13.874945674145374,13.874945674145374,0
2004,NIC,0.4159537465259448,0.41595374652594486,-5.551115123125783e-17
2004,NER,0.12318293411704653,0.12318293411704655,-1.3877787807814457e-17
2004,NGA,12.29995484231756,12.29995484231756,0
2004,NOR,11.19530521753616,11.19530521753616,0
2004,OMN,8.410932296541404,8.410932296541406,-1.7763568394002505e-15
2004,PAK,16.549319702524663,16.549319702524663,0
2004,PLW,0,0,0
2004,PSE,0.908146457753866,0.908146457753866,0
2004,PAN,0,0,0
2004,PNG,0,0,0
2004,PRY,3.6296178450973056,3.6296178450973056,0
2004,PER,5.258700958578746,5.258700958578746,0
2004,PHL,8.600015389649275,8.600015389649275,0
2004,POL,5.82415073729482,5.824150737294821,-8.881784197001252e-16
2004,PRT,38.45151126299706,38.45151126299706,0
2004,QAT,4.9219474975063155,4.9219474975063155,0
2004,ROU,1.9370211048741646,1.9370211048741646,0
2004,RUS,127.18766642229147,127.18766642229147,0
2004,RWA,0.2888429965404583,0.2888429965404583,0
2004,SHN,0.01833038848918346,0.01833038848918346,0
2004,KNA,0,0,0
2004,LCA,0,0,0
2004,VCT,0,0,0
2004,WSM,0,0,0
2004,SMR,0,0,0
2004,STP,0.006382902756481369,0.006382902756481369,0
2004,SAU,161.85946792688688,161.85946792688688,0
2004,SEN,3.3246744937675015,3.3246744937675015,0
2004,SRB,1.2045890818077962,1.2045890818077962,0
2004,SYC,0,0,0
2004,BEH,0,NA,NA
2004,CHH,0,NA,NA
2004,GBH,0,NA,NA
2004,IEH,0,NA,NA
2004,NLH,0,NA,NA
2004,USH,0,NA,NA
2004,SLE,0.19691217781151046,0.19691217781151046,0
2004,SGP,0,0,0
2004,SXM,0,0,0
2004,SVK,1.385985832637627,1.3859858326376273,-2.220446049250313e-16
2004,SVN,0.8843819636159491,0.8843819636159492,-1.1102230246251565e-16
2004,SLB,0,0,0
2004,SOM,0.051446992656016814,0.051446992656016814,0
2004,ZAF,33.5162052037765,33.5162052037765,0
2004,SSD,0,0,0
2004,ESP,121.69183382084363,121.69183382084363,0
2004,LKA,1.040330291469046,1.040330291469046,0
2004,SDN,1.126803314924924,1.126803314924924,0
2004,SUR,0.32937619683698516,0.32937619683698516,0
2004,SWZ,0.2517366215317426,0.2517366215317426,0
2004,SWE,24.957891060223215,24.95789106022322,-3.552713678800501e-15
2004,CHE,0,0,0
2004,SYR,11.097606458437163,11.097606458437163,0
2004,TWN,29.998891854830692,29.998891854830696,-3.552713678800501e-15
2004,TJK,0.1410684251834888,0.1410684251834888,0
2004,TZA,2.0509499621033997,2.0509499621033997,0
2004,THA,12.715783121624552,12.715783121624554,-1.7763568394002505e-15
2004,TLS,0.003195530479910718,0.003195530479910719,-8.673617379884035e-19
2004,TGO,0.5843799852923497,0.5843799852923497,0
2004,TON,0.12347729832164449,0.12347729832164449,0
2004,TTO,0.9460228765980965,0.9460228765980965,0
2004,TUN,4.243283326775408,4.243283326775408,0
2004,TUR,82.89704384819149,82.89704384819149,0
2004,TKM,0.09190309472994392,0.09190309472994392,0
2004,TCA,0,0,0
2004,TUV,0,0,0
2004,UMI,0.3420989389060178,0.3420989389060178,0
2004,UGA,0.7250511743063972,0.7250511743063972,0
2004,UKR,4.210228546007687,4.210228546007687,0
2004,ARE,140.80003653017573,140.80003653017573,0
2004,GBR,294.41733101541473,294.4173310154148,-5.684341886080802e-14
2004,USA,1056.6504279887295,1056.6504279887295,0
2004,URY,0,0,0
2004,UZB,0.7332258987808196,0.7332258987808196,0
2004,VUT,0,0,0
2004,VEN,69.78352409733517,69.78352409733517,0
2004,VNM,0.4625236785574505,0.4625236785574505,0
2004,VGB,0,0,0
2004,WLF,0.01022416119847757,0.01022416119847757,0
2004,YEM,7.020482155823551,7.020482155823551,0
2004,ZMB,1.383100428334017,1.383100428334017,0
2004,ZWE,3.1128139308319938,3.1128139308319938,0
2005,AFG,0.1895363759381041,0.18953637593810407,2.7755575615628914e-17
2005,ALB,0.07727937945313565,0.07727937945313564,1.3877787807814457e-17
2005,DZA,6.18983103931844,6.189831039318439,8.881784197001252e-16
2005,AND,0,0,0
2005,AGO,5.839680768208084,5.839680768208083,8.881784197001252e-16
2005,ATG,0,0,0
2005,ARG,96.19852952449011,96.19852952449011,0
2005,ARM,0.44158343161437336,0.44158343161437336,0
2005,ABW,0,0,0
2005,AUS,38.658297204211465,38.658297204211465,0
2005,AUT,25.437113289308055,25.43711328930805,3.552713678800501e-15
2005,AZE,2.3141785916261077,2.3141785916261077,0
2005,BHS,0,0,0
2005,BHR,0,0,0
2005,BGD,1.1747571017305372,1.174757101730537,2.220446049250313e-16
2005,BRB,0,0,0
2005,BLR,0.8410894010658614,0.8410894010658614,0
2005,BEL,69.54848911392841,69.5484891139284,1.4210854715202004e-14
2005,BLZ,0,0,0
2005,BEN,0.33642480756043885,0.33642480756043885,0
2005,BMU,0,0,0
2005,BTN,0.02002971130839453,0.02002971130839453,0
2005,BOL,1.1187080790673356,1.1187080790673354,2.220446049250313e-16
2005,BES,0,0,0
2005,BIH,0.5861774856119305,0.5861774856119305,0
2005,BWA,0.6026919418164528,0.6026919418164527,1.1102230246251565e-16
2005,BRA,73.8536893649791,73.8536893649791,0
2005,BRN,0,0,0
2005,BGR,2.549389934111534,2.5493899341115336,4.440892098500626e-16
2005,BFA,0.21063179407431631,0.21063179407431626,5.551115123125783e-17
2005,BDI,0.2920674113575946,0.29206741135759456,5.551115123125783e-17
2005,CPV,0.1553117803456427,0.15531178034564266,2.7755575615628914e-17
2005,KHM,0.09353225919637778,0.09353225919637777,1.3877787807814457e-17
2005,CMR,1.390372079487685,1.390372079487685,0
2005,CAN,56.67412599887885,56.67412599887885,0
2005,CYM,0,0,0
2005,CAF,0.07853603436151312,0.07853603436151312,0
2005,TCD,0.141629742649233,0.141629742649233,0
2005,CHL,10.380789103462718,10.380789103462718,0
2005,CHN,24.37409809276787,24.374098092767863,7.105427357601002e-15
2005,COL,11.420737669982408,11.420737669982408,0
2005,COM,0.10881003580226249,0.10881003580226249,0
2005,COG,0.8422862517478852,0.8422862517478851,1.1102230246251565e-16
2005,COD,3.9773117285017863,3.977311728501786,4.440892098500626e-16
2005,CRI,0,0,0
2005,HRV,2.912640652287019,2.912640652287019,0
2005,CUB,0.4449812634546352,0.4449812634546352,0
2005,CUW,0,0,0
2005,CYP,0,0,0
2005,CZE,8.488365613576608,8.488365613576606,1.7763568394002505e-15
2005,CIV,4.450365395041011,4.450365395041011,0
2005,DNK,7.4835243624806385,7.483524362480637,1.7763568394002505e-15
2005,DJI,0,0,0
2005,DMA,0,0,0
2005,DOM,2.9063532322193044,2.906353232219304,4.440892098500626e-16
2005,ECU,4.99442358072773,4.99442358072773,0
2005,EGY,41.19787265050267,41.19787265050267,0
2005,SLV,0.8553316898945126,0.8553316898945125,1.1102230246251565e-16
2005,GNQ,0.406053564955234,0.4060535649552339,5.551115123125783e-17
2005,ERI,0.10090265465711204,0.10090265465711204,0
2005,EST,1.0055858714922343,1.005585871492234,2.220446049250313e-16
2005,ETH,0.3708934686648039,0.3708934686648039,0
2005,FLK,0.07360972374235718,0.07360972374235716,1.3877787807814457e-17
2005,FRO,0,0,0
2005,FJI,0.10207375142577162,0.1020737514257716,1.3877787807814457e-17
2005,FIN,6.11102284647742,6.11102284647742,0
2005,FRA,253.31464075913556,253.31464075913553,2.842170943040401e-14
2005,PYF,0.9308503920686544,0.9308503920686543,1.1102230246251565e-16
2005,GAB,1.3337298940927604,1.3337298940927604,0
2005,GMB,0,0,0
2005,GEO,0.4347275845104699,0.4347275845104699,0
2005,DEU,534.193208279174,534.193208279174,0
2005,GHA,0.9455442102134523,0.9455442102134523,0
2005,GIB,0,0,0
2005,GRC,67.13771631945644,67.13771631945644,0
2005,GRD,0,0,0
2005,GTM,2.271660830013897,2.2716608300138965,4.440892098500626e-16
2005,GGY,0,0,0
2005,GIN,0.8293520573649265,0.8293520573649265,0
2005,GNB,0.17482981512412418,0.17482981512412418,0
2005,GUY,0,0,0
2005,HTI,0.22351337740534483,0.22351337740534477,5.551115123125783e-17
2005,VAT,1.2587294205762132,1.258729420576213,2.220446049250313e-16
2005,HND,0.4131642682401643,0.4131642682401643,0
2005,HKG,0,0,0
2005,HUN,3.945251151496994,3.9452511514969935,4.440892098500626e-16
2005,ISL,2.406258779605381,2.406258779605381,0
2005,IND,23.715532655760466,23.715532655760466,0
2005,IDN,11.435999933042412,11.43599993304241,1.7763568394002505e-15
2005,IRN,15.038171140856079,15.038171140856077,1.7763568394002505e-15
2005,IRQ,2.074144553513778,2.0741445535137775,4.440892098500626e-16
2005,IRL,17.474599728179417,17.474599728179413,3.552713678800501e-15
2005,IMN,0,0,0
2005,ISR,77.61636125519126,77.61636125519126,0
2005,ITA,163.04748195825925,163.04748195825923,2.842170943040401e-14
2005,JAM,1.0691532846168814,1.0691532846168812,2.220446049250313e-16
2005,JPN,68.89752765000165,68.89752765000163,1.4210854715202004e-14
2005,JEY,0,0,0
2005,JOR,30.243178830581986,30.243178830581986,0
2005,KAZ,4.295007027319789,4.295007027319789,0
2005,KEN,19.78111289515081,19.78111289515081,0
2005,KIR,0.20278763909855418,0.20278763909855416,2.7755575615628914e-17
2005,PRK,0.09539871456065488,0.09539871456065485,2.7755575615628914e-17
2005,KOR,5.221842781243042,5.2218427812430415,8.881784197001252e-16
2005,KWT,27.916716169330567,27.916716169330563,3.552713678800501e-15
2005,KGZ,0.1445485065803744,0.1445485065803744,0
2005,LAO,0.04380017025048492,0.04380017025048491,6.938893903907228e-18
2005,LVA,1.0280645294317285,1.0280645294317285,0
2005,LBN,0,0,0
2005,LSO,0.039603847201921366,0.039603847201921366,0
2005,LBR,0,0,0
2005,LBY,8.411776235167585,8.411776235167585,0
2005,LIE,0,0,0
2005,LTU,0.884846046851855,0.8848460468518549,1.1102230246251565e-16
2005,LUX,0,0,0
2005,MAC,0,0,0
2005,MKD,0.6358723410083867,0.6358723410083867,0
2005,MDG,1.2511393881985318,1.2511393881985315,2.220446049250313e-16
2005,MWI,0.33478488128466466,0.33478488128466466,0
2005,MYS,0,0,0
2005,MDV,0,0,0
2005,MLI,0.3623725008371537,0.3623725008371537,0
2005,MLT,0,0,0
2005,MHL,0,0,0
2005,MRT,0.3269924413550754,0.3269924413550754,0
2005,MUS,0,0,0
2005,MEX,68.01334855924205,68.01334855924205,0
2005,FSM,0.10376852305037569,0.10376852305037569,0
2005,MDA,0.18122101564873055,0.18122101564873053,2.7755575615628914e-17
2005,MNG,0.03303400881560279,0.03303400881560279,0
2005,MNE,0.007299088133780993,0.007299088133780991,1.734723475976807e-18
2005,MAR,17.98030491966001,17.98030491966001,0
2005,MOZ,0.3100867310412494,0.31008673104124934,5.551115123125783e-17
2005,MMR,0.18010069159761635,0.18010069159761635,0
2005,NAM,0.39970045618282257,0.3997004561828225,5.551115123125783e-17
2005,NRU,0,0,0
2005,NPL,0.4048169847444713,0.4048169847444713,0
2005,ANT,0,0,0
2005,NLD,51.114244682742715,51.1142446827427,1.4210854715202004e-14
2005,NCL,0.37811614144300126,0.3781161414430012,5.551115123125783e-17
2005,NZL,17.40133464829512,17.40133464829512,0
2005,NIC,0.35124430182233635,0.3512443018223363,5.551115123125783e-17
2005,NER,0.11512490010643717,0.11512490010643717,0
2005,NGA,12.557725747772544,12.557725747772542,1.7763568394002505e-15
2005,NOR,13.885804727102805,13.885804727102803,1.7763568394002505e-15
2005,OMN,10.822259091081655,10.822259091081655,0
2005,PAK,17.012310928347507,17.012310928347507,0
2005,PLW,0,0,0
2005,PSE,1.3364264372757373,1.3364264372757373,0
2005,PAN,0,0,0
2005,PNG,0,0,0
2005,PRY,4.157427646013935,4.157427646013935,0
2005,PER,6.940748002926726,6.940748002926725,8.881784197001252e-16
2005,PHL,8.624384443752652,8.624384443752652,0
2005,POL,6.462418130223061,6.46241813022306,8.881784197001252e-16
2005,PRT,37.056158325591774,37.05615832559177,7.105427357601002e-15
2005,QAT,5.8910663880838765,5.8910663880838765,0
2005,ROU,2.440620296781458,2.440620296781458,0
2005,RUS,144.19353114559658,144.19353114559658,0
2005,RWA,0.3418915163333476,0.3418915163333476,0
2005,SHN,0.03262018306173827,0.03262018306173827,0
2005,KNA,0,0,0
2005,LCA,0,0,0
2005,VCT,0,0,0
2005,WSM,0,0,0
2005,SMR,0,0,0
2005,STP,0.011275301987268666,0.011275301987268662,3.469446951953614e-18
2005,SAU,189.97640459032093,189.97640459032093,0
2005,SEN,3.7567056258194023,3.7567056258194023,0
2005,SRB,1.509921427129923,1.509921427129923,0
2005,SYC,0,0,0
2005,BEH,0,NA,NA
2005,CHH,0,NA,NA
2005,GBH,0,NA,NA
2005,IEH,0,NA,NA
2005,NLH,0,NA,NA
2005,USH,0,NA,NA
2005,SLE,0.2416942400383286,0.24169424003832854,5.551115123125783e-17
2005,SGP,0,0,0
2005,SXM,0,0,0
2005,SVK,1.5920623074898952,1.592062307489895,2.220446049250313e-16
2005,SVN,1.0472784848653072,1.0472784848653072,0
2005,SLB,0,0,0
2005,SOM,0.043949376264465205,0.04394937626446519,1.3877787807814457e-17
2005,ZAF,34.404068135520134,34.404068135520134,0
2005,SSD,0,0,0
2005,ESP,107.4168300414984,107.41683004149839,1.4210854715202004e-14
2005,LKA,1.408402482478444,1.408402482478444,0
2005,SDN,1.1424422799261036,1.1424422799261036,0
2005,SUR,0.3328537295309934,0.33285372953099335,5.551115123125783e-17
2005,SWZ,0.23632700685206023,0.23632700685206023,0
2005,SWE,26.398143485987866,26.398143485987866,0
2005,CHE,0,0,0
2005,SYR,12.760284755324628,12.760284755324628,0
2005,TWN,33.71473429587807,33.71473429587807,0
2005,TJK,0.11313199520358239,0.11313199520358239,0
2005,TZA,2.4543895742223913,2.4543895742223913,0
2005,THA,14.02860049437824,14.02860049437824,0
2005,TLS,0.005050596095754696,0.005050596095754695,8.673617379884035e-19
2005,TGO,0.7444191411036057,0.7444191411036057,0
2005,TON,0.07260542140672743,0.07260542140672743,0
2005,TTO,1.2206758670055935,1.2206758670055935,0
2005,TUN,4.95765258116945,4.95765258116945,0
2005,TUR,101.01423693506024,101.01423693506024,0
2005,TKM,0.09028431613251767,0.09028431613251765,1.3877787807814457e-17
2005,TCA,0,0,0
2005,TUV,0,0,0
2005,UMI,0.5216686442575612,0.5216686442575612,0
2005,UGA,0.77314927392175,0.7731492739217499,1.1102230246251565e-16
2005,UKR,5.112076396024068,5.112076396024067,8.881784197001252e-16
2005,ARE,161.79275246092658,161.79275246092658,0
2005,GBR,319.75526113644054,319.7552611364405,5.684341886080802e-14
2005,USA,1112.559006457723,1112.5590064577227,2.2737367544323206e-13
2005,URY,0,0,0
2005,UZB,0.8904021351828604,0.8904021351828604,0
2005,VUT,0,0,0
2005,VEN,113.49648925562614,113.49648925562613,1.4210854715202004e-14
2005,VNM,0.5775141162271145,0.5775141162271142,2.220446049250313e-16
2005,VGB,0,0,0
2005,WLF,0.019885222677335213,0.019885222677335213,0
2005,YEM,7.654152046005661,7.654152046005661,0
2005,ZMB,1.5306062826669462,1.5306062826669462,0
2005,ZWE,3.296368437654076,3.296368437654075,8.881784197001252e-16
2006,AFG,0.3783171925318359,0.3783171925318358,5.551115123125783e-17
2006,ALB,0.08586570099179991,0.0858657009917999,1.3877787807814457e-17
2006,DZA,7.634479660109192,7.634479660109192,0
2006,AND,0,0,0
2006,AGO,5.741221668328835,5.741221668328834,8.881784197001252e-16
2006,ATG,0,0,0
2006,ARG,113.92667038007446,113.92667038007446,0
2006,ARM,0.7697231181847883,0.7697231181847883,0
2006,ABW,0,0,0
2006,AUS,42.9684415917556,42.96844159175559,7.105427357601002e-15
2006,AUT,28.769627952534176,28.769627952534172,3.552713678800501e-15
2006,AZE,3.2410520451324363,3.2410520451324363,0
2006,BHS,0,0,0
2006,BHR,0,0,0
2006,BGD,1.1311085759058002,1.1311085759058,2.220446049250313e-16
2006,BRB,0,0,0
2006,BLR,0.8036118159478047,0.8036118159478046,1.1102230246251565e-16
2006,BEL,62.367992212722605,62.367992212722605,0
2006,BLZ,0,0,0
2006,BEN,0.43109819241299385,0.43109819241299385,0
2006,BMU,0,0,0
2006,BTN,0.011227989251953112,0.01122798925195311,1.734723475976807e-18
2006,BOL,1.0435156608687277,1.0435156608687277,0
2006,BES,0,0,0
2006,BIH,0.608540644996556,0.608540644996556,0
2006,BWA,0.5867730207695568,0.5867730207695566,2.220446049250313e-16
2006,BRA,83.19848999595477,83.19848999595477,0
2006,BRN,0,0,0
2006,BGR,4.128222041941202,4.128222041941202,0
2006,BFA,0.242143901267577,0.24214390126757698,2.7755575615628914e-17
2006,BDI,0.3928251154531454,0.39282511545314536,5.551115123125783e-17
2006,CPV,0.20682156450797148,0.20682156450797148,0
2006,KHM,0.10558390742800265,0.10558390742800264,1.3877787807814457e-17
2006,CMR,1.419471435763486,1.419471435763486,0
2006,CAN,66.39148529384876,66.39148529384875,1.4210854715202004e-14
2006,CYM,0,0,0
2006,CAF,0.14199328964736704,0.14199328964736704,0
2006,TCD,0.1986435104156413,0.1986435104156413,0
2006,CHL,12.987738152324615,12.987738152324614,1.7763568394002505e-15
2006,CHN,30.6565646050018,30.6565646050018,0
2006,COL,13.553967355036475,13.553967355036473,1.7763568394002505e-15
2006,COM,0.17858039733058523,0.17858039733058523,0
2006,COG,0.8134128968855265,0.8134128968855265,0
2006,COD,5.161837062315792,5.161837062315792,0
2006,CRI,0,0,0
2006,HRV,3.5697681806944663,3.5697681806944663,0
2006,CUB,0.4529251556632965,0.4529251556632965,0
2006,CUW,0,0,0
2006,CYP,0,0,0
2006,CZE,12.519646359717939,12.519646359717939,0
2006,CIV,4.818336535193024,4.818336535193024,0
2006,DNK,7.185221369577978,7.1852213695779765,1.7763568394002505e-15
2006,DJI,0,0,0
2006,DMA,0,0,0
2006,DOM,4.116259116753759,4.116259116753759,0
2006,ECU,5.131723852266054,5.131723852266054,0
2006,EGY,50.333249309410576,50.333249309410576,0
2006,SLV,1.0009477626954018,1.0009477626954018,0
2006,GNQ,0.47485537799966965,0.4748553779996696,5.551115123125783e-17
2006,ERI,0.12408974390457274,0.12408974390457274,0
2006,EST,1.0077648675296684,1.0077648675296684,0
2006,ETH,0.3836020564762094,0.3836020564762093,5.551115123125783e-17
2006,FLK,0.07007699160904919,0.07007699160904918,1.3877787807814457e-17
2006,FRO,0,0,0
2006,FJI,0.10475612903041169,0.10475612903041168,1.3877787807814457e-17
2006,FIN,7.1344714098014155,7.1344714098014155,0
2006,FRA,272.14539615983676,272.14539615983676,0
2006,PYF,1.1021477828053983,1.1021477828053983,0
2006,GAB,1.1324602969662685,1.1324602969662685,0
2006,GMB,0,0,0
2006,GEO,0.5206722130954955,0.5206722130954954,1.1102230246251565e-16
2006,DEU,550.7404745520938,550.7404745520938,0
2006,GHA,1.1568415133402208,1.1568415133402206,2.220446049250313e-16
2006,GIB,0,0,0
2006,GRC,60.88036758380949,60.88036758380948,7.105427357601002e-15
2006,GRD,0,0,0
2006,GTM,2.6692467156454094,2.6692467156454094,0
2006,GGY,0,0,0
2006,GIN,0.9452618789071385,0.9452618789071384,1.1102230246251565e-16
2006,GNB,0.20264879749046172,0.20264879749046172,0
2006,GUY,0,0,0
2006,HTI,0.21737851156096433,0.2173785115609643,2.7755575615628914e-17
2006,VAT,1.7526426078577921,1.7526426078577921,0
2006,HND,0.5204703320341256,0.5204703320341255,1.1102230246251565e-16
2006,HKG,0,0,0
2006,HUN,5.3959712159321445,5.3959712159321445,0
2006,ISL,3.1055461324298417,3.1055461324298412,4.440892098500626e-16
2006,IND,29.867531004807223,29.867531004807223,0
2006,IDN,12.144577919555822,12.144577919555822,0
2006,IRN,14.842722843765033,14.842722843765031,1.7763568394002505e-15
2006,IRQ,3.7074103472125195,3.7074103472125195,0
2006,IRL,19.734931844206745,19.73493184420674,3.552713678800501e-15
2006,IMN,0,0,0
2006,ISR,100.23957328342753,100.23957328342753,0
2006,ITA,162.9962382598832,162.99623825988317,2.842170943040401e-14
2006,JAM,0.9956107164050387,0.9956107164050387,0
2006,JPN,75.16440168664035,75.16440168664035,0
2006,JEY,0,0,0
2006,JOR,36.36627279522086,36.36627279522086,0
2006,KAZ,6.213394179891357,6.213394179891357,0
2006,KEN,21.58487268929915,21.58487268929915,0
2006,KIR,0.29719596584476093,0.2971959658447609,5.551115123125783e-17
2006,PRK,0.07770989887702992,0.07770989887702992,0
2006,KOR,6.063122677608758,6.063122677608758,0
2006,KWT,32.275180427902455,32.275180427902455,0
2006,KGZ,0.18524176328711695,0.18524176328711695,0
2006,LAO,0.044544465996613734,0.044544465996613734,0
2006,LVA,1.320073833823252,1.320073833823252,0
2006,LBN,0,0,0
2006,LSO,0.0333654267307066,0.0333654267307066,0
2006,LBR,0,0,0
2006,LBY,10.568911343230877,10.568911343230877,0
2006,LIE,0,0,0
2006,LTU,1.5228983100896274,1.5228983100896274,0
2006,LUX,0,0,0
2006,MAC,0,0,0
2006,MKD,0.891269551710856,0.891269551710856,0
2006,MDG,1.5867689798026157,1.5867689798026157,0
2006,MWI,0.3424489513165628,0.3424489513165627,5.551115123125783e-17
2006,MYS,0,0,0
2006,MDV,0,0,0
2006,MLI,0.36936885915569645,0.36936885915569645,0
2006,MLT,0,0,0
2006,MHL,0,0,0
2006,MRT,0.3220180067859272,0.3220180067859272,0
2006,MUS,0,0,0
2006,MEX,83.83350548866588,83.83350548866588,0
2006,FSM,0.204682524206585,0.20468252420658498,2.7755575615628914e-17
2006,MDA,0.16249736076612167,0.16249736076612165,2.7755575615628914e-17
2006,MNG,0.061416752946586314,0.061416752946586314,0
2006,MNE,0.02043269364372517,0.020432693643725165,3.469446951953614e-18
2006,MAR,21.692369288310374,21.692369288310374,0
2006,MOZ,0.34100599045507224,0.3410059904550722,5.551115123125783e-17
2006,MMR,0.20651078557875877,0.20651078557875877,0
2006,NAM,0.43915294955838974,0.43915294955838974,0
2006,NRU,0,0,0
2006,NPL,0.4085486388532451,0.4085486388532451,0
2006,ANT,0,0,0
2006,NLD,54.98786455431093,54.98786455431092,1.4210854715202004e-14
2006,NCL,0.4878717201828565,0.48787172018285646,5.551115123125783e-17
2006,NZL,21.43615318265938,21.436153182659375,3.552713678800501e-15
2006,NIC,0.336524131411184,0.336524131411184,0
2006,NER,0.12655371382028335,0.12655371382028335,0
2006,NGA,13.340105548985509,13.340105548985509,0
2006,NOR,17.46605518911793,17.46605518911793,0
2006,OMN,11.408185588495252,11.408185588495252,0
2006,PAK,18.957115746700556,18.957115746700556,0
2006,PLW,0,0,0
2006,PSE,2.263628253846638,2.263628253846638,0
2006,PAN,0,0,0
2006,PNG,0,0,0
2006,PRY,4.989693974293416,4.989693974293416,0
2006,PER,10.129771424947311,10.129771424947311,0
2006,PHL,9.457539376365114,9.457539376365112,1.7763568394002505e-15
2006,POL,8.246786082160936,8.246786082160936,0
2006,PRT,37.40127758993052,37.40127758993052,0
2006,QAT,7.061063405697632,7.061063405697632,0
2006,ROU,3.14129445757856,3.14129445757856,0
2006,RUS,171.55561026787947,171.55561026787944,2.842170943040401e-14
2006,RWA,0.41280084432362035,0.41280084432362035,0
2006,SHN,0.03239980302227025,0.032399803022270246,6.938893903907228e-18
2006,KNA,0,0,0
2006,LCA,0,0,0
2006,VCT,0,0,0
2006,WSM,0,0,0
2006,SMR,0,0,0
2006,STP,0.01788765913890639,0.01788765913890639,0
2006,SAU,213.22889302332288,213.22889302332288,0
2006,SEN,4.556611595118152,4.556611595118152,0
2006,SRB,2.182214984104768,2.182214984104768,0
2006,SYC,0,0,0
2006,BEH,0,NA,NA
2006,CHH,0,NA,NA
2006,GBH,0,NA,NA
2006,IEH,0,NA,NA
2006,NLH,0,NA,NA
2006,USH,0,NA,NA
2006,SLE,0.2485814153135861,0.24858141531358607,2.7755575615628914e-17
2006,SGP,0,0,0
2006,SXM,0,0,0
2006,SVK,1.9087458614081185,1.9087458614081185,0
2006,SVN,1.1838392534963644,1.1838392534963642,2.220446049250313e-16
2006,SLB,0,0,0
2006,SOM,0.045469831862871006,0.045469831862871006,0
2006,ZAF,36.31811440297166,36.31811440297165,7.105427357601002e-15
2006,SSD,0,0,0
2006,ESP,103.21020866869311,103.21020866869308,2.842170943040401e-14
2006,LKA,1.6656655457226148,1.6656655457226148,0
2006,SDN,1.1970292816944823,1.1970292816944823,0
2006,SUR,0.35121684219779353,0.35121684219779353,0
2006,SWZ,0.24456832621729338,0.24456832621729335,2.7755575615628914e-17
2006,SWE,29.191061306761107,29.1910613067611,7.105427357601002e-15
2006,CHE,0,0,0
2006,SYR,14.660039366626119,14.660039366626119,0
2006,TWN,38.52550366866967,38.52550366866967,0
2006,TJK,0.11012148101928716,0.11012148101928716,0
2006,TZA,3.3155179675273723,3.315517967527372,4.440892098500626e-16
2006,THA,16.539036342891627,16.539036342891624,3.552713678800501e-15
2006,TLS,0.0570526148330062,0.0570526148330062,0
2006,TGO,0.8849584960342426,0.8849584960342425,1.1102230246251565e-16
2006,TON,0.012267670460586324,0.012267670460586324,0
2006,TTO,1.802343817366865,1.802343817366865,0
2006,TUN,6.431613475670743,6.431613475670743,0
2006,TUR,129.01434753973376,129.01434753973376,0
2006,TKM,0.10007687427828214,0.10007687427828214,0
2006,TCA,0,0,0
2006,TUV,1.1599687241733067e-4,1.1599687241733066e-4,1.3552527156068805e-20
2006,UMI,0.4931962506683269,0.49319625066832684,5.551115123125783e-17
2006,UGA,0.747095318913757,0.747095318913757,0
2006,UKR,6.644720217190238,6.644720217190238,0
2006,ARE,199.5190300284599,199.5190300284599,0
2006,GBR,350.94997963905945,350.9499796390594,5.684341886080802e-14
2006,USA,1204.371187497441,1204.3711874974408,2.2737367544323206e-13
2006,URY,0,0,0
2006,UZB,1.4199951694800905,1.4199951694800905,0
2006,VUT,0,0,0
2006,VEN,135.25059160785426,135.25059160785426,0
2006,VNM,0.7677267799612251,0.7677267799612251,0
2006,VGB,0,0,0
2006,WLF,0.02246134518723383,0.02246134518723383,0
2006,YEM,8.556663171274318,8.556663171274318,0
2006,ZMB,1.8118852634178162,1.811885263417816,2.220446049250313e-16
2006,ZWE,3.472636447870842,3.472636447870842,0
2007,AFG,0.8678798017083322,0.8678798017083322,0
2007,ALB,0.1351152298884927,0.1351152298884927,0
2007,DZA,8.293070712539283,8.293070712539283,0
2007,AND,0,0,0
2007,AGO,7.361907190485846,7.361907190485846,0
2007,ATG,0,0,0
2007,ARG,137.82246436584663,137.82246436584663,0
2007,ARM,1.233833953432406,1.233833953432406,0
2007,ABW,0,0,0
2007,AUS,59.461714788170916,59.4617147881709,1.4210854715202004e-14
2007,AUT,40.75116520555983,40.75116520555982,7.105427357601002e-15
2007,AZE,4.465610786959361,4.465610786959361,0
2007,BHS,0,0,0
2007,BHR,0,0,0
2007,BGD,1.3568406681438998,1.3568406681438998,0
2007,BRB,0,0,0
2007,BLR,0.9877053795937447,0.9877053795937446,1.1102230246251565e-16
2007,BEL,77.24901668586578,77.24901668586577,1.4210854715202004e-14
2007,BLZ,0,0,0
2007,BEN,0.5518786217006012,0.5518786217006011,1.1102230246251565e-16
2007,BMU,0,0,0
2007,BTN,0.03150336048263841,0.0315033604826384,6.938893903907228e-18
2007,BOL,1.7823747414456552,1.7823747414456552,0
2007,BES,0,0,0
2007,BIH,0.8151943405633661,0.8151943405633661,0
2007,BWA,0.7906426856597685,0.7906426856597683,2.220446049250313e-16
2007,BRA,94.38480365927266,94.38480365927266,0
2007,BRN,0,0,0
2007,BGR,6.921396530332755,6.921396530332755,0
2007,BFA,0.3457542131987743,0.3457542131987743,0
2007,BDI,0.5848878691526941,0.584887869152694,1.1102230246251565e-16
2007,CPV,0.30609525521184866,0.30609525521184866,0
2007,KHM,0.19414994414797948,0.19414994414797945,2.7755575615628914e-17
2007,CMR,1.7712020673620996,1.7712020673620996,0
2007,CAN,91.04512060998537,91.04512060998537,0
2007,CYM,0,0,0
2007,CAF,0.2121931356171166,0.2121931356171166,0
2007,TCD,0.26380636061859497,0.2638063606185949,5.551115123125783e-17
2007,CHL,16.177863897485476,16.177863897485473,3.552713678800501e-15
2007,CHN,51.08398268770941,51.08398268770941,0
2007,COL,18.449844940103866,18.449844940103866,0
2007,COM,0.2625560319599519,0.2625560319599519,0
2007,COG,1.0796171115574817,1.0796171115574817,0
2007,COD,7.224760958973071,7.224760958973071,0
2007,CRI,0,0,0
2007,HRV,5.113732981048427,5.113732981048427,0
2007,CUB,0.47741164754217114,0.47741164754217114,0
2007,CUW,0,0,0
2007,CYP,0,0,0
2007,CZE,15.657116527054532,15.65711652705453,1.7763568394002505e-15
2007,CIV,5.415367216274887,5.415367216274887,0
2007,DNK,9.563882694629104,9.563882694629102,1.7763568394002505e-15
2007,DJI,0,0,0
2007,DMA,0,0,0
2007,DOM,6.897086082181915,6.897086082181915,0
2007,ECU,6.585766820710588,6.585766820710588,0
2007,EGY,62.800586634044585,62.800586634044585,0
2007,SLV,1.8314187509620603,1.8314187509620603,0
2007,GNQ,0.6651221396314547,0.6651221396314547,0
2007,ERI,0.17399980049860383,0.1739998004986038,2.7755575615628914e-17
2007,EST,1.066115258842806,1.066115258842806,0
2007,ETH,0.522427401862474,0.5224274018624739,1.1102230246251565e-16
2007,FLK,0.09391708092512116,0.09391708092512113,2.7755575615628914e-17
2007,FRO,0,0,0
2007,FJI,0.13848912867315352,0.13848912867315352,0
2007,FIN,10.702466165310748,10.702466165310746,1.7763568394002505e-15
2007,FRA,354.2023486017926,354.20234860179255,5.684341886080802e-14
2007,PYF,1.2273509861743053,1.2273509861743053,0
2007,GAB,1.1268422112913206,1.1268422112913203,2.220446049250313e-16
2007,GMB,0,0,0
2007,GEO,0.8830199965248822,0.8830199965248822,0
2007,DEU,736.2062860374798,736.2062860374798,0
2007,GHA,1.526083442955484,1.5260834429554837,2.220446049250313e-16
2007,GIB,0,0,0
2007,GRC,67.46178695934896,67.46178695934894,1.4210854715202004e-14
2007,GRD,0,0,0
2007,GTM,3.9525750146258587,3.9525750146258587,0
2007,GGY,0,0,0
2007,GIN,1.2224689055277749,1.2224689055277749,0
2007,GNB,0.3124014309702664,0.3124014309702664,0
2007,GUY,0,0,0
2007,HTI,0.3387613324001675,0.3387613324001674,5.551115123125783e-17
2007,VAT,2.310008170056105,2.310008170056105,0
2007,HND,0.838651605359331,0.8386516053593309,1.1102230246251565e-16
2007,HKG,0,0,0
2007,HUN,7.590458391341327,7.590458391341327,0
2007,ISL,5.0441812811201405,5.04418128112014,8.881784197001252e-16
2007,IND,38.62729636678852,38.62729636678852,0
2007,IDN,14.20617668744045,14.206176687440447,3.552713678800501e-15
2007,IRN,15.541576356454424,15.541576356454424,0
2007,IRQ,5.608968968760574,5.608968968760574,0
2007,IRL,30.06523502599874,30.065235025998735,3.552713678800501e-15
2007,IMN,0,0,0
2007,ISR,129.32299851821153,129.32299851821153,0
2007,ITA,184.83162848190685,184.83162848190685,0
2007,JAM,1.09813850289232,1.09813850289232,0
2007,JPN,109.18842744465071,109.18842744465067,4.263256414560601e-14
2007,JEY,0,0,0
2007,JOR,43.67185494619777,43.67185494619777,0
2007,KAZ,10.432473118165694,10.432473118165694,0
2007,KEN,26.784271822333224,26.784271822333217,7.105427357601002e-15
2007,KIR,0.4416238200563348,0.4416238200563347,1.1102230246251565e-16
2007,PRK,0.08449397841999279,0.08449397841999279,0
2007,KOR,9.111210064277817,9.111210064277817,0
2007,KWT,45.21282207455955,45.21282207455954,7.105427357601002e-15
2007,KGZ,0.3314327636489694,0.3314327636489694,0
2007,LAO,0.07579543262337844,0.07579543262337844,0
2007,LVA,1.6891500017879764,1.6891500017879764,0
2007,LBN,0,0,0
2007,LSO,0.03333063642251304,0.033330636422513035,6.938893903907228e-18
2007,LBR,0,0,0
2007,LBY,15.639809133084729,15.639809133084729,0
2007,LIE,0,0,0
2007,LTU,2.6924315530642953,2.692431553064295,4.440892098500626e-16
2007,LUX,0,0,0
2007,MAC,0,0,0
2007,MKD,1.2293167711729502,1.2293167711729502,0
2007,MDG,2.1240551817310696,2.124055181731069,4.440892098500626e-16
2007,MWI,0.4589145318461496,0.4589145318461495,1.1102230246251565e-16
2007,MYS,0,0,0
2007,MDV,0,0,0
2007,MLI,0.46756469356788044,0.4675646935678804,5.551115123125783e-17
2007,MLT,0,0,0
2007,MHL,0,0,0
2007,MRT,0.40585726010130213,0.4058572601013021,5.551115123125783e-17
2007,MUS,0,0,0
2007,MEX,108.03885273199401,108.03885273199401,0
2007,FSM,0.3711170700425493,0.3711170700425493,0
2007,MDA,0.2109394889140407,0.21093948891404068,2.7755575615628914e-17
2007,MNG,0.11596954068687107,0.11596954068687107,0
2007,MNE,0.1345180381616268,0.1345180381616268,0
2007,MAR,27.052305372504343,27.052305372504343,0
2007,MOZ,0.4476832019737907,0.44768320197379063,5.551115123125783e-17
2007,MMR,0.26151636689954183,0.26151636689954183,0
2007,NAM,0.632797295806133,0.632797295806133,0
2007,NRU,0,0,0
2007,NPL,0.5095739137717731,0.5095739137717731,0
2007,ANT,0,0,0
2007,NLD,80.06810121041792,80.06810121041791,1.4210854715202004e-14
2007,NCL,0.6878394742601219,0.6878394742601219,0
2007,NZL,28.671752480480443,28.671752480480443,0
2007,NIC,0.5219770780783979,0.5219770780783979,0
2007,NER,0.13126328926999087,0.13126328926999084,2.7755575615628914e-17
2007,NGA,16.406876747908267,16.406876747908267,0
2007,NOR,24.158913488839435,24.15891348883943,3.552713678800501e-15
2007,OMN,13.621424208991787,13.621424208991787,0
2007,PAK,22.710015234919812,22.710015234919812,0
2007,PLW,0,0,0
2007,PSE,4.132442179851586,4.132442179851586,0
2007,PAN,0,0,0
2007,PNG,0,0,0
2007,PRY,6.016013537591766,6.016013537591766,0
2007,PER,14.773646174916164,14.773646174916164,0
2007,PHL,11.85201879347927,11.85201879347927,0
2007,POL,11.065030125126594,11.065030125126594,0
2007,PRT,47.133308279972425,47.13330827997242,7.105427357601002e-15
2007,QAT,10.949133494404144,10.949133494404142,1.7763568394002505e-15
2007,ROU,4.40066412157601,4.40066412157601,0
2007,RUS,244.1444641115094,244.14446411150936,2.842170943040401e-14
2007,RWA,0.5355415117305405,0.5355415117305405,0
2007,SHN,0.05926993747426015,0.05926993747426013,1.3877787807814457e-17
2007,KNA,0,0,0
2007,LCA,0,0,0
2007,VCT,0,0,0
2007,WSM,0,0,0
2007,SMR,0,0,0
2007,STP,0.03153208076516944,0.03153208076516944,0
2007,SAU,250.17625778803247,250.17625778803247,0
2007,SEN,5.45140806533241,5.45140806533241,0
2007,SRB,3.1164557178278,3.1164557178278,0
2007,SYC,0,0,0
2007,BEH,0,NA,NA
2007,CHH,0,NA,NA
2007,GBH,0,NA,NA
2007,IEH,0,NA,NA
2007,NLH,0,NA,NA
2007,USH,0,NA,NA
2007,SLE,0.3310781096162392,0.3310781096162391,5.551115123125783e-17
2007,SGP,0,0,0
2007,SXM,0,0,0
2007,SVK,2.679516331185716,2.6795163311857157,4.440892098500626e-16
2007,SVN,1.8488275429832028,1.8488275429832024,4.440892098500626e-16
2007,SLB,0,0,0
2007,SOM,0.08561153765460984,0.08561153765460983,1.3877787807814457e-17
2007,ZAF,47.59718479878797,47.59718479878797,0
2007,SSD,0,0,0
2007,ESP,120.20007396162136,120.20007396162136,0
2007,LKA,2.1135789953360913,2.113578995336091,4.440892098500626e-16
2007,SDN,1.5200271791129027,1.5200271791129027,0
2007,SUR,0.5204693890142731,0.5204693890142731,0
2007,SWZ,0.3539351064143571,0.35393510641435705,5.551115123125783e-17
2007,SWE,38.48302048558338,38.483020485583374,7.105427357601002e-15
2007,CHE,0,0,0
2007,SYR,16.316123690878346,16.316123690878346,0
2007,TWN,54.31639753358656,54.31639753358656,0
2007,TJK,0.10018083824421785,0.10018083824421785,0
2007,TZA,4.318690827875051,4.31869082787505,8.881784197001252e-16
2007,THA,22.027711254004345,22.027711254004345,0
2007,TLS,0.03199670994405263,0.03199670994405263,0
2007,TGO,1.1272904992436563,1.127290499243656,2.220446049250313e-16
2007,TON,0.00970453043776166,0.00970453043776166,0
2007,TTO,3.1782837608814076,3.1782837608814067,8.881784197001252e-16
2007,TUN,8.416797056049914,8.416797056049914,0
2007,TUR,163.3427690698677,163.34276906986767,2.842170943040401e-14
2007,TKM,0.1176716779778009,0.11767167797780088,1.3877787807814457e-17
2007,TCA,0,0,0
2007,TUV,0.0034424065442352474,0.0034424065442352466,8.673617379884035e-19
2007,UMI,0.5986022090015153,0.5986022090015153,0
2007,UGA,1.131701501682113,1.131701501682113,0
2007,UKR,8.145971395301581,8.145971395301581,0
2007,ARE,238.15256255344673,238.1525625534467,2.842170943040401e-14
2007,GBR,472.85987266928464,472.8598726692845,1.1368683772161603e-13
2007,USA,1820.8128523353093,1820.8128523353091,2.2737367544323206e-13
2007,URY,0,0,0
2007,UZB,2.1676023981318084,2.1676023981318084,0
2007,VUT,0,0,0
2007,VEN,169.5036769674517,169.5036769674517,0
2007,VNM,1.323357372927553,1.323357372927553,0
2007,VGB,0,0,0
2007,WLF,0.01663872264452444,0.01663872264452444,0
2007,YEM,10.545976765574387,10.545976765574387,0
2007,ZMB,2.4854982659199027,2.4854982659199027,0
2007,ZWE,4.049820227053881,4.049820227053881,0
2008,AFG,0.5566684987400591,0.5566684987400591,0
2008,ALB,0.11630550854894685,0.11630550854894685,0
2008,DZA,6.016897104526255,6.016897104526255,0
2008,AND,0,0,0
2008,AGO,5.3528076970993546,5.3528076970993546,0
2008,ATG,0,0,0
2008,ARG,97.19785674714026,97.19785674714026,0
2008,ARM,1.2608892975994566,1.2608892975994566,0
2008,ABW,0,0,0
2008,AUS,47.8572018829412,47.8572018829412,0
2008,AUT,33.92059719188331,33.92059719188331,0
2008,AZE,3.946201680377265,3.946201680377265,0
2008,BHS,0,0,0
2008,BHR,0,0,0
2008,BGD,1.186075678846471,1.186075678846471,0
2008,BRB,0,0,0
2008,BLR,0.7065666283213745,0.7065666283213744,1.1102230246251565e-16
2008,BEL,59.463485737907575,59.46348573790757,7.105427357601002e-15
2008,BLZ,0,0,0
2008,BEN,0.4354730699089456,0.4354730699089456,0
2008,BMU,0,0,0
2008,BTN,0.020346065158051336,0.020346065158051336,0
2008,BOL,1.9005960243904638,1.9005960243904636,2.220446049250313e-16
2008,BES,0,0,0
2008,BIH,0.6900521059185333,0.6900521059185334,-1.1102230246251565e-16
2008,BWA,0.6158177417190888,0.6158177417190888,0
2008,BRA,63.73988240385192,63.73988240385192,0
2008,BRN,0,0,0
2008,BGR,5.8094675147290635,5.8094675147290635,0
2008,BFA,0.2401613405076238,0.2401613405076238,0
2008,BDI,0.5003872756243382,0.5003872756243382,0
2008,CPV,0.2089338561099606,0.20893385610996063,-2.7755575615628914e-17
2008,KHM,0.22437545777046344,0.22437545777046347,-2.7755575615628914e-17
2008,CMR,1.4579306295404477,1.4579306295404477,0
2008,CAN,76.81571592348126,76.81571592348128,-1.4210854715202004e-14
2008,CYM,0,0,0
2008,CAF,0.1343904300551367,0.1343904300551367,0
2008,TCD,0.20481400697195398,0.20481400697195395,2.7755575615628914e-17
2008,CHL,12.411019000238692,12.411019000238692,0
2008,CHN,54.291538333384445,54.29153833338445,-7.105427357601002e-15
2008,COL,15.315126866551886,15.315126866551886,0
2008,COM,0.23340832406622122,0.23340832406622122,0
2008,COG,0.7849098866768536,0.7849098866768536,0
2008,COD,6.018681129377209,6.0186811293772084,8.881784197001252e-16
2008,CRI,0,0,0
2008,HRV,4.470047048970792,4.470047048970792,0
2008,CUB,0.38487705586547993,0.38487705586548004,-1.1102230246251565e-16
2008,CUW,0,0,0
2008,CYP,0,0,0
2008,CZE,12.437866434167532,12.437866434167532,0
2008,CIV,3.739274954842164,3.739274954842164,0
2008,DNK,8.05152824866374,8.051528248663738,1.7763568394002505e-15
2008,DJI,0,0,0
2008,DMA,0,0,0
2008,DOM,7.046481834924855,7.0464818349248555,-8.881784197001252e-16
2008,ECU,5.679936273848579,5.679936273848579,0
2008,EGY,46.09357386176461,46.09357386176461,0
2008,SLV,1.6606132568513692,1.6606132568513692,0
2008,GNQ,0.9319331491856634,0.9319331491856635,-1.1102230246251565e-16
2008,ERI,0.1473299421211291,0.1473299421211291,0
2008,EST,0.8672034387625955,0.8672034387625955,0
2008,ETH,0.3830981611869853,0.38309816118698525,5.551115123125783e-17
2008,FLK,0.0718640412865279,0.0718640412865279,0
2008,FRO,0,0,0
2008,FJI,0.11542696156319276,0.11542696156319275,1.3877787807814457e-17
2008,FIN,9.28096615283903,9.28096615283903,0
2008,FRA,272.29492483917284,272.29492483917284,0
2008,PYF,0.9185142259824242,0.9185142259824242,0
2008,GAB,0.7701361019989602,0.7701361019989602,0
2008,GMB,0,0,0
2008,GEO,1.116743637253466,1.116743637253466,0
2008,DEU,555.114451019624,555.1144510196239,1.1368683772161603e-13
2008,GHA,1.1374281722804753,1.1374281722804755,-2.220446049250313e-16
2008,GIB,0,0,0
2008,GRC,52.26732499550433,52.267324995504325,7.105427357601002e-15
2008,GRD,0,0,0
2008,GTM,3.6488152573745607,3.648815257374561,-4.440892098500626e-16
2008,GGY,0,0,0
2008,GIN,0.8773663429160095,0.8773663429160095,0
2008,GNB,0.34259707102579284,0.34259707102579284,0
2008,GUY,0,0,0
2008,HTI,0.3137408574867822,0.3137408574867822,0
2008,VAT,1.4794154392986798,1.4794154392986798,0
2008,HND,0.8683501497531352,0.8683501497531352,0
2008,HKG,0,0,0
2008,HUN,7.125328940197946,7.125328940197946,0
2008,ISL,3.566482527472345,3.5664825274723446,4.440892098500626e-16
2008,IND,28.58922499844637,28.58922499844637,0
2008,IDN,10.948704419999261,10.948704419999261,0
2008,IRN,9.649361477378813,9.649361477378813,0
2008,IRQ,4.16184748736577,4.16184748736577,0
2008,IRL,28.551448622794215,28.55144862279421,3.552713678800501e-15
2008,IMN,0,0,0
2008,ISR,88.92809281730476,88.92809281730476,0
2008,ITA,130.6916738571046,130.6916738571046,0
2008,JAM,0.8636762858202103,0.8636762858202103,0
2008,JPN,94.68330410603052,94.68330410603052,0
2008,JEY,0,0,0
2008,JOR,32.77956688182938,32.77956688182938,0
2008,KAZ,12.44409904143642,12.44409904143642,0
2008,KEN,19.52784099485014,19.52784099485014,0
2008,KIR,0.30254758153995587,0.3025475815399558,5.551115123125783e-17
2008,PRK,0.06578882862360848,0.06578882862360848,0
2008,KOR,8.637501561499988,8.637501561499988,0
2008,KWT,39.10424750318099,39.104247503181,-7.105427357601002e-15
2008,KGZ,0.3424337807599558,0.34243378075995584,-5.551115123125783e-17
2008,LAO,0.08440558173393735,0.08440558173393735,0
2008,LVA,1.416557527691068,1.416557527691068,0
2008,LBN,0,0,0
2008,LSO,0.020278078683900722,0.020278078683900722,0
2008,LBR,0,0,0
2008,LBY,11.158413770214395,11.158413770214395,0
2008,LIE,0,0,0
2008,LTU,1.928745413142959,1.928745413142959,0
2008,LUX,0,0,0
2008,MAC,0,0,0
2008,MKD,0.9695441051307988,0.9695441051307988,0
2008,MDG,1.5342921613788343,1.5342921613788343,0
2008,MWI,0.3320487170464519,0.3320487170464519,0
2008,MYS,0,0,0
2008,MDV,0,0,0
2008,MLI,0.3723101938720002,0.3723101938720002,0
2008,MLT,0,0,0
2008,MHL,0,0,0
2008,MRT,0.3215236099347353,0.3215236099347353,0
2008,MUS,0,0,0
2008,MEX,83.06137490873725,83.06137490873725,0
2008,FSM,0.37325903645735203,0.37325903645735203,0
2008,MDA,0.18848188394501972,0.1884818839450197,2.7755575615628914e-17
2008,MNG,0.1219446568423943,0.1219446568423943,0
2008,MNE,0.3573277397700971,0.35732773977009713,-5.551115123125783e-17
2008,MAR,22.098049970781375,22.098049970781375,0
2008,MOZ,0.38346353324074717,0.38346353324074717,0
2008,MMR,0.19917562328029856,0.19917562328029856,0
2008,NAM,0.525360510042114,0.525360510042114,0
2008,NRU,0,0,0
2008,NPL,0.401426643040509,0.40142664304050896,5.551115123125783e-17
2008,ANT,0,0,0
2008,NLD,64.12462659348094,64.12462659348094,0
2008,NCL,0.5297652310514361,0.5297652310514361,0
2008,NZL,22.61739946745233,22.61739946745233,0
2008,NIC,0.5318526440606723,0.5318526440606725,-1.1102230246251565e-16
2008,NER,0.09338350862304519,0.09338350862304519,0
2008,NGA,13.103368986767723,13.103368986767723,0
2008,NOR,16.120967221713023,16.120967221713023,0
2008,OMN,9.464084162617356,9.464084162617356,0
2008,PAK,17.194316973330743,17.194316973330743,0
2008,PLW,0,0,0
2008,PSE,3.8505116270480317,3.8505116270480317,0
2008,PAN,0,0,0
2008,PNG,0,0,0
2008,PRY,4.452325127205358,4.452325127205358,0
2008,PER,12.60395164757861,12.60395164757861,0
2008,PHL,9.030546020008437,9.030546020008437,0
2008,POL,8.894008399252465,8.894008399252465,0
2008,PRT,35.241328813842806,35.2413288138428,7.105427357601002e-15
2008,QAT,13.331493205706584,13.331493205706584,0
2008,ROU,3.8566289276559584,3.8566289276559584,0
2008,RUS,207.42065027917408,207.42065027917408,0
2008,RWA,0.3678554426702977,0.3678554426702977,0
2008,SHN,0.02691886412917438,0.026918864129174377,3.469446951953614e-18
2008,KNA,0,0,0
2008,LCA,0,0,0
2008,VCT,0,0,0
2008,WSM,0,0,0
2008,SMR,0,0,0
2008,STP,0.016860288279960545,0.01686028827996055,-3.469446951953614e-18
2008,SAU,185.57982360099635,185.57982360099635,0
2008,SEN,3.7353177754543414,3.7353177754543414,0
2008,SRB,2.5923752895340124,2.5923752895340124,0
2008,SYC,0,0,0
2008,BEH,0,NA,NA
2008,CHH,0,NA,NA
2008,GBH,0,NA,NA
2008,IEH,0,NA,NA
2008,NLH,0,NA,NA
2008,USH,0,NA,NA
2008,SLE,0.22848638316325381,0.2284863831632538,2.7755575615628914e-17
2008,SGP,0,0,0
2008,SXM,0,0,0
2008,SVK,2.0304501954921617,2.030450195492161,4.440892098500626e-16
2008,SVN,1.4448207867397558,1.4448207867397558,0
2008,SLB,0,0,0
2008,SOM,0.03708373874766506,0.03708373874766506,0
2008,ZAF,36.43132175715518,36.431321757155175,7.105427357601002e-15
2008,SSD,0,0,0
2008,ESP,88.42483130084689,88.42483130084689,0
2008,LKA,1.4584462705808878,1.4584462705808878,0
2008,SDN,1.1265886825217115,1.1265886825217113,2.220446049250313e-16
2008,SUR,0.4986938283015787,0.49869382830157877,-5.551115123125783e-17
2008,SWZ,0.3162956652871166,0.3162956652871166,0
2008,SWE,27.468390450476345,27.468390450476345,0
2008,CHE,0,0,0
2008,SYR,11.208688917180996,11.208688917180996,0
2008,TWN,49.2796556789268,49.27965567892681,-7.105427357601002e-15
2008,TJK,0.07497943817510977,0.07497943817510977,0
2008,TZA,3.2676706300556067,3.2676706300556067,0
2008,THA,17.559555281783258,17.559555281783258,0
2008,TLS,0.020399212727595237,0.020399212727595237,0
2008,TGO,0.7321290007659963,0.7321290007659963,0
2008,TON,0.004100860756303595,0.004100860756303594,8.673617379884035e-19
2008,TTO,3.5322216880645567,3.5322216880645567,0
2008,TUN,6.8921831499742,6.8921831499742,0
2008,TUR,137.79234850734062,137.79234850734062,0
2008,TKM,0.07476384349570159,0.0747638434957016,-1.3877787807814457e-17
2008,TCA,0,0,0
2008,TUV,0.005456266947924318,0.005456266947924317,8.673617379884035e-19
2008,UMI,0.357781892291338,0.357781892291338,0
2008,UGA,0.9815657079071141,0.9815657079071141,0
2008,UKR,5.945308204817708,5.945308204817708,0
2008,ARE,169.94781990574845,169.94781990574845,0
2008,GBR,373.9900039393131,373.99000393931317,-5.684341886080802e-14
2008,USA,1799.2081390804924,1799.2081390804926,-2.2737367544323206e-13
2008,URY,0,0,0
2008,UZB,2.564297715171942,2.564297715171942,0
2008,VUT,0,0,0
2008,VEN,113.42003251627739,113.42003251627739,0
2008,VNM,1.275797167624194,1.275797167624194,0
2008,VGB,0,0,0
2008,WLF,0.00876860546869569,0.00876860546869569,0
2008,YEM,8.160293592423773,8.160293592423773,0
2008,ZMB,1.8522906465249396,1.8522906465249396,0
2008,ZWE,2.8772968026034236,2.8772968026034236,0
2009,AFG,0.8232280882981683,0.8232280882981683,0
2009,ALB,0.12259497076780143,0.12259497076780143,0
2009,DZA,7.072731069068508,7.072731069068508,0
2009,AND,0,0,0
2009,AGO,6.355942573964658,6.355942573964658,0
2009,ATG,0,0,0
2009,ARG,97.01275122439496,97.01275122439496,0
2009,ARM,1.63597817651507,1.63597817651507,0
2009,ABW,0,0,0
2009,AUS,56.46352946955983,56.46352946955983,0
2009,AUT,40.39097164210731,40.39097164210731,0
2009,AZE,5.075780416388007,5.075780416388007,0
2009,BHS,0,0,0
2009,BHR,0,0,0
2009,BGD,1.447274483854283,1.447274483854283,0
2009,BRB,0,0,0
2009,BLR,0.8356427128037738,0.8356427128037738,0
2009,BEL,65.67891933383501,65.67891933383501,0
2009,BLZ,0,0,0
2009,BEN,0.5449726714915566,0.5449726714915566,0
2009,BMU,0,0,0
2009,BTN,0.019574237523944018,0.019574237523944018,0
2009,BOL,2.1301790372139866,2.1301790372139866,0
2009,BES,0,0,0
2009,BIH,0.7697723166269265,0.7697723166269265,0
2009,BWA,0.7184169516463483,0.7184169516463483,0
2009,BRA,60.73979541195923,60.73979541195923,0
2009,BRN,0,0,0
2009,BGR,7.532851147020463,7.532851147020463,0
2009,BFA,0.2605581919060471,0.2605581919060471,0
2009,BDI,0.6146970728749434,0.6146970728749434,0
2009,CPV,0.1694613589559926,0.1694613589559926,0
2009,KHM,0.3095866735526822,0.3095866735526822,0
2009,CMR,1.7253302569646098,1.7253302569646098,0
2009,CAN,91.0078096513631,91.0078096513631,0
2009,CYM,0,0,0
2009,CAF,0.10562298774790685,0.10562298774790685,0
2009,TCD,0.23121276795950163,0.23121276795950163,0
2009,CHL,13.929355856639823,13.929355856639823,0
2009,CHN,68.438961838035425,68.438961838035425,0
2009,COL,18.15650633338965,18.15650633338965,0
2009,COM,0.2409812623150322,0.2409812623150322,0
2009,COG,0.7227887847819651,0.7227887847819651,0
2009,COD,7.645595623581535,7.645595623581535,0
2009,CRI,0,0,0
2009,HRV,5.142713612983516,5.142713612983516,0
2009,CUB,0.5251845782469211,0.5251845782469211,0
2009,CUW,0,0,0
2009,CYP,0,0,0
2009,CZE,13.63248848745258,13.63248848745258,0
2009,CIV,3.702262719063769,3.702262719063769,0
2009,DNK,10.281728749411336,10.281728749411336,0
2009,DJI,0,0,0
2009,DMA,0,0,0
2009,DOM,8.437276568691686,8.437276568691686,0
2009,ECU,7.060375280897504,7.060375280897504,0
2009,EGY,50.537125554344854,50.537125554344854,0
2009,SLV,2.0063325026138292,2.0063325026138292,0
2009,GNQ,1.7365496192582992,1.7365496192582992,0
2009,ERI,0.10985402989879817,0.10985402989879817,0
2009,EST,1.105519413145093,1.105519413145093,0
2009,ETH,0.4119746718227665,0.4119746718227665,0
2009,FLK,0.08663249267275333,0.08663249267275333,0
2009,FRO,0,0,0
2009,FJI,0.13290687342049276,0.13290687342049276,0
2009,FIN,8.517605446067991,8.517605446067991,0
2009,FRA,299.53403867938914,299.53403867938914,0
2009,PYF,1.0018423069585654,1.0018423069585654,0
2009,GAB,0.8392494590741167,0.8392494590741167,0
2009,GMB,0,0,0
2009,GEO,2.134600240769969,2.134600240769969,0
2009,DEU,583.5337775807418,583.5337775807418,0
2009,GHA,1.0696175900397538,1.0696175900397538,0
2009,GIB,0,0,0
2009,GRC,65.94146689014893,65.94146689014893,0
2009,GRD,0,0,0
2009,GTM,4.110531845841138,4.110531845841138,0
2009,GGY,0,0,0
2009,GIN,0.9302066089723887,0.9302066089723887,0
2009,GNB,0.6144775993098759,0.6144775993098759,0
2009,GUY,0,0,0
2009,HTI,0.32851007577027624,0.32851007577027624,0
2009,VAT,1.1121459545838364,1.1121459545838364,0
2009,HND,1.0291158353032508,1.0291158353032508,0
2009,HKG,0,0,0
2009,HUN,10.079000390871132,10.079000390871132,0
2009,ISL,2.7689045264779937,2.7689045264779937,0
2009,IND,30.107498537705037,30.107498537705037,0
2009,IDN,13.143570300545013,13.143570300545013,0
2009,IRN,9.586640195839848,9.586640195839848,0
2009,IRQ,4.412740340422465,4.412740340422465,0
2009,IRL,34.1473845612367,34.1473845612367,0
2009,IMN,0,0,0
2009,ISR,88.05364165648449,88.05364165648449,0
2009,ITA,119.95055664011481,119.95055664011481,0
2009,JAM,0.9524078151874236,0.9524078151874236,0
2009,JPN,103.91812932545494,103.91812932545494,0
2009,JEY,0,0,0
2009,JOR,35.00519649691333,35.00519649691333,0
2009,KAZ,17.53623361630825,17.53623361630825,0
2009,KEN,20.53269429772268,20.53269429772268,0
2009,KIR,0.2807379856592009,0.2807379856592009,0
2009,PRK,0.08467819691763798,0.08467819691763798,0
2009,KOR,10.58452261926608,10.58452261926608,0
2009,KWT,52.37678122597458,52.37678122597458,0
2009,KGZ,0.6249721892638272,0.6249721892638272,0
2009,LAO,0.13929952756704905,0.13929952756704905,0
2009,LVA,1.5174090775309592,1.5174090775309592,0
2009,LBN,0,0,0
2009,LSO,0.022336902211858835,0.022336902211858835,0
2009,LBR,0,0,0
2009,LBY,11.63100134567206,11.63100134567206,0
2009,LIE,0,0,0
2009,LTU,1.9090412235497478,1.9090412235497478,0
2009,LUX,0,0,0
2009,MAC,0,0,0
2009,MKD,0.9880116093551022,0.9880116093551022,0
2009,MDG,1.40931178686925,1.40931178686925,0
2009,MWI,0.37132749876879606,0.37132749876879606,0
2009,MYS,0,0,0
2009,MDV,0,0,0
2009,MLI,0.33233067794127563,0.33233067794127563,0
2009,MLT,0,0,0
2009,MHL,0,0,0
2009,MRT,0.3665068206632895,0.3665068206632895,0
2009,MUS,0,0,0
2009,MEX,89.16032020868235,89.16032020868235,0
2009,FSM,0.457337556336916,0.457337556336916,0
2009,MDA,0.3010718047990019,0.3010718047990019,0
2009,MNG,0.13781828343645564,0.13781828343645564,0
2009,MNE,0.3047499759098423,0.3047499759098423,0
2009,MAR,24.48370138334588,24.48370138334588,0
2009,MOZ,0.4467375629658899,0.4467375629658899,0
2009,MMR,0.23588117396814756,0.23588117396814756,0
2009,NAM,0.6950559069890172,0.6950559069890172,0
2009,NRU,0,0,0
2009,NPL,0.4534252299843069,0.4534252299843069,0
2009,ANT,0,0,0
2009,NLD,71.27253502475185,71.27253502475185,0
2009,NCL,0.5562277806740156,0.5562277806740156,0
2009,NZL,26.74837131433215,26.74837131433215,0
2009,NIC,0.7152478165784129,0.7152478165784129,0
2009,NER,0.1018484321037561,0.1018484321037561,0
2009,NGA,16.728939368997015,16.728939368997015,0
2009,NOR,16.787286536848395,16.787286536848395,0
2009,OMN,10.082456892021707,10.082456892021707,0
2009,PAK,18.820358054833747,18.820358054833747,0
2009,PLW,0,0,0
2009,PSE,4.355344008018449,4.355344008018449,0
2009,PAN,0,0,0
2009,PNG,0,0,0
2009,PRY,4.247341427404598,4.247341427404598,0
2009,PER,13.973079216994968,13.973079216994968,0
2009,PHL,9.556342016371394,9.556342016371394,0
2009,POL,10.479943816665305,10.479943816665305,0
2009,PRT,36.69013877338575,36.69013877338575,0
2009,QAT,24.86174738858958,24.86174738858958,0
2009,ROU,4.8744522933867005,4.8744522933867005,0
2009,RUS,260.4584798534127,260.4584798534127,0
2009,RWA,0.3632500349500447,0.3632500349500447,0
2009,SHN,0.022368088973719114,0.022368088973719114,0
2009,KNA,0,0,0
2009,LCA,0,0,0
2009,VCT,0,0,0
2009,WSM,0,0,0
2009,SMR,0,0,0
2009,STP,0.013117118869714678,0.013117118869714678,0
2009,SAU,236.2671844414958,236.2671844414958,0
2009,SEN,3.7772832272230352,3.7772832272230352,0
2009,SRB,2.9492578415705752,2.9492578415705752,0
2009,SYC,0,0,0
2009,BEH,0,NA,NA
2009,CHH,0,NA,NA
2009,GBH,0,NA,NA
2009,IEH,0,NA,NA
2009,NLH,0,NA,NA
2009,USH,0,NA,NA
2009,SLE,0.22351330609444386,0.22351330609444386,0
2009,SGP,0,0,0
2009,SXM,0,0,0
2009,SVK,2.3052174950296207,2.3052174950296207,0
2009,SVN,1.5462389885144714,1.5462389885144714,0
2009,SLB,0,0,0
2009,SOM,0.024516716407298713,0.024516716407298713,0
2009,ZAF,39.89177331799577,39.89177331799577,0
2009,SSD,0,0,0
2009,ESP,90.58517111826498,90.58517111826498,0
2009,LKA,1.413792503565602,1.413792503565602,0
2009,SDN,1.3054968857445024,1.3054968857445024,0
2009,SUR,0.629193848607455,0.629193848607455,0
2009,SWZ,0.3008124864416778,0.3008124864416778,0
2009,SWE,28.278708351008245,28.278708351008245,0
2009,CHE,0,0,0
2009,SYR,12.415923551136132,12.415923551136132,0
2009,TWN,60.18442691505437,60.18442691505437,0
2009,TJK,0.054005054035740546,0.054005054035740546,0
2009,TZA,3.613455339677325,3.613455339677325,0
2009,THA,19.97623249090655,19.97623249090655,0
2009,TLS,0.02537357121960401,0.02537357121960401,0
2009,TGO,0.5773449063580536,0.5773449063580536,0
2009,TON,0.001734168470713543,0.001734168470713543,0
2009,TTO,4.87214442115537,4.87214442115537,0
2009,TUN,8.050566620575745,8.050566620575745,0
2009,TUR,162.5685330392017,162.5685330392017,0
2009,TKM,0.07528565076852996,0.07528565076852996,0
2009,TCA,0,0,0
2009,TUV,0.011129209053218759,0.011129209053218759,0
2009,UMI,0.29716781883955545,0.29716781883955545,0
2009,UGA,1.561111533808636,1.561111533808636,0
2009,UKR,6.456519819736651,6.456519819736651,0
2009,ARE,187.04622848954904,187.04622848954904,0
2009,GBR,381.77445094466646,381.77445094466646,0
2009,USA,2052.279339478597,2052.279339478597,0
2009,URY,0,0,0
2009,UZB,4.749064087886866,4.749064087886866,0
2009,VUT,0,0,0
2009,VEN,115.84562753615883,115.84562753615883,0
2009,VNM,1.5098761427051777,1.5098761427051777,0
2009,VGB,0,0,0
2009,WLF,0.0074189001206154,0.0074189001206154,0
2009,YEM,11.225523170365639,11.225523170365639,0
2009,ZMB,2.0809309559869384,2.0809309559869384,0
2009,ZWE,2.8103630190396944,2.8103630190396944,0
2010,AFG,0.8946353489579041,0.8946353489579041,0
2010,ALB,0.09679714723619173,0.09679714723619172,1.3877787807814457e-17
2010,DZA,7.728352704858217,7.728352704858216,8.881784197001252e-16
2010,AND,0,0,0
2010,AGO,6.249054549842121,6.24905454984212,8.881784197001252e-16
2010,ATG,0,0,0
2010,ARG,85.26133051655003,85.26133051655003,0
2010,ARM,1.8631284344399024,1.8631284344399024,0
2010,ABW,0,0,0
2010,AUS,52.57956591718591,52.57956591718591,0
2010,AUT,37.129441741345126,37.129441741345126,0
2010,AZE,5.460642693479258,5.460642693479258,0
2010,BHS,0,0,0
2010,BHR,0,0,0
2010,BGD,1.2830500599940138,1.2830500599940138,0
2010,BRB,0,0,0
2010,BLR,0.7822805016577479,0.7822805016577478,1.1102230246251565e-16
2010,BEL,53.028681099422286,53.02868109942228,7.105427357601002e-15
2010,BLZ,0,0,0
2010,BEN,0.6684278662929,0.6684278662929,0
2010,BMU,0,0,0
2010,BTN,0.01158746188442557,0.01158746188442557,0
2010,BOL,2.135967322215945,2.135967322215945,0
2010,BES,0,0,0
2010,BIH,0.6654061049343277,0.6654061049343276,1.1102230246251565e-16
2010,BWA,0.6943244064516562,0.6943244064516559,2.220446049250313e-16
2010,BRA,49.4160433843588,49.4160433843588,0
2010,BRN,0,0,0
2010,BGR,8.919979351512412,8.919979351512412,0
2010,BFA,0.21897821752423396,0.21897821752423396,0
2010,BDI,0.5397069988798963,0.5397069988798963,0
2010,CPV,0.10304963806934743,0.10304963806934743,0
2010,KHM,0.3328327804969602,0.33283278049696013,5.551115123125783e-17
2010,CMR,1.4087026017882096,1.4087026017882096,0
2010,CAN,90.3538594028921,90.3538594028921,0
2010,CYM,0,0,0
2010,CAF,0.07038577671878024,0.07038577671878024,0
2010,TCD,0.15955868651761398,0.15955868651761398,0
2010,CHL,14.79365632452225,14.79365632452225,0
2010,CHN,71.50560482181798,71.50560482181798,0
2010,COL,17.038110723509146,17.038110723509146,0
2010,COM,0.23577961253036256,0.23577961253036256,0
2010,COG,0.6976499770461932,0.6976499770461931,1.1102230246251565e-16
2010,COD,7.518081062728475,7.518081062728475,0
2010,CRI,0,0,0
2010,HRV,5.669242195916346,5.669242195916346,0
2010,CUB,0.5323553855601457,0.5323553855601457,0
2010,CUW,0,0,0
2010,CYP,0,0,0
2010,CZE,12.647971062190159,12.647971062190159,0
2010,CIV,2.9185558275461214,2.9185558275461214,0
2010,DNK,12.696420158500715,12.696420158500715,0
2010,DJI,0,0,0
2010,DMA,0,0,0
2010,DOM,8.82627938875213,8.82627938875213,0
2010,ECU,7.27088957002998,7.27088957002998,0
2010,EGY,48.34115035887637,48.34115035887637,0
2010,SLV,1.6376136825055154,1.6376136825055154,0
2010,GNQ,2.667685730326404,2.667685730326404,0
2010,ERI,0.08177280978756947,0.08177280978756946,1.3877787807814457e-17
2010,EST,1.0977083366316613,1.0977083366316613,0
2010,ETH,0.78329606175394,0.7832960617539398,1.1102230246251565e-16
2010,FLK,0.08678810187877391,0.0867881018787739,1.3877787807814457e-17
2010,FRO,0,0,0
2010,FJI,0.10779954935494056,0.10779954935494054,1.3877787807814457e-17
2010,FIN,6.2012249527194285,6.201224952719427,1.7763568394002505e-15
2010,FRA,270.88367807360936,270.88367807360936,0
2010,PYF,1.1127319552117658,1.1127319552117658,0
2010,GAB,0.822740015684846,0.822740015684846,0
2010,GMB,0,0,0
2010,GEO,3.2483132732840896,3.2483132732840896,0
2010,DEU,468.70688017065555,468.7068801706555,5.684341886080802e-14
2010,GHA,0.9145722649856892,0.9145722649856891,1.1102230246251565e-16
2010,GIB,0,0,0
2010,GRC,75.43419225425143,75.43419225425143,0
2010,GRD,0,0,0
2010,GTM,3.879227814914444,3.879227814914444,0
2010,GGY,0,0,0
2010,GIN,0.5718144339341567,0.5718144339341567,0
2010,GNB,0.9072127385260005,0.9072127385260005,0
2010,GUY,0,0,0
2010,HTI,0.28279241521849074,0.28279241521849074,0
2010,VAT,0.8159306375207597,0.8159306375207597,0
2010,HND,1.0255491435834374,1.0255491435834374,0
2010,HKG,0,0,0
2010,HUN,9.563871005375644,9.563871005375644,0
2010,ISL,1.994238381773796,1.994238381773796,0
2010,IND,23.59529616836383,23.59529616836383,0
2010,IDN,14.159092930134497,14.159092930134497,0
2010,IRN,8.320211791630442,8.320211791630442,0
2010,IRQ,2.7117382563458277,2.7117382563458277,0
2010,IRL,32.28100608306302,32.28100608306302,0
2010,IMN,0,0,0
2010,ISR,80.5295732256657,80.5295732256657,0
2010,ITA,92.59733208572976,92.59733208572975,1.4210854715202004e-14
2010,JAM,0.8857795509551059,0.8857795509551056,2.220446049250313e-16
2010,JPN,91.11488436788707,91.11488436788707,0
2010,JEY,0,0,0
2010,JOR,34.42035404678146,34.42035404678146,0
2010,KAZ,22.188352747896094,22.188352747896094,0
2010,KEN,17.954952924977988,17.954952924977988,0
2010,KIR,0.20640266141648575,0.2064026614164857,5.551115123125783e-17
2010,PRK,0.06500399866291397,0.06500399866291395,1.3877787807814457e-17
2010,KOR,9.95570232041915,9.955702320419148,1.7763568394002505e-15
2010,KWT,56.65610016624348,56.65610016624348,0
2010,KGZ,0.8057261731899636,0.8057261731899636,0
2010,LAO,0.13375895987208247,0.13375895987208247,0
2010,LVA,1.25261986554937,1.25261986554937,0
2010,LBN,0,0,0
2010,LSO,0.026528031192337154,0.026528031192337154,0
2010,LBR,0,0,0
2010,LBY,9.696447442934145,9.696447442934145,0
2010,LIE,0,0,0
2010,LTU,1.2398415711236488,1.2398415711236486,2.220446049250313e-16
2010,LUX,0,0,0
2010,MAC,0,0,0
2010,MKD,0.8549893806429653,0.8549893806429653,0
2010,MDG,0.9053574282446327,0.9053574282446326,1.1102230246251565e-16
2010,MWI,0.3358395937010256,0.3358395937010256,0
2010,MYS,0,0,0
2010,MDV,0,0,0
2010,MLI,0.24277247605382474,0.2427724760538247,2.7755575615628914e-17
2010,MLT,0,0,0
2010,MHL,0,0,0
2010,MRT,0.2907773150713663,0.2907773150713663,0
2010,MUS,0,0,0
2010,MEX,82.03780514923885,82.03780514923885,0
2010,FSM,0.37007921932300697,0.37007921932300697,0
2010,MDA,0.3225972164865407,0.3225972164865407,0
2010,MNG,0.10664882538117448,0.10664882538117448,0
2010,MNE,0.30965169512420704,0.30965169512420704,0
2010,MAR,23.257116715810042,23.25711671581004,3.552713678800501e-15
2010,MOZ,0.47794508116567685,0.4779450811656768,5.551115123125783e-17
2010,MMR,0.2209532890461476,0.2209532890461476,0
2010,NAM,0.8642872186468268,0.8642872186468268,0
2010,NRU,0,0,0
2010,NPL,0.3936613305924678,0.3936613305924678,0
2010,ANT,0,0,0
2010,NLD,62.59048895003791,62.590488950037894,1.4210854715202004e-14
2010,NCL,0.4577310591632911,0.4577310591632911,0
2010,NZL,27.159726688916336,27.159726688916336,0
2010,NIC,0.762959577845744,0.762959577845744,0
2010,NER,0.09086905566123356,0.09086905566123354,1.3877787807814457e-17
2010,NGA,16.20798358499273,16.20798358499273,0
2010,NOR,14.509205385314493,14.509205385314493,0
2010,OMN,11.329647435627086,11.329647435627086,0
2010,PAK,17.554444214688452,17.554444214688452,0
2010,PLW,0,0,0
2010,PSE,4.819816511768611,4.819816511768611,0
2010,PAN,0,0,0
2010,PNG,0,0,0
2010,PRY,3.5243409930960077,3.5243409930960077,0
2010,PER,12.587321062275159,12.587321062275159,0
2010,PHL,8.568747064899934,8.568747064899934,0
2010,POL,11.092056311188317,11.092056311188317,0
2010,PRT,32.697305778763415,32.697305778763415,0
2010,QAT,34.207399474734,34.20739947473399,7.105427357601002e-15
2010,ROU,4.4314177769369785,4.4314177769369785,0
2010,RUS,263.98284681962605,263.982846819626,5.684341886080802e-14
2010,RWA,0.27898572353192164,0.2789857235319216,5.551115123125783e-17
2010,SHN,0.013934209786125263,0.013934209786125262,1.734723475976807e-18
2010,KNA,0,0,0
2010,LCA,0,0,0
2010,VCT,0,0,0
2010,WSM,0,0,0
2010,SMR,0,0,0
2010,STP,0.00755888333774648,0.00755888333774648,0
2010,SAU,257.4320157171928,257.4320157171928,0
2010,SEN,3.0402593800740707,3.0402593800740707,0
2010,SRB,2.7257200003953455,2.7257200003953455,0
2010,SYC,0,0,0
2010,BEH,0,NA,NA
2010,CHH,0,NA,NA
2010,GBH,0,NA,NA
2010,IEH,0,NA,NA
2010,NLH,0,NA,NA
2010,USH,0,NA,NA
2010,SLE,0.18214395987640175,0.18214395987640172,2.7755575615628914e-17
2010,SGP,0,0,0
2010,SXM,0,0,0
2010,SVK,2.0947690630792826,2.0947690630792826,0
2010,SVN,1.268266187924536,1.268266187924536,0
2010,SLB,0,0,0
2010,SOM,0.009169034301474725,0.009169034301474723,1.734723475976807e-18
2010,ZAF,34.35968268229437,34.35968268229436,7.105427357601002e-15
2010,SSD,1.9752389867187413e-5,1.975238986718741e-5,3.3881317890172014e-21
2010,ESP,79.10964073707662,79.10964073707662,0
2010,LKA,1.2889815791214798,1.2889815791214796,2.220446049250313e-16
2010,SDN,1.2582497358948714,1.2582497358948714,0
2010,SUR,0.6196094641274449,0.6196094641274448,1.1102230246251565e-16
2010,SWZ,0.2517052114506702,0.2517052114506702,0
2010,SWE,26.906915874451172,26.906915874451172,0
2010,CHE,0,0,0
2010,SYR,11.911464632538479,11.911464632538479,0
2010,TWN,60.32648178823099,60.32648178823099,0
2010,TJK,0.04795093553025928,0.04795093553025928,0
2010,TZA,3.180377029797777,3.180377029797777,0
2010,THA,19.176479903613544,19.176479903613544,0
2010,TLS,0.03716143441770282,0.03716143441770282,0
2010,TGO,0.3195846224793368,0.3195846224793367,5.551115123125783e-17
2010,TON,0.0018500545532431076,0.0018500545532431074,2.168404344971009e-19
2010,TTO,5.737341854340111,5.737341854340111,0
2010,TUN,8.51048789110221,8.51048789110221,0
2010,TUR,167.77666824283375,167.77666824283375,0
2010,TKM,0.05920613627769375,0.05920613627769375,0
2010,TCA,0,0,0
2010,TUV,0.005089872471653125,0.005089872471653124,8.673617379884035e-19
2010,UMI,0.20490316312924964,0.20490316312924964,0
2010,UGA,1.0945930285025274,1.0945930285025274,0
2010,UKR,6.602161928537068,6.602161928537068,0
2010,ARE,184.78150629705212,184.78150629705212,0
2010,GBR,326.914697130715,326.914697130715,0
2010,USA,1898.9821973703827,1898.9821973703824,2.2737367544323206e-13
2010,URY,0,0,0
2010,UZB,6.505718305214173,6.505718305214173,0
2010,VUT,0,0,0
2010,VEN,103.73424847507738,103.73424847507738,0
2010,VNM,1.412735659696245,1.412735659696245,0
2010,VGB,0,0,0
2010,WLF,0.0038949581744913385,0.003894958174491338,4.336808689942018e-19
2010,YEM,12.598787623079707,12.598787623079707,0
2010,ZMB,1.989608955831034,1.989608955831034,0
2010,ZWE,2.1579281238744037,2.1579281238744032,4.440892098500626e-16
2011,AFG,1.3180448925934585,1.3180448925934585,0
2011,ALB,0.11799987132519375,0.11799987132519374,1.3877787807814457e-17
2011,DZA,8.281213285224386,8.281213285224386,0
2011,AND,0,0,0
2011,AGO,8.752260306142126,8.752260306142126,0
2011,ATG,0,0,0
2011,ARG,76.50395969045722,76.50395969045722,0
2011,ARM,1.2594249957279078,1.2594249957279078,0
2011,ABW,0,0,0
2011,AUS,63.66505125120422,63.665051251204225,-7.105427357601002e-15
2011,AUT,39.06653328113043,39.066533281130425,7.105427357601002e-15
2011,AZE,6.7065385341690416,6.7065385341690416,0
2011,BHS,0,0,0
2011,BHR,0,0,0
2011,BGD,1.3985928073584135,1.3985928073584133,2.220446049250313e-16
2011,BRB,0,0,0
2011,BLR,0.880912407439942,0.880912407439942,0
2011,BEL,56.549528367923,56.549528367922996,7.105427357601002e-15
2011,BLZ,0,0,0
2011,BEN,0.8853911576242954,0.8853911576242954,0
2011,BMU,0,0,0
2011,BTN,0.008031438068643934,0.008031438068643933,1.734723475976807e-18
2011,BOL,2.2117410990663866,2.2117410990663866,0
2011,BES,0,0,0
2011,BIH,0.7782560106771038,0.7782560106771037,1.1102230246251565e-16
2011,BWA,0.8742825387974609,0.8742825387974609,0
2011,BRA,49.83030522060081,49.83030522060081,0
2011,BRN,0,0,0
2011,BGR,8.88347655755779,8.883476557557788,1.7763568394002505e-15
2011,BFA,0.2671099648648713,0.2671099648648713,0
2011,BDI,0.4704585426124399,0.4704585426124399,0
2011,CPV,0.100596535855927,0.100596535855927,0
2011,KHM,0.40336929945112454,0.40336929945112454,0
2011,CMR,1.2721554910919521,1.2721554910919521,0
2011,CAN,95.56095981989111,95.56095981989112,-1.4210854715202004e-14
2011,CYM,0,0,0
2011,CAF,0.05417786958846119,0.05417786958846119,0
2011,TCD,0.13348701629858467,0.13348701629858467,0
2011,CHL,19.62753915463523,19.62753915463523,0
2011,CHN,105.36009877692804,105.36009877692803,1.4210854715202004e-14
2011,COL,18.761205429119215,18.761205429119215,0
2011,COM,0.2956008261093318,0.2956008261093318,0
2011,COG,0.9121784819777525,0.9121784819777525,0
2011,COD,7.326702487531533,7.326702487531533,0
2011,CRI,0,0,0
2011,HRV,5.756815858236227,5.756815858236227,0
2011,CUB,3.221232083963215,3.221232083963215,0
2011,CUW,0,0,0
2011,CYP,0,0,0
2011,CZE,10.908473415128535,10.908473415128535,0
2011,CIV,2.635755179077855,2.635755179077855,0
2011,DNK,22.22678991122537,22.226789911225367,3.552713678800501e-15
2011,DJI,0,0,0
2011,DMA,0,0,0
2011,DOM,9.58910910700966,9.58910910700966,0
2011,ECU,8.278735694555525,8.278735694555525,0
2011,EGY,49.25420845652832,49.25420845652831,7.105427357601002e-15
2011,SLV,1.7604087329675964,1.7604087329675961,2.220446049250313e-16
2011,GNQ,3.7157446489780432,3.7157446489780424,8.881784197001252e-16
2011,ERI,0.0707549965102611,0.0707549965102611,0
2011,EST,1.007874547615601,1.007874547615601,0
2011,ETH,1.2970693152341335,1.2970693152341335,0
2011,FLK,0.12240535250561714,0.12240535250561714,0
2011,FRO,0,0,0
2011,FJI,0.12943173971057356,0.12943173971057353,2.7755575615628914e-17
2011,FIN,6.571543082538034,6.571543082538034,0
2011,FRA,316.2243939462878,316.2243939462878,0
2011,PYF,1.4758345642661987,1.4758345642661987,0
2011,GAB,0.8778967591630418,0.8778967591630419,-1.1102230246251565e-16
2011,GMB,0,0,0
2011,GEO,4.15282316289997,4.15282316289997,0
2011,DEU,510.1759243770125,510.1759243770125,0
2011,GHA,1.1741255661129661,1.1741255661129661,0
2011,GIB,0,0,0
2011,GRC,89.5097340508848,89.5097340508848,0
2011,GRD,0,0,0
2011,GTM,4.764449911646535,4.764449911646535,0
2011,GGY,0,0,0
2011,GIN,0.5198119810146553,0.5198119810146553,0
2011,GNB,1.3290630376390233,1.3290630376390233,0
2011,GUY,0,0,0
2011,HTI,0.29025646761317503,0.2902564676131751,-5.551115123125783e-17
2011,VAT,0.8970642654502189,0.8970642654502188,1.1102230246251565e-16
2011,HND,1.2645091148216323,1.2645091148216323,0
2011,HKG,0,0,0
2011,HUN,10.144536251230523,10.144536251230523,0
2011,ISL,2.4653366971437984,2.4653366971437984,0
2011,IND,21.2425036422746,21.2425036422746,0
2011,IDN,14.770376450470673,14.770376450470675,-1.7763568394002505e-15
2011,IRN,8.304787474673443,8.304787474673443,0
2011,IRQ,2.3725692868334924,2.3725692868334924,0
2011,IRL,40.19833301850111,40.19833301850111,0
2011,IMN,0,0,0
2011,ISR,83.13006823591533,83.13006823591533,0
2011,ITA,87.79238969643905,87.79238969643905,0
2011,JAM,1.3901437439998086,1.3901437439998086,0
2011,JPN,105.30605771944602,105.30605771944602,0
2011,JEY,0,0,0
2011,JOR,35.52333187287767,35.52333187287767,0
2011,KAZ,22.894131490667554,22.894131490667554,0
2011,KEN,18.030351975457293,18.030351975457293,0
2011,KIR,0.19882883282380862,0.19882883282380862,0
2011,PRK,0.05263769901227192,0.05263769901227192,0
2011,KOR,11.594933280518976,11.594933280518976,0
2011,KWT,69.83759932198475,69.83759932198474,1.4210854715202004e-14
2011,KGZ,0.912790724287547,0.912790724287547,0
2011,LAO,0.16083332173882972,0.16083332173882972,0
2011,LVA,1.197150196777631,1.1971501967776308,2.220446049250313e-16
2011,LBN,0,0,0
2011,LSO,0.0374742537088336,0.0374742537088336,0
2011,LBR,0,0,0
2011,LBY,11.134473323488782,11.134473323488782,0
2011,LIE,0,0,0
2011,LTU,1.0829815864968992,1.0829815864968992,0
2011,LUX,0,0,0
2011,MAC,0,0,0
2011,MKD,0.6964742387213345,0.6964742387213345,0
2011,MDG,0.8340729634591543,0.8340729634591543,0
2011,MWI,0.44077645339812693,0.44077645339812693,0
2011,MYS,0,0,0
2011,MDV,0,0,0
2011,MLI,0.21582677917800844,0.21582677917800844,0
2011,MLT,0,0,0
2011,MHL,0,0,0
2011,MRT,0.2687344502742953,0.2687344502742953,0
2011,MUS,0,0,0
2011,MEX,79.75231463425109,79.75231463425109,0
2011,FSM,0.19828381710719964,0.19828381710719964,0
2011,MDA,0.42088934159207925,0.42088934159207925,0
2011,MNG,0.10696876362928297,0.10696876362928295,1.3877787807814457e-17
2011,MNE,0.2749308806401792,0.2749308806401791,5.551115123125783e-17
2011,MAR,20.17575910341994,20.17575910341994,0
2011,MOZ,0.7259230982355507,0.7259230982355507,0
2011,MMR,0.32597094276883876,0.32597094276883876,0
2011,NAM,1.2551409398663131,1.2551409398663131,0
2011,NRU,0,0,0
2011,NPL,0.444305583118061,0.4443055831180609,1.1102230246251565e-16
2011,ANT,0,0,0
2011,NLD,73.8196092256702,73.8196092256702,0
2011,NCL,0.467269260272793,0.467269260272793,0
2011,NZL,28.419672278490793,28.419672278490793,0
2011,NIC,1.0625636052056993,1.062563605205699,2.220446049250313e-16
2011,NER,0.09245537741767444,0.09245537741767444,0
2011,NGA,16.459070342922406,16.459070342922402,3.552713678800501e-15
2011,NOR,16.49636260386923,16.49636260386923,0
2011,OMN,16.00399196575749,16.00399196575749,0
2011,PAK,18.01600275563308,18.01600275563308,0
2011,PLW,0,0,0
2011,PSE,5.054278600219111,5.054278600219111,0
2011,PAN,0,0,0
2011,PNG,0,0,0
2011,PRY,3.1753610346158485,3.175361034615849,-4.440892098500626e-16
2011,PER,12.229544805026329,12.229544805026327,1.7763568394002505e-15
2011,PHL,9.627230910497017,9.627230910497017,0
2011,POL,12.57311776122474,12.57311776122474,0
2011,PRT,43.179733132755146,43.17973313275514,7.105427357601002e-15
2011,QAT,43.29994876528122,43.29994876528122,0
2011,ROU,5.196559230143547,5.196559230143547,0
2011,RUS,316.1193550123564,316.1193550123564,0
2011,RWA,0.23722646431764668,0.23722646431764668,0
2011,SHN,0.015988008784616495,0.015988008784616495,0
2011,KNA,0,0,0
2011,LCA,0,0,0
2011,VCT,0,0,0
2011,WSM,0,0,0
2011,SMR,0,0,0
2011,STP,0.017543918762111546,0.017543918762111546,0
2011,SAU,301.45729533163495,301.45729533163495,0
2011,SEN,2.717652449062168,2.717652449062168,0
2011,SRB,2.4023447102384075,2.4023447102384075,0
2011,SYC,0,0,0
2011,BEH,0,NA,NA
2011,CHH,0,NA,NA
2011,GBH,0,NA,NA
2011,IEH,0,NA,NA
2011,NLH,0,NA,NA
2011,USH,0,NA,NA
2011,SLE,0.22106192793866636,0.22106192793866636,0
2011,SGP,0,0,0
2011,SXM,0,0,0
2011,SVK,2.6259202014311236,2.6259202014311236,0
2011,SVN,1.3826119025315928,1.382611902531593,-2.220446049250313e-16
2011,SLB,0,0,0
2011,SOM,0.013720721228979377,0.013720721228979374,3.469446951953614e-18
2011,ZAF,37.74192621039134,37.74192621039134,0
2011,SSD,9.317727836805675e-5,9.317727836805675e-5,0
2011,ESP,80.60273566974304,80.60273566974304,0
2011,LKA,1.587665044203571,1.587665044203571,0
2011,SDN,1.301863319383926,1.3018633193839257,2.220446049250313e-16
2011,SUR,0.7693555453208553,0.769355545320855,2.220446049250313e-16
2011,SWZ,0.2441527118153265,0.2441527118153265,0
2011,SWE,35.171754719451414,35.171754719451414,0
2011,CHE,0,0,0
2011,SYR,10.718247808324376,10.718247808324376,0
2011,TWN,78.25569754825264,78.25569754825264,0
2011,TJK,0.044441354639788544,0.044441354639788544,0
2011,TZA,3.064533126730333,3.064533126730333,0
2011,THA,23.6173981670495,23.617398167049497,3.552713678800501e-15
2011,TLS,0.071612730358277,0.07161273035827699,1.3877787807814457e-17
2011,TGO,0.2827480828412379,0.2827480828412379,0
2011,TON,0.004140648391633655,0.004140648391633654,8.673617379884035e-19
2011,TTO,4.6314265656042055,4.6314265656042055,0
2011,TUN,8.577590187642844,8.577590187642844,0
2011,TUR,169.98240147000055,169.98240147000055,0
2011,TKM,0.06899607919268776,0.06899607919268776,0
2011,TCA,0,0,0
2011,TUV,0.004182746070400624,0.004182746070400624,0
2011,UMI,0.20428822055022317,0.20428822055022317,0
2011,UGA,0.9857552127003714,0.9857552127003714,0
2011,UKR,7.934143745269754,7.934143745269755,-8.881784197001252e-16
2011,ARE,216.81338562719836,216.81338562719836,0
2011,GBR,353.83421977671065,353.83421977671065,0
2011,USA,2176.173495431129,2176.173495431129,0
2011,URY,0,0,0
2011,UZB,7.632055959387508,7.632055959387508,0
2011,VUT,0,0,0
2011,VEN,94.31340180203907,94.31340180203907,0
2011,VNM,1.5949305307471524,1.5949305307471524,0
2011,VGB,0,0,0
2011,WLF,0.002694013913897105,0.0026940139138971046,4.336808689942018e-19
2011,YEM,16.056825488005874,16.056825488005874,0
2011,ZMB,2.4890652258944237,2.4890652258944237,0
2011,ZWE,2.2749090391626035,2.2749090391626035,0
2012,AFG,1.1300235626725508,1.1300235626725508,0
2012,ALB,0.18615109969240326,0.18615109969240332,-5.551115123125783e-17
2012,DZA,7.001156290792066,7.001156290792067,-8.881784197001252e-16
2012,AND,0,0,0
2012,AGO,12.160866710358045,12.160866710358047,-1.7763568394002505e-15
2012,ATG,0,0,0
2012,ARG,74.96560691570241,74.96560691570242,-1.4210854715202004e-14
2012,ARM,0.8633004701358007,0.8633004701358007,0
2012,ABW,0,0,0
2012,AUS,84.16271357685496,84.16271357685496,0
2012,AUT,42.86959061318054,42.86959061318055,-7.105427357601002e-15
2012,AZE,9.435050175436963,9.435050175436965,-1.7763568394002505e-15
2012,BHS,0,0,0
2012,BHR,0,0,0
2012,BGD,1.549169504333359,1.5491695043333595,-4.440892098500626e-16
2012,BRB,0,0,0
2012,BLR,1.0901624756160528,1.0901624756160528,0
2012,BEL,69.9777549303426,69.97775493034261,-1.4210854715202004e-14
2012,BLZ,0,0,0
2012,BEN,1.0860274265874,1.0860274265874,0
2012,BMU,0,0,0
2012,BTN,0.005954328255838193,0.005954328255838193,0
2012,BOL,2.7984150661653024,2.798415066165303,-4.440892098500626e-16
2012,BES,0,0,0
2012,BIH,1.022108752165605,1.0221087521656051,-2.220446049250313e-16
2012,BWA,1.2522763166441904,1.2522763166441906,-2.220446049250313e-16
2012,BRA,59.284969444150605,59.28496944415061,-7.105427357601002e-15
2012,BRN,0,0,0
2012,BGR,7.2740243956718755,7.2740243956718755,0
2012,BFA,0.3105432958089869,0.31054329580898693,-5.551115123125783e-17
2012,BDI,0.30308864626212967,0.3030886462621297,-5.551115123125783e-17
2012,CPV,0.1272958213019657,0.12729582130196573,-2.7755575615628914e-17
2012,KHM,0.522799770484049,0.522799770484049,0
2012,CMR,1.2451794281601836,1.2451794281601838,-2.220446049250313e-16
2012,CAN,119.89264869227536,119.89264869227536,0
2012,CYM,0,0,0
2012,CAF,0.05066951477590845,0.050669514775908454,-6.938893903907228e-18
2012,TCD,0.15030317168912863,0.15030317168912866,-2.7755575615628914e-17
2012,CHL,28.06497165829149,28.06497165829149,0
2012,CHN,154.92022212559823,154.92022212559826,-2.842170943040401e-14
2012,COL,23.0228353324163,23.0228353324163,0
2012,COM,0.3069822957204142,0.3069822957204142,0
2012,COG,1.082844091885218,1.0828440918852182,-2.220446049250313e-16
2012,COD,7.314280318755927,7.314280318755927,0
2012,CRI,0,0,0
2012,HRV,6.2997662596931425,6.2997662596931425,0
2012,CUB,6.169077810403815,6.169077810403815,0
2012,CUW,0,0,0
2012,CYP,0,0,0
2012,CZE,10.816460367656061,10.816460367656063,-1.7763568394002505e-15
2012,CIV,2.5721953478566375,2.5721953478566375,0
2012,DNK,38.877878690080635,38.877878690080635,0
2012,DJI,0,0,0
2012,DMA,0,0,0
2012,DOM,11.442858832642267,11.442858832642267,0
2012,ECU,10.338450029744456,10.338450029744457,-1.7763568394002505e-15
2012,EGY,57.850443657511505,57.85044365751151,-7.105427357601002e-15
2012,SLV,2.4573984465231122,2.4573984465231122,0
2012,GNQ,4.0300725860425075,4.030072586042508,-8.881784197001252e-16
2012,ERI,0.0904150810472962,0.09041508104729622,-1.3877787807814457e-17
2012,EST,1.0377234808553026,1.0377234808553029,-2.220446049250313e-16
2012,ETH,2.3679617864952878,2.3679617864952878,0
2012,FLK,0.19105330482075156,0.19105330482075158,-2.7755575615628914e-17
2012,FRO,0,0,0
2012,FJI,0.1941587247825779,0.19415872478257798,-8.326672684688674e-17
2012,FIN,9.69896066822347,9.69896066822347,0
2012,FRA,407.7100397063869,407.710039706387,-1.1368683772161603e-13
2012,PYF,1.8087079859644186,1.8087079859644186,0
2012,GAB,0.9786687653965082,0.9786687653965083,-1.1102230246251565e-16
2012,GMB,0,0,0
2012,GEO,4.406587132997369,4.40658713299737,-8.881784197001252e-16
2012,DEU,631.1125818868583,631.1125818868584,-1.1368683772161603e-13
2012,GHA,2.1133416604523947,2.113341660452395,-4.440892098500626e-16
2012,GIB,0,0,0
2012,GRC,115.10597456209153,115.10597456209153,0
2012,GRD,0,0,0
2012,GTM,6.559165633795963,6.559165633795964,-8.881784197001252e-16
2012,GGY,0,0,0
2012,GIN,0.514206007740075,0.5142060077400751,-1.1102230246251565e-16
2012,GNB,2.019321625744379,2.019321625744379,0
2012,GUY,0,0,0
2012,HTI,0.34805542402983214,0.34805542402983214,0
2012,VAT,1.1698381871729013,1.1698381871729013,0
2012,HND,1.8547260552982547,1.8547260552982552,-4.440892098500626e-16
2012,HKG,0,0,0
2012,HUN,9.882767467826966,9.882767467826968,-1.7763568394002505e-15
2012,ISL,4.445450497888405,4.445450497888405,0
2012,IND,20.323648540733966,20.32364854073397,-3.552713678800501e-15
2012,IDN,16.508905038370553,16.508905038370557,-3.552713678800501e-15
2012,IRN,8.28308030645657,8.283080306456572,-1.7763568394002505e-15
2012,IRQ,2.5103087709783134,2.5103087709783134,0
2012,IRL,56.3360184258657,56.33601842586572,-1.4210854715202004e-14
2012,IMN,0,0,0
2012,ISR,94.86382347067703,94.86382347067705,-1.4210854715202004e-14
2012,ITA,105.46519356835923,105.46519356835923,0
2012,JAM,2.1734707871791814,2.1734707871791814,0
2012,JPN,122.93430860872841,122.93430860872843,-1.4210854715202004e-14
2012,JEY,0,0,0
2012,JOR,40.86689695671005,40.86689695671005,0
2012,KAZ,27.003780787864013,27.003780787864017,-3.552713678800501e-15
2012,KEN,21.792767463386102,21.792767463386102,0
2012,KIR,0.18506143451109838,0.1850614345110984,-2.7755575615628914e-17
2012,PRK,0.049946798943297906,0.04994679894329792,-1.3877787807814457e-17
2012,KOR,14.062919749578734,14.062919749578738,-3.552713678800501e-15
2012,KWT,82.06193098553612,82.06193098553612,0
2012,KGZ,1.0462107551737443,1.0462107551737445,-2.220446049250313e-16
2012,LAO,0.3094626807176515,0.30946268071765154,-5.551115123125783e-17
2012,LVA,1.4716065314190814,1.4716065314190816,-2.220446049250313e-16
2012,LBN,0,0,0
2012,LSO,0.05852393112804339,0.05852393112804341,-2.0816681711721685e-17
2012,LBR,0,0,0
2012,LBY,15.353649497985307,15.35364949798531,-3.552713678800501e-15
2012,LIE,0,0,0
2012,LTU,1.1346158272476952,1.1346158272476954,-2.220446049250313e-16
2012,LUX,0,0,0
2012,MAC,0,0,0
2012,MKD,0.6819639837851528,0.6819639837851528,0
2012,MDG,1.0315889634201163,1.0315889634201165,-2.220446049250313e-16
2012,MWI,0.6758391971142736,0.6758391971142738,-1.1102230246251565e-16
2012,MYS,0,0,0
2012,MDV,0,0,0
2012,MLI,0.2753227001884979,0.2753227001884979,0
2012,MLT,0,0,0
2012,MHL,0,0,0
2012,MRT,0.2506155731448023,0.2506155731448024,-5.551115123125783e-17
2012,MUS,0,0,0
2012,MEX,89.17206193636945,89.17206193636946,-1.4210854715202004e-14
2012,FSM,0.1521849401818378,0.15218494018183784,-2.7755575615628914e-17
2012,MDA,0.3807427003362537,0.3807427003362537,0
2012,MNG,0.12697875781023985,0.12697875781023985,0
2012,MNE,0.28478326740170934,0.28478326740170934,0
2012,MAR,18.652909181918204,18.652909181918204,0
2012,MOZ,1.4407581245578192,1.4407581245578192,0
2012,MMR,0.5089548605484508,0.508954860548451,-1.1102230246251565e-16
2012,NAM,1.6291467313851753,1.6291467313851753,0
2012,NRU,0,0,0
2012,NPL,0.47330420062628015,0.47330420062628026,-1.1102230246251565e-16
2012,ANT,0,0,0
2012,NLD,92.7269903112692,92.72699031126923,-2.842170943040401e-14
2012,NCL,0.5949482513603772,0.5949482513603773,-1.1102230246251565e-16
2012,NZL,31.809067945154894,31.809067945154894,0
2012,NIC,1.5577634172956085,1.5577634172956087,-2.220446049250313e-16
2012,NER,0.10523716242706267,0.10523716242706269,-1.3877787807814457e-17
2012,NGA,18.166653645626077,18.16665364562608,-3.552713678800501e-15
2012,NOR,19.21381329568907,19.213813295689075,-3.552713678800501e-15
2012,OMN,26.036351680169226,26.036351680169226,0
2012,PAK,18.963997501506356,18.96399750150636,-3.552713678800501e-15
2012,PLW,0,0,0
2012,PSE,7.819326419119521,7.819326419119521,0
2012,PAN,0,0,0
2012,PNG,0,0,0
2012,PRY,3.7423871751132523,3.7423871751132523,0
2012,PER,14.585133757869137,14.585133757869137,0
2012,PHL,11.651287462868881,11.651287462868881,0
2012,POL,15.952806165560148,15.95280616556015,-1.7763568394002505e-15
2012,PRT,59.085470680478096,59.085470680478096,0
2012,QAT,56.12669750803267,56.126697508032684,-1.4210854715202004e-14
2012,ROU,6.969947398838251,6.969947398838251,0
2012,RUS,409.63028932375965,409.6302893237597,-5.684341886080802e-14
2012,RWA,0.2223529531276864,0.22235295312768646,-5.551115123125783e-17
2012,SHN,0.021973284399540202,0.021973284399540206,-3.469446951953614e-18
2012,KNA,0,0,0
2012,LCA,0,0,0
2012,VCT,0,0,0
2012,WSM,0,0,0
2012,SMR,0,0,0
2012,STP,0.031512922612656105,0.031512922612656105,0
2012,SAU,382.9295259351301,382.9295259351301,0
2012,SEN,2.6575529087446372,2.6575529087446372,0
2012,SRB,2.210504989557606,2.2105049895576063,-4.440892098500626e-16
2012,SYC,0,0,0
2012,BEH,0,NA,NA
2012,CHH,0,NA,NA
2012,GBH,0,NA,NA
2012,IEH,0,NA,NA
2012,NLH,0,NA,NA
2012,USH,0,NA,NA
2012,SLE,0.36288151242943345,0.3628815124294335,-5.551115123125783e-17
2012,SGP,0,0,0
2012,SXM,0,0,0
2012,SVK,3.6607679674338445,3.6607679674338454,-8.881784197001252e-16
2012,SVN,1.5176694903602461,1.5176694903602463,-2.220446049250313e-16
2012,SLB,0,0,0
2012,SOM,0.025369612886810926,0.02536961288681093,-3.469446951953614e-18
2012,ZAF,49.17726525440739,49.177265254407395,-7.105427357601002e-15
2012,SSD,6.306521194274108e-4,6.306521194274109e-4,-1.0842021724855044e-19
2012,ESP,93.53614634523456,93.53614634523456,0
2012,LKA,2.172318607738669,2.1723186077386694,-4.440892098500626e-16
2012,SDN,1.4810452367624063,1.4810452367624065,-2.220446049250313e-16
2012,SUR,0.9650903630171438,0.9650903630171439,-1.1102230246251565e-16
2012,SWZ,0.3529801875995675,0.3529801875995676,-1.1102230246251565e-16
2012,SWE,56.540069268030265,56.54006926803028,-1.4210854715202004e-14
2012,CHE,0,0,0
2012,SYR,10.629166704579022,10.629166704579022,0
2012,TWN,108.70014345354747,108.70014345354747,0
2012,TJK,0.066157546031535,0.06615754603153501,-1.3877787807814457e-17
2012,TZA,3.5072222543789118,3.507222254378913,-1.3322676295501878e-15
2012,THA,36.12312967012771,36.12312967012772,-7.105427357601002e-15
2012,TLS,0.11717848977223518,0.11717848977223519,-1.3877787807814457e-17
2012,TGO,0.33725519953789107,0.33725519953789107,0
2012,TON,0.0063137668290881395,0.006313766829088141,-1.734723475976807e-18
2012,TTO,4.490089672587349,4.49008967258735,-8.881784197001252e-16
2012,TUN,9.374070232758898,9.374070232758898,0
2012,TUR,197.34346938748578,197.3434693874858,-2.842170943040401e-14
2012,TKM,0.07773465473424186,0.07773465473424188,-1.3877787807814457e-17
2012,TCA,0,0,0
2012,TUV,0.0033242622567204814,0.0033242622567204822,-8.673617379884035e-19
2012,UMI,0.19125352175279742,0.19125352175279742,0
2012,UGA,1.0989503066984094,1.0989503066984094,0
2012,UKR,10.453200511781487,10.453200511781487,0
2012,ARE,278.68463007841507,278.6846300784151,-5.684341886080802e-14
2012,GBR,444.1584189631726,444.1584189631727,-1.1368683772161603e-13
2012,USA,2761.021485602406,2761.0214856024068,-9.094947017729282e-13
2012,URY,0,0,0
2012,UZB,6.958235458584789,6.958235458584789,0
2012,VUT,0,0,0
2012,VEN,105.67463502127741,105.67463502127741,0
2012,VNM,2.0678827510755737,2.067882751075574,-4.440892098500626e-16
2012,VGB,0,0,0
2012,WLF,0.002107781243813931,0.0021077812438139313,-4.336808689942018e-19
2012,YEM,19.35463074856425,19.354630748564254,-3.552713678800501e-15
2012,ZMB,3.4780940977997292,3.4780940977997297,-4.440892098500626e-16
2012,ZWE,3.025479890062487,3.025479890062488,-8.881784197001252e-16
2013,AFG,1.1502648743012787,1.1502648743012787,0
2013,ALB,0.22611388058159798,0.22611388058159798,0
2013,DZA,5.221224748616671,5.221224748616671,0
2013,AND,0,0,0
2013,AGO,15.402496650294003,15.402496650294003,0
2013,ATG,0,0,0
2013,ARG,65.40525202172424,65.40525202172424,0
2013,ARM,0.4397408706778621,0.4397408706778621,0
2013,ABW,0,0,0
2013,AUS,89.95975111899519,89.95975111899519,0
2013,AUT,39.84679194359496,39.84679194359496,0
2013,AZE,10.96009500581466,10.96009500581466,0
2013,BHS,0,0,0
2013,BHR,0,0,0
2013,BGD,1.6575361212058335,1.6575361212058335,0
2013,BRB,0,0,0
2013,BLR,1.090013117840802,1.090013117840802,0
2013,BEL,62.868043508400476,62.868043508400476,0
2013,BLZ,0,0,0
2013,BEN,0.685793210628104,0.685793210628104,0
2013,BMU,0,0,0
2013,BTN,0.006051868564874975,0.006051868564874975,0
2013,BOL,3.1134585964817343,3.1134585964817343,0
2013,BES,0,0,0
2013,BIH,1.3305437850269795,1.3305437850269795,0
2013,BWA,1.275767841206659,1.275767841206659,0
2013,BRA,61.9417457816588,61.9417457816588,0
2013,BRN,0,0,0
2013,BGR,4.820359303161357,4.820359303161357,0
2013,BFA,0.26064643210661986,0.26064643210661986,0
2013,BDI,0.19162291248935998,0.19162291248935998,0
2013,CPV,0.1318698802349894,0.1318698802349894,0
2013,KHM,0.7080924392605998,0.7080924392605998,0
2013,CMR,1.1339912199568931,1.1339912199568931,0
2013,CAN,128.12059467858,128.12059467858,0
2013,CYM,0,0,0
2013,CAF,0.05112033016438363,0.05112033016438363,0
2013,TCD,0.13428813258221065,0.13428813258221065,0
2013,CHL,28.20283020745215,28.20283020745215,0
2013,CHN,219.8945140240964,219.8945140240964,0
2013,COL,25.41208004097739,25.41208004097739,0
2013,COM,0.320973901014426,0.320973901014426,0
2013,COG,1.1162560615530006,1.1162560615530006,0
2013,COD,6.994798821723921,6.994798821723921,0
2013,CRI,0,0,0
2013,HRV,4.682485571939145,4.682485571939145,0
2013,CUB,11.943597467640924,11.943597467640924,0
2013,CUW,0,0,0
2013,CYP,0,0,0
2013,CZE,10.412507995018364,10.412507995018364,0
2013,CIV,2.256049029639623,2.256049029639623,0
2013,DNK,48.56666654739825,48.56666654739825,0
2013,DJI,0,0,0
2013,DMA,0,0,0
2013,DOM,11.918968871570245,11.918968871570245,0
2013,ECU,10.688500722198345,10.688500722198345,0
2013,EGY,62.65149810304603,62.65149810304603,0
2013,SLV,2.796528901011498,2.796528901011498,0
2013,GNQ,2.7694254986444826,2.7694254986444826,0
2013,ERI,0.11498973212778373,0.11498973212778373,0
2013,EST,1.0142213218319605,1.0142213218319605,0
2013,ETH,1.5943418682281558,1.5943418682281558,0
2013,FLK,0.20267762852709448,0.20267762852709448,0
2013,FRO,0,0,0
2013,FJI,0.2286147500535064,0.2286147500535064,0
2013,FIN,10.290982327050633,10.290982327050633,0
2013,FRA,419.6797390361556,419.6797390361556,0
2013,PYF,1.6683939851345253,1.6683939851345253,0
2013,GAB,1.015154660171501,1.015154660171501,0
2013,GMB,0,0,0
2013,GEO,3.9346971394421653,3.9346971394421653,0
2013,DEU,568.9418243612474,568.9418243612474,0
2013,GHA,2.356103474968421,2.356103474968421,0
2013,GIB,0,0,0
2013,GRC,108.5931626252903,108.5931626252903,0
2013,GRD,0,0,0
2013,GTM,7.17471323322065,7.17471323322065,0
2013,GGY,0,0,0
2013,GIN,0.43786103987056374,0.43786103987056374,0
2013,GNB,2.4446494644152286,2.4446494644152286,0
2013,GUY,0,0,0
2013,HTI,0.3404269832018082,0.3404269832018082,0
2013,VAT,1.048895601467303,1.048895601467303,0
2013,HND,2.0955470531741383,2.0955470531741383,0
2013,HKG,0,0,0
2013,HUN,7.5966428782297255,7.5966428782297255,0
2013,ISL,5.688650430751415,5.688650430751415,0
2013,IND,17.185324853367113,17.185324853367113,0
2013,IDN,16.196024896857782,16.196024896857782,0
2013,IRN,6.612632954365753,6.612632954365753,0
2013,IRQ,2.8291696336748946,2.8291696336748946,0
2013,IRL,58.265400253391256,58.265400253391256,0
2013,IMN,0,0,0
2013,ISR,93.68362371206825,93.68362371206825,0
2013,ITA,104.36687868296508,104.36687868296508,0
2013,JAM,2.7894226407398675,2.7894226407398675,0
2013,JPN,121.31224264185128,121.31224264185128,0
2013,JEY,0,0,0
2013,JOR,40.95102998374516,40.95102998374516,0
2013,KAZ,28.50271411715719,28.50271411715719,0
2013,KEN,21.642924830709568,21.642924830709568,0
2013,KIR,0.09941806495267787,0.09941806495267787,0
2013,PRK,0.039599221411378685,0.039599221411378685,0
2013,KOR,21.870987225060517,21.870987225060517,0
2013,KWT,91.49328903688472,91.49328903688472,0
2013,KGZ,0.8536181509095978,0.8536181509095978,0
2013,LAO,0.403796682564525,0.403796682564525,0
2013,LVA,1.66579756882517,1.66579756882517,0
2013,LBN,0,0,0
2013,LSO,0.05478140381937685,0.05478140381937685,0
2013,LBR,0,0,0
2013,LBY,17.86007767713314,17.86007767713314,0
2013,LIE,0,0,0
2013,LTU,1.1705097271962592,1.1705097271962592,0
2013,LUX,0,0,0
2013,MAC,0,0,0
2013,MKD,0.593677189159669,0.593677189159669,0
2013,MDG,1.2772703708282165,1.2772703708282165,0
2013,MWI,0.6564912741227539,0.6564912741227539,0
2013,MYS,0,0,0
2013,MDV,0,0,0
2013,MLI,0.3109186272727397,0.3109186272727397,0
2013,MLT,0,0,0
2013,MHL,0,0,0
2013,MRT,0.20208812804252663,0.20208812804252663,0
2013,MUS,0,0,0
2013,MEX,89.65932713706744,89.65932713706744,0
2013,FSM,0.22081335519183423,0.22081335519183423,0
2013,MDA,0.32225351142983294,0.32225351142983294,0
2013,MNG,0.29748317455827916,0.29748317455827916,0
2013,MNE,0.29678198736815997,0.29678198736815997,0
2013,MAR,15.54168003546009,15.54168003546009,0
2013,MOZ,2.283385191366214,2.283385191366214,0
2013,MMR,0.6314789709347959,0.6314789709347959,0
2013,NAM,1.5501905602179957,1.5501905602179957,0
2013,NRU,0,0,0
2013,NPL,0.5426216666454058,0.5426216666454058,0
2013,ANT,0,0,0
2013,NLD,91.32103539185334,91.32103539185334,0
2013,NCL,0.6471691507577455,0.6471691507577455,0
2013,NZL,29.676070138309118,29.676070138309118,0
2013,NIC,1.6481977981875255,1.6481977981875255,0
2013,NER,0.06658407029913053,0.06658407029913053,0
2013,NGA,20.169426030758373,20.169426030758373,0
2013,NOR,17.46716703390208,17.46716703390208,0
2013,OMN,38.09770266011162,38.09770266011162,0
2013,PAK,16.660374870930685,16.660374870930685,0
2013,PLW,0,0,0
2013,PSE,8.900430793538819,8.900430793538819,0
2013,PAN,0,0,0
2013,PNG,0,0,0
2013,PRY,4.026858337233234,4.026858337233234,0
2013,PER,14.96836630669138,14.96836630669138,0
2013,PHL,13.291360951836946,13.291360951836946,0
2013,POL,17.191301776964416,17.191301776964416,0
2013,PRT,73.96185216065051,73.96185216065051,0
2013,QAT,43.08422324104756,43.08422324104756,0
2013,ROU,9.71156632542531,9.71156632542531,0
2013,RUS,377.51086980570636,377.51086980570636,0
2013,RWA,0.1591013730576587,0.1591013730576587,0
2013,SHN,0.020192138657814284,0.020192138657814284,0
2013,KNA,0,0,0
2013,LCA,0,0,0
2013,VCT,0,0,0
2013,WSM,0,0,0
2013,SMR,0,0,0
2013,STP,0.05068568586559763,0.05068568586559763,0
2013,SAU,443.36581808074015,443.36581808074015,0
2013,SEN,2.464898903107446,2.464898903107446,0
2013,SRB,1.828898091845703,1.828898091845703,0
2013,SYC,0,0,0
2013,BEH,0,NA,NA
2013,CHH,0,NA,NA
2013,GBH,0,NA,NA
2013,IEH,0,NA,NA
2013,NLH,0,NA,NA
2013,USH,0,NA,NA
2013,SLE,0.38367741310880954,0.38367741310880954,0
2013,SGP,0,0,0
2013,SXM,0,0,0
2013,SVK,4.801152548600972,4.801152548600972,0
2013,SVN,1.711206397431342,1.711206397431342,0
2013,SLB,0,0,0
2013,SOM,0.029344205943614685,0.029344205943614685,0
2013,ZAF,48.305350236404614,48.305350236404614,0
2013,SSD,0.001208878048316017,0.001208878048316017,0
2013,ESP,88.7050179268952,88.7050179268952,0
2013,LKA,2.1853802539730847,2.1853802539730847,0
2013,SDN,1.5202184976447302,1.5202184976447302,0
2013,SUR,0.8915895308844289,0.8915895308844289,0
2013,SWZ,0.3870681756363667,0.3870681756363667,0
2013,SWE,62.788677292780015,62.788677292780015,0
2013,CHE,0,0,0
2013,SYR,7.940174214288572,7.940174214288572,0
2013,TWN,133.7047362702127,133.7047362702127,0
2013,TJK,0.07225814124393515,0.07225814124393515,0
2013,TZA,3.1770622883980555,3.1770622883980555,0
2013,THA,51.09305743101402,51.09305743101402,0
2013,TLS,0.09080373806203033,0.09080373806203033,0
2013,TGO,0.40608277882474075,0.40608277882474075,0
2013,TON,0.004680182205384984,0.004680182205384984,0
2013,TTO,4.152234705202229,4.152234705202229,0
2013,TUN,9.05673676071979,9.05673676071979,0
2013,TUR,209.58676672702308,209.58676672702308,0
2013,TKM,0.1004174068039321,0.1004174068039321,0
2013,TCA,0,0,0
2013,TUV,0.005443487380753942,0.005443487380753942,0
2013,UMI,0.13435394076158647,0.13435394076158647,0
2013,UGA,1.2616311753224356,1.2616311753224356,0
2013,UKR,11.416198330699675,11.416198330699675,0
2013,ARE,322.40118131826137,322.40118131826137,0
2013,GBR,454.5670114953248,454.5670114953248,0
2013,USA,2828.697209362572,2828.697209362572,0
2013,URY,0,0,0
2013,UZB,4.492564533498755,4.492564533498755,0
2013,VUT,0,0,0
2013,VEN,107.14174742287872,107.14174742287872,0
2013,VNM,2.441620118329943,2.441620118329943,0
2013,VGB,0,0,0
2013,WLF,0.0022601254892274693,0.0022601254892274693,0
2013,YEM,19.084108422681176,19.084108422681176,0
2013,ZMB,4.171258812958244,4.171258812958244,0
2013,ZWE,3.1556589584815864,3.1556589584815864,0
2014,AFG,1.4530002429165096,1.4530002429165096,0
2014,ALB,0.3069232905710354,0.30692329057103535,5.551115123125783e-17
2014,DZA,4.3229139140933865,4.3229139140933865,0
2014,AND,0,0,0
2014,AGO,23.691145106969262,23.69114510696926,3.552713678800501e-15
2014,ATG,0,0,0
2014,ARG,58.1170174497982,58.1170174497982,0
2014,ARM,0.45082165264736346,0.45082165264736335,1.1102230246251565e-16
2014,ABW,0,0,0
2014,AUS,108.4857852135081,108.48578521350807,2.842170943040401e-14
2014,AUT,42.43655922595321,42.43655922595321,0
2014,AZE,11.997867551706099,11.997867551706099,0
2014,BHS,0,0,0
2014,BHR,0,0,0
2014,BGD,2.36929126809285,2.36929126809285,0
2014,BRB,0,0,0
2014,BLR,1.074667174599339,1.0746671745993388,2.220446049250313e-16
2014,BEL,62.828194697005635,62.828194697005614,2.1316282072803006e-14
2014,BLZ,0,0,0
2014,BEN,0.4207928055327332,0.4207928055327332,0
2014,BMU,0,0,0
2014,BTN,0.047419882310440864,0.047419882310440864,0
2014,BOL,3.8365962707283803,3.83659627072838,4.440892098500626e-16
2014,BES,0,0,0
2014,BIH,1.2924043870408963,1.2924043870408963,0
2014,BWA,1.4963195013108062,1.4963195013108057,4.440892098500626e-16
2014,BRA,67.59521937743035,67.59521937743035,0
2014,BRN,0,0,0
2014,BGR,4.80550314121761,4.80550314121761,0
2014,BFA,0.2800668045498133,0.28006680454981325,5.551115123125783e-17
2014,BDI,0.14717228731545678,0.14717228731545676,2.7755575615628914e-17
2014,CPV,0.1563239045112788,0.1563239045112788,0
2014,KHM,0.993227403628205,0.9932274036282049,1.1102230246251565e-16
2014,CMR,1.0810153292432658,1.0810153292432656,2.220446049250313e-16
2014,CAN,147.79903966837773,147.79903966837773,0
2014,CYM,0,0,0
2014,CAF,0.056241755237395365,0.05624175523739535,1.3877787807814457e-17
2014,TCD,0.15113827599559618,0.15113827599559612,5.551115123125783e-17
2014,CHL,26.441170966980692,26.44117096698069,3.552713678800501e-15
2014,CHN,382.604971203123,382.604971203123,0
2014,COL,30.774777647014908,30.774777647014908,0
2014,COM,0.2987385177039785,0.2987385177039785,0
2014,COG,1.166391714240314,1.1663917142403135,4.440892098500626e-16
2014,COD,4.6892892311858025,4.689289231185802,8.881784197001252e-16
2014,CRI,0,0,0
2014,HRV,4.025778676347033,4.025778676347033,0
2014,CUB,6.03911638994974,6.03911638994974,0
2014,CUW,0,0,0
2014,CYP,0,0,0
2014,CZE,11.481102345338932,11.48110234533893,1.7763568394002505e-15
2014,CIV,1.9005059989024462,1.900505998902446,2.220446049250313e-16
2014,DNK,64.48566211548675,64.48566211548673,1.4210854715202004e-14
2014,DJI,0,0,0
2014,DMA,0,0,0
2014,DOM,12.489509449582277,12.489509449582277,0
2014,ECU,11.342588243391752,11.342588243391752,0
2014,EGY,65.75367119523686,65.75367119523685,1.4210854715202004e-14
2014,SLV,3.3885844982225155,3.3885844982225155,0
2014,GNQ,2.086528265816694,2.086528265816694,0
2014,ERI,0.1856582809883636,0.18565828098836357,2.7755575615628914e-17
2014,EST,1.193545575802316,1.1935455758023157,2.220446049250313e-16
2014,ETH,1.1858267619974794,1.1858267619974792,2.220446049250313e-16
2014,FLK,0.25788215217949917,0.25788215217949906,1.1102230246251565e-16
2014,FRO,0,0,0
2014,FJI,0.3077548339686598,0.3077548339686598,0
2014,FIN,12.43361237203678,12.433612372036777,3.552713678800501e-15
2014,FRA,452.43805895864887,452.43805895864875,1.1368683772161603e-13
2014,PYF,1.531936143886359,1.5319361438863588,2.220446049250313e-16
2014,GAB,1.0538014175327273,1.0538014175327268,4.440892098500626e-16
2014,GMB,0,0,0
2014,GEO,3.3004653047691455,3.3004653047691455,0
2014,DEU,551.6766915194135,551.6766915194132,2.2737367544323206e-13
2014,GHA,2.9979839178878747,2.9979839178878738,8.881784197001252e-16
2014,GIB,0,0,0
2014,GRC,110.66002828754422,110.6600282875442,2.842170943040401e-14
2014,GRD,0,0,0
2014,GTM,8.701992942529433,8.701992942529433,0
2014,GGY,0,0,0
2014,GIN,0.32763687588212614,0.3276368758821261,5.551115123125783e-17
2014,GNB,2.280197848150949,2.280197848150949,0
2014,GUY,0,0,0
2014,HTI,0.3774260397340621,0.3774260397340621,0
2014,VAT,0.9003036706632401,0.9003036706632401,0
2014,HND,2.6817283868532096,2.6817283868532096,0
2014,HKG,0,0,0
2014,HUN,6.902215671345195,6.902215671345194,1.7763568394002505e-15
2014,ISL,7.830687900549945,7.830687900549944,8.881784197001252e-16
2014,IND,16.866792382038664,16.86679238203866,3.552713678800501e-15
2014,IDN,18.188992810040187,18.188992810040187,0
2014,IRN,5.5098205232274005,5.5098205232274005,0
2014,IRQ,3.4067558267170863,3.406755826717086,4.440892098500626e-16
2014,IRL,65.9771378515814,65.97713785158139,1.4210854715202004e-14
2014,IMN,0,0,0
2014,ISR,93.34744540075813,93.34744540075812,1.4210854715202004e-14
2014,ITA,105.28467935359615,105.28467935359612,2.842170943040401e-14
2014,JAM,2.346838727938442,2.3468387279384415,4.440892098500626e-16
2014,JPN,142.742650005898,142.74265000589799,2.842170943040401e-14
2014,JEY,0,0,0
2014,JOR,42.14070422686031,42.14070422686031,0
2014,KAZ,29.20975861650341,29.209758616503407,3.552713678800501e-15
2014,KEN,22.574164252326767,22.57416425232676,7.105427357601002e-15
2014,KIR,0.06455250981580735,0.06455250981580732,2.7755575615628914e-17
2014,PRK,0.050474724800572676,0.05047472480057267,6.938893903907228e-18
2014,KOR,39.98680404202736,39.98680404202736,0
2014,KWT,114.97056732852448,114.97056732852448,0
2014,KGZ,0.6467426854194099,0.6467426854194099,0
2014,LAO,0.6168266967582934,0.6168266967582933,1.1102230246251565e-16
2014,LVA,2.196170548063151,2.1961705480631504,4.440892098500626e-16
2014,LBN,0,0,0
2014,LSO,0.06298266382928727,0.06298266382928724,2.7755575615628914e-17
2014,LBR,0,0,0
2014,LBY,22.550087235414836,22.550087235414832,3.552713678800501e-15
2014,LIE,0,0,0
2014,LTU,1.5108027944524247,1.5108027944524245,2.220446049250313e-16
2014,LUX,0,0,0
2014,MAC,0,0,0
2014,MKD,0.5343878279677946,0.5343878279677945,1.1102230246251565e-16
2014,MDG,1.581587538026639,1.5815875380266387,4.440892098500626e-16
2014,MWI,0.7404542232313878,0.7404542232313875,2.220446049250313e-16
2014,MYS,0,0,0
2014,MDV,0,0,0
2014,MLI,0.32295907734652535,0.3229590773465253,5.551115123125783e-17
2014,MLT,0,0,0
2014,MHL,0,0,0
2014,MRT,0.19123956467915706,0.191239564679157,5.551115123125783e-17
2014,MUS,0,0,0
2014,MEX,97.2772278772606,97.2772278772606,0
2014,FSM,0.4292812608534201,0.4292812608534201,0
2014,MDA,0.26787372942612697,0.26787372942612697,0
2014,MNG,0.7182427355793569,0.7182427355793569,0
2014,MNE,0.3801798349265573,0.3801798349265573,0
2014,MAR,13.716686148712235,13.716686148712233,1.7763568394002505e-15
2014,MOZ,3.7514238538862275,3.7514238538862266,8.881784197001252e-16
2014,MMR,0.897847263730174,0.897847263730174,0
2014,NAM,1.5301841560673335,1.5301841560673335,0
2014,NRU,0,0,0
2014,NPL,0.8287518264752481,0.8287518264752481,0
2014,ANT,0,0,0
2014,NLD,91.8821429059332,91.88214290593316,2.842170943040401e-14
2014,NCL,0.7219731729573167,0.7219731729573164,2.220446049250313e-16
2014,NZL,29.746315310299305,29.746315310299305,0
2014,NIC,1.9882821132078774,1.9882821132078774,0
2014,NER,0.07537716196215308,0.07537716196215306,1.3877787807814457e-17
2014,NGA,24.789568475911768,24.789568475911764,3.552713678800501e-15
2014,NOR,17.873368709973008,17.873368709973,7.105427357601002e-15
2014,OMN,60.08994916561526,60.08994916561526,0
2014,PAK,12.76381238533285,12.763812385332848,1.7763568394002505e-15
2014,PLW,0,0,0
2014,PSE,10.061735297179073,10.061735297179073,0
2014,PAN,0,0,0
2014,PNG,0,0,0
2014,PRY,4.569447413678457,4.569447413678456,8.881784197001252e-16
2014,PER,16.326390136063534,16.32639013606353,3.552713678800501e-15
2014,PHL,17.773632307196234,17.773632307196234,0
2014,POL,20.49453835819352,20.49453835819352,0
2014,PRT,68.74677763645442,68.74677763645442,0
2014,QAT,46.722277945486155,46.722277945486155,0
2014,ROU,10.685696130688774,10.685696130688774,0
2014,RUS,363.06579314219556,363.0657931421955,5.684341886080802e-14
2014,RWA,0.14103719741028142,0.14103719741028137,5.551115123125783e-17
2014,SHN,0.025389516239577584,0.025389516239577577,6.938893903907228e-18
2014,KNA,0,0,0
2014,LCA,0,0,0
2014,VCT,0,0,0
2014,WSM,0,0,0
2014,SMR,0,0,0
2014,STP,0.037781735577369975,0.03778173557736997,6.938893903907228e-18
2014,SAU,523.0672600473541,523.0672600473541,0
2014,SEN,2.2952476118878855,2.2952476118878855,0
2014,SRB,1.7639657299472922,1.763965729947292,2.220446049250313e-16
2014,SYC,0,0,0
2014,BEH,0,NA,NA
2014,CHH,0,NA,NA
2014,GBH,0,NA,NA
2014,IEH,0,NA,NA
2014,NLH,0,NA,NA
2014,USH,0,NA,NA
2014,SLE,0.46944769557822047,0.46944769557822036,1.1102230246251565e-16
2014,SGP,0,0,0
2014,SXM,0,0,0
2014,SVK,5.096309471006971,5.09630947100697,8.881784197001252e-16
2014,SVN,2.311312885452935,2.3113128854529346,4.440892098500626e-16
2014,SLB,0,0,0
2014,SOM,0.03982083889676861,0.0398208388967686,6.938893903907228e-18
2014,ZAF,53.5218436024221,53.52184360242209,1.4210854715202004e-14
2014,SSD,0.0029193274875071716,0.002919327487507171,4.336808689942018e-19
2014,ESP,84.79863785212851,84.79863785212848,2.842170943040401e-14
2014,LKA,2.312172854084207,2.3121728540842064,4.440892098500626e-16
2014,SDN,1.56365294109556,1.56365294109556,0
2014,SUR,0.8346176620088216,0.8346176620088215,1.1102230246251565e-16
2014,SWZ,0.5046254204187567,0.5046254204187566,1.1102230246251565e-16
2014,SWE,80.62148993956278,80.62148993956276,1.4210854715202004e-14
2014,CHE,0,0,0
2014,SYR,5.670229186572592,5.670229186572592,0
2014,TWN,187.60321135215676,187.60321135215676,0
2014,TJK,0.08324072616873275,0.08324072616873274,1.3877787807814457e-17
2014,TZA,3.383699158312124,3.383699158312123,8.881784197001252e-16
2014,THA,71.46734318967663,71.46734318967661,1.4210854715202004e-14
2014,TLS,0.08151337491221086,0.08151337491221086,0
2014,TGO,0.33063082668284294,0.33063082668284294,0
2014,TON,0.00437045970373059,0.004370459703730589,8.673617379884035e-19
2014,TTO,5.487702402265089,5.487702402265089,0
2014,TUN,8.605028388864715,8.605028388864715,0
2014,TUR,206.9458468474204,206.94584684742037,2.842170943040401e-14
2014,TKM,0.23323625175848622,0.2332362517584862,2.7755575615628914e-17
2014,TCA,0,0,0
2014,TUV,0.003250976864035976,0.0032509768640359748,1.3010426069826053e-18
2014,UMI,0.15086170915567076,0.15086170915567074,2.7755575615628914e-17
2014,UGA,1.7712236274863864,1.7712236274863862,2.220446049250313e-16
2014,UKR,12.249123022043905,12.249123022043904,1.7763568394002505e-15
2014,ARE,377.1101929238036,377.1101929238036,0
2014,GBR,523.4309922030948,523.4309922030947,1.1368683772161603e-13
2014,USA,3219.845352180516,3219.845352180516,0
2014,URY,0,0,0
2014,UZB,3.3272370535876776,3.3272370535876767,8.881784197001252e-16
2014,VUT,0,0,0
2014,VEN,111.48847257658325,111.48847257658325,0
2014,VNM,3.568181502485176,3.568181502485176,0
2014,VGB,0,0,0
2014,WLF,0.003398338822533429,0.0033983388225334275,1.3010426069826053e-18
2014,YEM,15.841172032708654,15.841172032708654,0
2014,ZMB,3.934764550571336,3.934764550571335,8.881784197001252e-16
2014,ZWE,3.6776125033151974,3.6776125033151965,8.881784197001252e-16
2015,AFG,1.4361951673035394,1.4361951673035394,0
2015,ALB,0.3276208814982046,0.3276208814982046,0
2015,DZA,4.263669159785885,4.263669159785886,-8.881784197001252e-16
2015,AND,0,0,0
2015,AGO,38.24563036178517,38.24563036178517,0
2015,ATG,0,0,0
2015,ARG,46.439385944090034,46.439385944090034,0
2015,ARM,0.5452443507361755,0.5452443507361755,0
2015,ABW,0,0,0
2015,AUS,124.12426579416336,124.12426579416338,-1.4210854715202004e-14
2015,AUT,37.214439713029975,37.214439713029975,0
2015,AZE,11.254628735271753,11.254628735271753,0
2015,BHS,0,0,0
2015,BHR,0,0,0
2015,BGD,3.2640285344953,3.2640285344953006,-4.440892098500626e-16
2015,BRB,0,0,0
2015,BLR,1.011485112393784,1.011485112393784,0
2015,BEL,57.57103052091176,57.57103052091177,-7.105427357601002e-15
2015,BLZ,0,0,0
2015,BEN,0.23342935320929295,0.23342935320929298,-2.7755575615628914e-17
2015,BMU,0,0,0
2015,BTN,0.14358787428796776,0.14358787428796776,0
2015,BOL,3.612812345768375,3.6128123457683756,-4.440892098500626e-16
2015,BES,0,0,0
2015,BIH,1.042119505988269,1.042119505988269,0
2015,BWA,1.613663673790577,1.6136636737905774,-4.440892098500626e-16
2015,BRA,60.43229399459227,60.43229399459227,0
2015,BRN,0,0,0
2015,BGR,5.960727563310015,5.960727563310015,0
2015,BFA,0.3236202943011198,0.3236202943011199,-5.551115123125783e-17
2015,BDI,0.14816965236484456,0.14816965236484456,0
2015,CPV,0.15094101731965334,0.15094101731965337,-2.7755575615628914e-17
2015,KHM,1.9334590083325918,1.9334590083325918,0
2015,CMR,0.98917325743861,0.98917325743861,0
2015,CAN,150.35414560624304,150.35414560624304,0
2015,CYM,0,0,0
2015,CAF,0.060225506708883436,0.060225506708883436,0
2015,TCD,0.1471450322670039,0.14714503226700393,-2.7755575615628914e-17
2015,CHL,21.395027109765728,21.39502710976573,-3.552713678800501e-15
2015,CHN,767.769236578466,767.769236578466,0
2015,COL,26.379994966498913,26.379994966498916,-3.552713678800501e-15
2015,COM,0.14615319258265652,0.14615319258265652,0
2015,COG,1.2074452673966694,1.2074452673966694,0
2015,COD,3.780671636574396,3.780671636574396,0
2015,CRI,0,0,0
2015,HRV,2.7779818642572063,2.7779818642572063,0
2015,CUB,3.0286035163980523,3.0286035163980523,0
2015,CUW,0,0,0
2015,CYP,0,0,0
2015,CZE,12.241138788059999,12.241138788059999,0
2015,CIV,1.5268214897555896,1.5268214897555896,0
2015,DNK,58.989508854043365,58.989508854043365,0
2015,DJI,0,0,0
2015,DMA,0,0,0
2015,DOM,11.134982490926035,11.134982490926035,0
2015,ECU,9.457273025241344,9.457273025241344,0
2015,EGY,65.48240496033974,65.48240496033974,0
2015,SLV,2.9946669815014246,2.9946669815014255,-8.881784197001252e-16
2015,GNQ,1.3848569647473206,1.3848569647473206,0
2015,ERI,0.2517844451611225,0.2517844451611225,0
2015,EST,1.1896795125492206,1.1896795125492208,-2.220446049250313e-16
2015,ETH,0.7744660135371215,0.7744660135371216,-1.1102230246251565e-16
2015,FLK,0.3090444945173072,0.30904449451730726,-5.551115123125783e-17
2015,FRO,0,0,0
2015,FJI,0.34887661853820306,0.3488766185382031,-5.551115123125783e-17
2015,FIN,12.325985825809697,12.325985825809699,-1.7763568394002505e-15
2015,FRA,440.3336729172284,440.33367291722845,-5.684341886080802e-14
2015,PYF,1.4211844224324703,1.4211844224324706,-2.220446049250313e-16
2015,GAB,1.0681909318272051,1.0681909318272051,0
2015,GMB,0,0,0
2015,GEO,3.2096075964807436,3.2096075964807436,0
2015,DEU,497.1051887394382,497.10518873943823,-5.684341886080802e-14
2015,GHA,3.1884625323530904,3.1884625323530913,-8.881784197001252e-16
2015,GIB,0,0,0
2015,GRC,99.12086923014193,99.12086923014196,-2.842170943040401e-14
2015,GRD,0,0,0
2015,GTM,7.691316054618591,7.691316054618591,0
2015,GGY,0,0,0
2015,GIN,0.24514980719591453,0.24514980719591453,0
2015,GNB,2.2690944363758856,2.2690944363758856,0
2015,GUY,0,0,0
2015,HTI,0.39864387905697607,0.39864387905697607,0
2015,VAT,1.0690395286428043,1.0690395286428043,0
2015,HND,2.573289488374626,2.573289488374626,0
2015,HKG,0,0,0
2015,HUN,6.737206558566616,6.737206558566616,0
2015,ISL,6.173456717802721,6.173456717802722,-8.881784197001252e-16
2015,IND,17.62780309317733,17.62780309317733,0
2015,IDN,19.00305975588093,19.00305975588093,0
2015,IRN,3.9545983407647745,3.9545983407647753,-8.881784197001252e-16
2015,IRQ,3.4466252353145084,3.4466252353145084,0
2015,IRL,65.6187460652091,65.61874606520911,-1.4210854715202004e-14
2015,IMN,0,0,0
2015,ISR,91.91925282181616,91.91925282181616,0
2015,ITA,95.98179682425851,95.98179682425852,-1.4210854715202004e-14
2015,JAM,1.8359567538390893,1.8359567538390893,0
2015,JPN,172.7249967623829,172.72499676238291,-2.842170943040401e-14
2015,JEY,0,0,0
2015,JOR,40.52702114394275,40.52702114394275,0
2015,KAZ,30.076355044140502,30.076355044140502,0
2015,KEN,21.149451423938785,21.149451423938785,0
2015,KIR,0.046955746167963476,0.04695574616796348,-6.938893903907228e-18
2015,PRK,0.06309452454116263,0.06309452454116263,0
2015,KOR,76.87044204788026,76.87044204788026,0
2015,KWT,124.22631104918545,124.22631104918545,0
2015,KGZ,0.43477392973500545,0.43477392973500545,0
2015,LAO,0.557171368833324,0.5571713688333241,-1.1102230246251565e-16
2015,LVA,2.2558127461278747,2.2558127461278747,0
2015,LBN,0,0,0
2015,LSO,0.05599691711601269,0.0559969171160127,-6.938893903907228e-18
2015,LBR,0,0,0
2015,LBY,19.858913762918267,19.858913762918267,0
2015,LIE,0,0,0
2015,LTU,1.5744095848690238,1.5744095848690238,0
2015,LUX,0,0,0
2015,MAC,0,0,0
2015,MKD,0.37494074516717707,0.3749407451671771,-5.551115123125783e-17
2015,MDG,2.0286668371363983,2.0286668371363987,-4.440892098500626e-16
2015,MWI,0.7357352389802543,0.7357352389802544,-1.1102230246251565e-16
2015,MYS,0,0,0
2015,MDV,0,0,0
2015,MLI,0.42567926270663603,0.4256792627066361,-5.551115123125783e-17
2015,MLT,0,0,0
2015,MHL,0,0,0
2015,MRT,0.18489467145600907,0.1848946714560091,-2.7755575615628914e-17
2015,MUS,0,0,0
2015,MEX,98.49763309602233,98.49763309602235,-2.842170943040401e-14
2015,FSM,0.5268670054105573,0.5268670054105573,0
2015,MDA,0.2661405921610078,0.2661405921610078,0
2015,MNG,1.6352828534962023,1.6352828534962023,0
2015,MNE,0.3760836581245904,0.3760836581245904,0
2015,MAR,11.94250061431807,11.94250061431807,0
2015,MOZ,4.070990826292804,4.070990826292804,0
2015,MMR,0.9718718575587798,0.9718718575587798,0
2015,NAM,1.3335692856998056,1.3335692856998056,0
2015,NRU,0,0,0
2015,NPL,1.2740331709031871,1.2740331709031871,0
2015,ANT,0,0,0
2015,NLD,82.5212463773301,82.5212463773301,0
2015,NCL,0.6745210754270752,0.6745210754270753,-1.1102230246251565e-16
2015,NZL,30.669974976859756,30.669974976859756,0
2015,NIC,1.6889170406777323,1.6889170406777323,0
2015,NER,0.1040579819020486,0.10405798190204861,-1.3877787807814457e-17
2015,NGA,29.015010385077076,29.015010385077076,0
2015,NOR,16.536659470275538,16.53665947027554,-3.552713678800501e-15
2015,OMN,86.53340294507402,86.53340294507402,0
2015,PAK,10.142911890323974,10.142911890323976,-1.7763568394002505e-15
2015,PLW,0,0,0
2015,PSE,7.3647341934666475,7.3647341934666475,0
2015,PAN,0,0,0
2015,PNG,0,0,0
2015,PRY,4.4481955549570635,4.4481955549570635,0
2015,PER,14.866122305601277,14.866122305601277,0
2015,PHL,28.301008430615056,28.301008430615056,0
2015,POL,23.804461068043445,23.804461068043445,0
2015,PRT,51.273057116308834,51.273057116308834,0
2015,QAT,68.28002324333804,68.28002324333804,0
2015,ROU,10.578383458051642,10.578383458051642,0
2015,RUS,332.42794127786607,332.42794127786607,0
2015,RWA,0.13375959796602105,0.13375959796602108,-2.7755575615628914e-17
2015,SHN,0.025851677734486957,0.02585167773448696,-3.469446951953614e-18
2015,KNA,0,0,0
2015,LCA,0,0,0
2015,VCT,0,0,0
2015,WSM,0,0,0
2015,SMR,0,0,0
2015,STP,0.05650171619082354,0.05650171619082354,0
2015,SAU,530.0645665974763,530.0645665974763,0
2015,SEN,1.9524728478839026,1.9524728478839026,0
2015,SRB,1.6381238348880285,1.6381238348880287,-2.220446049250313e-16
2015,SYC,0,0,0
2015,BEH,0,NA,NA
2015,CHH,0,NA,NA
2015,GBH,0,NA,NA
2015,IEH,0,NA,NA
2015,NLH,0,NA,NA
2015,USH,0,NA,NA
2015,SLE,0.49065708991689283,0.4906570899168929,-5.551115123125783e-17
2015,SGP,0,0,0
2015,SXM,0,0,0
2015,SVK,5.3170299616975605,5.3170299616975605,0
2015,SVN,3.3015822821147522,3.3015822821147527,-4.440892098500626e-16
2015,SLB,0,0,0
2015,SOM,0.0336380452738993,0.0336380452738993,0
2015,ZAF,51.98495565193544,51.98495565193545,-1.4210854715202004e-14
2015,SSD,0.003737899380221314,0.0037378993802213143,-4.336808689942018e-19
2015,ESP,75.20112995005071,75.20112995005073,-1.4210854715202004e-14
2015,LKA,2.0181759158866157,2.0181759158866157,0
2015,SDN,1.2068937945169234,1.2068937945169234,0
2015,SUR,0.7090437541938909,0.7090437541938909,0
2015,SWZ,0.5593319177300535,0.5593319177300535,0
2015,SWE,61.3046404452353,61.30464044523531,-7.105427357601002e-15
2015,CHE,0,0,0
2015,SYR,3.5823647642409915,3.5823647642409915,0
2015,TWN,301.59915529395414,301.59915529395414,0
2015,TJK,0.1431731088444302,0.1431731088444302,0
2015,TZA,3.120222287755856,3.1202222877558565,-4.440892098500626e-16
2015,THA,93.10487321879522,93.10487321879522,0
2015,TLS,0.05143298468163901,0.051432984681639024,-1.3877787807814457e-17
2015,TGO,0.3108464402851545,0.3108464402851545,0
2015,TON,0.005178762844776783,0.005178762844776783,0
2015,TTO,5.635382278931683,5.635382278931684,-8.881784197001252e-16
2015,TUN,7.707915606800231,7.707915606800231,0
2015,TUR,173.55752556731213,173.55752556731213,0
2015,TKM,0.4761253701672275,0.4761253701672275,0
2015,TCA,0,0,0
2015,TUV,0.0019219514313926584,0.0019219514313926587,-2.168404344971009e-19
2015,UMI,0.1735528121216783,0.17355281212167833,-2.7755575615628914e-17
2015,UGA,1.799133891307738,1.7991338913077382,-2.220446049250313e-16
2015,UKR,12.58253182374274,12.58253182374274,0
2015,ARE,398.2567044575573,398.2567044575573,0
2015,GBR,526.7207235574123,526.7207235574123,0
2015,USA,2800.532314055195,2800.5323140551955,-4.547473508864641e-13
2015,URY,0,0,0
2015,UZB,3.2912323993650534,3.291232399365054,-4.440892098500626e-16
2015,VUT,0,0,0
2015,VEN,85.33790428035985,85.33790428035985,0
2015,VNM,5.869662076236941,5.869662076236942,-8.881784197001252e-16
2015,VGB,0,0,0
2015,WLF,0.00370500043870664,0.003705000438706641,-8.673617379884035e-19
2015,YEM,11.9366571914272,11.9366571914272,0
2015,ZMB,3.6761970050526904,3.6761970050526913,-8.881784197001252e-16
2015,ZWE,3.88135647676426,3.8813564767642603,-4.440892098500626e-16
2016,AFG,0.9611419709158024,0.9611419709158024,0
2016,ALB,0.2849771536373411,0.28497715363734116,-5.551115123125783e-17
2016,DZA,3.7629581468147006,3.762958146814701,-4.440892098500626e-16
2016,AND,0,0,0
2016,AGO,41.31354122721164,41.313541227211644,-7.105427357601002e-15
2016,ATG,0,0,0
2016,ARG,33.70855506735401,33.70855506735401,0
2016,ARM,0.6127437243631235,0.6127437243631236,-1.1102230246251565e-16
2016,ABW,0,0,0
2016,AUS,105.85973686275186,105.85973686275187,-1.4210854715202004e-14
2016,AUT,29.847303611035223,29.84730361103523,-7.105427357601002e-15
2016,AZE,9.76272939737815,9.762729397378152,-1.7763568394002505e-15
2016,BHS,0,0,0
2016,BHR,0,0,0
2016,BGD,3.512422273292882,3.5124222732928825,-4.440892098500626e-16
2016,BRB,0,0,0
2016,BLR,0.9357239106427611,0.9357239106427611,0
2016,BEL,45.35009433850541,45.350094338505414,-7.105427357601002e-15
2016,BLZ,0,0,0
2016,BEN,0.17648852257754472,0.17648852257754477,-5.551115123125783e-17
2016,BMU,0,0,0
2016,BTN,0.25797216709369486,0.2579721670936949,-5.551115123125783e-17
2016,BOL,3.091273551569634,3.0912735515696346,-4.440892098500626e-16
2016,BES,0,0,0
2016,BIH,0.7352478164076094,0.7352478164076095,-1.1102230246251565e-16
2016,BWA,1.3852234270332031,1.3852234270332036,-4.440892098500626e-16
2016,BRA,41.50115182669157,41.501151826691576,-7.105427357601002e-15
2016,BRN,0,0,0
2016,BGR,8.061347742675036,8.061347742675036,0
2016,BFA,0.4099747028347451,0.4099747028347451,0
2016,BDI,0.1632260444110292,0.1632260444110292,0
2016,CPV,0.11421319581876155,0.11421319581876156,-1.3877787807814457e-17
2016,KHM,2.0057741625499617,2.005774162549962,-4.440892098500626e-16
2016,CMR,0.7355568905063706,0.7355568905063707,-1.1102230246251565e-16
2016,CAN,124.30333360985313,124.30333360985313,0
2016,CYM,0,0,0
2016,CAF,0.05019466059850185,0.05019466059850185,0
2016,TCD,0.1146751671168688,0.11467516711686883,-2.7755575615628914e-17
2016,CHL,15.262610584037063,15.262610584037063,0
2016,CHN,841.7033470368119,841.703347036812,-1.1368683772161603e-13
2016,COL,17.918500727666057,17.918500727666064,-7.105427357601002e-15
2016,COM,0.06401416924241334,0.06401416924241334,0
2016,COG,1.0287990614160853,1.0287990614160856,-2.220446049250313e-16
2016,COD,2.9357079178586574,2.935707917858658,-4.440892098500626e-16
2016,CRI,0,0,0
2016,HRV,2.1557332683715997,2.1557332683715997,0
2016,CUB,0.28073544477298307,0.2807354447729831,-5.551115123125783e-17
2016,CUW,0,0,0
2016,CYP,0,0,0
2016,CZE,11.958988451480785,11.958988451480788,-3.552713678800501e-15
2016,CIV,1.2673118127356824,1.2673118127356824,0
2016,DNK,40.001346580328985,40.00134658032899,-7.105427357601002e-15
2016,DJI,0,0,0
2016,DMA,0,0,0
2016,DOM,8.547092979704914,8.547092979704914,0
2016,ECU,6.946012806530385,6.946012806530386,-8.881784197001252e-16
2016,EGY,62.84542129729944,62.845421297299445,-7.105427357601002e-15
2016,SLV,2.1348880869092244,2.1348880869092244,0
2016,GNQ,0.7478742264175718,0.747874226417572,-1.1102230246251565e-16
2016,ERI,0.2206899510252069,0.22068995102520697,-8.326672684688674e-17
2016,EST,1.0597165871244238,1.059716587124424,-2.220446049250313e-16
2016,ETH,0.6284575013356276,0.6284575013356277,-1.1102230246251565e-16
2016,FLK,0.24602228210946706,0.24602228210946714,-8.326672684688674e-17
2016,FRO,0,0,0
2016,FJI,0.2663798792845972,0.2663798792845972,0
2016,FIN,10.165892826762029,10.16589282676203,-1.7763568394002505e-15
2016,FRA,361.2508438231763,361.2508438231763,0
2016,PYF,1.2912109178693467,1.2912109178693472,-4.440892098500626e-16
2016,GAB,0.7927729888464775,0.7927729888464777,-2.220446049250313e-16
2016,GMB,0,0,0
2016,GEO,3.57538730557004,3.57538730557004,0
2016,DEU,379.6721989782224,379.67219897822247,-5.684341886080802e-14
2016,GHA,2.86527885664725,2.8652788566472505,-4.440892098500626e-16
2016,GIB,0,0,0
2016,GRC,76.91614592230383,76.91614592230384,-1.4210854715202004e-14
2016,GRD,0,0,0
2016,GTM,5.645091933893901,5.645091933893902,-8.881784197001252e-16
2016,GGY,0,0,0
2016,GIN,0.20198101756977996,0.20198101756978,-5.551115123125783e-17
2016,GNB,2.1040465702662696,2.1040465702662696,0
2016,GUY,0,0,0
2016,HTI,0.3759384631107657,0.3759384631107657,0
2016,VAT,1.38466283513822,1.3846628351382202,-2.220446049250313e-16
2016,HND,2.0406717373777967,2.0406717373777967,0
2016,HKG,0,0,0
2016,HUN,5.63153227244565,5.631532272445652,-1.7763568394002505e-15
2016,ISL,3.372265242390583,3.3722652423905832,-4.440892098500626e-16
2016,IND,14.708337264489371,14.708337264489373,-1.7763568394002505e-15
2016,IDN,15.445068404170472,15.445068404170474,-1.7763568394002505e-15
2016,IRN,2.412773244402767,2.4127732444027674,-4.440892098500626e-16
2016,IRQ,3.1854968936793018,3.1854968936793018,0
2016,IRL,52.138525751277164,52.13852575127718,-1.4210854715202004e-14
2016,IMN,0,0,0
2016,ISR,93.53895400427636,93.53895400427636,0
2016,ITA,76.98366575000203,76.98366575000205,-1.4210854715202004e-14
2016,JAM,1.1114791843472642,1.1114791843472644,-2.220446049250313e-16
2016,JPN,152.727058368122,152.72705836812202,-2.842170943040401e-14
2016,JEY,0,0,0
2016,JOR,41.24658909260484,41.24658909260484,0
2016,KAZ,28.571591322530274,28.571591322530278,-3.552713678800501e-15
2016,KEN,16.66685676665261,16.66685676665261,0
2016,KIR,0.03217252118750334,0.03217252118750335,-6.938893903907228e-18
2016,PRK,0.06741323948461278,0.0674132394846128,-1.3877787807814457e-17
2016,KOR,69.57364454717892,69.57364454717893,-1.4210854715202004e-14
2016,KWT,107.84169062712732,107.84169062712732,0
2016,KGZ,0.4412354958468841,0.4412354958468841,0
2016,LAO,0.46858540968983553,0.46858540968983564,-1.1102230246251565e-16
2016,LVA,2.237897165840678,2.237897165840678,0
2016,LBN,0,0,0
2016,LSO,0.04116985587322095,0.04116985587322096,-6.938893903907228e-18
2016,LBR,0,0,0
2016,LBY,14.141043280825224,14.141043280825228,-3.552713678800501e-15
2016,LIE,0,0,0
2016,LTU,1.29306618016608,1.2930661801660805,-4.440892098500626e-16
2016,LUX,0,0,0
2016,MAC,0,0,0
2016,MKD,0.20826373846009014,0.2082637384600902,-5.551115123125783e-17
2016,MDG,2.2180666927177373,2.2180666927177377,-4.440892098500626e-16
2016,MWI,0.6282094664315603,0.6282094664315605,-2.220446049250313e-16
2016,MYS,0,0,0
2016,MDV,0,0,0
2016,MLI,0.4316797136034735,0.4316797136034736,-1.1102230246251565e-16
2016,MLT,0,0,0
2016,MHL,0,0,0
2016,MRT,0.15796830447658147,0.1579683044765815,-2.7755575615628914e-17
2016,MUS,0,0,0
2016,MEX,81.86781992992331,81.86781992992331,0
2016,FSM,0.4857477921609018,0.4857477921609018,0
2016,MDA,0.24901255037491454,0.24901255037491454,0
2016,MNG,1.6357355036249128,1.635735503624913,-2.220446049250313e-16
2016,MNE,0.31049831106250886,0.31049831106250886,0
2016,MAR,10.36211323018244,10.36211323018244,0
2016,MOZ,3.4041190547918223,3.4041190547918223,0
2016,MMR,0.8097808598768698,0.8097808598768699,-1.1102230246251565e-16
2016,NAM,0.9410829820807445,0.9410829820807447,-2.220446049250313e-16
2016,NRU,0,0,0
2016,NPL,1.1062329757334606,1.1062329757334608,-2.220446049250313e-16
2016,ANT,0,0,0
2016,NLD,62.272554849710396,62.2725548497104,-7.105427357601002e-15
2016,NCL,0.5110800868619875,0.5110800868619876,-1.1102230246251565e-16
2016,NZL,27.88556280001902,27.88556280001902,0
2016,NIC,1.229748617317622,1.2297486173176222,-2.220446049250313e-16
2016,NER,0.12087911335040885,0.12087911335040886,-1.3877787807814457e-17
2016,NGA,26.489575055568757,26.48957505556876,-3.552713678800501e-15
2016,NOR,12.64910811644963,12.649108116449634,-3.552713678800501e-15
2016,OMN,90.29315813580689,90.29315813580689,0
2016,PAK,7.107743482758659,7.10774348275866,-8.881784197001252e-16
2016,PLW,0,0,0
2016,PSE,4.0100149623585315,4.0100149623585315,0
2016,PAN,0,0,0
2016,PNG,0,0,0
2016,PRY,3.766044797991105,3.766044797991105,0
2016,PER,11.636331926437432,11.636331926437434,-1.7763568394002505e-15
2016,PHL,27.311995159726905,27.311995159726905,0
2016,POL,26.92579910380669,26.92579910380669,0
2016,PRT,32.42015010140098,32.42015010140099,-1.4210854715202004e-14
2016,QAT,85.83942948404416,85.83942948404417,-1.4210854715202004e-14
2016,ROU,9.640500348650116,9.640500348650116,0
2016,RUS,261.8158375092223,261.8158375092224,-5.684341886080802e-14
2016,RWA,0.11104544807876271,0.11104544807876272,-1.3877787807814457e-17
2016,SHN,0.01781023129305765,0.017810231293057657,-6.938893903907228e-18
2016,KNA,0,0,0
2016,LCA,0,0,0
2016,VCT,0,0,0
2016,WSM,0,0,0
2016,SMR,0,0,0
2016,STP,0.07554105777886538,0.07554105777886538,0
2016,SAU,501.2331446938206,501.2331446938206,0
2016,SEN,1.397271570627553,1.397271570627553,0
2016,SRB,1.4346682081254927,1.434668208125493,-2.220446049250313e-16
2016,SYC,0,0,0
2016,BEH,0,NA,NA
2016,CHH,0,NA,NA
2016,GBH,0,NA,NA
2016,IEH,0,NA,NA
2016,NLH,0,NA,NA
2016,USH,0,NA,NA
2016,SLE,0.37564681911466885,0.37564681911466896,-1.1102230246251565e-16
2016,SGP,0,0,0
2016,SXM,0,0,0
2016,SVK,4.273365460980485,4.273365460980485,0
2016,SVN,3.146839394164409,3.1468393941644095,-4.440892098500626e-16
2016,SLB,0,0,0
2016,SOM,0.06283373582748729,0.0628337358274873,-1.3877787807814457e-17
2016,ZAF,41.96732141548535,41.96732141548536,-7.105427357601002e-15
2016,SSD,0.005240495368672545,0.005240495368672546,-8.673617379884035e-19
2016,ESP,62.60643142594847,62.60643142594847,0
2016,LKA,1.470177555165915,1.4701775551659155,-4.440892098500626e-16
2016,SDN,0.707088328709128,0.7070883287091281,-1.1102230246251565e-16
2016,SUR,0.4945655417932858,0.49456554179328593,-1.1102230246251565e-16
2016,SWZ,0.4617927033524255,0.4617927033524256,-1.1102230246251565e-16
2016,SWE,38.93509616101087,38.935096161010875,-7.105427357601002e-15
2016,CHE,0,0,0
2016,SYR,2.3644397033042983,2.3644397033042983,0
2016,TWN,307.78706933007265,307.7870693300727,-5.684341886080802e-14
2016,TJK,0.2104092820961867,0.2104092820961867,0
2016,TZA,2.507186181715752,2.5071861817157526,-4.440892098500626e-16
2016,THA,83.34593710266698,83.34593710266698,0
2016,TLS,0.033098082941249475,0.03309808294124948,-6.938893903907228e-18
2016,TGO,0.33735896403536864,0.33735896403536864,0
2016,TON,0.006496649216332192,0.006496649216332193,-8.673617379884035e-19
2016,TTO,4.20917670829846,4.209176708298461,-8.881784197001252e-16
2016,TUN,7.044602912876036,7.044602912876038,-1.7763568394002505e-15
2016,TUR,135.27893824611266,135.2789382461127,-2.842170943040401e-14
2016,TKM,0.524563442528723,0.5245634425287231,-1.1102230246251565e-16
2016,TCA,0,0,0
2016,TUV,6.227342279923915e-4,6.227342279923917e-4,-2.168404344971009e-19
2016,UMI,0.1693039896575251,0.16930398965752513,-2.7755575615628914e-17
2016,UGA,1.6054418950398024,1.6054418950398026,-2.220446049250313e-16
2016,UKR,12.622400169678848,12.622400169678851,-3.552713678800501e-15
2016,ARE,394.086177409784,394.08617740978406,-5.684341886080802e-14
2016,GBR,454.6689635728105,454.66896357281064,-1.1368683772161603e-13
2016,USA,1937.6100535991523,1937.6100535991523,0
2016,URY,0,0,0
2016,UZB,2.845750434856672,2.845750434856672,0
2016,VUT,0,0,0
2016,VEN,55.428061405947624,55.42806140594763,-7.105427357601002e-15
2016,VNM,5.825498182513262,5.825498182513262,0
2016,VGB,0,0,0
2016,WLF,0.0029690242903713947,0.0029690242903713956,-8.673617379884035e-19
2016,YEM,6.096883628608876,6.096883628608876,0
2016,ZMB,2.7823695433073765,2.782369543307377,-4.440892098500626e-16
2016,ZWE,3.2550143015086475,3.2550143015086483,-8.881784197001252e-16
2017,AFG,0.7499971823980924,0.7499971823980924,0
2017,ALB,0.37757178977113093,0.3775717897711308,1.1102230246251565e-16
2017,DZA,4.730894751321519,4.730894751321518,8.881784197001252e-16
2017,AND,0,0,0
2017,AGO,45.80019551479566,45.80019551479565,1.4210854715202004e-14
2017,ATG,0,0,0
2017,ARG,36.24963160755541,36.24963160755541,0
2017,ARM,0.8024801544378765,0.8024801544378762,2.220446049250313e-16
2017,ABW,0,0,0
2017,AUS,128.57655588307742,128.5765558830774,2.842170943040401e-14
2017,AUT,39.256889086879845,39.25688908687983,1.4210854715202004e-14
2017,AZE,9.048329045391334,9.048329045391332,1.7763568394002505e-15
2017,BHS,0,0,0
2017,BHR,0,0,0
2017,BGD,4.923037674431907,4.923037674431907,0
2017,BRB,0,0,0
2017,BLR,1.2737271274611697,1.2737271274611695,2.220446049250313e-16
2017,BEL,54.11803439153731,54.118034391537286,2.1316282072803006e-14
2017,BLZ,0,0,0
2017,BEN,0.19062931024044227,0.19062931024044222,5.551115123125783e-17
2017,BMU,0,0,0
2017,BTN,0.3772220958339657,0.3772220958339656,1.1102230246251565e-16
2017,BOL,3.5752876877723896,3.5752876877723887,8.881784197001252e-16
2017,BES,0,0,0
2017,BIH,0.633800987455649,0.6338009874556488,1.1102230246251565e-16
2017,BWA,1.887709787485681,1.88770978748568,8.881784197001252e-16
2017,BRA,42.59772034349439,42.59772034349438,7.105427357601002e-15
2017,BRN,0,0,0
2017,BGR,12.121767412191662,12.121767412191659,3.552713678800501e-15
2017,BFA,0.3858881717572623,0.38588817175726225,5.551115123125783e-17
2017,BDI,0.21295338583711954,0.2129533858371195,2.7755575615628914e-17
2017,CPV,0.13125254496897254,0.13125254496897248,5.551115123125783e-17
2017,KHM,3.579981873512727,3.5799818735127262,8.881784197001252e-16
2017,CMR,0.8759098082496319,0.8759098082496317,2.220446049250313e-16
2017,CAN,146.07979439588559,146.07979439588553,5.684341886080802e-14
2017,CYM,0,0,0
2017,CAF,0.06930466509815661,0.0693046650981566,1.3877787807814457e-17
2017,TCD,0.1273044626085448,0.12730446260854475,5.551115123125783e-17
2017,CHL,17.147410669631874,17.14741066963187,3.552713678800501e-15
2017,CHN,1192.6164510721778,1192.6164510721774,4.547473508864641e-13
2017,COL,17.850803920858496,17.850803920858496,0
2017,COM,0.020875012008980485,0.020875012008980478,6.938893903907228e-18
2017,COG,1.34822579519724,1.3482257951972396,4.440892098500626e-16
2017,COD,3.604068871217839,3.6040688712178386,4.440892098500626e-16
2017,CRI,0,0,0
2017,HRV,3.1455993651729006,3.1455993651728997,8.881784197001252e-16
2017,CUB,0.30187949786504953,0.3018794978650494,1.1102230246251565e-16
2017,CUW,0,0,0
2017,CYP,0,0,0
2017,CZE,18.176919643534983,18.176919643534983,0
2017,CIV,1.4627866411601231,1.4627866411601231,0
2017,DNK,39.18815233620121,39.18815233620121,0
2017,DJI,0,0,0
2017,DMA,0,0,0
2017,DOM,11.11847699789519,11.118476997895186,3.552713678800501e-15
2017,ECU,7.553681880772848,7.553681880772846,1.7763568394002505e-15
2017,EGY,77.77624232204417,77.77624232204415,1.4210854715202004e-14
2017,SLV,2.3983576288971618,2.398357628897161,8.881784197001252e-16
2017,GNQ,0.5579642591586721,0.557964259158672,1.1102230246251565e-16
2017,ERI,0.2879400296339805,0.28794002963398047,5.551115123125783e-17
2017,EST,1.5493470859719467,1.5493470859719463,4.440892098500626e-16
2017,ETH,0.8381352413059475,0.8381352413059473,2.220446049250313e-16
2017,FLK,0.2892088793586913,0.28920887935869116,1.1102230246251565e-16
2017,FRO,0,0,0
2017,FJI,0.3039396760254511,0.30393967602545097,1.1102230246251565e-16
2017,FIN,13.836042277246936,13.836042277246932,3.552713678800501e-15
2017,FRA,439.4005049463934,439.4005049463933,1.1368683772161603e-13
2017,PYF,1.3226596014432925,1.3226596014432925,0
2017,GAB,0.9362901014974039,0.9362901014974034,4.440892098500626e-16
2017,GMB,0,0,0
2017,GEO,4.064979757425886,4.064979757425886,0
2017,DEU,448.4315779098335,448.4315779098334,1.1368683772161603e-13
2017,GHA,3.6928808568186713,3.6928808568186704,8.881784197001252e-16
2017,GIB,0,0,0
2017,GRC,91.01368435307371,91.0136843530737,1.4210854715202004e-14
2017,GRD,0,0,0
2017,GTM,6.286485180890727,6.286485180890725,1.7763568394002505e-15
2017,GGY,0,0,0
2017,GIN,0.3134396308710732,0.31343963087107307,1.1102230246251565e-16
2017,GNB,2.3280449288808653,2.328044928880865,4.440892098500626e-16
2017,GUY,0,0,0
2017,HTI,0.5744556752404245,0.5744556752404244,1.1102230246251565e-16
2017,VAT,2.1174067350763943,2.117406735076394,4.440892098500626e-16
2017,HND,2.470270202520648,2.4702702025206476,4.440892098500626e-16
2017,HKG,0,0,0
2017,HUN,7.235195960717857,7.235195960717856,8.881784197001252e-16
2017,ISL,2.628561104803915,2.628561104803914,8.881784197001252e-16
2017,IND,19.109619333072597,19.109619333072594,3.552713678800501e-15
2017,IDN,17.680348792783523,17.680348792783523,0
2017,IRN,2.473203601843754,2.4732036018437533,8.881784197001252e-16
2017,IRQ,3.819633927542315,3.8196339275423146,4.440892098500626e-16
2017,IRL,65.02181896413931,65.0218189641393,1.4210854715202004e-14
2017,IMN,0,0,0
2017,ISR,120.6503560293602,120.6503560293602,0
2017,ITA,99.03534661014982,99.0353466101498,1.4210854715202004e-14
2017,JAM,1.2667737938019448,1.2667737938019445,2.220446049250313e-16
2017,JPN,195.05046472833695,195.0504647283369,5.684341886080802e-14
2017,JEY,0,0,0
2017,JOR,46.13679353143457,46.13679353143457,0
2017,KAZ,34.035403907683566,34.03540390768356,7.105427357601002e-15
2017,KEN,18.157783256946157,18.15778325694615,7.105427357601002e-15
2017,KIR,0.03455400403024934,0.03455400403024932,1.3877787807814457e-17
2017,PRK,0.08697090924603511,0.0869709092460351,1.3877787807814457e-17
2017,KOR,75.44343825197069,75.44343825197066,2.842170943040401e-14
2017,KWT,129.60676885948905,129.60676885948905,0
2017,KGZ,0.6924161899725954,0.6924161899725952,1.1102230246251565e-16
2017,LAO,0.6308035999815341,0.6308035999815339,2.220446049250313e-16
2017,LVA,3.0303593195536283,3.0303593195536283,0
2017,LBN,0,0,0
2017,LSO,0.05229404762565319,0.052294047625653164,2.7755575615628914e-17
2017,LBR,0,0,0
2017,LBY,14.61403204365656,14.614032043656557,1.7763568394002505e-15
2017,LIE,0,0,0
2017,LTU,1.604121530662387,1.6041215306623866,4.440892098500626e-16
2017,LUX,0,0,0
2017,MAC,0,0,0
2017,MKD,0.20464531532949454,0.20464531532949445,8.326672684688674e-17
2017,MDG,2.591948454619001,2.5919484546190006,4.440892098500626e-16
2017,MWI,0.751500073274651,0.7515000732746507,2.220446049250313e-16
2017,MYS,0,0,0
2017,MDV,0,0,0
2017,MLI,0.7744618227951102,0.77446182279511,2.220446049250313e-16
2017,MLT,0,0,0
2017,MHL,0,0,0
2017,MRT,0.19577335311556598,0.19577335311556593,5.551115123125783e-17
2017,MUS,0,0,0
2017,MEX,93.96462850670264,93.96462850670262,1.4210854715202004e-14
2017,FSM,0.5992330290595689,0.5992330290595689,0
2017,MDA,0.39024266716950984,0.3902426671695097,1.1102230246251565e-16
2017,MNG,2.1242804843933745,2.124280484393374,4.440892098500626e-16
2017,MNE,0.41558148376326504,0.4155814837632649,1.1102230246251565e-16
2017,MAR,12.128178911851958,12.128178911851954,3.552713678800501e-15
2017,MOZ,3.5942052874175374,3.594205287417536,1.3322676295501878e-15
2017,MMR,0.9674266360677924,0.9674266360677922,2.220446049250313e-16
2017,NAM,1.0101984088966982,1.010198408896698,2.220446049250313e-16
2017,NRU,0,0,0
2017,NPL,1.3497007374548189,1.3497007374548187,2.220446049250313e-16
2017,ANT,0,0,0
2017,NLD,76.38968722861947,76.38968722861942,4.263256414560601e-14
2017,NCL,0.46910849879657723,0.46910849879657723,0
2017,NZL,32.13373124842027,32.13373124842026,7.105427357601002e-15
2017,NIC,1.4907420558375994,1.490742055837599,4.440892098500626e-16
2017,NER,0.2061465244889591,0.20614652448895904,5.551115123125783e-17
2017,NGA,31.70946829402967,31.709468294029662,7.105427357601002e-15
2017,NOR,16.375648541439478,16.375648541439475,3.552713678800501e-15
2017,OMN,100.64021014102674,100.64021014102674,0
2017,PAK,7.482474528763478,7.482474528763476,1.7763568394002505e-15
2017,PLW,0,0,0
2017,PSE,2.455535887092868,2.455535887092868,0
2017,PAN,0,0,0
2017,PNG,0,0,0
2017,PRY,4.065718571367912,4.065718571367911,8.881784197001252e-16
2017,PER,13.873564380755283,13.873564380755283,0
2017,PHL,36.214243172498875,36.21424317249887,7.105427357601002e-15
2017,POL,39.89850688470513,39.898506884705114,1.4210854715202004e-14
2017,PRT,35.392253110860494,35.39225311086049,7.105427357601002e-15
2017,QAT,138.10444158846278,138.10444158846275,2.842170943040401e-14
2017,ROU,12.139147110208024,12.139147110208024,0
2017,RUS,313.91056640809734,313.91056640809734,0
2017,RWA,0.1461054426848782,0.14610544268487816,5.551115123125783e-17
2017,SHN,0.01714061525300059,0.017140615253000584,6.938893903907228e-18
2017,KNA,0,0,0
2017,LCA,0,0,0
2017,VCT,0,0,0
2017,WSM,0,0,0
2017,SMR,0,0,0
2017,STP,0.15862104761417395,0.15862104761417395,0
2017,SAU,537.4850569670542,537.4850569670541,1.1368683772161603e-13
2017,SEN,1.149854829133225,1.149854829133225,0
2017,SRB,1.8857859862322475,1.8857859862322472,2.220446049250313e-16
2017,SYC,0,0,0
2017,BEH,0,NA,NA
2017,CHH,0,NA,NA
2017,GBH,0,NA,NA
2017,IEH,0,NA,NA
2017,NLH,0,NA,NA
2017,USH,0,NA,NA
2017,SLE,0.5257596608158749,0.5257596608158747,2.220446049250313e-16
2017,SGP,0,0,0
2017,SXM,0,0,0
2017,SVK,5.222038163507966,5.222038163507964,1.7763568394002505e-15
2017,SVN,3.964364304573083,3.9643643045730816,1.3322676295501878e-15
2017,SLB,0,0,0
2017,SOM,0.12703740758228607,0.12703740758228604,2.7755575615628914e-17
2017,ZAF,53.52866004231306,53.52866004231303,2.842170943040401e-14
2017,SSD,0.009269840127752385,0.009269840127752383,1.734723475976807e-18
2017,ESP,77.68845118190895,77.68845118190893,1.4210854715202004e-14
2017,LKA,1.7275806059285153,1.7275806059285148,4.440892098500626e-16
2017,SDN,0.5254400644659585,0.5254400644659585,0
2017,SUR,0.6195043450603538,0.6195043450603537,1.1102230246251565e-16
2017,SWZ,0.5954330277130357,0.5954330277130355,2.220446049250313e-16
2017,SWE,37.285668692028324,37.2856686920283,2.1316282072803006e-14
2017,CHE,0,0,0
2017,SYR,2.022614645746444,2.0226146457464433,4.440892098500626e-16
2017,TWN,429.13597622356497,429.13597622356485,1.1368683772161603e-13
2017,TJK,0.4094992835319398,0.40949928353193965,1.6653345369377348e-16
2017,TZA,3.0778410340012266,3.0778410340012257,8.881784197001252e-16
2017,THA,116.36736782223441,116.36736782223439,2.842170943040401e-14
2017,TLS,0.038178235304347496,0.03817823530434748,1.3877787807814457e-17
2017,TGO,0.5117456989554781,0.5117456989554781,0
2017,TON,0.008565888346261818,0.008565888346261817,1.734723475976807e-18
2017,TTO,4.507166740100532,4.507166740100531,8.881784197001252e-16
2017,TUN,8.748268330366626,8.748268330366624,1.7763568394002505e-15
2017,TUR,140.64982246995947,140.64982246995947,0
2017,TKM,0.5108437788220048,0.5108437788220047,1.1102230246251565e-16
2017,TCA,0,0,0
2017,TUV,0.0011783309882288577,0.0011783309882288573,4.336808689942018e-19
2017,UMI,0.21905335803416665,0.2190533580341666,5.551115123125783e-17
2017,UGA,1.9921144494131395,1.992114449413139,4.440892098500626e-16
2017,UKR,15.714193267037235,15.714193267037233,1.7763568394002505e-15
2017,ARE,478.6827038694813,478.68270386948126,5.684341886080802e-14
2017,GBR,590.0026007957006,590.0026007957005,1.1368683772161603e-13
2017,USA,2048.7869130166146,2048.786913016614,4.547473508864641e-13
2017,URY,0,0,0
2017,UZB,3.286588363688156,3.286588363688156,0
2017,VUT,0,0,0
2017,VEN,46.812787531599824,46.81278753159982,7.105427357601002e-15
2017,VNM,7.7450169235568955,7.745016923556893,2.6645352591003757e-15
2017,VGB,0,0,0
2017,WLF,0.003787175315667062,0.0037871753156670605,1.734723475976807e-18
2017,YEM,4.42035143688803,4.42035143688803,0
2017,ZMB,3.4620145150413806,3.4620145150413797,8.881784197001252e-16
2017,ZWE,4.221284511825245,4.221284511825243,1.7763568394002505e-15
2018,AFG,0.7233027651441368,0.7233027651441367,1.1102230246251565e-16
2018,ALB,0.290441380750719,0.290441380750719,0
2018,DZA,4.363602422216624,4.363602422216624,0
2018,AND,0,0,0
2018,AGO,37.52296965240313,37.52296965240313,0
2018,ATG,0,0,0
2018,ARG,37.55977792653259,37.55977792653259,0
2018,ARM,0.9643208737777008,0.9643208737777008,0
2018,ABW,0,0,0
2018,AUS,119.24284642683384,119.24284642683384,0
2018,AUT,44.71881348404754,44.718813484047544,-7.105427357601002e-15
2018,AZE,5.820015241505237,5.820015241505237,0
2018,BHS,0,0,0
2018,BHR,0,0,0
2018,BGD,5.1900424241644645,5.1900424241644645,0
2018,BRB,0,0,0
2018,BLR,1.295350251252216,1.2953502512522161,-2.220446049250313e-16
2018,BEL,48.54724210996266,48.54724210996266,0
2018,BLZ,0,0,0
2018,BEN,0.17927921096689914,0.17927921096689914,0
2018,BMU,0,0,0
2018,BTN,0.32841183124289636,0.3284118312428964,-5.551115123125783e-17
2018,BOL,3.5822467703644154,3.582246770364415,4.440892098500626e-16
2018,BES,0,0,0
2018,BIH,0.44895318252861954,0.44895318252861954,0
2018,BWA,1.8554583931129256,1.8554583931129256,0
2018,BRA,38.0106101106568,38.0106101106568,0
2018,BRN,0,0,0
2018,BGR,13.711133205706258,13.711133205706258,0
2018,BFA,0.2813156726085484,0.2813156726085484,0
2018,BDI,0.20163974767091827,0.20163974767091827,0
2018,CPV,0.10956633812720996,0.10956633812720996,0
2018,KHM,4.54229813923642,4.54229813923642,0
2018,CMR,0.6087455121228974,0.6087455121228974,0
2018,CAN,137.5442224978043,137.5442224978043,0
2018,CYM,0,0,0
2018,CAF,0.07063905226017939,0.0706390522601794,-1.3877787807814457e-17
2018,TCD,0.10628286567931412,0.10628286567931412,0
2018,CHL,17.183990178270097,17.183990178270093,3.552713678800501e-15
2018,CHN,1202.553273476484,1202.5532734764843,-2.2737367544323206e-13
2018,COL,16.300822552284206,16.300822552284206,0
2018,COM,0.01395055355809618,0.013950553558096181,-1.734723475976807e-18
2018,COG,1.4102048830725935,1.4102048830725937,-2.220446049250313e-16
2018,COD,3.3243348686947107,3.3243348686947107,0
2018,CRI,0,0,0
2018,HRV,4.12941205389351,4.12941205389351,0
2018,CUB,0.2690191355367019,0.2690191355367019,0
2018,CUW,0,0,0
2018,CYP,0,0,0
2018,CZE,19.730723216336624,19.730723216336624,0
2018,CIV,1.589020027896373,1.5890200278963733,-2.220446049250313e-16
2018,DNK,40.19498757013825,40.19498757013826,-7.105427357601002e-15
2018,DJI,0,0,0
2018,DMA,0,0,0
2018,DOM,10.619637232214377,10.619637232214377,0
2018,ECU,7.045795042614067,7.045795042614067,0
2018,EGY,67.48693405556375,67.48693405556375,0
2018,SLV,2.3350199919254364,2.3350199919254364,0
2018,GNQ,0.3576571338666239,0.3576571338666239,0
2018,ERI,0.2749475599600406,0.2749475599600406,0
2018,EST,1.8091067587534713,1.8091067587534713,0
2018,ETH,0.85107362486157,0.8510736248615699,1.1102230246251565e-16
2018,FLK,0.2209884897311945,0.2209884897311945,0
2018,FRO,0,0,0
2018,FJI,0.26124341091120495,0.26124341091120495,0
2018,FIN,15.001159801880569,15.001159801880567,1.7763568394002505e-15
2018,FRA,396.1087669332359,396.10876693323587,5.684341886080802e-14
2018,PYF,1.1096886356092406,1.1096886356092406,0
2018,GAB,0.7985298256156516,0.7985298256156517,-1.1102230246251565e-16
2018,GMB,0,0,0
2018,GEO,4.151143377267979,4.151143377267979,0
2018,DEU,387.60549564824225,387.60549564824225,0
2018,GHA,3.582216224852726,3.582216224852726,0
2018,GIB,0,0,0
2018,GRC,86.38003423878476,86.38003423878476,0
2018,GRD,0,0,0
2018,GTM,6.104786743619707,6.104786743619708,-8.881784197001252e-16
2018,GGY,0,0,0
2018,GIN,0.4185987016192269,0.4185987016192269,0
2018,GNB,2.0496492461013442,2.0496492461013447,-4.440892098500626e-16
2018,GUY,0,0,0
2018,HTI,0.5531680777336796,0.5531680777336796,0
2018,VAT,1.8257604414397735,1.8257604414397735,0
2018,HND,2.6344786446238047,2.6344786446238047,0
2018,HKG,0,0,0
2018,HUN,6.981431430588116,6.981431430588116,0
2018,ISL,1.9264992401050636,1.9264992401050636,0
2018,IND,17.903587413668575,17.90358741366858,-3.552713678800501e-15
2018,IDN,16.02182531804024,16.021825318040243,-3.552713678800501e-15
2018,IRN,2.287096475951478,2.287096475951478,0
2018,IRQ,5.310797506763717,5.310797506763717,0
2018,IRL,60.66225424456647,60.662254244566476,-7.105427357601002e-15
2018,IMN,0,0,0
2018,ISR,122.99228838106846,122.99228838106846,0
2018,ITA,109.34819011645646,109.34819011645646,0
2018,JAM,1.159788798663986,1.159788798663986,0
2018,JPN,194.9299065695245,194.92990656952446,2.842170943040401e-14
2018,JEY,0,0,0
2018,JOR,46.342750121825844,46.342750121825844,0
2018,KAZ,30.472175134475776,30.472175134475776,0
2018,KEN,14.562731587154133,14.562731587154131,1.7763568394002505e-15
2018,KIR,0.02646378485876908,0.02646378485876908,0
2018,PRK,0.07640593749802942,0.07640593749802943,-1.3877787807814457e-17
2018,KOR,62.10787030049818,62.10787030049819,-1.4210854715202004e-14
2018,KWT,122.38606878639342,122.38606878639344,-1.4210854715202004e-14
2018,KGZ,0.90757415492064,0.90757415492064,0
2018,LAO,0.712660603337668,0.712660603337668,0
2018,LVA,3.3350291216402055,3.3350291216402055,0
2018,LBN,0,0,0
2018,LSO,0.04629205858160329,0.0462920585816033,-6.938893903907228e-18
2018,LBR,0,0,0
2018,LBY,13.892206795182291,13.892206795182293,-1.7763568394002505e-15
2018,LIE,0,0,0
2018,LTU,1.9721909577177568,1.9721909577177568,0
2018,LUX,0,0,0
2018,MAC,0,0,0
2018,MKD,0.19736125693100437,0.19736125693100437,0
2018,MDG,2.01526896330907,2.01526896330907,0
2018,MWI,0.6358771973506004,0.6358771973506004,0
2018,MYS,0,0,0
2018,MDV,0,0,0
2018,MLI,0.7748223654906122,0.7748223654906122,0
2018,MLT,0,0,0
2018,MHL,0,0,0
2018,MRT,0.17693550877103942,0.17693550877103942,0
2018,MUS,0,0,0
2018,MEX,89.08317961026377,89.08317961026376,1.4210854715202004e-14
2018,FSM,0.2634471420934227,0.26344714209342274,-5.551115123125783e-17
2018,MDA,0.373563311655585,0.373563311655585,0
2018,MNG,1.9190858567209024,1.9190858567209026,-2.220446049250313e-16
2018,MNE,0.4507802034122849,0.4507802034122849,0
2018,MAR,11.661090873543168,11.661090873543168,0
2018,MOZ,3.2339350679488192,3.2339350679488192,0
2018,MMR,0.9852302417963135,0.9852302417963135,0
2018,NAM,0.942348622906406,0.942348622906406,0
2018,NRU,0,0,0
2018,NPL,1.4756944612576044,1.4756944612576046,-2.220446049250313e-16
2018,ANT,0,0,0
2018,NLD,72.93101198346028,72.93101198346028,0
2018,NCL,0.3250798536942309,0.3250798536942309,0
2018,NZL,28.607112715075164,28.607112715075164,0
2018,NIC,1.7186849643676443,1.7186849643676445,-2.220446049250313e-16
2018,NER,0.22924313714546318,0.22924313714546318,0
2018,NGA,31.921958330334437,31.921958330334437,0
2018,NOR,19.010704729855853,19.010704729855856,-3.552713678800501e-15
2018,OMN,80.91277835636757,80.91277835636757,0
2018,PAK,6.405472140498434,6.405472140498434,0
2018,PLW,0,0,0
2018,PSE,1.5204924094551893,1.5204924094551893,0
2018,PAN,0,0,0
2018,PNG,0,0,0
2018,PRY,4.158797826083028,4.1587978260830285,-8.881784197001252e-16
2018,PER,14.148061230433239,14.148061230433239,0
2018,PHL,35.53862639865011,35.53862639865011,0
2018,POL,42.49289919952775,42.49289919952775,0
2018,PRT,36.040625421572344,36.040625421572344,0
2018,QAT,143.685219190436,143.685219190436,0
2018,ROU,11.99680442837822,11.99680442837822,0
2018,RUS,290.55597868106844,290.55597868106844,0
2018,RWA,0.14414922444688716,0.14414922444688716,0
2018,SHN,0.013409316489246188,0.013409316489246188,0
2018,KNA,0,0,0
2018,LCA,0,0,0
2018,VCT,0,0,0
2018,WSM,0,0,0
2018,SMR,0,0,0
2018,STP,0.11912024080048385,0.11912024080048385,0
2018,SAU,426.0413420745126,426.0413420745126,0
2018,SEN,0.7547580965931597,0.7547580965931597,0
2018,SRB,3.959371076375106,3.959371076375106,0
2018,SYC,0,0,0
2018,BEH,0,NA,NA
2018,CHH,0,NA,NA
2018,GBH,0,NA,NA
2018,IEH,0,NA,NA
2018,NLH,0,NA,NA
2018,USH,0,NA,NA
2018,SLE,0.3520701807187962,0.3520701807187962,0
2018,SGP,0,0,0
2018,SXM,0,0,0
2018,SVK,4.388903537665323,4.388903537665323,0
2018,SVN,3.9577147446047016,3.9577147446047016,0
2018,SLB,0,0,0
2018,SOM,0.20666404426802193,0.20666404426802193,0
2018,ZAF,51.12063931900185,51.12063931900186,-7.105427357601002e-15
2018,SSD,0.01163381495595535,0.011633814955955349,1.734723475976807e-18
2018,ESP,77.44247893047088,77.44247893047088,0
2018,LKA,1.5912248964538656,1.5912248964538656,0
2018,SDN,0.36101781673924743,0.3610178167392475,-5.551115123125783e-17
2018,SUR,0.6560751857725983,0.6560751857725983,0
2018,SWZ,0.6047302104103245,0.6047302104103246,-1.1102230246251565e-16
2018,SWE,35.628396960939874,35.628396960939874,0
2018,CHE,0,0,0
2018,SYR,1.5259418714137987,1.525941871413799,-2.220446049250313e-16
2018,TWN,437.84592131244244,437.84592131244244,0
2018,TJK,0.46156868903551385,0.46156868903551385,0
2018,TZA,3.1159072422895453,3.1159072422895453,0
2018,THA,118.20513232077326,118.20513232077326,0
2018,TLS,0.04048161465520428,0.04048161465520428,0
2018,TGO,0.48020279668257676,0.48020279668257676,0
2018,TON,0.009862611908984438,0.00986261190898444,-1.734723475976807e-18
2018,TTO,3.6724395964654226,3.6724395964654226,0
2018,TUN,10.094192113643533,10.094192113643533,0
2018,TUR,130.05835905692743,130.05835905692743,0
2018,TKM,0.39161752655112514,0.39161752655112525,-1.1102230246251565e-16
2018,TCA,0,0,0
2018,TUV,8.554819765566759e-4,8.55481976556676e-4,-1.0842021724855044e-19
2018,UMI,0.1448772510171036,0.1448772510171036,0
2018,UGA,1.9504313036429912,1.9504313036429914,-2.220446049250313e-16
2018,UKR,15.237887993110565,15.237887993110567,-1.7763568394002505e-15
2018,ARE,451.7194867581634,451.7194867581634,0
2018,GBR,596.2675283221524,596.2675283221524,0
2018,USA,1742.6318844801217,1742.6318844801217,0
2018,URY,0,0,0
2018,UZB,3.423823989746489,3.423823989746489,0
2018,VUT,0,0,0
2018,VEN,36.63354787309356,36.63354787309356,0
2018,VNM,7.773946899153742,7.773946899153744,-1.7763568394002505e-15
2018,VGB,0,0,0
2018,WLF,0.0037160591925394417,0.0037160591925394417,0
2018,YEM,2.6720285871742013,2.6720285871742013,0
2018,ZMB,3.3612834364044777,3.3612834364044777,0
2018,ZWE,3.85074415205476,3.85074415205476,0
2019,AFG,1.0960664681634884,1.0960664681634882,2.220446049250313e-16
2019,ALB,0.2694742051152786,0.26947420511527864,-5.551115123125783e-17
2019,DZA,4.707757577923311,4.707757577923311,0
2019,AND,0,0,0
2019,AGO,42.42940774139884,42.42940774139884,0
2019,ATG,0,0,0
2019,ARG,46.870612584377696,46.87061258437769,7.105427357601002e-15
2019,ARM,1.4264084196166462,1.426408419616646,2.220446049250313e-16
2019,ABW,0,0,0
2019,AUS,151.29211503659252,151.29211503659252,0
2019,AUT,65.66945883406947,65.66945883406949,-1.4210854715202004e-14
2019,AZE,5.319298248584335,5.319298248584335,0
2019,BHS,0,0,0
2019,BHR,0,0,0
2019,BGD,6.797762759561298,6.797762759561298,0
2019,BRB,0,0,0
2019,BLR,1.6692941347714378,1.6692941347714378,0
2019,BEL,60.8759308123281,60.87593081232811,-7.105427357601002e-15
2019,BLZ,0,0,0
2019,BEN,0.23654244219471782,0.23654244219471782,0
2019,BMU,0,0,0
2019,BTN,0.2509533739211597,0.2509533739211597,0
2019,BOL,4.659870799809888,4.659870799809888,0
2019,BES,0,0,0
2019,BIH,0.4581648622854444,0.45816486228544445,-5.551115123125783e-17
2019,BWA,2.1283626690221347,2.1283626690221347,0
2019,BRA,50.09819170405772,50.09819170405772,0
2019,BRN,0,0,0
2019,BGR,22.86898932142273,22.86898932142273,0
2019,BFA,0.20718595846953713,0.20718595846953713,0
2019,BDI,0.21747546271950302,0.21747546271950302,0
2019,CPV,0.11596692322930283,0.11596692322930283,0
2019,KHM,6.904428310800186,6.904428310800186,0
2019,CMR,0.6621249295112064,0.6621249295112064,0
2019,CAN,176.33104446665237,176.3310444666524,-2.842170943040401e-14
2019,CYM,0,0,0
2019,CAF,0.0870317520750169,0.0870317520750169,0
2019,TCD,0.13285393795890268,0.1328539379589027,-2.7755575615628914e-17
2019,CHL,24.229153575248695,24.22915357524869,3.552713678800501e-15
2019,CHN,1568.1398557180544,1568.1398557180544,0
2019,COL,20.319735756881684,20.31973575688168,3.552713678800501e-15
2019,COM,0.012369421340270637,0.012369421340270637,0
2019,COG,1.8365114903406037,1.836511490340604,-2.220446049250313e-16
2019,COD,3.911994772429075,3.9119947724290753,-4.440892098500626e-16
2019,CRI,0,0,0
2019,HRV,4.996174089876265,4.996174089876265,0
2019,CUB,0.2412856254114933,0.2412856254114933,0
2019,CUW,0,0,0
2019,CYP,0,0,0
2019,CZE,26.47099531144001,26.47099531144001,0
2019,CIV,2.335611194967042,2.335611194967042,0
2019,DNK,64.00045044948344,64.00045044948345,-1.4210854715202004e-14
2019,DJI,0,0,0
2019,DMA,0,0,0
2019,DOM,13.336529155665652,13.336529155665652,0
2019,ECU,8.877302206641875,8.877302206641875,0
2019,EGY,79.03324608050691,79.03324608050691,0
2019,SLV,3.132805192460725,3.132805192460725,0
2019,GNQ,0.5251289869154346,0.5251289869154346,0
2019,ERI,0.36841173466607974,0.36841173466607985,-1.1102230246251565e-16
2019,EST,2.823968299918205,2.8239682999182056,-4.440892098500626e-16
2019,ETH,1.1499179211336155,1.1499179211336152,2.220446049250313e-16
2019,FLK,0.25097102823954903,0.2509710282395491,-5.551115123125783e-17
2019,FRO,0,0,0
2019,FJI,0.3092271717897558,0.3092271717897558,0
2019,FIN,21.430070017210642,21.430070017210642,0
2019,FRA,466.5877256691844,466.58772566918447,-5.684341886080802e-14
2019,PYF,1.2087552072934515,1.2087552072934515,0
2019,GAB,0.9932857417393023,0.9932857417393023,0
2019,GMB,0,0,0
2019,GEO,5.030558297138588,5.030558297138588,0
2019,DEU,423.4458990020951,423.44589900209513,-5.684341886080802e-14
2019,GHA,4.74333638108177,4.743336381081771,-8.881784197001252e-16
2019,GIB,0,0,0
2019,GRC,110.44814169605853,110.44814169605854,-1.4210854715202004e-14
2019,GRD,0,0,0
2019,GTM,7.7077835431809785,7.7077835431809785,0
2019,GGY,0,0,0
2019,GIN,0.786026745086873,0.786026745086873,0
2019,GNB,1.7710709040581085,1.7710709040581085,0
2019,GUY,0,0,0
2019,HTI,0.67171232093851,0.67171232093851,0
2019,VAT,2.216707221557785,2.216707221557785,0
2019,HND,3.442074599365395,3.4420745993653945,4.440892098500626e-16
2019,HKG,0,0,0
2019,HUN,9.701229001001288,9.701229001001288,0
2019,ISL,1.9827946874665745,1.9827946874665745,0
2019,IND,22.572461734708387,22.572461734708384,3.552713678800501e-15
2019,IDN,20.555006467921274,20.555006467921274,0
2019,IRN,3.0729599583429725,3.0729599583429725,0
2019,IRQ,10.248800644958596,10.248800644958596,0
2019,IRL,77.69557210773968,77.69557210773968,0
2019,IMN,0,0,0
2019,ISR,147.15595970959245,147.15595970959245,0
2019,ITA,142.27929353759677,142.2792935375968,-2.842170943040401e-14
2019,JAM,1.5154726471251563,1.515472647125156,2.220446049250313e-16
2019,JPN,259.92165407245767,259.9216540724576,5.684341886080802e-14
2019,JEY,0,0,0
2019,JOR,57.52506596768033,57.52506596768033,0
2019,KAZ,30.7635599481365,30.7635599481365,0
2019,KEN,16.262516710668038,16.262516710668038,0
2019,KIR,0.02740235483784054,0.027402354837840544,-3.469446951953614e-18
2019,PRK,0.0653942642570889,0.0653942642570889,0
2019,KOR,76.34184328548814,76.34184328548814,0
2019,KWT,144.14698837345898,144.14698837345898,0
2019,KGZ,1.3151518327355554,1.3151518327355554,0
2019,LAO,0.7784728614227229,0.7784728614227229,0
2019,LVA,3.6845055491430463,3.6845055491430467,-4.440892098500626e-16
2019,LBN,0,0,0
2019,LSO,0.050790553618240454,0.050790553618240454,0
2019,LBR,0,0,0
2019,LBY,17.43478939524851,17.43478939524851,0
2019,LIE,0,0,0
2019,LTU,4.12455187492595,4.12455187492595,0
2019,LUX,0,0,0
2019,MAC,0,0,0
2019,MKD,0.2580416925034442,0.2580416925034443,-5.551115123125783e-17
2019,MDG,1.8443336101479115,1.8443336101479115,0
2019,MWI,0.716030858861537,0.7160308588615371,-1.1102230246251565e-16
2019,MYS,0,0,0
2019,MDV,0,0,0
2019,MLI,1.047104077639397,1.0471040776393972,-2.220446049250313e-16
2019,MLT,0,0,0
2019,MHL,0,0,0
2019,MRT,0.14927458437579572,0.14927458437579572,0
2019,MUS,0,0,0
2019,MEX,117.33075817015128,117.33075817015128,0
2019,FSM,0.14197234170021214,0.14197234170021214,0
2019,MDA,0.4502431476202456,0.4502431476202456,0
2019,MNG,2.2143256006630643,2.2143256006630643,0
2019,MNE,0.5060435496118618,0.5060435496118618,0
2019,MAR,13.908507234320025,13.908507234320027,-1.7763568394002505e-15
2019,MOZ,3.666499700145069,3.666499700145069,0
2019,MMR,1.40684752682488,1.40684752682488,0
2019,NAM,1.1524634664990736,1.1524634664990736,0
2019,NRU,0,0,0
2019,NPL,1.9220926898915471,1.9220926898915471,0
2019,ANT,0,0,0
2019,NLD,92.99314053020792,92.99314053020794,-1.4210854715202004e-14
2019,NCL,0.29179724170339993,0.2917972417034,-5.551115123125783e-17
2019,NZL,34.65757962516251,34.65757962516251,0
2019,NIC,2.4897284529307573,2.4897284529307573,0
2019,NER,0.3436627605055266,0.3436627605055266,0
2019,NGA,38.03319271402615,38.03319271402615,0
2019,NOR,31.848697582516916,31.84869758251692,-3.552713678800501e-15
2019,OMN,63.7169178297839,63.7169178297839,0
2019,PAK,7.323188824148642,7.323188824148643,-8.881784197001252e-16
2019,PLW,0,0,0
2019,PSE,1.752610966595079,1.752610966595079,0
2019,PAN,0,0,0
2019,PNG,0,0,0
2019,PRY,5.460484616046115,5.460484616046115,0
2019,PER,18.966273374868678,18.966273374868678,0
2019,PHL,45.18318201632443,45.18318201632444,-7.105427357601002e-15
2019,POL,52.71465323451834,52.71465323451834,0
2019,PRT,48.929523982079736,48.929523982079736,0
2019,QAT,178.5338719638293,178.5338719638293,0
2019,ROU,14.292506749257914,14.292506749257914,0
2019,RUS,349.09480213601034,349.09480213601034,0
2019,RWA,0.17681271812754365,0.17681271812754368,-2.7755575615628914e-17
2019,SHN,0.016271338362068077,0.01627133836206808,-3.469446951953614e-18
2019,KNA,0,0,0
2019,LCA,0,0,0
2019,VCT,0,0,0
2019,WSM,0,0,0
2019,SMR,0,0,0
2019,STP,0.11346610354428825,0.11346610354428825,0
2019,SAU,466.02334004069513,466.02334004069513,0
2019,SEN,0.82866180216981,0.82866180216981,0
2019,SRB,6.844456296813603,6.844456296813603,0
2019,SYC,0,0,0
2019,BEH,0,NA,NA
2019,CHH,0,NA,NA
2019,GBH,0,NA,NA
2019,IEH,0,NA,NA
2019,NLH,0,NA,NA
2019,USH,0,NA,NA
2019,SLE,0.3706920974744413,0.3706920974744414,-5.551115123125783e-17
2019,SGP,0,0,0
2019,SXM,0,0,0
2019,SVK,5.118507781931751,5.1185077819317515,-8.881784197001252e-16
2019,SVN,5.416409518445929,5.4164095184459295,-8.881784197001252e-16
2019,SLB,0,0,0
2019,SOM,0.15309141370250295,0.15309141370250298,-2.7755575615628914e-17
2019,ZAF,64.11588556912481,64.11588556912483,-1.4210854715202004e-14
2019,SSD,0.014711638670736979,0.014711638670736979,0
2019,ESP,102.92026556019735,102.92026556019735,0
2019,LKA,1.9277529457969091,1.9277529457969094,-2.220446049250313e-16
2019,SDN,0.41946435482371847,0.4194643548237185,-5.551115123125783e-17
2019,SUR,0.9801518175502836,0.9801518175502835,1.1102230246251565e-16
2019,SWZ,0.7998852046441692,0.7998852046441693,-1.1102230246251565e-16
2019,SWE,51.20559971586946,51.20559971586947,-7.105427357601002e-15
2019,CHE,0,0,0
2019,SYR,1.3027658659185943,1.3027658659185943,0
2019,TWN,573.9432849051202,573.9432849051202,0
2019,TJK,0.5928930981551642,0.5928930981551642,0
2019,TZA,3.7970680669940617,3.797068066994062,-4.440892098500626e-16
2019,THA,149.9918440284778,149.9918440284778,0
2019,TLS,0.05226148971454006,0.05226148971454006,0
2019,TGO,0.4249044839998192,0.4249044839998192,0
2019,TON,0.015056366524664237,0.015056366524664237,0
2019,TTO,4.225334753596359,4.225334753596359,0
2019,TUN,12.08560344615742,12.08560344615742,0
2019,TUR,156.24600193424988,156.24600193424988,0
2019,TKM,0.36441222077388047,0.36441222077388047,0
2019,TCA,0,0,0
2019,TUV,6.490079055512377e-4,6.490079055512378e-4,-1.0842021724855044e-19
2019,UMI,0.12658455612475775,0.12658455612475777,-2.7755575615628914e-17
2019,UGA,2.6092697939057894,2.60926979390579,-4.440892098500626e-16
2019,UKR,16.97424666180398,16.97424666180398,0
2019,ARE,509.83602440737025,509.83602440737025,0
2019,GBR,769.5926453393151,769.5926453393151,0
2019,USA,2052.5301572474364,2052.5301572474364,0
2019,URY,0,0,0
2019,UZB,4.407044170865407,4.407044170865407,0
2019,VUT,0,0,0
2019,VEN,38.84445827039907,38.844458270399066,7.105427357601002e-15
2019,VNM,10.426662680674259,10.42666268067426,-1.7763568394002505e-15
2019,VGB,0,0,0
2019,WLF,0.00554891868988188,0.005548918689881881,-8.673617379884035e-19
2019,YEM,2.815171928156844,2.815171928156844,0
2019,ZMB,4.209883538791945,4.209883538791945,0
2019,ZWE,4.670128834626538,4.670128834626538,0
2020,AFG,1.7520390621781516,1.7520390621781516,0
2020,ALB,0.23611986707470856,0.23611986707470856,0
2020,DZA,4.311121741997474,4.311121741997474,0
2020,AND,0,0,0
2020,AGO,52.483758233553715,52.48375823355372,-7.105427357601002e-15
2020,ATG,0,0,0
2020,ARG,50.409613395411185,50.409613395411185,0
2020,ARM,1.6048336385918307,1.6048336385918307,0
2020,ABW,0,0,0
2020,AUS,189.46539368010286,189.4653936801029,-2.842170943040401e-14
2020,AUT,88.78648523435879,88.78648523435879,0
2020,AZE,5.029009233137182,5.029009233137182,0
2020,BHS,0,0,0
2020,BHR,0,0,0
2020,BGD,7.870958066447823,7.870958066447823,0
2020,BRB,0,0,0
2020,BLR,1.7666604116448434,1.7666604116448437,-2.220446049250313e-16
2020,BEL,79.28306420553614,79.28306420553614,0
2020,BLZ,0,0,0
2020,BEN,0.2706454046712382,0.2706454046712382,0
2020,BMU,0,0,0
2020,BTN,0.18349236350865394,0.18349236350865397,-2.7755575615628914e-17
2020,BOL,5.477291716554949,5.47729171655495,-8.881784197001252e-16
2020,BES,0,0,0
2020,BIH,0.541844017222621,0.541844017222621,0
2020,BWA,2.3662812037954493,2.3662812037954493,0
2020,BRA,67.57323294788364,67.57323294788364,0
2020,BRN,0,0,0
2020,BGR,32.81590583366811,32.81590583366811,0
2020,BFA,0.1841682954724203,0.18416829547242033,-2.7755575615628914e-17
2020,BDI,0.17977558256474202,0.17977558256474205,-2.7755575615628914e-17
2020,CPV,0.12454328415949374,0.12454328415949376,-1.3877787807814457e-17
2020,KHM,7.738335510750512,7.738335510750513,-8.881784197001252e-16
2020,CMR,0.74666599752469065,0.74666599752469065,0
2020,CAN,229.6488746318394,229.64887463183942,-2.842170943040401e-14
2020,CYM,0,0,0
2020,CAF,0.09945777996899356,0.09945777996899358,-1.3877787807814457e-17
2020,TCD,0.15696764253044426,0.15696764253044426,0
2020,CHL,34.637456586423454,34.637456586423454,0
2020,CHN,2001.1874056161778,2001.187405616178,-2.2737367544323206e-13
2020,COL,25.8897431229718,25.8897431229718,0
2020,COM,0.04062438073002828,0.04062438073002828,0
2020,COG,1.9283788393234398,1.92837883932344,-2.220446049250313e-16
2020,COD,4.7162613151724395,4.7162613151724395,0
2020,CRI,0,0,0
2020,HRV,4.980528536190752,4.980528536190752,0
2020,CUB,0.17744166475954723,0.17744166475954726,-2.7755575615628914e-17
2020,CUW,0,0,0
2020,CYP,0,0,0
2020,CZE,31.933468980654744,31.933468980654744,0
2020,CIV,2.3986569835755587,2.3986569835755587,0
2020,DNK,90.80039003722143,90.80039003722145,-1.4210854715202004e-14
2020,DJI,0,0,0
2020,DMA,0,0,0
2020,DOM,16.903229715771865,16.903229715771865,0
2020,ECU,10.675168107577246,10.67516810757725,-3.552713678800501e-15
2020,EGY,85.98842936132459,85.98842936132459,0
2020,SLV,4.048159979791732,4.048159979791733,-8.881784197001252e-16
2020,GNQ,0.6097827984834288,0.6097827984834288,0
2020,ERI,0.4685438303070462,0.4685438303070462,0
2020,EST,4.8827406653829035,4.8827406653829035,0
2020,ETH,1.574479954204735,1.574479954204735,0
2020,FLK,0.30444085596645415,0.30444085596645415,0
2020,FRO,0,0,0
2020,FJI,0.38133384980851787,0.3813338498085179,-5.551115123125783e-17
2020,FIN,28.901368070584436,28.901368070584436,0
2020,FRA,543.6433008784246,543.6433008784246,0
2020,PYF,1.185235190429607,1.185235190429607,0
2020,GAB,1.2959913502808866,1.2959913502808866,0
2020,GMB,0,0,0
2020,GEO,6.022414700435244,6.022414700435244,0
2020,DEU,452.0702205664979,452.0702205664979,0
2020,GHA,6.113024547975043,6.113024547975043,0
2020,GIB,0,0,0
2020,GRC,131.56536469704324,131.56536469704324,0
2020,GRD,0,0,0
2020,GTM,8.906880904283627,8.906880904283629,-1.7763568394002505e-15
2020,GGY,0,0,0
2020,GIN,1.0567497915297144,1.0567497915297144,0
2020,GNB,1.30936669287621,1.30936669287621,0
2020,GUY,0,0,0
2020,HTI,0.6497506387143216,0.6497506387143217,-1.1102230246251565e-16
2020,VAT,2.5311637121516406,2.5311637121516406,0
2020,HND,4.185104421294076,4.185104421294077,-8.881784197001252e-16
2020,HKG,0,0,0
2020,HUN,12.901598454130022,12.901598454130022,0
2020,ISL,1.8719527519754713,1.8719527519754715,-2.220446049250313e-16
2020,IND,26.65018632268427,26.65018632268427,0
2020,IDN,27.121493713597715,27.12149371359772,-3.552713678800501e-15
2020,IRN,3.3621180352222373,3.362118035222238,-8.881784197001252e-16
2020,IRQ,15.421744911405224,15.421744911405224,0
2020,IRL,98.81947032817644,98.81947032817645,-1.4210854715202004e-14
2020,IMN,0,0,0
2020,ISR,159.06490256157022,159.06490256157022,0
2020,ITA,182.52644856675647,182.52644856675647,0
2020,JAM,1.876516297941486,1.8765162979414862,-2.220446049250313e-16
2020,JPN,329.6329372992849,329.63293729928495,-5.684341886080802e-14
2020,JEY,0,0,0
2020,JOR,65.95049508165795,65.95049508165795,0
2020,KAZ,32.29416252397379,32.29416252397379,0
2020,KEN,18.053155017714428,18.053155017714428,0
2020,KIR,0.02822906337253663,0.02822906337253663,0
2020,PRK,0.05349960791373031,0.053499607913730325,-1.3877787807814457e-17
2020,KOR,100.28287145110403,100.28287145110404,-1.4210854715202004e-14
2020,KWT,162.36733176792526,162.36733176792526,0
2020,KGZ,1.6220974056625774,1.6220974056625774,0
2020,LAO,0.695335357990209,0.6953353579902091,-1.1102230246251565e-16
2020,LVA,4.500532140724887,4.5005321407248875,-8.881784197001252e-16
2020,LBN,0,0,0
2020,LSO,0.053815034851199435,0.053815034851199435,0
2020,LBR,0,0,0
2020,LBY,20.261752167015786,20.261752167015786,0
2020,LIE,0,0,0
2020,LTU,8.159416921635628,8.159416921635628,0
2020,LUX,0,0,0
2020,MAC,0,0,0
2020,MKD,0.3419932201665981,0.34199322016659817,-5.551115123125783e-17
2020,MDG,1.6256304134003778,1.625630413400378,-2.220446049250313e-16
2020,MWI,0.7868313673400988,0.7868313673400988,0
2020,MYS,0,0,0
2020,MDV,0,0,0
2020,MLI,1.6170208403215667,1.6170208403215667,0
2020,MLT,0,0,0
2020,MHL,0,0,0
2020,MRT,0.16529627862004043,0.16529627862004043,0
2020,MUS,0,0,0
2020,MEX,153.94513660506834,153.94513660506837,-2.842170943040401e-14
2020,FSM,0.024841991232014443,0.02484199123201445,-6.938893903907228e-18
2020,MDA,0.4882732794777037,0.4882732794777037,0
2020,MNG,2.3163609411546733,2.3163609411546733,0
2020,MNE,0.5588849799112818,0.5588849799112818,0
2020,MAR,15.286972383217696,15.286972383217698,-1.7763568394002505e-15
2020,MOZ,3.953675667184668,3.953675667184668,0
2020,MMR,2.0453694673269482,2.0453694673269487,-4.440892098500626e-16
2020,NAM,1.2427326751579668,1.2427326751579668,0
2020,NRU,0,0,0
2020,NPL,2.460183309599143,2.4601833095991434,-4.440892098500626e-16
2020,ANT,0,0,0
2020,NLD,119.11913448549973,119.11913448549974,-1.4210854715202004e-14
2020,NCL,0.24781512371154155,0.24781512371154157,-2.7755575615628914e-17
2020,NZL,42.53456154156386,42.53456154156386,0
2020,NIC,3.2530393677438374,3.253039367743838,-4.440892098500626e-16
2020,NER,0.2859008275280712,0.2859008275280713,-5.551115123125783e-17
2020,NGA,40.09971827129175,40.099718271291756,-7.105427357601002e-15
2020,NOR,50.68788411244552,50.68788411244553,-7.105427357601002e-15
2020,OMN,60.29270912448569,60.29270912448569,0
2020,PAK,7.936514889043109,7.93651488904311,-8.881784197001252e-16
2020,PLW,0,0,0
2020,PSE,1.7979858256283974,1.7979858256283974,0
2020,PAN,0,0,0
2020,PNG,0,0,0
2020,PRY,7.905916107060468,7.905916107060468,0
2020,PER,23.54034004363269,23.540340043632693,-3.552713678800501e-15
2020,PHL,54.2000582676708,54.20005826767081,-1.4210854715202004e-14
2020,POL,61.28020862048416,61.28020862048416,0
2020,PRT,58.9863165144007,58.9863165144007,0
2020,QAT,212.40480252193979,212.40480252193979,0
2020,ROU,12.880699201474508,12.880699201474508,0
2020,RUS,375.19719169266097,375.197191692661,-5.684341886080802e-14
2020,RWA,0.1941925196884313,0.19419251968843135,-5.551115123125783e-17
2020,SHN,0.02220359301194872,0.02220359301194872,0
2020,KNA,0,0,0
2020,LCA,0,0,0
2020,VCT,0,0,0
2020,WSM,0,0,0
2020,SMR,0,0,0
2020,STP,0.09459114020544762,0.09459114020544762,0
2020,SAU,475.0028289093629,475.00282890936296,-5.684341886080802e-14
2020,SEN,0.9764407445269128,0.976440744526913,-2.220446049250313e-16
2020,SRB,12.78791753963809,12.78791753963809,0
2020,SYC,0,0,0
2020,BEH,0,NA,NA
2020,CHH,0,NA,NA
2020,GBH,0,NA,NA
2020,IEH,0,NA,NA
2020,NLH,0,NA,NA
2020,USH,0,NA,NA
2020,SLE,0.39529638164414316,0.39529638164414316,0
2020,SGP,0,0,0
2020,SXM,0,0,0
2020,SVK,5.970348846848597,5.970348846848597,0
2020,SVN,6.7762083637814685,6.776208363781469,-8.881784197001252e-16
2020,SLB,0,0,0
2020,SOM,0.12729795161156116,0.12729795161156116,0
2020,ZAF,76.03413791898242,76.03413791898242,0
2020,SSD,0.018872825843999942,0.018872825843999946,-3.469446951953614e-18
2020,ESP,134.33819331284522,134.33819331284525,-2.842170943040401e-14
2020,LKA,2.1397765095595207,2.1397765095595207,0
2020,SDN,0.5066242914036183,0.5066242914036183,0
2020,SUR,1.288354853093257,1.288354853093257,0
2020,SWZ,0.9422408071728348,0.9422408071728349,-1.1102230246251565e-16
2020,SWE,63.471875870243124,63.471875870243124,0
2020,CHE,0,0,0
2020,SYR,1.0862299590148057,1.0862299590148057,0
2020,TWN,705.2966808158609,705.296680815861,-1.1368683772161603e-13
2020,TJK,0.7935889910397728,0.7935889910397729,-1.1102230246251565e-16
2020,TZA,4.857695908561861,4.857695908561861,0
2020,THA,153.9922822029717,153.9922822029717,0
2020,TLS,0.06101045129348902,0.061010451293489025,-6.938893903907228e-18
2020,TGO,0.3707712131254208,0.37077121312542083,-5.551115123125783e-17
2020,TON,0.017227578053186757,0.01722757805318676,-3.469446951953614e-18
2020,TTO,5.091741223421481,5.091741223421481,0
2020,TUN,9.759282442880435,9.759282442880435,0
2020,TUR,177.95858751072004,177.95858751072006,-2.842170943040401e-14
2020,TKM,0.37351733517387736,0.3735173351738774,-5.551115123125783e-17
2020,TCA,0,0,0
2020,TUV,4.2549503920220666e-4,4.2549503920220666e-4,0
2020,UMI,0.09733304837253366,0.09733304837253366,0
2020,UGA,3.0894487394845322,3.0894487394845322,0
2020,UKR,15.799989060929994,15.799989060929994,0
2020,ARE,568.357095262515,568.357095262515,0
2020,GBR,975.8486942976913,975.8486942976915,-2.2737367544323206e-13
2020,USA,2442.579271542394,2442.5792715423945,-4.547473508864641e-13
2020,URY,0,0,0
2020,UZB,5.3694850666500304,5.369485066650031,-8.881784197001252e-16
2020,VUT,0,0,0
2020,VEN,39.5067060115918,39.50670601159181,-7.105427357601002e-15
2020,VNM,13.581113904906005,13.581113904906006,-1.7763568394002505e-15
2020,VGB,0,0,0
2020,WLF,0.007311921133438376,0.007311921133438377,-1.734723475976807e-18
2020,YEM,2.743606324856824,2.7436063248568243,-4.440892098500626e-16
2020,ZMB,5.304239071468242,5.304239071468243,-8.881784197001252e-16
2020,ZWE,5.540352484497575,5.540352484497575,0
2021,AFG,1.4298479671250326,1.4298479671250328,-2.220446049250313e-16
2021,ALB,0.20194849492463304,0.20194849492463304,0
2021,DZA,3.656754359844447,3.6567543598444474,-4.440892098500626e-16
2021,AND,0,0,0
2021,AGO,59.85044863422268,59.850448634222694,-1.4210854715202004e-14
2021,ATG,0,0,0
2021,ARG,51.176477535799535,51.176477535799535,0
2021,ARM,1.7124175464190228,1.7124175464190228,0
2021,ABW,0,0,0
2021,AUS,213.96965101749907,213.96965101749907,0
2021,AUT,99.18333813181198,99.183338131812,-1.4210854715202004e-14
2021,AZE,5.022929580430111,5.022929580430111,0
2021,BHS,0,0,0
2021,BHR,0,0,0
2021,BGD,8.063780029788855,8.063780029788859,-3.552713678800501e-15
2021,BRB,0,0,0
2021,BLR,1.7369486815440676,1.736948681544068,-4.440892098500626e-16
2021,BEL,86.78906634452906,86.78906634452906,0
2021,BLZ,0,0,0
2021,BEN,0.27054618503989664,0.2705461850398967,-5.551115123125783e-17
2021,BMU,0,0,0
2021,BTN,0.116478901002312,0.11647890100231202,-2.7755575615628914e-17
2021,BOL,5.815585924524233,5.815585924524233,0
2021,BES,0,0,0
2021,BIH,0.6272155649225722,0.6272155649225722,0
2021,BWA,2.3898730536775274,2.3898730536775274,0
2021,BRA,78.23761405223033,78.23761405223034,-1.4210854715202004e-14
2021,BRN,0,0,0
2021,BGR,45.225459388504504,45.225459388504504,0
2021,BFA,0.19036725609721586,0.1903672560972159,-2.7755575615628914e-17
2021,BDI,0.18108606847875905,0.18108606847875908,-2.7755575615628914e-17
2021,CPV,0.12125219242826676,0.12125219242826679,-2.7755575615628914e-17
2021,KHM,5.7024490827439855,5.702449082743987,-1.7763568394002505e-15
2021,CMR,0.9633523406151934,0.9633523406151935,-1.1102230246251565e-16
2021,CAN,273.22179461660767,273.22179461660767,0
2021,CYM,0,0,0
2021,CAF,0.09968169518782266,0.09968169518782269,-2.7755575615628914e-17
2021,TCD,0.191431652010775,0.191431652010775,0
2021,CHL,42.3093708306742,42.3093708306742,0
2021,CHN,2282.7778419188858,2282.7778419188867,-9.094947017729282e-13
2021,COL,29.536379547073565,29.53637954707357,-3.552713678800501e-15
2021,COM,0.08309304111662241,0.08309304111662243,-1.3877787807814457e-17
2021,COG,1.8867487440358608,1.886748744035861,-2.220446049250313e-16
2021,COD,4.655133465555068,4.655133465555068,0
2021,CRI,0,0,0
2021,HRV,5.257279771098724,5.257279771098725,-8.881784197001252e-16
2021,CUB,0.12994583987104497,0.129945839871045,-2.7755575615628914e-17
2021,CUW,0,0,0
2021,CYP,0,0,0
2021,CZE,41.1036790953936,41.1036790953936,0
2021,CIV,2.254490419728138,2.254490419728138,0
2021,DNK,103.04143696320052,103.04143696320052,0
2021,DJI,0,0,0
2021,DMA,0,0,0
2021,DOM,15.639114279727304,15.639114279727304,0
2021,ECU,11.470863051121835,11.470863051121835,0
2021,EGY,97.11829578517907,97.11829578517907,0
2021,SLV,4.7057771409500475,4.705777140950048,-8.881784197001252e-16
2021,GNQ,0.7070710491191678,0.7070710491191678,0
2021,ERI,0.5107176266603184,0.5107176266603184,0
2021,EST,6.4027103061272745,6.4027103061272745,0
2021,ETH,1.8871110168712764,1.8871110168712764,0
2021,FLK,0.3398580927410892,0.3398580927410892,0
2021,FRO,0,0,0
2021,FJI,0.3951933751052731,0.3951933751052731,0
2021,FIN,30.754825196070513,30.754825196070513,0
2021,FRA,580.9203107289047,580.9203107289048,-1.1368683772161603e-13
2021,PYF,1.1880029494219826,1.1880029494219826,0
2021,GAB,1.4525132467724224,1.4525132467724224,0
2021,GMB,0,0,0
2021,GEO,7.871641362502517,7.871641362502517,0
2021,DEU,439.58119944249273,439.58119944249273,0
2021,GHA,6.796791681695815,6.796791681695815,0
2021,GIB,0,0,0
2021,GRC,145.44049572856963,145.44049572856963,0
2021,GRD,0,0,0
2021,GTM,8.7843499989044,8.784349998904402,-1.7763568394002505e-15
2021,GGY,0,0,0
2021,GIN,1.2319698525826277,1.231969852582628,-2.220446049250313e-16
2021,GNB,0.6579311651286456,0.6579311651286456,0
2021,GUY,0,0,0
2021,HTI,0.6375554163593352,0.6375554163593352,0
2021,VAT,2.040525113290271,2.0405251132902715,-4.440892098500626e-16
2021,HND,4.503403142367427,4.503403142367429,-1.7763568394002505e-15
2021,HKG,0,0,0
2021,HUN,15.090941629433853,15.090941629433855,-1.7763568394002505e-15
2021,ISL,1.7775256927145189,1.7775256927145189,0
2021,IND,29.550578077830085,29.550578077830092,-7.105427357601002e-15
2021,IDN,32.19299285753582,32.19299285753583,-7.105427357601002e-15
2021,IRN,3.1976263020420457,3.1976263020420466,-8.881784197001252e-16
2021,IRQ,18.270796922774952,18.270796922774952,0
2021,IRL,111.88195092554307,111.88195092554307,0
2021,IMN,0,0,0
2021,ISR,173.80184394186188,173.80184394186188,0
2021,ITA,203.38051926103023,203.38051926103023,0
2021,JAM,2.0410041380342743,2.0410041380342747,-4.440892098500626e-16
2021,JPN,355.5846206639799,355.58462066397993,-5.684341886080802e-14
2021,JEY,0,0,0
2021,JOR,68.96843280584405,68.96843280584405,0
2021,KAZ,32.82711925381557,32.827119253815574,-7.105427357601002e-15
2021,KEN,20.09705357308575,20.09705357308575,0
2021,KIR,0.025744438196177055,0.02574443819617706,-3.469446951953614e-18
2021,PRK,0.04341873517589446,0.04341873517589447,-1.3877787807814457e-17
2021,KOR,116.97991743476025,116.97991743476028,-2.842170943040401e-14
2021,KWT,176.45041503267623,176.45041503267623,0
2021,KGZ,1.6519284384840245,1.651928438484025,-4.440892098500626e-16
2021,LAO,0.5977224648078243,0.5977224648078245,-2.220446049250313e-16
2021,LVA,5.597438056677125,5.597438056677126,-8.881784197001252e-16
2021,LBN,0,0,0
2021,LSO,0.049380621330958864,0.04938062133095888,-1.3877787807814457e-17
2021,LBR,0,0,0
2021,LBY,20.925383073707277,20.92538307370728,-3.552713678800501e-15
2021,LIE,0,0,0
2021,LTU,12.098170889423288,12.098170889423288,0
2021,LUX,0,0,0
2021,MAC,0,0,0
2021,MKD,0.3886711667463892,0.38867116674638924,-5.551115123125783e-17
2021,MDG,1.5170430656639224,1.5170430656639229,-4.440892098500626e-16
2021,MWI,0.8088491518436531,0.8088491518436532,-1.1102230246251565e-16
2021,MYS,0,0,0
2021,MDV,0,0,0
2021,MLI,2.111583796555999,2.111583796555999,0
2021,MLT,0,0,0
2021,MHL,0,0,0
2021,MRT,0.18639329333486163,0.18639329333486168,-5.551115123125783e-17
2021,MUS,0,0,0
2021,MEX,183.94739095835206,183.94739095835206,0
2021,FSM,0.02659529807403295,0.026595298074032957,-6.938893903907228e-18
2021,MDA,0.5115595594431125,0.5115595594431125,0
2021,MNG,2.3051547080306096,2.30515470803061,-4.440892098500626e-16
2021,MNE,0.6371293626788149,0.637129362678815,-1.1102230246251565e-16
2021,MAR,14.68740533244507,14.68740533244507,0
2021,MOZ,3.7333158625063647,3.733315862506365,-4.440892098500626e-16
2021,MMR,2.425501190742201,2.4255011907422013,-4.440892098500626e-16
2021,NAM,1.1733027304547219,1.1733027304547219,0
2021,NRU,0,0,0
2021,NPL,2.2782386342820136,2.278238634282014,-4.440892098500626e-16
2021,ANT,0,0,0
2021,NLD,132.28244280884118,132.28244280884118,0
2021,NCL,0.21541003180171742,0.21541003180171742,0
2021,NZL,49.60763022114773,49.60763022114773,0
2021,NIC,3.6005751877149903,3.600575187714991,-8.881784197001252e-16
2021,NER,0.24083724353406522,0.24083724353406527,-5.551115123125783e-17
2021,NGA,39.64476199760036,39.64476199760036,0
2021,NOR,57.64434422784877,57.64434422784878,-7.105427357601002e-15
2021,OMN,63.851691803373996,63.851691803373996,0
2021,PAK,8.26142410011158,8.26142410011158,0
2021,PLW,0,0,0
2021,PSE,1.8147612604573111,1.8147612604573111,0
2021,PAN,0,0,0
2021,PNG,0,0,0
2021,PRY,10.27552091750382,10.27552091750382,0
2021,PER,28.035402537256942,28.035402537256946,-3.552713678800501e-15
2021,PHL,58.22375602692893,58.223756026928946,-1.4210854715202004e-14
2021,POL,77.94366072797992,77.94366072797992,0
2021,PRT,61.49987630189956,61.49987630189956,0
2021,QAT,244.78482604845246,244.78482604845246,0
2021,ROU,12.39435192024017,12.394351920240172,-1.7763568394002505e-15
2021,RUS,364.96551223363423,364.9655122336343,-5.684341886080802e-14
2021,RWA,0.180480644939481,0.18048064493948102,-2.7755575615628914e-17
2021,SHN,0.025323752364965632,0.025323752364965632,0
2021,KNA,0,0,0
2021,LCA,0,0,0
2021,VCT,0,0,0
2021,WSM,0,0,0
2021,SMR,0,0,0
2021,STP,0.0977745012944518,0.0977745012944518,0
2021,SAU,496.89285755621046,496.89285755621046,0
2021,SEN,1.073775888358388,1.073775888358388,0
2021,SRB,10.19199151242564,10.19199151242564,0
2021,SYC,0,0,0
2021,BEH,0,NA,NA
2021,CHH,0,NA,NA
2021,GBH,0,NA,NA
2021,IEH,0,NA,NA
2021,NLH,0,NA,NA
2021,USH,0,NA,NA
2021,SLE,0.5549547799886642,0.5549547799886643,-1.1102230246251565e-16
2021,SGP,0,0,0
2021,SXM,0,0,0
2021,SVK,6.051594655442534,6.051594655442534,0
2021,SVN,6.211307991842586,6.211307991842587,-8.881784197001252e-16
2021,SLB,0,0,0
2021,SOM,0.06447837023103606,0.06447837023103607,-1.3877787807814457e-17
2021,ZAF,80.63902706410208,80.63902706410208,0
2021,SSD,0.02200311558184486,0.022003115581844868,-6.938893903907228e-18
2021,ESP,149.9300288117375,149.93002881173751,-2.842170943040401e-14
2021,LKA,2.2125937275107947,2.212593727510795,-4.440892098500626e-16
2021,SDN,0.5394748301285635,0.5394748301285636,-1.1102230246251565e-16
2021,SUR,1.3840541002095503,1.3840541002095503,0
2021,SWZ,1.0301671654717068,1.0301671654717068,0
2021,SWE,68.05459183675286,68.05459183675288,-1.4210854715202004e-14
2021,CHE,0,0,0
2021,SYR,0.8837129412335915,0.8837129412335917,-2.220446049250313e-16
2021,TWN,770.7417208835448,770.741720883545,-2.2737367544323206e-13
2021,TJK,1.0554689096606658,1.0554689096606662,-4.440892098500626e-16
2021,TZA,5.000434591277947,5.000434591277948,-8.881784197001252e-16
2021,THA,144.00334481002395,144.00334481002398,-2.842170943040401e-14
2021,TLS,0.07108869828533812,0.07108869828533813,-1.3877787807814457e-17
2021,TGO,0.29344073853921543,0.29344073853921543,0
2021,TON,0.0153893971966165,0.015389397196616503,-3.469446951953614e-18
2021,TTO,5.813930552587161,5.813930552587161,0
2021,TUN,9.141121923292808,9.141121923292808,0
2021,TUR,183.2312105333978,183.2312105333978,0
2021,TKM,0.3056482867073955,0.30564828670739563,-1.1102230246251565e-16
2021,TCA,0,0,0
2021,TUV,2.876252423593714e-4,2.8762524235937146e-4,-5.421010862427522e-20
2021,UMI,0.0665200334477018,0.0665200334477018,0
2021,UGA,3.5535362916136513,3.5535362916136517,-4.440892098500626e-16
2021,UKR,15.519238317362698,15.519238317362698,0
2021,ARE,622.0523560060602,622.0523560060603,-1.1368683772161603e-13
2021,GBR,1114.5361300696195,1114.5361300696197,-2.2737367544323206e-13
2021,USA,2593.1541632441977,2593.1541632441977,0
2021,URY,0,0,0
2021,UZB,4.983963958306163,4.983963958306163,0
2021,VUT,0,0,0
2021,VEN,38.584578383644185,38.584578383644185,0
2021,VNM,15.952226985862662,15.952226985862668,-5.3290705182007514e-15
2021,VGB,0,0,0
2021,WLF,0.00741418224550386,0.007414182245503862,-1.734723475976807e-18
2021,YEM,2.4706137332398446,2.4706137332398455,-8.881784197001252e-16
2021,ZMB,5.8741269534036356,5.874126953403636,-8.881784197001252e-16
2021,ZWE,5.809100040117146,5.809100040117146,0
