"year","lfidu","ccode","cn","ifscode","lfidudol","lfidu2","lfidu2dol","euro16","rich","developing","ofc","north_am","latin_am","caribbean","middle_east","asia","africa","europe","continent","group","continent_label","group_label"
1987,4447657,"USA","United States of America",111,3480169.79655712,6044944.05841,4730003.17559468,0,1,0,0,1,0,0,0,0,0,0,7,1,"North America","Rich"
1988,5000120,"USA","United States of America",111,3324547.87234043,6821013.7004,4535248.47101064,0,1,0,0,1,0,0,0,0,0,0,7,1,"North America","Rich"
1989,6525371,"USA","United States of America",111,4219444.55221468,8706345.74933,5629709.50490139,0,1,0,0,1,0,0,0,0,0,0,7,1,"North America","Rich"
1990,6599324,"USA","United States of America",111,5094036.27942879,9246048.88344,7137050.4696565,0,1,0,0,1,0,0,0,0,0,0,7,1,"North America","Rich"
1991,6514678,"USA","United States of America",111,4806106.9715972,9307715.89894,6866629.21353006,0,1,0,0,1,0,0,0,0,0,0,7,1,"North America","Rich"
1992,8111991,"USA","United States of America",111,5571422.39010989,11708685.56958,8041679.64943681,0,1,0,0,1,0,0,0,0,0,0,7,1,"North America","Rich"
1993,5788381,"USA","United States of America",111,3912389.99662048,8659302.20838,5852857.1871443,0,1,0,0,1,0,0,0,0,0,0,7,1,"North America","Rich"
1994,4200135,"USA","United States of America",111,3202542.88982082,6435110.8362,4906680.01235227,0,1,0,0,1,0,0,0,0,0,0,7,1,"North America","Rich"
1995,3804715,"USA","United States of America",111,3307009.99565406,6052578.66915,5260824.57118644,0,1,0,0,1,0,0,0,0,0,0,7,1,"North America","Rich"
1996,5090060,"USA","United States of America",111,3780496.13784908,8037866.4478,5969894.86616162,0,1,0,0,1,0,0,0,0,0,0,7,1,"North America","Rich"
1997,5229823,"USA","United States of America",111,3593639.11221054,8118358.83936,5578477.86666667,0,1,0,0,1,0,0,0,0,0,0,7,1,"North America","Rich"
1998,5190745,"USA","United States of America",111,3770973.48347258,8203090.04585,5959382.52513621,0,1,0,0,1,0,0,0,0,0,0,7,1,"North America","Rich"
1999,6956423,"USA","United States of America",111,4348851.58789697,9402927.40487,5878299.20284446,0,1,0,0,1,0,0,0,0,0,0,7,1,"North America","Rich"
2000,7616874,"USA","United States of America",111,4654368.46929422,10387816.59246,6347581.17473877,0,1,0,0,1,0,0,0,0,0,0,7,1,"North America","Rich"
2001,7508471,"USA","United States of America",111,4476522.38716986,10461177.22075,6236914.8159244,0,1,0,0,1,0,0,0,0,0,0,7,1,"North America","Rich"
2002,6063835,"USA","United States of America",111,4372537.49639458,8607371.2291,6206642.07463225,0,1,0,0,1,0,0,0,0,0,0,7,1,"North America","Rich"
2003,5403479,"USA","United States of America",111,4368565.76926186,7474308.29196,6042774.91467378,0,1,0,0,1,0,0,0,0,0,0,7,1,"North America","Rich"
2004,4816092,"USA","United States of America",111,4256002.12089077,6826473.28356,6032585.08621421,0,1,0,0,1,0,0,0,0,0,0,7,1,"North America","Rich"
2005,6021989,"USA","United States of America",111,4581898.34893099,8725862.061,6639170.707601,0,1,0,0,1,0,0,0,0,0,0,7,1,"North America","Rich"
2006,8382073,"USA","United States of America",111,6868862.57477669,12602782.03842,10327609.6356798,0,1,0,0,1,0,0,0,0,0,0,7,1,"North America","Rich"
2007,7498009,"USA","United States of America",111,6661936.02843181,11779372.139,10465901.5006664,0,1,0,0,1,0,0,0,0,0,0,7,1,"North America","Rich"
2008,5948076,"USA","United States of America",111,5591873.64858513,9757818.678,9173468.7205039,0,1,0,0,1,0,0,0,0,0,0,7,1,"North America","Rich"
2009,3097081,"USA","United States of America",111,3005415.81756429,5184699.41886,5031246.40355167,0,1,0,0,1,0,0,0,0,0,0,7,1,"North America","Rich"
2010,2990565,"USA","United States of America",111,3182806.51340996,4911315.18255,5227027.65277778,0,1,0,0,1,0,0,0,0,0,0,7,1,"North America","Rich"
2011,2593757,"USA","United States of America",111,2756676.58624721,4425312.56798,4703276.19085982,0,1,0,0,1,0,0,0,0,0,0,7,1,"North America","Rich"
2012,1411906,"USA","United States of America",111,1540373.11804495,2443359.80924,2665677.29570151,0,1,0,0,1,0,0,0,0,0,0,7,1,"North America","Rich"
2013,1226013,"USA","United States of America",111,1375224.90185081,1940803.09926,2177008.52412787,0,1,0,0,1,0,0,0,0,0,0,7,1,"North America","Rich"
2014,621573,"USA","United States of America",111,628422.808613891,947413.99806,957854.613345466,0,1,0,0,1,0,0,0,0,0,0,7,1,"North America","Rich"
2015,774740.66549,"USA","United States of America",111,780909.853331317,1040918.3159324,1049207.05164036,0,1,0,0,1,0,0,0,0,0,0,7,1,"North America","Rich"
2016,1310665.775924,"USA","United States of America",111,1290025.37000394,1750014.05067148,1722454.77428296,0,1,0,0,1,0,0,0,0,0,0,7,1,"North America","Rich"
2017,1371406.079274,"USA","United States of America",111,1406137.67996924,1856198.12829736,1903207.34983837,0,1,0,0,1,0,0,0,0,0,0,7,1,"North America","Rich"
2018,1802717.56438,"USA","United States of America",111,1830170.11612183,2471255.37313032,2508888.70368561,0,1,0,0,1,0,0,0,0,0,0,7,1,"North America","Rich"
2019,1474898.370815,"USA","United States of America",111,1523261.93732507,1992307.46828061,2057637.45755808,0,1,0,0,1,0,0,0,0,0,0,7,1,"North America","Rich"
2020,1045688.65933,"USA","United States of America",111,1186664.38870858,1392188.05348559,1579877.50055105,0,1,0,0,1,0,0,0,0,0,0,7,1,"North America","Rich"
2021,1379393.25194,"USA","United States of America",111,1511332.58676454,1956931.41259476,2144112.42751699,0,1,0,0,1,0,0,0,0,0,0,7,1,"North America","Rich"
2022,1869823.2982,"USA","United States of America",111,2032416.62847826,2469438.23346678,2684171.99289867,0,1,0,0,1,0,0,0,0,0,0,7,1,"North America","Rich"
1987,10652122,"GBR","United Kingdom of Great Britain and Northern Ireland",112,8334993.74021909,14477618.57386,11328340.042144,0,1,0,0,0,0,0,0,0,0,1,2,1,"Europe","Rich"
1988,13341440,"GBR","United Kingdom of Great Britain and Northern Ireland",112,8870638.29787234,18199992.2048,12101058.6468085,0,1,0,0,0,0,0,0,0,0,1,2,1,"Europe","Rich"
1989,13910129,"GBR","United Kingdom of Great Britain and Northern Ireland",112,8994587.13223408,18559311.41567,12000847.9894407,0,1,0,0,0,0,0,0,0,0,1,2,1,"Europe","Rich"
1990,14393105,"GBR","United Kingdom of Great Britain and Northern Ireland",112,11110077.190274,20165603.6913,15565884.7482053,0,1,0,0,0,0,0,0,0,0,1,2,1,"Europe","Rich"
1991,13629811,"GBR","United Kingdom of Great Britain and Northern Ireland",112,10055190.7045371,19473319.87003,14366152.6152933,0,1,0,0,0,0,0,0,0,0,1,2,1,"Europe","Rich"
1992,12991701,"GBR","United Kingdom of Great Britain and Northern Ireland",112,8922871.56593407,18751961.38938,12879094.3608379,0,1,0,0,0,0,0,0,0,0,1,2,1,"Europe","Rich"
1993,11803283,"GBR","United Kingdom of Great Britain and Northern Ireland",112,7977886.44812437,17657475.30234,11934758.5686651,0,1,0,0,0,0,0,0,0,0,1,2,1,"Europe","Rich"
1994,9637062,"GBR","United Kingdom of Great Britain and Northern Ireland",112,7348121.99771254,14765135.43144,11258204.6751353,0,1,0,0,0,0,0,0,0,0,1,2,1,"Europe","Rich"
1995,8485865,"GBR","United Kingdom of Great Britain and Northern Ireland",112,7375806.1712299,13499398.90065,11733506.2152542,0,1,0,0,0,0,0,0,0,0,1,2,1,"Europe","Rich"
1996,10314418,"GBR","United Kingdom of Great Britain and Northern Ireland",112,7660738.26500297,16287806.89634,12097301.6164141,0,1,0,0,0,0,0,0,0,0,1,2,1,"Europe","Rich"
1997,11374106,"GBR","United Kingdom of Great Britain and Northern Ireland",112,7815643.50992922,17656252.22592,12132379.7333333,0,1,0,0,0,0,0,0,0,0,1,2,1,"Europe","Rich"
1998,11849061,"GBR","United Kingdom of Great Britain and Northern Ireland",112,8608108.24555031,18725426.57013,13603651.7036905,0,1,0,0,0,0,0,0,0,0,1,2,1,"Europe","Rich"
1999,15065098,"GBR","United Kingdom of Great Britain and Northern Ireland",112,9418040.76019005,20363342.31562,12730271.5151413,0,1,0,0,0,0,0,0,0,0,1,2,1,"Europe","Rich"
2000,17065051,"GBR","United Kingdom of Great Britain and Northern Ireland",112,10427773.2966697,23273145.90329,14221292.9442652,0,1,0,0,0,0,0,0,0,0,1,2,1,"Europe","Rich"
2001,18663010,"GBR","United Kingdom of Great Britain and Northern Ireland",112,11126816.9081262,26002238.6825,15502437.6572468,0,1,0,0,0,0,0,0,0,0,1,2,1,"Europe","Rich"
2002,15398385,"GBR","United Kingdom of Great Britain and Northern Ireland",112,11103536.919527,21857391.5721,15761026.5157917,0,1,0,0,0,0,0,0,0,0,1,2,1,"Europe","Rich"
2003,13729707,"GBR","United Kingdom of Great Britain and Northern Ireland",112,11100094.591317,18991479.91068,15354094.8424933,0,1,0,0,0,0,0,0,0,0,1,2,1,"Europe","Rich"
2004,15549128,"GBR","United Kingdom of Great Britain and Northern Ireland",112,13740834.2170378,22039800.50104,19476670.6442559,0,1,0,0,0,0,0,0,0,0,1,2,1,"Europe","Rich"
2005,13521699,"GBR","United Kingdom of Great Britain and Northern Ireland",112,10288137.4115499,19592941.851,14907511.1093358,0,1,0,0,0,0,0,0,0,0,1,2,1,"Europe","Rich"
2006,15714604,"GBR","United Kingdom of Great Britain and Northern Ireland",112,12877656.3140211,23627535.69816,19362071.3743833,0,1,0,0,0,0,0,0,0,0,1,2,1,"Europe","Rich"
2007,17325227,"GBR","United Kingdom of Great Britain and Northern Ireland",112,15393360.2843181,27217931.617,24182969.0066637,0,1,0,0,0,0,0,0,0,0,1,2,1,"Europe","Rich"
2008,14657604,"GBR","United Kingdom of Great Britain and Northern Ireland",112,13779828.8991257,24045799.362,22605809.3090157,0,1,0,0,0,0,0,0,0,0,1,2,1,"Europe","Rich"
2009,9088931,"GBR","United Kingdom of Great Britain and Northern Ireland",112,8819923.33818535,15215415.82986,14765080.8635226,0,1,0,0,0,0,0,0,0,0,1,2,1,"Europe","Rich"
2010,7538371,"GBR","United Kingdom of Great Britain and Northern Ireland",112,8022957.6415496,12380040.54217,13175862.6459877,0,1,0,0,0,0,0,0,0,0,1,2,1,"Europe","Rich"
2011,6110976,"GBR","United Kingdom of Great Britain and Northern Ireland",112,6494819.85333192,10426180.59264,11081071.9445637,0,1,0,0,0,0,0,0,0,0,1,2,1,"Europe","Rich"
2012,4042700,"GBR","United Kingdom of Great Britain and Northern Ireland",112,4410538.94828715,6996054.058,7632614.07156884,0,1,0,0,0,0,0,0,0,0,1,2,1,"Europe","Rich"
2013,3849346,"GBR","United Kingdom of Great Britain and Northern Ireland",112,4317830.62254627,6093591.70492,6835212.2321032,0,1,0,0,0,0,0,0,0,0,1,2,1,"Europe","Rich"
2014,3802914,"GBR","United Kingdom of Great Britain and Northern Ireland",112,3844822.56596906,5796477.57708,5860355.45150136,0,1,0,0,0,0,0,0,0,0,1,2,1,"Europe","Rich"
2015,3651542.02909,"GBR","United Kingdom of Great Britain and Northern Ireland",112,3680618.91854652,4906102.32402445,4945169.16039154,0,1,0,0,0,0,0,0,0,0,1,2,1,"Europe","Rich"
2016,4008877.246729,"GBR","United Kingdom of Great Britain and Northern Ireland",112,3945745.32158366,5352692.98860503,5268398.61083172,0,1,0,0,0,0,0,0,0,0,1,2,1,"Europe","Rich"
2017,6107235.585732,"GBR","United Kingdom of Great Britain and Northern Ireland",112,6261904.63009536,8266143.36528826,8475487.91683406,0,1,0,0,0,0,0,0,0,0,1,2,1,"Europe","Rich"
2018,6624007.842604,"GBR","United Kingdom of Great Britain and Northern Ireland",112,6724881.05848122,9080521.15103369,9218803.19901898,0,1,0,0,0,0,0,0,0,0,1,2,1,"Europe","Rich"
2019,8932808.046554,"GBR","United Kingdom of Great Britain and Northern Ireland",112,9225724.80924761,12066526.4373656,12462201.3295798,0,1,0,0,0,0,0,0,0,0,1,2,1,"Europe","Rich"
2020,4696741.911626,"GBR","United Kingdom of Great Britain and Northern Ireland",112,5329938.61963913,6253054.31146239,7096067.08064275,0,1,0,0,0,0,0,0,0,0,1,2,1,"Europe","Rich"
2021,4009566.002131,"GBR","United Kingdom of Great Britain and Northern Ireland",112,4393082.06653994,5688331.19156323,6232421.59697954,0,1,0,0,0,0,0,0,0,0,1,2,1,"Europe","Rich"
2022,9448561.610209,"GBR","United Kingdom of Great Britain and Northern Ireland",112,10270175.6632707,12478526.3473708,13563615.5949683,0,1,0,0,0,0,0,0,0,0,1,2,1,"Europe","Rich"
1987,687643,"AUT","Austria",122,538061.815336463,934596.23059,731295.955078247,1,1,0,0,0,0,0,0,0,0,1,2,1,"Europe","Rich"
1988,830578,"AUT","Austria",122,552246.010638298,1133049.59026,753357.440332447,1,1,0,0,0,0,0,0,0,0,1,2,1,"Europe","Rich"
1989,1156005,"AUT","Austria",122,747497.575169738,1542376.55115,997333.68971872,1,1,0,0,0,0,0,0,0,0,1,2,1,"Europe","Rich"
1990,1292082,"AUT","Austria",122,997361.636433809,1810284.40692,1397363.49434195,1,1,0,0,0,0,0,0,0,0,1,2,1,"Europe","Rich"
1991,1409279,"AUT","Austria",122,1039674.65879749,2013479.18567,1485414.37526374,1,1,0,0,0,0,0,0,0,0,1,2,1,"Europe","Rich"
1992,1305642,"AUT","Austria",122,896732.142857143,1884537.54996,1294325.24035714,1,1,0,0,0,0,0,0,0,0,1,2,1,"Europe","Rich"
1993,1137405,"AUT","Austria",122,768776.613720852,1701535.1319,1150074.43859412,1,1,0,0,0,0,0,0,0,0,1,2,1,"Europe","Rich"
1994,1054553,"AUT","Austria",122,804081.585970263,1615701.74236,1231949.47949676,1,1,0,0,0,0,0,0,0,0,1,2,1,"Europe","Rich"
1995,856674,"AUT","Austria",122,744610.169491525,1362805.56594,1184533.30372881,1,1,0,0,0,0,0,0,0,0,1,2,1,"Europe","Rich"
1996,1162268,"AUT","Austria",122,863241.235888295,1835372.26684,1363170.13282828,1,1,0,0,0,0,0,0,0,0,1,2,1,"Europe","Rich"
1997,1070136,"AUT","Austria",122,735337.043908472,1661193.51552,1141478.4,1,1,0,0,0,0,0,0,0,0,1,2,1,"Europe","Rich"
1998,1089389,"AUT","Austria",122,791419.542317472,1721594.11837,1250704.04531057,1,1,0,0,0,0,0,0,0,0,1,2,1,"Europe","Rich"
1999,1740008,"AUT","Austria",122,1087776.94423606,2351951.41352,1470337.21775444,1,1,0,0,0,0,0,0,0,0,1,2,1,"Europe","Rich"
2000,1814572,"AUT","Austria",122,1108812.71005194,2474695.14788,1512187.68584174,1,1,0,0,0,0,0,0,0,0,1,2,1,"Europe","Rich"
2001,1430745,"AUT","Austria",122,853004.829189769,1993385.47125,1188448.97826865,1,1,0,0,0,0,0,0,0,0,1,2,1,"Europe","Rich"
2002,1158071,"AUT","Austria",122,835067.060859533,1643835.46166,1185344.29020767,1,1,0,0,0,0,0,0,0,0,1,2,1,"Europe","Rich"
2003,1000497,"AUT","Austria",122,808874.605869512,1383927.47028,1118867.70982294,1,1,0,0,0,0,0,0,0,0,1,2,1,"Europe","Rich"
2004,978753,"AUT","Austria",122,864928.419936373,1387313.86479,1225975.49027041,1,1,0,0,0,0,0,0,0,0,1,2,1,"Europe","Rich"
2005,835500,"AUT","Austria",122,635699.61196074,1210639.5,921128.737731112,1,1,0,0,0,0,0,0,0,0,1,2,1,"Europe","Rich"
2006,928471,"AUT","Austria",122,760854.707858723,1395993.28734,1143975.4874539,1,1,0,0,0,0,0,0,0,0,1,2,1,"Europe","Rich"
2007,1038984,"AUT","Austria",122,923131.052865393,1632243.864,1450238.88405153,1,1,0,0,0,0,0,0,0,0,1,2,1,"Europe","Rich"
2008,835980,"AUT","Austria",122,785917.08188399,1371425.19,1289296.97283069,1,1,0,0,0,0,0,0,0,0,1,2,1,"Europe","Rich"
2009,697349,"AUT","Austria",122,676709.36438622,1167404.06694,1132852.0785444,1,1,0,0,0,0,0,0,0,0,1,2,1,"Europe","Rich"
2010,533714,"AUT","Austria",122,568022.562792678,876502.49078,932846.414197531,1,1,0,0,0,0,0,0,0,0,1,2,1,"Europe","Rich"
2011,575654,"AUT","Austria",122,611812.094802848,982146.31556,1043837.08742693,1,1,0,0,0,0,0,0,0,0,1,2,1,"Europe","Rich"
2012,291097,"AUT","Austria",122,317583.460615318,503755.00238,549590.881933231,1,1,0,0,0,0,0,0,0,0,1,2,1,"Europe","Rich"
2013,143265,"AUT","Austria",122,160701.065619742,226791.3603,254393.000897364,1,1,0,0,0,0,0,0,0,0,1,2,1,"Europe","Rich"
2014,104128,"AUT","Austria",122,105275.502982509,158713.98016,160463.027156,1,1,0,0,0,0,0,0,0,0,1,2,1,"Europe","Rich"
2015,77009.75931,"AUT","Austria",122,77622.9808587844,103468.002316137,104291.908392437,1,1,0,0,0,0,0,0,0,0,1,2,1,"Europe","Rich"
2016,104214.15419,"AUT","Austria",122,102572.98640748,139147.78081603,136956.477181132,1,1,0,0,0,0,0,0,0,0,1,2,1,"Europe","Rich"
2017,295025.42666,"AUT","Austria",122,302497.105157388,399316.91498431,409429.831830524,1,1,0,0,0,0,0,0,0,0,1,2,1,"Europe","Rich"
2018,343540.536326,"AUT","Austria",122,348772.118097462,470942.544222497,478114.258093906,1,1,0,0,0,0,0,0,0,0,1,2,1,"Europe","Rich"
2019,596627.98205,"AUT","Austria",122,616192.080609347,805931.044432961,832358.424407912,1,1,0,0,0,0,0,0,0,0,1,2,1,"Europe","Rich"
2020,668587.45681,"AUT","Austria",122,758723.850215615,890130.596498562,1010134.58522306,1,1,0,0,0,0,0,0,0,0,1,2,1,"Europe","Rich"
2021,460177.408032,"AUT","Austria",122,504193.500637668,652849.087000918,715294.277419654,1,1,0,0,0,0,0,0,0,0,1,2,1,"Europe","Rich"
2022,659500.455129,"AUT","Austria",122,716848.320792391,870989.061079768,946727.240304095,1,1,0,0,0,0,0,0,0,0,1,2,1,"Europe","Rich"
1987,4183427,"BEL","Belgium",124,3273417.05790297,5685821.13851,4448999.32590767,1,1,0,0,0,0,0,0,0,0,1,2,1,"Europe","Rich"
1988,4703883,"BEL","Belgium",124,3127581.78191489,6416896.07211,4266553.23943484,1,1,0,0,0,0,0,0,0,0,1,2,1,"Europe","Rich"
1989,6164421,"BEL","Belgium",124,3986046.55674103,8224755.43083,5318302.89740058,1,1,0,0,0,0,0,0,0,0,1,2,1,"Europe","Rich"
1990,6540802,"BEL","Belgium",124,5048862.9872636,9164056.05012,7073759.97693554,1,1,0,0,0,0,0,0,0,0,1,2,1,"Europe","Rich"
1991,6182028,"BEL","Belgium",124,4560699.37292512,8832448.86444,6516008.01507931,1,1,0,0,0,0,0,0,0,0,1,2,1,"Europe","Rich"
1992,6100124,"BEL","Belgium",124,4189645.6043956,8804796.97912,6047250.67247253,1,1,0,0,0,0,0,0,0,0,1,2,1,"Europe","Rich"
1993,5262891,"BEL","Belgium",124,3557209.19229469,7873179.67818,5321513.80748902,1,1,0,0,0,0,0,0,0,0,1,2,1,"Europe","Rich"
1994,4964376,"BEL","Belgium",124,3785265.72626763,7606019.75712,5799481.32452916,1,1,0,0,0,0,0,0,0,0,1,2,1,"Europe","Rich"
1995,4666007,"BEL","Belgium",124,4055634.07214255,7422730.59567,6451743.23830508,1,1,0,0,0,0,0,0,0,0,1,2,1,"Europe","Rich"
1996,5284907,"BEL","Belgium",124,3925213.16102198,8345555.19091,6198421.85896465,1,1,0,0,0,0,0,0,0,0,1,2,1,"Europe","Rich"
1997,5594967,"BEL","Belgium",124,3844545.45454545,8685179.17344,5967964.8,1,1,0,0,0,0,0,0,0,0,1,2,1,"Europe","Rich"
1998,5401990,"BEL","Belgium",124,3924438.79404286,8536926.8567,6201908.35938976,1,1,0,0,0,0,0,0,0,0,1,2,1,"Europe","Rich"
1999,7729483,"BEL","Belgium",124,4832134.90872718,10447864.87627,6531548.43477744,1,1,0,0,0,0,0,0,0,0,1,2,1,"Europe","Rich"
2000,7312373,"BEL","Belgium",124,4468300.03055301,9972541.17367,6093822.89866789,1,1,0,0,0,0,0,0,0,0,1,2,1,"Europe","Rich"
2001,8593519,"BEL","Belgium",124,5123423.95516604,11972920.34675,7138210.42553509,1,1,0,0,0,0,0,0,0,0,1,2,1,"Europe","Rich"
2002,5631653,"BEL","Belgium",124,4060897.75021633,7993906.16738,5764281.92052206,1,1,0,0,0,0,0,0,0,0,1,2,1,"Europe","Rich"
2003,5226031,"BEL","Belgium",124,4225103.88875414,7228855.12044,5844332.70308028,1,1,0,0,0,0,0,0,0,0,1,2,1,"Europe","Rich"
2004,4186565,"BEL","Belgium",124,3699686.28490633,5934162.82795,5244046.33081478,1,1,0,0,0,0,0,0,0,0,1,2,1,"Europe","Rich"
2005,2348635,"BEL","Belgium",124,1786985.46754927,3403172.115,2589341.94247889,1,1,0,0,0,0,0,0,0,0,1,2,1,"Europe","Rich"
2006,2147532,"BEL","Belgium",124,1759839.38375809,3228900.26328,2645988.90705564,1,1,0,0,0,0,0,0,0,0,1,2,1,"Europe","Rich"
2007,2532748,"BEL","Belgium",124,2250331.40826299,3978947.108,3535270.64238116,1,1,0,0,0,0,0,0,0,0,1,2,1,"Europe","Rich"
2008,2410404,"BEL","Belgium",124,2266056.2188587,3954267.762,3717465.2270377,1,1,0,0,0,0,0,0,0,0,1,2,1,"Europe","Rich"
2009,1197333,"BEL","Belgium",124,1161895.19650655,2004407.28198,1945082.27266376,1,1,0,0,0,0,0,0,0,0,1,2,1,"Europe","Rich"
2010,692988,"BEL","Belgium",124,737535.121328225,1138073.40276,1211231.8037037,1,1,0,0,0,0,0,0,0,0,1,2,1,"Europe","Rich"
2011,624186,"BEL","Belgium",124,663392.49654586,1064948.70204,1131840.47405675,1,1,0,0,0,0,0,0,0,0,1,2,1,"Europe","Rich"
2012,420985,"BEL","Belgium",124,459289.766528475,728531.3819,794819.312568187,1,1,0,0,0,0,0,0,0,0,1,2,1,"Europe","Rich"
2013,298885,"BEL","Belgium",124,335260.796410544,473140.9327,530724.54593382,1,1,0,0,0,0,0,0,0,0,1,2,1,"Europe","Rich"
2014,187930,"BEL","Belgium",124,190001.011020119,286446.6646,289603.341017086,1,1,0,0,0,0,0,0,0,0,1,2,1,"Europe","Rich"
2015,143212.06345,"BEL","Belgium",124,144352.447787521,192415.432089516,193947.61827388,1,1,0,0,0,0,0,0,0,0,1,2,1,"Europe","Rich"
2016,235121.52342,"BEL","Belgium",124,231418.82226378,313936.609285618,308992.725674821,1,1,0,0,0,0,0,0,0,0,1,2,1,"Europe","Rich"
2017,289393.910551,"BEL","Belgium",124,296722.96785707,391694.657930778,401614.536994544,1,1,0,0,0,0,0,0,0,0,1,2,1,"Europe","Rich"
2018,343368.456167,"BEL","Belgium",124,348597.417428426,470706.648136532,477874.769681758,1,1,0,0,0,0,0,0,0,0,1,2,1,"Europe","Rich"
2019,472702.571266,"BEL","Belgium",124,488203.017057578,638531.360291825,659469.517471547,1,1,0,0,0,0,0,0,0,0,1,2,1,"Europe","Rich"
2020,313601.396621,"BEL","Belgium",124,355879.932615751,417516.355405335,473804.307087307,1,1,0,0,0,0,0,0,0,0,1,2,1,"Europe","Rich"
2021,211955.209556,"BEL","Belgium",124,232228.782246083,300698.736245002,329460.651084696,1,1,0,0,0,0,0,0,0,0,1,2,1,"Europe","Rich"
2022,559632.909303,"BEL","Belgium",124,608296.640546739,739095.990658286,803365.207237267,1,1,0,0,0,0,0,0,0,0,1,2,1,"Europe","Rich"
1987,89547,"DNK","Denmark",128,70068.0751173709,121706.01411,95231.6229342723,0,1,0,0,0,0,0,0,0,0,1,2,1,"Europe","Rich"
1988,121985,"DNK","Denmark",128,81107.0478723404,166408.27745,110643.801496011,0,1,0,0,0,0,0,0,0,0,1,2,1,"Europe","Rich"
1989,181035,"DNK","Denmark",128,117061.105722599,241542.32805,156186.439088264,0,1,0,0,0,0,0,0,0,0,1,2,1,"Europe","Rich"
1990,241734,"DNK","Denmark",128,186595.137012736,338683.83804,261430.982663064,0,1,0,0,0,0,0,0,0,0,1,2,1,"Europe","Rich"
1991,159221,"DNK","Denmark",128,117462.928808558,227483.81933,167822.810276651,0,1,0,0,0,0,0,0,0,0,1,2,1,"Europe","Rich"
1992,129635,"DNK","Denmark",128,89035.0274725275,187112.5663,128511.377953297,0,1,0,0,0,0,0,0,0,0,1,2,1,"Europe","Rich"
1993,129645,"DNK","Denmark",128,87627.5768840825,193946.3271,131089.10246705,0,1,0,0,0,0,0,0,0,0,1,2,1,"Europe","Rich"
1994,89481,"DNK","Denmark",128,68227.9832253145,137095.62972,104533.457659169,0,1,0,0,0,0,0,0,0,0,1,2,1,"Europe","Rich"
1995,68765,"DNK","Denmark",128,59769.6653628857,109392.04965,95082.1813559322,0,1,0,0,0,0,0,0,0,0,1,2,1,"Europe","Rich"
1996,98990,"DNK","Denmark",128,73521.9845513963,156318.0787,116100.771464646,0,1,0,0,0,0,0,0,0,0,1,2,1,"Europe","Rich"
1997,75367,"DNK","Denmark",128,51787.9475022332,116993.70144,80391.4666666667,0,1,0,0,0,0,0,0,0,0,1,2,1,"Europe","Rich"
1998,98247,"DNK","Denmark",128,71374.5005448601,155262.68151,112795.264446059,0,1,0,0,0,0,0,0,0,0,1,2,1,"Europe","Rich"
1999,106422,"DNK","Denmark",128,66530.3825956489,143849.55318,89928.4528507127,0,1,0,0,0,0,0,0,0,0,1,2,1,"Europe","Rich"
2000,128641,"DNK","Denmark",128,78607.3938282921,175439.30939,107203.977629086,0,1,0,0,0,0,0,0,0,0,1,2,1,"Europe","Rich"
2001,161854,"DNK","Denmark",128,96496.7507303404,225503.0855,134444.097955047,0,1,0,0,0,0,0,0,0,0,1,2,1,"Europe","Rich"
2002,168362,"DNK","Denmark",128,121403.23045861,238983.12452,172327.029506778,0,1,0,0,0,0,0,0,0,0,1,2,1,"Europe","Rich"
2003,204688,"DNK","Denmark",128,165484.679440537,283132.62912,228905.027989328,0,1,0,0,0,0,0,0,0,0,1,2,1,"Europe","Rich"
2004,220434,"DNK","Denmark",128,194798.515376458,312449.76462,276113.259650053,0,1,0,0,0,0,0,0,0,0,1,2,1,"Europe","Rich"
2005,150590,"DNK","Denmark",128,114578.10241193,218204.91,166023.670394887,0,1,0,0,0,0,0,0,0,0,1,2,1,"Europe","Rich"
2006,57122,"DNK","Denmark",128,46809.8008686389,85885.21188,70380.4079980333,0,1,0,0,0,0,0,0,0,0,1,2,1,"Europe","Rich"
2007,102797,"DNK","Denmark",128,91334.5179920036,161494.087,143486.527765438,0,1,0,0,0,0,0,0,0,0,1,2,1,"Europe","Rich"
2008,99821,"DNK","Denmark",128,93843.188869042,163756.3505,153949.751339663,0,1,0,0,0,0,0,0,0,0,1,2,1,"Europe","Rich"
2009,29567,"DNK","Denmark",128,28691.897137312,49496.93202,48031.9573216885,0,1,0,0,0,0,0,0,0,0,1,2,1,"Europe","Rich"
2010,25165,"DNK","Denmark",128,26782.6734780758,41327.72455,43984.3811728395,0,1,0,0,0,0,0,0,0,0,1,2,1,"Europe","Rich"
2011,29069,"DNK","Denmark",128,30894.8878733128,49595.78366,52711.0039961739,0,1,0,0,0,0,0,0,0,0,1,2,1,"Europe","Rich"
2012,32670,"DNK","Denmark",128,35642.5921885228,56536.7418,61680.9314859262,0,1,0,0,0,0,0,0,0,0,1,2,1,"Europe","Rich"
2013,104976,"DNK","Denmark",128,117752.103196859,166179.10752,186403.934402692,0,1,0,0,0,0,0,0,0,0,1,2,1,"Europe","Rich"
2014,88665,"DNK","Denmark",128,89642.0988777677,135144.9663,136634.279951471,0,1,0,0,0,0,0,0,0,0,1,2,1,"Europe","Rich"
2015,222972.79415,"DNK","Denmark",128,224748.305765548,299579.557036115,301965.081177417,0,1,0,0,0,0,0,0,0,0,1,2,1,"Europe","Rich"
2016,96168.60321,"DNK","Denmark",128,94654.1370177165,128405.280692024,126383.150287425,0,1,0,0,0,0,0,0,0,0,1,2,1,"Europe","Rich"
2017,67891.74141,"DNK","Denmark",128,69611.1364810828,91891.471998435,94218.6732271455,0,1,0,0,0,0,0,0,0,0,1,2,1,"Europe","Rich"
2018,134269.94679,"DNK","Denmark",128,136314.666791878,184063.956557071,186866.960971646,0,1,0,0,0,0,0,0,0,0,1,2,1,"Europe","Rich"
2019,57104.310846,"DNK","Denmark",128,58976.8250410534,77137.0741338853,79666.4850337054,0,1,0,0,0,0,0,0,0,0,1,2,1,"Europe","Rich"
2020,34020.75834,"DNK","Denmark",128,38607.3063322742,45293.8768235424,51400.2233585365,0,1,0,0,0,0,0,0,0,0,1,2,1,"Europe","Rich"
2021,10134.16076,"DNK","Denmark",128,11103.4959570505,14377.2325286044,15752.418679308,0,1,0,0,0,0,0,0,0,0,1,2,1,"Europe","Rich"
2022,58175.851386,"DNK","Denmark",128,63234.6210717391,76831.6834084625,83512.6993570244,0,1,0,0,0,0,0,0,0,0,1,2,1,"Europe","Rich"
1987,7410000,"FRA","France",132,5798122.07870779,10071153.3,7880401.66083412,1,1,0,0,0,0,0,0,0,0,1,2,1,"Europe","Rich"
1988,9166000,"FRA","France",132,6094415.10229568,12503982.22,8313818.2500987,1,1,0,0,0,0,0,0,0,0,1,2,1,"Europe","Rich"
1989,12832000,"FRA","France",132,8297446.01942714,17120839.36,11070701.4025003,1,1,0,0,0,0,0,0,0,0,1,2,1,"Europe","Rich"
1990,14366000,"FRA","France",132,11089154.4236445,20127627.96,15536570.6967914,1,1,0,0,0,0,0,0,0,0,1,2,1,"Europe","Rich"
1991,13839000,"FRA","France",132,10209516.9127687,19772194.47,14586643.09878,1,1,0,0,0,0,0,0,0,0,1,2,1,"Europe","Rich"
1992,15513000,"FRA","France",132,10654533.183372,22391153.94,15378540.1062154,1,1,0,0,0,0,0,0,0,0,1,2,1,"Europe","Rich"
1993,12185000,"FRA","France",132,8235890.19563859,18228516.3,12320727.0148714,1,1,0,0,0,0,0,0,0,0,1,2,1,"Europe","Rich"
1994,11477000,"FRA","France",132,8751048.72965068,17584141.24,13407656.7796724,1,1,0,0,0,0,0,0,0,0,1,2,1,"Europe","Rich"
1995,10445000,"FRA","France",132,9078660.98496191,16616010.45,14442424.6814873,1,1,0,0,0,0,0,0,0,0,1,2,1,"Europe","Rich"
1996,10676000,"FRA","France",132,7929292.79674515,16858791.88,12521384.1341242,1,1,0,0,0,0,0,0,0,0,1,2,1,"Europe","Rich"
1997,11603000,"FRA","France",132,7972926.6896031,18011568.96,12376533.5588047,1,1,0,0,0,0,0,0,0,0,1,2,1,"Europe","Rich"
1998,10081000,"FRA","France",132,7323646.87480704,15931306.73,11573778.8656638,1,1,0,0,0,0,0,0,0,0,1,2,1,"Europe","Rich"
1999,13198000,"FRA","France",132,8250812.92256754,17839604.62,11152541.3193053,1,1,0,0,0,0,0,0,0,0,1,2,1,"Europe","Rich"
2000,13016000,"FRA","France",132,7953559.42096847,17751090.64,10846984.8027226,1,1,0,0,0,0,0,0,0,0,1,2,1,"Europe","Rich"
2001,13222000,"FRA","France",132,7882907.16415645,18421551.5,10982860.406461,1,1,0,0,0,0,0,0,0,0,1,2,1,"Europe","Rich"
2002,9930000,"FRA","France",132,7160368.93331071,14095237.8,10163857.2860772,1,1,0,0,0,0,0,0,0,0,1,2,1,"Europe","Rich"
2003,8846000,"FRA","France",132,7151750.50571668,12236141.04,9892587.36952754,1,1,0,0,0,0,0,0,0,0,1,2,1,"Europe","Rich"
2004,7866000,"FRA","France",132,6951219.375112,11149504.38,9852866.87886499,1,1,0,0,0,0,0,0,0,0,1,2,1,"Europe","Rich"
2005,7247727,"FRA","France",132,5514514.95092445,10501956.423,7990532.16388952,1,1,0,0,0,0,0,0,0,0,1,2,1,"Europe","Rich"
2006,7738204,"FRA","France",132,6341230.84487421,11634699.24216,9534294.22450217,1,1,0,0,0,0,0,0,0,0,1,2,1,"Europe","Rich"
2007,8491338,"FRA","France",132,7544502.88760551,13339891.998,11852414.0364283,1,1,0,0,0,0,0,0,0,0,1,2,1,"Europe","Rich"
2008,6594695,"FRA","France",132,6199769.67189997,10818597.1475,10170722.1467519,1,1,0,0,0,0,0,0,0,0,1,2,1,"Europe","Rich"
2009,3794505,"FRA","France",132,3682197.96215429,6352229.0403,6164220.32052402,1,1,0,0,0,0,0,0,0,0,1,2,1,"Europe","Rich"
2010,2868622,"FRA","France",132,3053024.69135802,4711051.85194,5013890.85987654,1,1,0,0,0,0,0,0,0,0,1,2,1,"Europe","Rich"
2011,2573710,"FRA","France",132,2735370.39005208,4391109.5794,4666924.83728345,1,1,0,0,0,0,0,0,0,0,1,2,1,"Europe","Rich"
2012,1659261,"FRA","France",132,1810234.56251364,2871417.53094,3132683.31981235,1,1,0,0,0,0,0,0,0,0,1,2,1,"Europe","Rich"
2013,1641261,"FRA","France",132,1841010.65619742,2598148.98822,2914356.68897364,1,1,0,0,0,0,0,0,0,0,1,2,1,"Europe","Rich"
2014,1209330,"FRA","France",132,1222656.96087352,1843284.9726,1863598.19290264,1,1,0,0,0,0,0,0,0,0,1,2,1,"Europe","Rich"
2015,1478194.01186,"FRA","France",132,1489964.7332527,1986057.12851474,2001871.91665633,1,1,0,0,0,0,0,0,0,0,1,2,1,"Europe","Rich"
2016,2071311.2242,"FRA","France",132,2038692.14980315,2765635.45966408,2722082.14533866,1,1,0,0,0,0,0,0,0,0,1,2,1,"Europe","Rich"
2017,2939073.4412,"FRA","France",132,3013507.06572337,3978035.9026642,4078781.81345658,1,1,0,0,0,0,0,0,0,0,1,2,1,"Europe","Rich"
2018,2715304.16195,"FRA","France",132,2756653.97152284,3722274.71040916,3778959.09686209,1,1,0,0,0,0,0,0,0,0,1,2,1,"Europe","Rich"
2019,3141126.53697,"FRA","France",132,3244127.58788536,4243065.13740445,4382199.98699142,1,1,0,0,0,0,0,0,0,0,1,2,1,"Europe","Rich"
2020,1884391.99544,"FRA","France",132,2138438.48778938,2508804.127049,2847031.46510327,1,1,0,0,0,0,0,0,0,0,1,2,1,"Europe","Rich"
2021,1349953.829056,"FRA","France",132,1479077.27517914,1915165.99774346,2098352.13952389,1,1,0,0,0,0,0,0,0,0,1,2,1,"Europe","Rich"
2022,3885151.060024,"FRA","France",132,4222990.28263478,5131041.3019525,5577218.8064701,1,1,0,0,0,0,0,0,0,0,1,2,1,"Europe","Rich"
1987,4696294,"DEU","Germany",134,3674721.43974961,6382874.06422,4994424.15040689,1,1,0,0,0,0,0,0,0,0,1,2,1,"Europe","Rich"
1988,5797600,"DEU","Germany",134,3854787.23404255,7908911.992,5258585.10106383,1,1,0,0,0,0,0,0,0,0,1,2,1,"Europe","Rich"
1989,7993213,"DEU","Germany",134,5168582.60588425,10664784.58099,6896077.97024895,1,1,0,0,0,0,0,0,0,0,1,2,1,"Europe","Rich"
1990,8599463,"DEU","Germany",134,6637949.05441914,12048363.63078,9300164.90218448,1,1,0,0,0,0,0,0,0,0,1,2,1,"Europe","Rich"
1991,8801783,"DEU","Germany",134,6493384.72888233,12575371.42559,9277293.56369605,1,1,0,0,0,0,0,0,0,0,1,2,1,"Europe","Rich"
1992,9517416,"DEU","Germany",134,6536686.81318681,13737247.90608,9434923.01241758,1,1,0,0,0,0,0,0,0,0,1,2,1,"Europe","Rich"
1993,9232874,"DEU","Germany",134,6240536.66779317,13812194.84652,9335718.04428523,1,1,0,0,0,0,0,0,0,0,1,2,1,"Europe","Rich"
1994,8241903,"DEU","Germany",134,6284333.20625238,12627584.42436,9628352.5919634,1,1,0,0,0,0,0,0,0,0,1,2,1,"Europe","Rich"
1995,6861061,"DEU","Germany",134,5963547.15341156,10914644.44941,9486870.44711864,1,1,0,0,0,0,0,0,0,0,1,2,1,"Europe","Rich"
1996,7833033,"DEU","Germany",134,5817760.69518717,12369377.40129,9187000.44659091,1,1,0,0,0,0,0,0,0,0,1,2,1,"Europe","Rich"
1997,8410864,"DEU","Germany",134,5779470.8994709,13056352.40448,8971588.26666667,1,1,0,0,0,0,0,0,0,0,1,2,1,"Europe","Rich"
1998,10022977,"DEU","Germany",134,7281494.36977842,15839611.24241,11507163.9973919,1,1,0,0,0,0,0,0,0,0,1,2,1,"Europe","Rich"
1999,11192375,"DEU","Germany",134,6996983.62090523,15128621.36375,9457752.79054139,1,1,0,0,0,0,0,0,0,0,1,2,1,"Europe","Rich"
2000,9710848,"DEU","Germany",134,5933912.61839291,13243557.39392,8092610.68983807,1,1,0,0,0,0,0,0,0,0,1,2,1,"Europe","Rich"
2001,10289928,"DEU","Germany",134,6134816.66964765,14336442.186,8547333.32498659,1,1,0,0,0,0,0,0,0,0,1,2,1,"Europe","Rich"
2002,8787261,"DEU","Germany",134,6336357.80213441,12473165.49906,8994206.44581771,1,1,0,0,0,0,0,0,0,0,1,2,1,"Europe","Rich"
2003,8370213,"DEU","Germany",134,6767089.49793839,11578013.43012,9360508.8771283,1,1,0,0,0,0,0,0,0,0,1,2,1,"Europe","Rich"
2004,7704292,"DEU","Germany",134,6808317.42665253,10920294.60956,9650313.37006009,1,1,0,0,0,0,0,0,0,0,1,2,1,"Europe","Rich"
2005,6421524,"DEU","Germany",134,4885889.06642319,9304788.276,7079653.2572472,1,1,0,0,0,0,0,0,0,0,1,2,1,"Europe","Rich"
2006,8009746,"DEU","Germany",134,6563751.53650742,12042973.50084,9868862.98520036,1,1,0,0,0,0,0,0,0,0,1,2,1,"Europe","Rich"
2007,9938784,"DEU","Germany",134,8830549.97778765,15613829.664,13872794.0151044,1,1,0,0,0,0,0,0,0,0,1,2,1,"Europe","Rich"
2008,7862754,"DEU","Germany",134,7391890.57064962,12898847.937,12126396.4811507,1,1,0,0,0,0,0,0,0,0,1,2,1,"Europe","Rich"
2009,4133239,"DEU","Germany",134,4010906.3561378,6919290.08034,6714497.89455604,1,1,0,0,0,0,0,0,0,0,1,2,1,"Europe","Rich"
2010,2624386,"DEU","Germany",134,2793088.54831843,4309950.39622,4587005.53024691,1,1,0,0,0,0,0,0,0,0,1,2,1,"Europe","Rich"
2011,2663028,"DEU","Germany",134,2830298.6502285,4543498.59192,4828885.73910086,1,1,0,0,0,0,0,0,0,0,1,2,1,"Europe","Rich"
2012,1733569,"DEU","Germany",134,1891303.73118045,3000010.49726,3272976.75895702,1,1,0,0,0,0,0,0,0,0,1,2,1,"Europe","Rich"
2013,1514205,"DEU","Germany",134,1698491.30678632,2397016.7991,2688745.70846887,1,1,0,0,0,0,0,0,0,0,1,2,1,"Europe","Rich"
2014,734927,"DEU","Germany",134,743025.983217066,1120190.43194,1132535.06413912,1,1,0,0,0,0,0,0,0,0,1,2,1,"Europe","Rich"
2015,804864.30238,"DEU","Germany",134,811273.361939321,1081391.5307487,1090002.55090081,1,1,0,0,0,0,0,0,0,0,1,2,1,"Europe","Rich"
2016,977586.086443,"DEU","Germany",134,962191.029963583,1305282.71847956,1284727.08511768,1,1,0,0,0,0,0,0,0,0,1,2,1,"Europe","Rich"
2017,1272699.559833,"DEU","Germany",134,1304931.36453707,1722598.85423397,1766224.60190092,1,1,0,0,0,0,0,0,0,0,1,2,1,"Europe","Rich"
2018,2754363.954566,"DEU","Germany",134,2796308.58331574,3775819.8271168,3833319.62143838,1,1,0,0,0,0,0,0,0,0,1,2,1,"Europe","Rich"
2019,2492619.816846,"DEU","Germany",134,2574355.60738033,3367055.77479375,3477465.29800542,1,1,0,0,0,0,0,0,0,0,1,2,1,"Europe","Rich"
2020,1167272.981188,"DEU","Germany",134,1324640.24192919,1554060.55623446,1763573.03249484,1,1,0,0,0,0,0,0,0,0,1,2,1,"Europe","Rich"
2021,798206.302447,"DEU","Germany",134,874554.949542018,1132407.29921853,1240722.36136577,1,1,0,0,0,0,0,0,0,0,1,2,1,"Europe","Rich"
2022,2490416.414322,"DEU","Germany",134,2706974.36339348,3289043.15006678,3575046.9022465,1,1,0,0,0,0,0,0,0,0,1,2,1,"Europe","Rich"
1987,2255,"SMR","San Marino",135,1764.47574334898,3064.83815,2398.1519170579,0,0,0,1,0,0,0,0,0,0,0,8,3,"OFC","OFC"
1988,80591,"SMR","San Marino",135,53584.4414893617,109939.82447,73098.2875465426,0,0,0,1,0,0,0,0,0,0,0,8,3,"OFC","OFC"
1989,5538,"SMR","San Marino",135,3580.98933074685,7388.96574,4777.86339476237,0,0,0,1,0,0,0,0,0,0,0,8,3,"OFC","OFC"
1990,9489,"SMR","San Marino",135,7324.58510227711,13294.65834,10262.1832033964,0,0,0,1,0,0,0,0,0,0,0,8,3,"OFC","OFC"
1991,40866,"SMR","San Marino",135,30148.2847657691,58386.48018,43073.7588933973,0,0,0,1,0,0,0,0,0,0,0,8,3,"OFC","OFC"
1992,110666,"SMR","San Marino",135,76006.8681318681,159733.09108,109706.793324176,0,0,0,1,0,0,0,0,0,0,0,8,3,"OFC","OFC"
1993,17824,"SMR","San Marino",135,12047.313281514,26664.34752,18022.5397228794,0,0,0,1,0,0,0,0,0,0,0,8,3,"OFC","OFC"
1994,8910,"SMR","San Marino",135,6793.74761723218,13651.1892,10408.8365993138,0,0,0,1,0,0,0,0,0,0,0,8,3,"OFC","OFC"
1995,36845,"SMR","San Marino",135,32025.2064319861,58613.39445,50946.0186440678,0,0,0,1,0,0,0,0,0,0,0,8,3,"OFC","OFC"
1996,41408,"SMR","San Marino",135,30754.6048722519,65388.61504,48565.5191919192,0,0,0,1,0,0,0,0,0,0,0,8,3,"OFC","OFC"
1997,21300,"SMR","San Marino",135,14636.1574933004,33064.416,22720,0,0,0,1,0,0,0,0,0,0,0,8,3,"OFC","OFC"
1998,50402,"SMR","San Marino",135,36616.0552124955,79651.79266,57865.450533963,0,0,0,1,0,0,0,0,0,0,0,8,3,"OFC","OFC"
1999,53331,"SMR","San Marino",135,33340.2100525131,72086.97939,45065.6285258815,0,0,0,1,0,0,0,0,0,0,0,8,3,"OFC","OFC"
2000,68571,"SMR","San Marino",135,41901.0082493126,93516.44409,57144.17604033,0,0,0,1,0,0,0,0,0,0,0,8,3,"OFC","OFC"
2001,26779,"SMR","San Marino",135,15965.5398557205,37309.84175,22243.9884039826,0,0,0,1,0,0,0,0,0,0,0,8,3,"OFC","OFC"
2002,28627,"SMR","San Marino",135,20642.4862993943,40634.88142,29301.1836025382,0,0,0,1,0,0,0,0,0,0,0,8,3,"OFC","OFC"
2003,71712,"SMR","San Marino",135,57977.2010671841,99194.90688,80196.3836041717,0,0,0,1,0,0,0,0,0,0,0,8,3,"OFC","OFC"
2004,51080,"SMR","San Marino",135,45139.6253092966,72402.3244,63982.2591021562,0,0,0,1,0,0,0,0,0,0,0,8,3,"OFC","OFC"
2005,66271,"SMR","San Marino",135,50423.0388800122,96026.679,73062.9833371376,0,0,0,1,0,0,0,0,0,0,0,8,3,"OFC","OFC"
2006,75359,"SMR","San Marino",135,61754.4866016553,113305.27086,92850.3407850529,0,0,0,1,0,0,0,0,0,0,0,8,3,"OFC","OFC"
2007,61288,"SMR","San Marino",135,54454.0204353621,96283.448,85547.2661039538,0,0,0,1,0,0,0,0,0,0,0,8,3,"OFC","OFC"
2008,61483,"SMR","San Marino",135,57801.0717307511,100862.8615,94822.6581742972,0,0,0,1,0,0,0,0,0,0,0,8,3,"OFC","OFC"
2009,33474,"SMR","San Marino",135,32483.2605531295,56037.48444,54378.9271615721,0,0,0,1,0,0,0,0,0,0,0,8,3,"OFC","OFC"
2010,19956,"SMR","San Marino",135,21238.8250319285,32773.14012,34879.8851851852,0,0,0,1,0,0,0,0,0,0,0,8,3,"OFC","OFC"
2011,20463,"SMR","San Marino",135,21748.3260707833,34912.74282,37105.6890424062,0,0,0,1,0,0,0,0,0,0,0,8,3,"OFC","OFC"
2012,5066,"SMR","San Marino",135,5526.94741435741,8766.91564,9564.60357844207,0,0,0,1,0,0,0,0,0,0,0,8,3,"OFC","OFC"
2013,105723,"SMR","San Marino",135,118590.016825575,167361.62346,187730.368435222,0,0,0,1,0,0,0,0,0,0,0,8,3,"OFC","OFC"
2014,100358,"SMR","San Marino",135,101463.957132747,152967.67076,154653.392740876,0,0,0,1,0,0,0,0,0,0,0,8,3,"OFC","OFC"
2015,0,"SMR","San Marino",135,0,0,0,0,0,0,1,0,0,0,0,0,0,0,8,3,"OFC","OFC"
2016,321.81,"SMR","San Marino",135,316.742125984252,429.6839301,422.917254035433,0,0,0,1,0,0,0,0,0,0,0,8,3,"OFC","OFC"
2017,0,"SMR","San Marino",135,0,0,0,0,0,0,1,0,0,0,0,0,0,0,8,3,"OFC","OFC"
2018,59.00803,"SMR","San Marino",135,59.9066294416244,80.8911579255,82.1230029700508,0,0,0,1,0,0,0,0,0,0,0,8,3,"OFC","OFC"
2019,1682.74975,"SMR","San Marino",135,1737.92899561064,2273.0751897975,2347.61186656081,0,0,0,1,0,0,0,0,0,0,0,8,3,"OFC","OFC"
2020,4253.7294,"SMR","San Marino",135,4827.20086246028,5663.245173984,6426.74214024512,0,0,0,1,0,0,0,0,0,0,0,8,3,"OFC","OFC"
2021,5470.2444,"SMR","San Marino",135,5993.47474526131,7760.581027836,8502.88268635477,0,0,0,1,0,0,0,0,0,0,0,8,3,"OFC","OFC"
2022,7653.86113,"SMR","San Marino",135,8319.41427173913,10108.3013171684,10987.2840404004,0,0,0,1,0,0,0,0,0,0,0,8,3,"OFC","OFC"
1987,8903376,"ITA","Italy",136,6966647.88732394,12100845.42288,9468580.14309859,1,1,0,0,0,0,0,0,0,0,1,2,1,"Europe","Rich"
1988,10841613,"ITA","Italy",136,7208519.28191489,14789803.20621,9833645.74880984,1,1,0,0,0,0,0,0,0,0,1,2,1,"Europe","Rich"
1989,16108917,"ITA","Italy",136,10416370.514064,21493000.32891,13897834.0309796,1,1,0,0,0,0,0,0,0,0,1,2,1,"Europe","Rich"
1990,17691227,"ITA","Italy",136,13655906.5997684,24786470.50062,19132744.5006716,1,1,0,0,0,0,0,0,0,0,1,2,1,"Europe","Rich"
1991,19387044,"ITA","Italy",136,14302503.8731096,27698851.37412,20434416.3586278,1,1,0,0,0,0,0,0,0,0,1,2,1,"Europe","Rich"
1992,21617276,"ITA","Italy",136,14847030.2197802,31201943.83288,21429906.4786264,1,1,0,0,0,0,0,0,0,0,1,2,1,"Europe","Rich"
1993,17881414,"ITA","Italy",136,12086119.6350118,26750237.71572,18080593.251585,1,1,0,0,0,0,0,0,0,0,1,2,1,"Europe","Rich"
1994,17241682,"ITA","Italy",136,13146536.0274495,26416325.82584,20142070.7783759,1,1,0,0,0,0,0,0,0,0,1,2,1,"Europe","Rich"
1995,15958921,"ITA","Italy",136,13871291.6123425,25387611.11601,22066589.4098305,1,1,0,0,0,0,0,0,0,0,1,2,1,"Europe","Rich"
1996,17355065,"ITA","Italy",136,12889976.9756387,27405903.79345,20354949.3415404,1,1,0,0,0,0,0,0,0,0,1,2,1,"Europe","Rich"
1997,18627487,"ITA","Italy",136,12799757.4383289,28915820.61984,19869319.4666667,1,1,0,0,0,0,0,0,0,0,1,2,1,"Europe","Rich"
1998,16896835,"ITA","Italy",136,12275216.1278605,26702575.25555,19398892.3033418,1,1,0,0,0,0,0,0,0,0,1,2,1,"Europe","Rich"
1999,17464573,"ITA","Italy",136,10918087.6469117,23606688.67837,14757869.8914541,1,1,0,0,0,0,0,0,0,0,1,2,1,"Europe","Rich"
2000,16866114,"ITA","Italy",136,10306210.8157654,23001837.61206,14055507.2484326,1,1,0,0,0,0,0,0,0,0,1,2,1,"Europe","Rich"
2001,17595936,"ITA","Italy",136,10490631.3718476,24515537.832,14616072.1588267,1,1,0,0,0,0,0,0,0,0,1,2,1,"Europe","Rich"
2002,13047541,"ITA","Italy",136,9408379.72310355,18520462.54786,13354818.6817566,1,1,0,0,0,0,0,0,0,0,1,2,1,"Europe","Rich"
2003,11312937,"ITA","Italy",136,9146201.7948096,15648506.97588,12651392.1706524,1,1,0,0,0,0,0,0,0,0,1,2,1,"Europe","Rich"
2004,11109159,"ITA","Italy",136,9817213.67974549,15746455.24137,13915213.1860817,1,1,0,0,0,0,0,0,0,0,1,2,1,"Europe","Rich"
2005,6278339,"ITA","Italy",136,4776945.14190063,9097313.211,6921793.51061402,1,1,0,0,0,0,0,0,0,0,1,2,1,"Europe","Rich"
2006,6321107,"ITA","Italy",136,5179961.48488077,9504037.21878,7788279.29097763,1,1,0,0,0,0,0,0,0,0,1,2,1,"Europe","Rich"
2007,6832720,"ITA","Italy",136,6070830.74189249,10734203.12,9537275.0955131,1,1,0,0,0,0,0,0,0,0,1,2,1,"Europe","Rich"
2008,6066226,"ITA","Italy",136,5702948.19968036,9951643.753,9355686.52157563,1,1,0,0,0,0,0,0,0,0,1,2,1,"Europe","Rich"
2009,2004648,"ITA","Italy",136,1945315.86608443,3355901.03088,3256575.47877729,1,1,0,0,0,0,0,0,0,0,1,2,1,"Europe","Rich"
2010,1275503,"ITA","Italy",136,1357495.74286931,2094720.31181,2229374.53364198,1,1,0,0,0,0,0,0,0,0,1,2,1,"Europe","Rich"
2011,1148678,"ITA","Italy",136,1220828.99351685,1959805.48292,2082905.17899883,1,1,0,0,0,0,0,0,0,0,1,2,1,"Europe","Rich"
2012,575783,"ITA","Italy",136,628172.5943705,996415.51282,1087077.80146192,1,1,0,0,0,0,0,0,0,0,1,2,1,"Europe","Rich"
2013,452882,"ITA","Italy",136,508000,716921.26364,804174.16,1,1,0,0,0,0,0,0,0,0,1,2,1,"Europe","Rich"
2014,412252,"ITA","Italy",136,416795.066221818,628362.74344,635287.375836619,1,1,0,0,0,0,0,0,0,0,1,2,1,"Europe","Rich"
2015,306547.78637,"ITA","Italy",136,308988.797873198,411868.409333141,415148.079158493,1,1,0,0,0,0,0,0,0,0,1,2,1,"Europe","Rich"
2016,252395.358205,"ITA","Italy",136,248420.628154528,337000.806228898,331693.706918207,1,1,0,0,0,0,0,0,0,0,1,2,1,"Europe","Rich"
2017,261428.710132,"ITA","Italy",136,268049.533612222,353843.759163662,362805.043744142,1,1,0,0,0,0,0,0,0,0,1,2,1,"Europe","Rich"
2018,1304558.44822,"ITA","Italy",136,1324424.82052792,1788353.94874239,1815587.7652207,1,1,0,0,0,0,0,0,0,0,1,2,1,"Europe","Rich"
2019,1098485.9016,"ITA","Italy",136,1134506.48241673,1483845.7407403,1532502.70151334,1,1,0,0,0,0,0,0,0,0,1,2,1,"Europe","Rich"
2020,709794.91625,"ITA","Italy",136,805486.741091693,944992.5596986,1072392.82761984,1,1,0,0,0,0,0,0,0,0,1,2,1,"Europe","Rich"
2021,665919.48382,"ITA","Italy",136,729614.861203024,944733.312500596,1035097.30744012,1,1,0,0,0,0,0,0,0,0,1,2,1,"Europe","Rich"
2022,2349368.338585,"ITA","Italy",136,2553661.23759239,3102763.77740244,3372569.32326352,1,1,0,0,0,0,0,0,0,0,1,2,1,"Europe","Rich"
1987,1078742,"LUX","Luxembourg",137,844086.07198748,1466150.61446,1147222.70302034,1,0,0,1,0,0,0,0,0,0,0,8,3,"OFC","OFC"
1988,1252578,"LUX","Luxembourg",137,832831.117021277,1708729.33026,1136123.22490692,1,0,0,1,0,0,0,0,0,0,0,8,3,"OFC","OFC"
1989,1791061,"LUX","Luxembourg",137,1158138.37698028,2389687.31803,1545222.9667184,1,0,0,1,0,0,0,0,0,0,0,8,3,"OFC","OFC"
1990,1675206,"LUX","Luxembourg",137,1293096.10189116,2347064.11836,1811705.22451563,1,0,0,1,0,0,0,0,0,0,0,8,3,"OFC","OFC"
1991,1634430,"LUX","Luxembourg",137,1205776.46624862,2335159.1739,1722729.01062339,1,0,0,1,0,0,0,0,0,0,0,8,3,"OFC","OFC"
1992,1698270,"LUX","Luxembourg",137,1166394.23076923,2451248.9526,1683550.10480769,1,0,0,1,0,0,0,0,0,0,0,8,3,"OFC","OFC"
1993,1613576,"LUX","Luxembourg",137,1090622.50760392,2413877.42448,1631549.45892531,1,0,0,1,0,0,0,0,0,0,0,8,3,"OFC","OFC"
1994,1418840,"LUX","Luxembourg",137,1081845.21540221,2173833.1408,1657516.69142204,1,0,0,1,0,0,0,0,0,0,0,8,3,"OFC","OFC"
1995,1403061,"LUX","Luxembourg",137,1219522.81616688,2232003.46941,1940029.09118644,1,0,0,1,0,0,0,0,0,0,0,8,3,"OFC","OFC"
1996,1987094,"LUX","Luxembourg",137,1475857.10041592,3137879.74822,2330570.2229798,1,0,0,1,0,0,0,0,0,0,0,8,3,"OFC","OFC"
1997,2252176,"LUX","Luxembourg",137,1547568.19899677,3496097.84832,2402321.06666667,1,0,0,1,0,0,0,0,0,0,0,8,3,"OFC","OFC"
1998,1680571,"LUX","Luxembourg",137,1220901.56193244,2655856.76843,1929427.36536869,1,0,0,1,0,0,0,0,0,0,0,8,3,"OFC","OFC"
1999,1838218,"LUX","Luxembourg",137,1149173.54338585,2484700.88842,1553326.38685922,1,0,0,1,0,0,0,0,0,0,0,8,3,"OFC","OFC"
2000,2205149,"LUX","Luxembourg",137,1347478.76565842,3007360.15471,1837678.06581729,1,0,0,1,0,0,0,0,0,0,0,8,3,"OFC","OFC"
2001,2123221,"LUX","Luxembourg",137,1265856.43593871,2958177.65825,1763654.47937161,1,0,0,1,0,0,0,0,0,0,0,8,3,"OFC","OFC"
2002,2165495,"LUX","Luxembourg",137,1561504.90337468,3073833.5327,2216493.75014422,1,0,0,1,0,0,0,0,0,0,0,8,3,"OFC","OFC"
2003,1737473,"LUX","Luxembourg",137,1404699.6523567,2403342.15252,1943036.74712588,1,0,0,1,0,0,0,0,0,0,0,8,3,"OFC","OFC"
2004,2655117,"LUX","Luxembourg",137,2346338.81230117,3763442.48931,3325771.02272004,1,0,0,1,0,0,0,0,0,0,0,8,3,"OFC","OFC"
2005,2870948,"LUX","Luxembourg",137,2184393.21311725,4160003.652,3165185.76580689,1,0,0,1,0,0,0,0,0,0,0,8,3,"OFC","OFC"
2006,4677660,"LUX","Luxembourg",137,3833204.94960256,7033048.9164,5763376.96992543,1,0,0,1,0,0,0,0,0,0,0,8,3,"OFC","OFC"
2007,5762823,"LUX","Luxembourg",137,5120233.6739227,9053394.933,8043887.10173256,1,0,0,1,0,0,0,0,0,0,0,8,3,"OFC","OFC"
2008,6149755,"LUX","Luxembourg",137,5781475.03995487,10088673.0775,9484509.80304597,1,0,0,1,0,0,0,0,0,0,0,8,3,"OFC","OFC"
2009,3242383,"LUX","Luxembourg",137,3146417.27316837,5427943.68498,5267291.30032023,1,0,0,1,0,0,0,0,0,0,0,8,3,"OFC","OFC"
2010,2464967,"LUX","Luxembourg",137,2623421.66879523,4048141.35509,4308366.70401235,1,0,0,1,0,0,0,0,0,0,0,8,3,"OFC","OFC"
2011,2723393,"LUX","Luxembourg",137,2894455.30874694,4646489.73302,4938345.98046551,1,0,0,1,0,0,0,0,0,0,0,8,3,"OFC","OFC"
2012,1986923,"LUX","Luxembourg",137,2167710.01527384,3438449.72842,3751308.88983199,1,0,0,1,0,0,0,0,0,0,0,8,3,"OFC","OFC"
2013,3646471,"LUX","Luxembourg",137,4090264.72237801,5772436.52242,6474970.86081885,1,0,0,1,0,0,0,0,0,0,0,8,3,"OFC","OFC"
2014,2681879,"LUX","Luxembourg",137,2711433.62652917,4087773.60938,4132821.36222829,1,0,0,1,0,0,0,0,0,0,0,8,3,"OFC","OFC"
2015,3026833.936588,"LUX","Luxembourg",137,3050936.33362363,4066763.27218154,4099146.5297667,1,0,0,1,0,0,0,0,0,0,0,8,3,"OFC","OFC"
2016,2919114.44852,"LUX","Luxembourg",137,2873144.14224409,3897630.80280839,3836250.79016574,1,0,0,1,0,0,0,0,0,0,0,8,3,"OFC","OFC"
2017,3366382.324698,"LUX","Luxembourg",137,3451637.7778099,4556398.47647874,4671791.73226571,1,0,0,1,0,0,0,0,0,0,0,8,3,"OFC","OFC"
2018,2967780.095801,"LUX","Luxembourg",137,3012974.71654924,4068381.3443288,4130336.39018152,1,0,0,1,0,0,0,0,0,0,0,8,3,"OFC","OFC"
2019,3070320.284797,"LUX","Luxembourg",137,3170999.51954247,4147419.34390664,4283417.86099317,1,0,0,1,0,0,0,0,0,0,0,8,3,"OFC","OFC"
2020,1794611.73826,"LUX","Luxembourg",137,2036554.40111212,2389274.28384983,2711387.06746463,1,0,0,1,0,0,0,0,0,0,0,8,3,"OFC","OFC"
2021,1694222.163725,"LUX","Luxembourg",137,1856274.96847266,2403576.04145502,2633478.73502248,1,0,0,1,0,0,0,0,0,0,0,8,3,"OFC","OFC"
2022,4169652.424306,"LUX","Luxembourg",137,4532230.89598478,5506776.56373245,5985626.69970918,1,0,0,1,0,0,0,0,0,0,0,8,3,"OFC","OFC"
1987,1730807,"NLD","Netherlands",138,1354309.07668232,2352391.71791,1840682.09539124,1,1,0,0,0,0,0,0,0,0,1,2,1,"Europe","Rich"
1988,2079323,"NLD","Netherlands",138,1382528.59042553,2836550.05691,1886004.0272008,1,1,0,0,0,0,0,0,0,0,1,2,1,"Europe","Rich"
1989,2676097,"NLD","Netherlands",138,1730421.59715487,3570528.90031,2308780.40757194,1,1,0,0,0,0,0,0,0,0,1,2,1,"Europe","Rich"
1990,2899198,"NLD","Netherlands",138,2237898.88074103,4061950.34988,3135430.60585102,1,1,0,0,0,0,0,0,0,0,1,2,1,"Europe","Rich"
1991,3021919,"NLD","Netherlands",138,2229375.87606049,4317506.33287,3185176.19540391,1,1,0,0,0,0,0,0,0,0,1,2,1,"Europe","Rich"
1992,2872429,"NLD","Netherlands",138,1972822.11538462,4146006.57002,2847531.98490385,1,1,0,0,0,0,0,0,0,0,1,2,1,"Europe","Rich"
1993,2555403,"NLD","Netherlands",138,1727207.16458263,3822831.77994,2583867.37407232,1,1,0,0,0,0,0,0,0,0,1,2,1,"Europe","Rich"
1994,2383572,"NLD","Netherlands",138,1817439.57300801,3651918.33264,2784535.51859703,1,1,0,0,0,0,0,0,0,0,1,2,1,"Europe","Rich"
1995,2027041,"NLD","Netherlands",138,1761878.31377662,3224637.09321,2802813.64033898,1,1,0,0,0,0,0,0,0,0,1,2,1,"Europe","Rich"
1996,2720250,"NLD","Netherlands",138,2020387.70053476,4295628.3825,3190454.82954545,1,1,0,0,0,0,0,0,0,0,1,2,1,"Europe","Rich"
1997,1920561,"NLD","Netherlands",138,1319701.09255824,2981325.25152,2048598.4,1,1,0,0,0,0,0,0,0,0,1,2,1,"Europe","Rich"
1998,2176051,"NLD","Netherlands",138,1580857.97312023,3438878.67683,2498277.2806611,1,1,0,0,0,0,0,0,0,0,1,2,1,"Europe","Rich"
1999,5078065,"NLD","Netherlands",138,3174584.27106777,6863969.67985,4291053.81335959,1,1,0,0,0,0,0,0,0,0,1,2,1,"Europe","Rich"
2000,5513566,"NLD","Netherlands",138,3369120.68438741,7519346.17514,4594773.09816071,1,1,0,0,0,0,0,0,0,0,1,2,1,"Europe","Rich"
2001,4539572,"NLD","Netherlands",138,2706475.88386097,6324758.689,3770797.52518929,1,1,0,0,0,0,0,0,0,0,1,2,1,"Europe","Rich"
2002,2203630,"NLD","Netherlands",138,1589003.46120565,3127964.6398,2255526.85304298,1,1,0,0,0,0,0,0,0,0,1,2,1,"Europe","Rich"
2003,2621810,"NLD","Netherlands",138,2119662.05837174,3626592.4644,2932001.34562212,1,1,0,0,0,0,0,0,0,0,1,2,1,"Europe","Rich"
2004,2468978,"NLD","Netherlands",138,2181846.94238247,3499603.48654,3092615.31154118,1,1,0,0,0,0,0,0,0,0,1,2,1,"Europe","Rich"
2005,2415472,"NLD","Netherlands",138,1837839.15392224,3500018.928,2663028.93403333,1,1,0,0,0,0,0,0,0,0,1,2,1,"Europe","Rich"
2006,3114804,"NLD","Netherlands",138,2552490.37122019,4683232.40616,3837771.37274441,1,1,0,0,0,0,0,0,0,0,1,2,1,"Europe","Rich"
2007,3811053,"NLD","Netherlands",138,3386097.73434029,5987164.263,5319559.5406486,1,1,0,0,0,0,0,0,0,0,1,2,1,"Europe","Rich"
2008,3173519,"NLD","Netherlands",138,2983471.84356491,5206157.9195,4894385.55936824,1,1,0,0,0,0,0,0,0,0,1,2,1,"Europe","Rich"
2009,2164626,"NLD","Netherlands",138,2100558.95196507,3623713.80156,3516461.71912664,1,1,0,0,0,0,0,0,0,0,1,2,1,"Europe","Rich"
2010,1614349,"NLD","Netherlands",138,1718123.66964666,2651196.93223,2821622.95895062,1,1,0,0,0,0,0,0,0,0,1,2,1,"Europe","Rich"
2011,2592035,"NLD","Netherlands",138,2754846.42363694,4422374.5949,4700153.67722393,1,1,0,0,0,0,0,0,0,0,1,2,1,"Europe","Rich"
2012,2033235,"NLD","Netherlands",138,2218235.87169976,3518594.4969,3838745.9054113,1,1,0,0,0,0,0,0,0,0,1,2,1,"Europe","Rich"
2013,2201535,"NLD","Netherlands",138,2469472.79865395,3485073.9357,3909224.82972518,1,1,0,0,0,0,0,0,0,0,1,2,1,"Europe","Rich"
2014,870832,"NLD","Netherlands",138,880428.672530583,1327339.55104,1341966.99124457,1,1,0,0,0,0,0,0,0,0,1,2,1,"Europe","Rich"
2015,838033.76276,"NLD","Netherlands",138,844706.947646407,1125957.02263145,1134922.91364928,1,1,0,0,0,0,0,0,0,0,1,2,1,"Europe","Rich"
2016,499231.49555,"NLD","Netherlands",138,491369.582234252,666578.885173316,656081.579894996,1,1,0,0,0,0,0,0,0,0,1,2,1,"Europe","Rich"
2017,889573.812152,"NLD","Netherlands",138,912102.75007895,1204038.15474773,1234531.07223186,1,1,0,0,0,0,0,0,0,0,1,2,1,"Europe","Rich"
2018,922456.859931,"NLD","Netherlands",138,936504.426325888,1264549.98643641,1283807.09282884,1,1,0,0,0,0,0,0,0,0,1,2,1,"Europe","Rich"
2019,787652.187971,"NLD","Netherlands",138,813480.183806868,1063968.45203311,1098857.16708816,1,1,0,0,0,0,0,0,0,0,1,2,1,"Europe","Rich"
2020,674373.46912,"NLD","Netherlands",138,765289.910485701,897833.861847603,1018876.37522424,1,1,0,0,0,0,0,0,0,0,1,2,1,"Europe","Rich"
2021,608097.142436,"NLD","Netherlands",138,666261.797344144,862701.335002529,945218.949274163,1,1,0,0,0,0,0,0,0,0,1,2,1,"Europe","Rich"
2022,1887143.644658,"NLD","Netherlands",138,2051243.09201957,2492312.86862693,2709035.7267684,1,1,0,0,0,0,0,0,0,0,1,2,1,"Europe","Rich"
1987,10437,"VAT","Holy See",139,8166.66666666667,14185.23981,11099.5616666667,0,1,0,0,0,0,0,0,0,0,1,2,1,"Europe","Rich"
1988,10864,"VAT","Holy See",139,7223.40425531915,14820.34288,9853.95138297872,0,1,0,0,0,0,0,0,0,0,1,2,1,"Europe","Rich"
1989,72900,"VAT","Holy See",139,47138.7002909796,97265.367,62893.8680892338,0,1,0,0,0,0,0,0,0,0,1,2,1,"Europe","Rich"
1990,49083,"VAT","Holy See",139,37887.3021999228,68768.22798,53082.3836202238,0,1,0,0,0,0,0,0,0,0,1,2,1,"Europe","Rich"
1991,45122,"VAT","Holy See",139,33288.0855772778,64467.15506,47559.6865068241,0,1,0,0,0,0,0,0,0,0,1,2,1,"Europe","Rich"
1992,61958,"VAT","Holy See",139,42553.5714285714,89428.93804,61420.9739285714,0,1,0,0,0,0,0,0,0,0,1,2,1,"Europe","Rich"
1993,67947,"VAT","Holy See",139,45925.6505576208,101647.35306,68703.8547211896,0,1,0,0,0,0,0,0,0,0,1,2,1,"Europe","Rich"
1994,72440,"VAT","Holy See",139,55234.4643537934,110986.7728,84625.8275257339,0,1,0,0,0,0,0,0,0,0,1,2,1,"Europe","Rich"
1995,62187,"VAT","Holy See",139,54052.1512385919,98927.70147,85986.7027118644,0,1,0,0,0,0,0,0,0,0,1,2,1,"Europe","Rich"
1996,77368,"VAT","Holy See",139,57462.8639334522,122174.12984,90741.3323232323,0,1,0,0,0,0,0,0,0,0,1,2,1,"Europe","Rich"
1997,100023,"VAT","Holy See",139,68730.1587301587,155267.70336,106691.2,0,1,0,0,0,0,0,0,0,0,1,2,1,"Europe","Rich"
1998,113404,"VAT","Holy See",139,82385.7609880131,179215.74332,130196.689662187,0,1,0,0,0,0,0,0,0,0,1,2,1,"Europe","Rich"
1999,22262,"VAT","Holy See",139,13917.2293073268,30091.32278,18811.7796824206,0,1,0,0,0,0,0,0,0,0,1,2,1,"Europe","Rich"
2000,48243,"VAT","Holy See",139,29479.3767186068,65793.32097,40203.6791750687,0,1,0,0,0,0,0,0,0,0,1,2,1,"Europe","Rich"
2001,26490,"VAT","Holy See",139,15793.239134323,36907.1925,22003.9304238955,0,1,0,0,0,0,0,0,0,0,1,2,1,"Europe","Rich"
2002,24911,"VAT","Holy See",139,17962.9362561292,35360.16806,25497.6694981252,0,1,0,0,0,0,0,0,0,0,1,2,1,"Europe","Rich"
2003,24596,"VAT","Holy See",139,19885.1968631256,34022.17104,27505.9997089498,0,1,0,0,0,0,0,0,0,0,1,2,1,"Europe","Rich"
2004,26932,"VAT","Holy See",139,23799.9293036409,38174.22476,33734.7337928597,0,1,0,0,0,0,0,0,0,0,1,2,1,"Europe","Rich"
2005,56971,"VAT","Holy See",139,43347.0288366431,82550.979,62809.8447842958,0,1,0,0,0,0,0,0,0,0,1,2,1,"Europe","Rich"
2006,69997,"VAT","Holy See",139,57360.4851266082,105243.28938,86243.7838072605,0,1,0,0,0,0,0,0,0,0,1,2,1,"Europe","Rich"
2007,108024,"VAT","Holy See",139,95978.676143936,169705.704,150782.500222124,0,1,0,0,0,0,0,0,0,0,1,2,1,"Europe","Rich"
2008,60457,"VAT","Holy See",139,56836.5140547147,99179.7085,93240.3013067594,0,1,0,0,0,0,0,0,0,0,1,2,1,"Europe","Rich"
2009,3676,"VAT","Holy See",139,3567.20038816109,6153.84456,5971.70748180495,0,1,0,0,0,0,0,0,0,0,1,2,1,"Europe","Rich"
2010,6451,"VAT","Holy See",139,6865.68752660707,10594.28377,11275.312654321,0,1,0,0,0,0,0,0,0,0,1,2,1,"Europe","Rich"
2011,4063,"VAT","Holy See",139,4318.20597300457,6932.04682,7367.46393878202,0,1,0,0,0,0,0,0,0,0,1,2,1,"Europe","Rich"
2012,7008,"VAT","Holy See",139,7645.64695614227,12127.62432,13231.0978834824,0,1,0,0,0,0,0,0,0,0,1,2,1,"Europe","Rich"
2013,5693,"VAT","Holy See",139,6385.866517106,9012.13286,10108.9544139091,0,1,0,0,0,0,0,0,0,0,1,2,1,"Europe","Rich"
2014,3560,"VAT","Holy See",139,3599.23162470933,5426.2232,5486.02082701446,0,1,0,0,0,0,0,0,0,0,1,2,1,"Europe","Rich"
2015,2962.47187,"VAT","Holy See",139,2986.06175788731,3980.2883303759,4011.98299604465,0,1,0,0,0,0,0,0,0,0,1,2,1,"Europe","Rich"
2016,13772.3616,"VAT","Holy See",139,13555.474015748,18388.994931936,18099.4044605669,0,1,0,0,0,0,0,0,0,0,1,2,1,"Europe","Rich"
2017,46329.4038,"VAT","Holy See",139,47502.7210089203,62706.8480433,64294.9328855737,0,1,0,0,0,0,0,0,0,0,1,2,1,"Europe","Rich"
2018,3373.1091,"VAT","Holy See",139,3424.47624365482,4624.026609735,4694.44325861421,0,1,0,0,0,0,0,0,0,0,1,2,1,"Europe","Rich"
2019,12245.32012,"VAT","Holy See",139,12646.8578569584,16541.1008712972,17083.502061758,0,1,0,0,0,0,0,0,0,0,1,2,1,"Europe","Rich"
2020,34085.08009,"VAT","Holy See",139,38680.2996935996,45379.5122286224,51497.4038000708,0,1,0,0,0,0,0,0,0,0,1,2,1,"Europe","Rich"
2021,8729.29125,"VAT","Holy See",139,9564.25030130382,12384.1582034625,13568.7062599567,0,1,0,0,0,0,0,0,0,0,1,2,1,"Europe","Rich"
2022,83.7108,"VAT","Holy See",139,90.99,110.555179344,120.1686732,0,1,0,0,0,0,0,0,0,0,1,2,1,"Europe","Rich"
1987,197518,"NOR","Norway",142,154552.425665102,268452.63934,210056.83829421,0,1,0,0,0,0,0,0,0,0,1,2,1,"Europe","Rich"
1988,136167,"NOR","Norway",142,90536.5691489362,185754.93639,123507.271535904,0,1,0,0,0,0,0,0,0,0,1,2,1,"Europe","Rich"
1989,170576,"NOR","Norway",142,110298.092466861,227587.61648,147163.02391206,0,1,0,0,0,0,0,0,0,0,1,2,1,"Europe","Rich"
1990,199021,"NOR","Norway",142,153624.855268236,278840.36226,215237.639722115,0,1,0,0,0,0,0,0,0,0,1,2,1,"Europe","Rich"
1991,204947,"NOR","Norway",142,151196.606418296,292813.92731,216019.127488012,0,1,0,0,0,0,0,0,0,0,1,2,1,"Europe","Rich"
1992,183298,"NOR","Norway",142,125891.483516484,264568.66724,181709.249478022,0,1,0,0,0,0,0,0,0,0,1,2,1,"Europe","Rich"
1993,155881,"NOR","Norway",142,105360.594795539,233194.85838,157617.34260223,0,1,0,0,0,0,0,0,0,0,1,2,1,"Europe","Rich"
1994,181627,"NOR","Norway",142,138487.990850172,278274.35924,212180.220541365,0,1,0,0,0,0,0,0,0,0,1,2,1,"Europe","Rich"
1995,150179,"NOR","Norway",142,130533.681008257,238906.25499,207654.285084746,0,1,0,0,0,0,0,0,0,0,1,2,1,"Europe","Rich"
1996,161331,"NOR","Norway",142,119823.975044563,254762.62203,189217.633712121,0,1,0,0,0,0,0,0,0,0,1,2,1,"Europe","Rich"
1997,190808,"NOR","Norway",142,131112.4853982,296195.07456,203528.533333333,0,1,0,0,0,0,0,0,0,0,1,2,1,"Europe","Rich"
1998,220837,"NOR","Norway",142,160433.708681438,348995.33621,253538.202840538,0,1,0,0,0,0,0,0,0,0,1,2,1,"Europe","Rich"
1999,243687,"NOR","Norway",142,152342.460615154,329389.28103,205919.780588897,0,1,0,0,0,0,0,0,0,0,1,2,1,"Europe","Rich"
2000,210508,"NOR","Norway",142,128633.058356248,287088.70532,175428.478655668,0,1,0,0,0,0,0,0,0,0,1,2,1,"Europe","Rich"
2001,182776,"NOR","Norway",142,108970.36904549,254652.662,151822.966672629,0,1,0,0,0,0,0,0,0,0,1,2,1,"Europe","Rich"
2002,205051,"NOR","Norway",142,147859.10008653,291061.69246,209880.078208826,0,1,0,0,0,0,0,0,0,0,1,2,1,"Europe","Rich"
2003,192411,"NOR","Norway",142,155559.058937667,266150.59164,215175.512684938,0,1,0,0,0,0,0,0,0,0,1,2,1,"Europe","Rich"
2004,210734,"NOR","Norway",142,186226.581831036,298700.69362,263963.143884765,0,1,0,0,0,0,0,0,0,0,1,2,1,"Europe","Rich"
2005,307708,"NOR","Norway",142,234123.107357529,445868.892,339244.382561059,0,1,0,0,0,0,0,0,0,0,1,2,1,"Europe","Rich"
2006,569921,"NOR","Norway",142,467033.516348439,856899.02034,702203.573170532,0,1,0,0,0,0,0,0,0,0,1,2,1,"Europe","Rich"
2007,744845,"NOR","Norway",142,661790.315415371,1170151.495,1039672.58551755,0,1,0,0,0,0,0,0,0,0,1,2,1,"Europe","Rich"
2008,166204,"NOR","Norway",142,156250.822600357,272657.662,256329.474475886,0,1,0,0,0,0,0,0,0,0,1,2,1,"Europe","Rich"
2009,137815,"NOR","Norway",142,133736.050460941,230710.5789,223882.172634643,0,1,0,0,0,0,0,0,0,0,1,2,1,"Europe","Rich"
2010,93711,"NOR","Norway",142,99734.993614304,153898.76397,163791.787962963,0,1,0,0,0,0,0,0,0,0,1,2,1,"Europe","Rich"
2011,65480,"NOR","Norway",142,69592.9429269848,111718.0472,118735.303645446,0,1,0,0,0,0,0,0,0,0,1,2,1,"Europe","Rich"
2012,58908,"NOR","Norway",142,64267.9467597643,101942.65032,111218.252585643,0,1,0,0,0,0,0,0,0,0,1,2,1,"Europe","Rich"
2013,50685,"NOR","Norway",142,56853.6174985979,80235.3687,90000.4135726304,0,1,0,0,0,0,0,0,0,0,1,2,1,"Europe","Rich"
2014,39040,"NOR","Norway",142,39470.2254574866,59505.5488,60161.3070468102,0,1,0,0,0,0,0,0,0,0,1,2,1,"Europe","Rich"
2015,27992.06743,"NOR","Norway",142,28214.9656587038,37609.3020369251,37908.7814100646,0,1,0,0,0,0,0,0,0,0,1,2,1,"Europe","Rich"
2016,34857.68263,"NOR","Norway",142,34308.742746063,46542.3264244023,45809.3764019708,0,1,0,0,0,0,0,0,0,0,1,2,1,"Europe","Rich"
2017,27657.487556,"NOR","Norway",142,28357.9283871629,37434.409407046,38382.456072025,0,1,0,0,0,0,0,0,0,0,1,2,1,"Europe","Rich"
2018,17902.812725,"NOR","Norway",142,18175.4443908629,24542.0708240662,24915.8079432145,0,1,0,0,0,0,0,0,0,0,1,2,1,"Europe","Rich"
2019,16190.337549,"NOR","Norway",142,16721.2368179706,21870.0698645647,22587.2139060828,0,1,0,0,0,0,0,0,0,0,1,2,1,"Europe","Rich"
2020,262210.42646,"NOR","Norway",142,297560.629210168,349096.473371786,396160.319305249,0,1,0,0,0,0,0,0,0,0,1,2,1,"Europe","Rich"
2021,194113.48453,"NOR","Norway",142,212680.491432015,275386.859367866,301727.686389685,0,1,0,0,0,0,0,0,0,0,1,2,1,"Europe","Rich"
2022,189061.380791,"NOR","Norway",142,205501.500859783,249689.584383058,271401.722155498,0,1,0,0,0,0,0,0,0,0,1,2,1,"Europe","Rich"
1987,256706,"SWE","Sweden",144,200865.414710485,348896.82578,273002.211095462,0,1,0,0,0,0,0,0,0,0,1,2,1,"Europe","Rich"
1988,273250,"SWE","Sweden",144,181682.180851064,372759.4525,247845.380651596,0,1,0,0,0,0,0,0,0,0,1,2,1,"Europe","Rich"
1989,544162,"SWE","Sweden",144,351866.795990947,726037.26526,469471.235215002,0,1,0,0,0,0,0,0,0,0,1,2,1,"Europe","Rich"
1990,582750,"SWE","Sweden",144,449826.321883443,816467.715,630233.666538016,0,1,0,0,0,0,0,0,0,0,1,2,1,"Europe","Rich"
1991,582237,"SWE","Sweden",144,429536.702323866,831859.46901,613691.972711177,0,1,0,0,0,0,0,0,0,0,1,2,1,"Europe","Rich"
1992,542545,"SWE","Sweden",144,372627.06043956,783098.6021,537842.446497253,0,1,0,0,0,0,0,0,0,0,1,2,1,"Europe","Rich"
1993,463097,"SWE","Sweden",144,313009.124704292,692783.85006,468255.390375127,0,1,0,0,0,0,0,0,0,0,1,2,1,"Europe","Rich"
1994,414585,"SWE","Sweden",144,316115.135341212,635193.9702,484326.321158978,0,1,0,0,0,0,0,0,0,0,1,2,1,"Europe","Rich"
1995,371992,"SWE","Sweden",144,323330.725771404,591768.59352,514357.751864407,0,1,0,0,0,0,0,0,0,0,1,2,1,"Europe","Rich"
1996,486907,"SWE","Sweden",144,361636.215092097,768889.45091,571070.596338384,0,1,0,0,0,0,0,0,0,0,1,2,1,"Europe","Rich"
1997,505064,"SWE","Sweden",144,347051.467051467,784020.94848,538734.933333333,0,1,0,0,0,0,0,0,0,0,1,2,1,"Europe","Rich"
1998,432406,"SWE","Sweden",144,314134.398837632,683344.17398,496436.014515074,0,1,0,0,0,0,0,0,0,0,1,2,1,"Europe","Rich"
1999,659889,"SWE","Sweden",144,412533.75843961,891965.36241,557617.755945236,0,1,0,0,0,0,0,0,0,0,1,2,1,"Europe","Rich"
2000,765531,"SWE","Sweden",144,467785.517873511,1044023.52249,637961.211420715,0,1,0,0,0,0,0,0,0,0,1,2,1,"Europe","Rich"
2001,747198,"SWE","Sweden",144,445476.658916115,1041033.6135,620660.355034878,0,1,0,0,0,0,0,0,0,0,1,2,1,"Europe","Rich"
2002,658647,"SWE","Sweden",144,474940.149985578,934923.07062,674158.545298529,0,1,0,0,0,0,0,0,0,0,1,2,1,"Europe","Rich"
2003,661354,"SWE","Sweden",144,534686.71679198,914811.30696,739600.054135338,0,1,0,0,0,0,0,0,0,0,1,2,1,"Europe","Rich"
2004,573616,"SWE","Sweden",144,506907.034287734,813060.52688,718505.237610463,0,1,0,0,0,0,0,0,0,0,1,2,1,"Europe","Rich"
2005,482586,"SWE","Sweden",144,367181.008902077,699267.114,532045.28189911,0,1,0,0,0,0,0,0,0,0,1,2,1,"Europe","Rich"
2006,685952,"SWE","Sweden",144,562117.512087192,1031356.27008,845166.164123576,0,1,0,0,0,0,0,0,0,0,1,2,1,"Europe","Rich"
2007,931354,"SWE","Sweden",144,827502.443358507,1463157.134,1300006.33851621,0,1,0,0,0,0,0,0,0,0,1,2,1,"Europe","Rich"
2008,502881,"SWE","Sweden",144,472765.817429726,824976.2805,775572.323493466,0,1,0,0,0,0,0,0,0,0,1,2,1,"Europe","Rich"
2009,180987,"SWE","Sweden",144,175630.276564774,302983.09722,294015.620786026,0,1,0,0,0,0,0,0,0,0,1,2,1,"Europe","Rich"
2010,217956,"SWE","Sweden",144,231966.794380587,357942.60012,380952.107407407,0,1,0,0,0,0,0,0,0,0,1,2,1,"Europe","Rich"
2011,195389,"SWE","Sweden",144,207661.813157615,333360.98846,354300.125900733,0,1,0,0,0,0,0,0,0,0,1,2,1,"Europe","Rich"
2012,179598,"SWE","Sweden",144,195939.341042985,310801.52292,339080.867248527,0,1,0,0,0,0,0,0,0,0,1,2,1,"Europe","Rich"
2013,105161,"SWE","Sweden",144,117959.618620303,166471.96622,186732.435468312,0,1,0,0,0,0,0,0,0,0,1,2,1,"Europe","Rich"
2014,1163127,"SWE","Sweden",144,1175944.79830149,1772861.43594,1792398.58046709,0,1,0,0,0,0,0,0,0,0,1,2,1,"Europe","Rich"
2015,344614.34258,"SWE","Sweden",144,347358.474528777,463013.492260211,466700.425622629,0,1,0,0,0,0,0,0,0,0,1,2,1,"Europe","Rich"
2016,25250.86275,"SWE","Sweden",144,24853.2113681102,33715.2044524275,33184.2563508145,0,1,0,0,0,0,0,0,0,0,1,2,1,"Europe","Rich"
2017,19574.45574,"SWE","Sweden",144,20070.1894186404,26494.02584409,27165.0013781298,0,1,0,0,0,0,0,0,0,0,1,2,1,"Europe","Rich"
2018,44974.25219,"SWE","Sweden",144,45659.1392791878,61652.9536146615,62591.8310808746,0,1,0,0,0,0,0,0,0,0,1,2,1,"Europe","Rich"
2019,74686.321745,"SWE","Sweden",144,77135.3697340563,100887.030276363,104195.228790461,0,1,0,0,0,0,0,0,0,0,1,2,1,"Europe","Rich"
2020,25754.10664,"SWE","Sweden",144,29226.1763958239,34287.9874162304,38910.5622063441,0,1,0,0,0,0,0,0,0,0,1,2,1,"Europe","Rich"
2021,14130.211548,"SWE","Sweden",144,15481.7700755999,20046.3898210321,21963.8323885528,0,1,0,0,0,0,0,0,0,0,1,2,1,"Europe","Rich"
2022,175401.860223,"SWE","Sweden",144,190654.195894565,231649.728759312,251793.183434034,0,1,0,0,0,0,0,0,0,0,1,2,1,"Europe","Rich"
1987,919527,"CAN","Canada",156,719504.694835681,1249756.73151,977900.415892019,0,1,0,0,1,0,0,0,0,0,0,7,1,"North America","Rich"
1988,1497720,"CAN","Canada",156,995824.468085106,2043144.6924,1358473.86462766,0,1,0,0,1,0,0,0,0,0,0,7,1,"North America","Rich"
1989,1886682,"CAN","Canada",156,1219968.96217265,2517267.72486,1627719.18839961,0,1,0,0,1,0,0,0,0,0,0,7,1,"North America","Rich"
1990,1865110,"CAN","Canada",156,1439683.5198765,2613131.0166,2017082.99235816,0,1,0,0,1,0,0,0,0,0,0,7,1,"North America","Rich"
1991,1769945,"CAN","Canada",156,1305750.64551826,2528773.51985,1865565.1197713,0,1,0,0,1,0,0,0,0,0,0,7,1,"North America","Rich"
1992,1891206,"CAN","Canada",156,1298905.21978022,2729728.91628,1874813.81612637,0,1,0,0,1,0,0,0,0,0,0,7,1,"North America","Rich"
1993,1573032,"CAN","Canada",156,1063218.654951,2353224.41136,1590553.84343359,0,1,0,0,1,0,0,0,0,0,0,7,1,"North America","Rich"
1994,1384315,"CAN","Canada",156,1055520.39649257,2120936.6978,1617183.90987419,0,1,0,0,1,0,0,0,0,0,0,7,1,"North America","Rich"
1995,1387350,"CAN","Canada",156,1205867.01434159,2207010.2535,1918305.30508475,0,1,0,0,1,0,0,0,0,0,0,7,1,"North America","Rich"
1996,1660513,"CAN","Canada",156,1233298.42543078,2622165.89369,1947538.5425505,0,1,0,0,1,0,0,0,0,0,0,7,1,"North America","Rich"
1997,1893201,"CAN","Canada",156,1300900.84518656,2938853.77632,2019414.4,0,1,0,0,1,0,0,0,0,0,0,7,1,"North America","Rich"
1998,1804988,"CAN","Canada",156,1311288.04940065,2852476.68604,2072267.84310934,0,1,0,0,1,0,0,0,0,0,0,7,1,"North America","Rich"
1999,2446877,"CAN","Canada",156,1529680.54513628,3307419.17213,2067653.89605526,0,1,0,0,1,0,0,0,0,0,0,7,1,"North America","Rich"
2000,2684300,"CAN","Canada",156,1640268.86648335,3660821.497,2236982.27742133,0,1,0,0,1,0,0,0,0,0,0,7,1,"North America","Rich"
2001,2174786,"CAN","Canada",156,1296599.2964884,3030020.5945,1806486.96983247,0,1,0,0,1,0,0,0,0,0,0,7,1,"North America","Rich"
2002,1759012,"CAN","Canada",156,1268396.3080473,2496847.17352,1800437.82342082,0,1,0,0,1,0,0,0,0,0,0,7,1,"North America","Rich"
2003,1663867,"CAN","Canada",156,1345191.20381599,2301527.38908,1860722.28076643,0,1,0,0,1,0,0,0,0,0,0,7,1,"North America","Rich"
2004,1568144,"CAN","Canada",156,1385775.89254153,2222734.34992,1964240.32336515,0,1,0,0,1,0,0,0,0,0,0,7,1,"North America","Rich"
2005,2013511,"CAN","Canada",156,1532002.5869284,2917577.439,2219871.74845926,0,1,0,0,1,0,0,0,0,0,0,7,1,"North America","Rich"
2006,2171474,"CAN","Canada",156,1779459.14938949,3264898.01796,2675488.00947308,0,1,0,0,1,0,0,0,0,0,0,7,1,"North America","Rich"
2007,2350215,"CAN","Canada",156,2088151.93247446,3692187.765,3280486.68591737,0,1,0,0,1,0,0,0,0,0,0,7,1,"North America","Rich"
2008,1822416,"CAN","Canada",156,1713280.06016734,2989673.448,2810635.93870452,0,1,0,0,1,0,0,0,0,0,0,7,1,"North America","Rich"
2009,1356444,"CAN","Canada",156,1316296.94323144,2270768.64264,2203560.06078603,0,1,0,0,1,0,0,0,0,0,0,7,1,"North America","Rich"
2010,1473971,"CAN","Canada",156,1568721.79650915,2420658.35417,2576264.74475309,0,1,0,0,1,0,0,0,0,0,0,7,1,"North America","Rich"
2011,921935,"CAN","Canada",156,979843.766606441,1572950.1809,1671750.64395791,0,1,0,0,1,0,0,0,0,0,0,7,1,"North America","Rich"
2012,695810,"CAN","Canada",156,759120.663320969,1204127.0374,1313688.67270347,0,1,0,0,1,0,0,0,0,0,0,7,1,"North America","Rich"
2013,754843,"CAN","Canada",156,846711.160964666,1194931.56586,1340360.70203029,0,1,0,0,1,0,0,0,0,0,0,7,1,"North America","Rich"
2014,561931,"CAN","Canada",156,568123.546658579,856506.46882,865945.272287939,0,1,0,0,1,0,0,0,0,0,0,7,1,"North America","Rich"
2015,372620.35711,"CAN","Canada",156,375587.498346941,500641.533202283,504628.095153999,0,1,0,0,1,0,0,0,0,0,0,7,1,"North America","Rich"
2016,274986.53069,"CAN","Canada",156,270656.034143701,367164.765642595,361382.643349011,0,1,0,0,1,0,0,0,0,0,0,7,1,"North America","Rich"
2017,305860.03229,"CAN","Canada",156,313606.103034964,413981.553704515,424465.860457823,0,1,0,0,1,0,0,0,0,0,0,7,1,"North America","Rich"
2018,347624.01245,"CAN","Canada",156,352917.779137056,476540.377467082,483797.337530033,0,1,0,0,1,0,0,0,0,0,0,7,1,"North America","Rich"
2019,320982.01933,"CAN","Canada",156,331507.378600568,433585.721531157,447803.482087433,0,1,0,0,1,0,0,0,0,0,0,7,1,"North America","Rich"
2020,139362.41408,"CAN","Canada",156,158150.719564231,185541.543609549,210555.541999034,0,1,0,0,1,0,0,0,0,0,0,7,1,"North America","Rich"
2021,144687.54804,"CAN","Canada",156,158526.950849129,205266.777528868,224900.599900151,0,1,0,0,1,0,0,0,0,0,0,7,1,"North America","Rich"
2022,320698.5471,"CAN","Canada",156,348585.377282609,423540.157184028,460369.736069596,0,1,0,0,1,0,0,0,0,0,0,7,1,"North America","Rich"
1987,390367,"JPN","Japan",158,305451.486697966,530559.50071,415148.279115806,0,1,0,0,0,0,0,0,1,0,0,4,1,"Asia","Rich"
1988,437783,"JPN","Japan",158,291079.122340426,597210.43511,397081.406323138,0,1,0,0,0,0,0,0,1,0,0,4,1,"Asia","Rich"
1989,543764,"JPN","Japan",158,351609.440672486,725506.24172,469127.864028451,0,1,0,0,0,0,0,0,1,0,0,4,1,"Asia","Rich"
1990,572614,"JPN","Japan",158,442002.315708221,802266.57084,619271.76444616,0,1,0,0,0,0,0,0,1,0,0,4,1,"Asia","Rich"
1991,598472,"JPN","Japan",158,441513.83253412,855054.90056,630804.057956474,0,1,0,0,0,0,0,0,1,0,0,4,1,"Asia","Rich"
1992,684535,"JPN","Japan",158,470147.664835165,988044.1283,678601.73646978,0,1,0,0,0,0,0,0,1,0,0,4,1,"Asia","Rich"
1993,603517,"JPN","Japan",158,407919.567421426,902849.36166,610239.514471105,0,1,0,0,0,0,0,0,1,0,0,4,1,"Asia","Rich"
1994,573005,"JPN","Japan",158,436908.120472741,877912.4206,669395.669538696,0,1,0,0,0,0,0,0,1,0,0,4,1,"Asia","Rich"
1995,483947,"JPN","Japan",158,420640.591047371,769867.72707,669159.258644068,0,1,0,0,0,0,0,0,1,0,0,4,1,"Asia","Rich"
1996,625102,"JPN","Japan",158,464276.589423648,987117.32126,733153.090656566,0,1,0,0,0,0,0,0,1,0,0,4,1,"Asia","Rich"
1997,721026,"JPN","Japan",158,495448.361162647,1119263.08032,769094.4,0,1,0,0,0,0,0,0,1,0,0,4,1,"Asia","Rich"
1998,735891,"JPN","Japan",158,534610.243370868,1162950.62403,844860.605906284,0,1,0,0,0,0,0,0,1,0,0,4,1,"Asia","Rich"
1999,1158786,"JPN","Japan",158,724422.355588897,1566319.44834,979194.453825957,0,1,0,0,0,0,0,0,1,0,0,4,1,"Asia","Rich"
2000,1175596,"JPN","Japan",158,718359.914451573,1603266.06884,979692.067729911,0,1,0,0,0,0,0,0,1,0,0,4,1,"Asia","Rich"
2001,1226954,"JPN","Japan",158,731505.395576224,1709453.6605,1019169.89238657,0,1,0,0,0,0,0,0,1,0,0,4,1,"Asia","Rich"
2002,887877,"JPN","Japan",158,640234.352466109,1260305.88642,908787.053951543,0,1,0,0,0,0,0,0,1,0,0,4,1,"Asia","Rich"
2003,809311,"JPN","Japan",158,654305.926105586,1119471.34764,905062.129226292,0,1,0,0,0,0,0,0,1,0,0,4,1,"Asia","Rich"
2004,803150,"JPN","Japan",158,709747.260516083,1138408.9045,1006017.05947331,0,1,0,0,0,0,0,0,1,0,0,4,1,"Asia","Rich"
2005,848831,"JPN","Japan",158,645842.653884197,1229956.119,935826.005478201,0,1,0,0,0,0,0,0,1,0,0,4,1,"Asia","Rich"
2006,960521,"JPN","Japan",158,787118.741293125,1444181.74434,1183464.51228386,0,1,0,0,0,0,0,0,1,0,0,4,1,"Asia","Rich"
2007,1029066,"JPN","Japan",158,914318.969346957,1616662.686,1436395.10084407,0,1,0,0,0,0,0,0,1,0,0,4,1,"Asia","Rich"
2008,1004981,"JPN","Japan",158,944797.405283444,1648671.3305,1549940.14336749,0,1,0,0,0,0,0,0,1,0,0,4,1,"Asia","Rich"
2009,579624,"JPN","Japan",158,562468.704512373,970325.35344,941606.359475983,0,1,0,0,0,0,0,0,1,0,0,4,1,"Asia","Rich"
2010,434324,"JPN","Japan",158,462243.507875692,713277.27548,759128.645679012,0,1,0,0,0,0,0,0,1,0,0,4,1,"Asia","Rich"
2011,346781,"JPN","Japan",158,368563.077904134,591656.93534,628820.20973536,0,1,0,0,0,0,0,0,1,0,0,4,1,"Asia","Rich"
2012,307008,"JPN","Japan",158,334942.177612917,531289.62432,579630.836046258,0,1,0,0,0,0,0,0,1,0,0,4,1,"Asia","Rich"
2013,259773,"JPN","Japan",158,291388.670779585,411225.85446,461274.093617499,0,1,0,0,0,0,0,0,1,0,0,4,1,"Asia","Rich"
2014,125366,"JPN","Japan",158,126747.548276211,191085.36452,193191.148033566,0,1,0,0,0,0,0,0,1,0,0,4,1,"Asia","Rich"
2015,73971.9902,"JPN","Japan",158,74561.0222759802,99386.546873014,100177.952699339,0,1,0,0,0,0,0,0,1,0,0,4,1,"Asia","Rich"
2016,61699.51803,"JPN","Japan",158,60727.8720767717,82381.8134688363,81084.4620756263,0,1,0,0,0,0,0,0,1,0,0,4,1,"Asia","Rich"
2017,73222.488796,"JPN","Japan",158,75076.8879278171,99106.638585386,101616.5678103,0,1,0,0,0,0,0,0,1,0,0,4,1,"Asia","Rich"
2018,80462.123186,"JPN","Japan",158,81687.434706599,110301.501569528,111981.219867541,0,1,0,0,0,0,0,0,1,0,0,4,1,"Asia","Rich"
2019,120291.227987,"JPN","Japan",158,124235.711837852,162490.59367712,167818.841907689,0,1,0,0,0,0,0,0,1,0,0,4,1,"Asia","Rich"
2020,59623.6512,"JPN","Japan",158,67661.8828869723,79380.544261632,90082.3244003995,0,1,0,0,0,0,0,0,1,0,0,4,1,"Asia","Rich"
2021,17012.46114,"JPN","Japan",158,18639.7076147694,24135.4084947066,26443.9667959972,0,1,0,0,0,0,0,0,1,0,0,4,1,"Asia","Rich"
2022,144149.29447,"JPN","Japan",158,156684.015728261,190375.09022064,206929.445892,0,1,0,0,0,0,0,0,1,0,0,4,1,"Asia","Rich"
1987,34206,"FIN","Finland",172,26765.2582159624,46490.40078,36377.465399061,1,1,0,0,0,0,0,0,0,0,1,2,1,"Europe","Rich"
1988,44393,"FIN","Finland",172,29516.6223404255,60559.59881,40265.6906981383,1,1,0,0,0,0,0,0,0,0,1,2,1,"Europe","Rich"
1989,75249,"FIN","Finland",172,48657.6139670223,100399.47327,64920.4482832202,1,1,0,0,0,0,0,0,0,0,1,2,1,"Europe","Rich"
1990,111787,"FIN","Finland",172,86288.6916248553,156620.29422,120895.63428792,1,1,0,0,0,0,0,0,0,0,1,2,1,"Europe","Rich"
1991,109621,"FIN","Finland",172,80871.2652157875,156618.81133,115543.202751752,1,1,0,0,0,0,0,0,0,0,1,2,1,"Europe","Rich"
1992,121259,"FIN","Finland",172,83282.2802197802,175022.81542,120207.977623626,1,1,0,0,0,0,0,0,0,0,1,2,1,"Europe","Rich"
1993,95023,"FIN","Finland",172,64226.4278472457,142152.50754,96081.4515309226,1,1,0,0,0,0,0,0,0,0,1,2,1,"Europe","Rich"
1994,190440,"FIN","Finland",172,145207.777354175,291776.9328,222475.739839878,1,1,0,0,0,0,0,0,0,0,1,2,1,"Europe","Rich"
1995,90311,"FIN","Finland",172,78497.1751412429,143667.64191,124874.091186441,1,1,0,0,0,0,0,0,0,0,1,2,1,"Europe","Rich"
1996,120101,"FIN","Finland",172,89201.5745692216,189655.09213,140860.882449495,1,1,0,0,0,0,0,0,0,0,1,2,1,"Europe","Rich"
1997,134190,"FIN","Finland",172,92207.7922077922,208305.8208,143136,1,1,0,0,0,0,0,0,0,0,1,2,1,"Europe","Rich"
1998,113750,"FIN","Finland",172,82637.1231383945,179762.5375,130593.924809299,1,1,0,0,0,0,0,0,0,0,1,2,1,"Europe","Rich"
1999,205483,"FIN","Finland",172,128458.989747437,277749.31627,173636.731851713,1,1,0,0,0,0,0,0,0,0,1,2,1,"Europe","Rich"
2000,174319,"FIN","Finland",172,106519.401161014,237734.50901,145270.09410938,1,1,0,0,0,0,0,0,0,0,1,2,1,"Europe","Rich"
2001,273420,"FIN","Finland",172,163011.983544983,380942.415,227116.446074048,1,1,0,0,0,0,0,0,0,0,1,2,1,"Europe","Rich"
2002,136766,"FIN","Finland",172,98619.8442457456,194133.86636,139986.924113066,1,1,0,0,0,0,0,0,0,0,1,2,1,"Europe","Rich"
2003,145526,"FIN","Finland",172,117653.811949228,201297.38424,162743.45884065,1,1,0,0,0,0,0,0,0,0,1,2,1,"Europe","Rich"
2004,144803,"FIN","Finland",172,127963.061152351,205248.11629,181378.681769176,1,1,0,0,0,0,0,0,0,0,1,2,1,"Europe","Rich"
2005,80525,"FIN","Finland",172,61268.3557787415,116680.725,88777.8475233965,1,1,0,0,0,0,0,0,0,0,1,2,1,"Europe","Rich"
2006,90555,"FIN","Finland",172,74207.1621732361,136153.0647,111573.436613947,1,1,0,0,0,0,0,0,0,0,1,2,1,"Europe","Rich"
2007,169449,"FIN","Finland",172,150554.420257663,266204.379,236520.994224789,1,1,0,0,0,0,0,0,0,0,1,2,1,"Europe","Rich"
2008,104954,"FIN","Finland",172,98668.7975933064,172177.037,161866.162451819,1,1,0,0,0,0,0,0,0,0,1,2,1,"Europe","Rich"
2009,98260,"FIN","Finland",172,95351.7709849588,164493.1356,159624.58573508,1,1,0,0,0,0,0,0,0,0,1,2,1,"Europe","Rich"
2010,42349,"FIN","Finland",172,45071.306939123,69548.49223,74019.2552469136,1,1,0,0,0,0,0,0,0,0,1,2,1,"Europe","Rich"
2011,29565,"FIN","Finland",172,31422.0427250505,50442.0291,53610.4039749176,1,1,0,0,0,0,0,0,0,0,1,2,1,"Europe","Rich"
2012,10535,"FIN","Finland",172,11493.5631682304,18231.2389,19890.0708051495,1,1,0,0,0,0,0,0,0,0,1,2,1,"Europe","Rich"
2013,4646,"FIN","Finland",172,5211.44139091419,7354.71092,8249.81595064498,1,1,0,0,0,0,0,0,0,0,1,2,1,"Europe","Rich"
2014,5074,"FIN","Finland",172,5129.9160853301,7733.89228,7819.12069558184,1,1,0,0,0,0,0,0,0,0,1,2,1,"Europe","Rich"
2015,9387.77313,"FIN","Finland",172,9462.52709404294,12613.1303442741,12713.5675277433,1,1,0,0,0,0,0,0,0,0,1,2,1,"Europe","Rich"
2016,18267.2575,"FIN","Finland",172,17979.5841535433,24390.624886575,24006.5205576526,1,1,0,0,0,0,0,0,0,0,1,2,1,"Europe","Rich"
2017,29987.774,"FIN","Finland",172,30747.2305957141,40588.452109,41616.3766112991,1,1,0,0,0,0,0,0,0,0,1,2,1,"Europe","Rich"
2018,34754.99193,"FIN","Finland",172,35284.2557664975,47643.8806872405,48369.422017503,1,1,0,0,0,0,0,0,0,0,1,2,1,"Europe","Rich"
2019,22877.01256,"FIN","Finland",172,23627.1753782597,30902.4973361736,31915.824772707,1,1,0,0,0,0,0,0,0,0,1,2,1,"Europe","Rich"
2020,25583.58125,"FIN","Finland",172,29032.6614275987,34060.956733,38652.9241182478,1,1,0,0,0,0,0,0,0,0,1,2,1,"Europe","Rich"
2021,7875.5484,"FIN","Finland",172,8628.84671852745,11172.961759596,12241.6585511077,1,1,0,0,0,0,0,0,0,0,1,2,1,"Europe","Rich"
2022,15329.55392,"FIN","Finland",172,16662.5586086957,20245.4352710656,22005.9079033322,1,1,0,0,0,0,0,0,0,0,1,2,1,"Europe","Rich"
1987,2983353,"GRC","Greece",174,2334392.01877934,4054764.56289,3172742.22448357,1,1,0,0,0,0,0,0,0,0,1,2,1,"Europe","Rich"
1988,3631068,"GRC","Greece",174,2414273.93617021,4953394.03356,3293480.07550532,1,1,0,0,0,0,0,0,0,0,1,2,1,"Europe","Rich"
1989,4518420,"GRC","Greece",174,2921707.08050436,6028611.5166,3898229.23802134,1,1,0,0,0,0,0,0,0,0,1,2,1,"Europe","Rich"
1990,4689332,"GRC","Greece",174,3619708.22076418,6570035.49192,5071428.39978387,1,1,0,0,0,0,0,0,0,0,1,2,1,"Europe","Rich"
1991,4572986,"GRC","Greece",174,3373652.5267429,6533562.28778,4820038.57453338,1,1,0,0,0,0,0,0,0,0,1,2,1,"Europe","Rich"
1992,4846998,"GRC","Greece",174,3328982.14285714,6996059.97324,4804986.24535714,1,1,0,0,0,0,0,0,0,0,1,2,1,"Europe","Rich"
1993,4482840,"GRC","Greece",174,3029969.58431903,6706238.9832,4532773.89874958,1,1,0,0,0,0,0,0,0,0,1,2,1,"Europe","Rich"
1994,4123980,"GRC","Greece",174,3144475.79107892,6318432.2376,4817714.24902783,1,1,0,0,0,0,0,0,0,0,1,2,1,"Europe","Rich"
1995,3565471,"GRC","Greece",174,3099062.14689266,5671986.92151,4930019.0538983,1,1,0,0,0,0,0,0,0,0,1,2,1,"Europe","Rich"
1996,3923085,"GRC","Greece",174,2913758.91265597,6195061.21605,4601204.11174242,1,1,0,0,0,0,0,0,0,0,1,2,1,"Europe","Rich"
1997,4073629,"GRC","Greece",174,2799167.86916787,6323575.76928,4345204.26666667,1,1,0,0,0,0,0,0,0,0,1,2,1,"Europe","Rich"
1998,4042670,"GRC","Greece",174,2936919.72393752,6388752.6811,4641302.34733018,1,1,0,0,0,0,0,0,0,0,1,2,1,"Europe","Rich"
1999,5506151,"GRC","Greece",174,3442204.92623156,7442609.24519,4652793.97673794,1,1,0,0,0,0,0,0,0,0,1,2,1,"Europe","Rich"
2000,5649312,"GRC","Greece",174,3452069.66086159,7704475.21248,4707898.08278643,1,1,0,0,0,0,0,0,0,0,1,2,1,"Europe","Rich"
2001,5474519,"GRC","Greece",174,3263887.7958624,7627373.59675,4547411.67158529,1,1,0,0,0,0,0,0,0,0,1,2,1,"Europe","Rich"
2002,4466446,"GRC","Greece",174,3220685.03028555,6339941.43916,4571633.57308913,1,1,0,0,0,0,0,0,0,0,1,2,1,"Europe","Rich"
2003,4244617,"GRC","Greece",174,3431657.36922953,5871324.01908,4746805.73941305,1,1,0,0,0,0,0,0,0,0,1,2,1,"Europe","Rich"
2004,4720164,"GRC","Greece",174,4171230.11664899,6690502.05852,5912426.70424178,1,1,0,0,0,0,0,0,0,0,1,2,1,"Europe","Rich"
2005,2060325,"GRC","Greece",174,1567621.54759187,2985410.925,2271483.62246063,1,1,0,0,0,0,0,0,0,0,1,2,1,"Europe","Rich"
2006,1783985,"GRC","Greece",174,1461923.29754978,2682292.8069,2198060.154798,1,1,0,0,0,0,0,0,0,0,1,2,1,"Europe","Rich"
2007,1930993,"GRC","Greece",174,1715675.69968903,3033590.003,2695326.52421146,1,1,0,0,0,0,0,0,0,0,1,2,1,"Europe","Rich"
2008,1357329,"GRC","Greece",174,1276044.93748237,2226698.2245,2093351.71993983,1,1,0,0,0,0,0,0,0,0,1,2,1,"Europe","Rich"
2009,934844,"GRC","Greece",174,907175.157690442,1564984.94664,1518665.64448326,1,1,0,0,0,0,0,0,0,0,1,2,1,"Europe","Rich"
2010,1308538,"GRC","Greece",174,1392654.32098765,2148972.70126,2287114.4117284,1,1,0,0,0,0,0,0,0,0,1,2,1,"Europe","Rich"
2011,1158381,"GRC","Greece",174,1231141.46030396,1976360.15934,2100499.69108301,1,1,0,0,0,0,0,0,0,0,1,2,1,"Europe","Rich"
2012,859097,"GRC","Greece",174,937264.891992145,1486701.72238,1621974.38618809,1,1,0,0,0,0,0,0,0,0,1,2,1,"Europe","Rich"
2013,658205,"GRC","Greece",174,738311.833987661,1041951.6791,1168762.39943915,1,1,0,0,0,0,0,0,0,0,1,2,1,"Europe","Rich"
2014,724308,"GRC","Greece",174,732289.960570215,1104004.73976,1116171.00370033,1,1,0,0,0,0,0,0,0,0,1,2,1,"Europe","Rich"
2015,447112.61637,"GRC","Greece",174,450672.932537043,600727.097976241,605510.631968794,1,1,0,0,0,0,0,0,0,0,1,2,1,"Europe","Rich"
2016,351851.61791,"GRC","Greece",174,346310.647549213,469795.798749611,462397.439714184,1,1,0,0,0,0,0,0,0,0,1,2,1,"Europe","Rich"
2017,464614.42433,"GRC","Greece",174,476381.035917154,628855.623330655,644781.732113868,1,1,0,0,0,0,0,0,0,0,1,2,1,"Europe","Rich"
2018,684482.814324,"GRC","Greece",174,694906.410481218,938323.266016055,952612.452808178,1,1,0,0,0,0,0,0,0,0,1,2,1,"Europe","Rich"
2019,1269920.092664,"GRC","Greece",174,1311562.19226853,1715420.76037146,1771671.32493825,1,1,0,0,0,0,0,0,0,0,1,2,1,"Europe","Rich"
2020,685418.958372,"GRC","Greece",174,777824.510181571,912539.384418146,1035564.43987534,1,1,0,0,0,0,0,0,0,0,1,2,1,"Europe","Rich"
2021,527147.699862,"GRC","Greece",174,577569.518858332,747859.170317221,819392.100709128,1,1,0,0,0,0,0,0,0,0,1,2,1,"Europe","Rich"
2022,2161960.010383,"GRC","Greece",174,2349956.533025,2855257.34651262,3103540.59403546,1,1,0,0,0,0,0,0,0,0,1,2,1,"Europe","Rich"
1987,68176,"ISL","Iceland",176,53345.8528951487,92660.04688,72503.9490453834,0,1,0,0,0,0,0,0,0,0,1,2,1,"Europe","Rich"
1988,64315,"ISL","Iceland",176,42762.6329787234,87736.59355,58335.5010305851,0,1,0,0,0,0,0,0,0,0,1,2,1,"Europe","Rich"
1989,76711,"ISL","Iceland",176,49602.9744584546,102350.11753,66181.7766117039,0,1,0,0,0,0,0,0,0,0,1,2,1,"Europe","Rich"
1990,72770,"ISL","Iceland",176,56171.3624083365,101955.1362,78699.449015824,0,1,0,0,0,0,0,0,0,0,1,2,1,"Europe","Rich"
1991,50522,"ISL","Iceland",176,37271.85540391,72182.29706,53251.4179712283,0,1,0,0,0,0,0,0,0,0,1,2,1,"Europe","Rich"
1992,56752,"ISL","Iceland",176,38978.021978022,81914.70176,56260.0973626374,0,1,0,0,0,0,0,0,0,0,1,2,1,"Europe","Rich"
1993,35531,"ISL","Iceland",176,24015.5457924975,53153.66538,35926.7761946604,0,1,0,0,0,0,0,0,0,0,1,2,1,"Europe","Rich"
1994,24911,"ISL","Iceland",176,18994.2813572246,38166.64132,29101.5183530309,0,1,0,0,0,0,0,0,0,0,1,2,1,"Europe","Rich"
1995,11314,"ISL","Iceland",176,9833.98522381573,17998.42434,15644.0020338983,0,1,0,0,0,0,0,0,0,0,1,2,1,"Europe","Rich"
1996,13692,"ISL","Iceland",176,10169.3404634581,21621.44796,16058.7106060606,0,1,0,0,0,0,0,0,0,0,1,2,1,"Europe","Rich"
1997,12602,"ISL","Iceland",176,8659.38294509723,19562.33664,13442.1333333333,0,1,0,0,0,0,0,0,0,0,1,2,1,"Europe","Rich"
1998,8935,"ISL","Iceland",176,6491.10061750817,14120.24855,10258.0810388667,0,1,0,0,0,0,0,0,0,0,1,2,1,"Europe","Rich"
1999,9554,"ISL","Iceland",176,5972.74318579645,12914.04626,8073.2972368092,0,1,0,0,0,0,0,0,0,0,1,2,1,"Europe","Rich"
2000,9209,"ISL","Iceland",176,5627.25328444852,12559.14211,7674.39175679804,0,1,0,0,0,0,0,0,0,0,1,2,1,"Europe","Rich"
2001,8795,"ISL","Iceland",176,5243.54617540094,12253.63375,7305.57070887736,0,1,0,0,0,0,0,0,0,0,1,2,1,"Europe","Rich"
2002,72251,"ISL","Iceland",176,52099.0770118258,102557.40446,73952.5558552062,0,1,0,0,0,0,0,0,0,0,1,2,1,"Europe","Rich"
2003,8140,"ISL","Iceland",176,6580.96855040828,11259.5736,9103.05893766675,0,1,0,0,0,0,0,0,0,0,1,2,1,"Europe","Rich"
2004,3544,"ISL","Iceland",176,3131.84870979145,5023.37192,4439.17631671969,0,1,0,0,0,0,0,0,0,0,1,2,1,"Europe","Rich"
2005,17763,"ISL","Iceland",176,13515.179182835,25738.587,19583.4946359279,0,1,0,0,0,0,0,0,0,0,1,2,1,"Europe","Rich"
2006,12427,"ISL","Iceland",176,10183.5614193231,18684.49158,15311.3919364091,0,1,0,0,0,0,0,0,0,0,1,2,1,"Europe","Rich"
2007,12017,"ISL","Iceland",176,10677.0324300311,18878.707,16773.6179475789,0,1,0,0,0,0,0,0,0,0,1,2,1,"Europe","Rich"
2008,24294,"ISL","Iceland",176,22839.1463758579,39854.307,37467.6196295948,0,1,0,0,0,0,0,0,0,0,1,2,1,"Europe","Rich"
2009,13218,"ISL","Iceland",176,12826.7831149927,22127.72508,21472.8045414847,0,1,0,0,0,0,0,0,0,0,1,2,1,"Europe","Rich"
2010,5271,"ISL","Iceland",176,5609.83397190294,8656.40517,9212.86203703704,0,1,0,0,0,0,0,0,0,0,1,2,1,"Europe","Rich"
2011,3884,"ISL","Iceland",176,4127.96258901052,6626.64776,7042.88209161441,0,1,0,0,0,0,0,0,0,0,1,2,1,"Europe","Rich"
2012,1571,"ISL","Iceland",176,1713.94283220598,2718.67834,2966.04662884573,0,1,0,0,0,0,0,0,0,0,1,2,1,"Europe","Rich"
2013,5136,"ISL","Iceland",176,5761.07683679192,8130.39072,9119.89985417835,0,1,0,0,0,0,0,0,0,0,1,2,1,"Europe","Rich"
2014,3656,"ISL","Iceland",176,3696.28955616217,5572.54832,5633.9584672935,0,1,0,0,0,0,0,0,0,0,1,2,1,"Europe","Rich"
2015,3385.97799,"ISL","Iceland",176,3412.94021771999,4549.2984480243,4585.52408832204,0,1,0,0,0,0,0,0,0,0,1,2,1,"Europe","Rich"
2016,3489.59669,"ISL","Iceland",176,3434.64241141732,4659.3443964549,4585.96889414852,0,1,0,0,0,0,0,0,0,0,1,2,1,"Europe","Rich"
2017,0,"ISL","Iceland",176,0,0,0,0,1,0,0,0,0,0,0,0,0,1,2,1,"Europe","Rich"
2018,1978.2999,"ISL","Iceland",176,2008.42629441624,2711.952417915,2753.25118570051,0,1,0,0,0,0,0,0,0,0,1,2,1,"Europe","Rich"
2019,13123.81545,"ISL","Iceland",176,13554.1600309837,17727.7811480145,18309.0949114531,0,1,0,0,0,0,0,0,0,0,1,2,1,"Europe","Rich"
2020,367.71904,"ISL","Iceland",176,417.293508851566,489.5664210944,555.567885944621,0,1,0,0,0,0,0,0,0,0,1,2,1,"Europe","Rich"
2021,182.228,"ISL","Iceland",176,199.658157116249,258.52504132,283.253030919251,0,1,0,0,0,0,0,0,0,0,1,2,1,"Europe","Rich"
2022,185.046,"ISL","Iceland",176,201.136956521739,244.38655128,265.63755573913,0,1,0,0,0,0,0,0,0,0,1,2,1,"Europe","Rich"
1987,97967,"IRL","Ireland",178,76656.4945226917,133149.88871,104186.141400626,1,1,0,0,0,0,0,0,0,0,1,2,1,"Europe","Rich"
1988,101063,"IRL","Ireland",178,67196.1436170213,137867.11271,91666.9632380319,1,1,0,0,0,0,0,0,0,0,1,2,1,"Europe","Rich"
1989,298886,"IRL","Ireland",178,193266.084707404,398782.66778,257861.408199159,1,1,0,0,0,0,0,0,0,0,1,2,1,"Europe","Rich"
1990,462667,"IRL","Ireland",178,357133.925125434,648224.22702,500366.057136241,1,1,0,0,0,0,0,0,0,0,1,2,1,"Europe","Rich"
1991,594153,"IRL","Ireland",178,438327.554407968,848884.21569,626251.726809295,1,1,0,0,0,0,0,0,0,0,1,2,1,"Europe","Rich"
1992,796338,"IRL","Ireland",178,546935.43956044,1149418.34244,789435.674752747,1,1,0,0,0,0,0,0,0,0,1,2,1,"Europe","Rich"
1993,1788298,"IRL","Ireland",178,1208717.81007097,2675258.04204,1808217.66950997,1,1,0,0,0,0,0,0,0,0,1,2,1,"Europe","Rich"
1994,801023,"IRL","Ireland",178,610768.58558902,1227263.35876,935770.76535265,1,1,0,0,0,0,0,0,0,0,1,2,1,"Europe","Rich"
1995,813687,"IRL","Ireland",178,707246.414602347,1294421.41647,1125094.66881356,1,1,0,0,0,0,0,0,0,0,1,2,1,"Europe","Rich"
1996,935143,"IRL","Ireland",178,694550.653594771,1476712.36559,1096785.77361111,1,1,0,0,0,0,0,0,0,0,1,2,1,"Europe","Rich"
1997,1287697,"IRL","Ireland",178,884832.680546966,1998917.80704,1373543.46666667,1,1,0,0,0,0,0,0,0,0,1,2,1,"Europe","Rich"
1998,1269822,"IRL","Ireland",178,922500.544860153,2006737.80126,1457855.28605884,1,1,0,0,0,0,0,0,0,0,1,2,1,"Europe","Rich"
1999,734960,"IRL","Ireland",178,459464.866216554,993438.0824,621054.065016254,1,1,0,0,0,0,0,0,0,0,1,2,1,"Europe","Rich"
2000,545184,"IRL","Ireland",178,333140.238313474,743516.48736,454333.325609533,1,1,0,0,0,0,0,0,0,0,1,2,1,"Europe","Rich"
2001,469589,"IRL","Ireland",178,279967.20920527,654254.87425,390064.314225243,1,1,0,0,0,0,0,0,0,0,1,2,1,"Europe","Rich"
2002,386922,"IRL","Ireland",178,279003.461205653,549220.30212,396034.253042977,1,1,0,0,0,0,0,0,0,0,1,2,1,"Europe","Rich"
2003,335892,"IRL","Ireland",178,271559.544021344,464619.25008,375632.023672083,1,1,0,0,0,0,0,0,0,0,1,2,1,"Europe","Rich"
2004,368455,"IRL","Ireland",178,325605.337575115,522259.17065,461522.773639095,1,1,0,0,0,0,0,0,0,0,1,2,1,"Europe","Rich"
2005,334008,"IRL","Ireland",178,254133.759415659,483977.592,368239.817393289,1,1,0,0,0,0,0,0,0,0,1,2,1,"Europe","Rich"
2006,665622,"IRL","Ireland",178,545457.674342375,1000789.30188,820117.431680734,1,1,0,0,0,0,0,0,0,0,1,2,1,"Europe","Rich"
2007,832372,"IRL","Ireland",178,739557.529986673,1307656.412,1161844.87960906,1,1,0,0,0,0,0,0,0,0,1,2,1,"Europe","Rich"
2008,881174,"IRL","Ireland",178,828404.625364294,1445565.947,1358997.78791012,1,1,0,0,0,0,0,0,0,0,1,2,1,"Europe","Rich"
2009,516300,"IRL","Ireland",178,501018.922852984,864317.178,838735.737991266,1,1,0,0,0,0,0,0,0,0,1,2,1,"Europe","Rich"
2010,1058119,"IRL","Ireland",178,1126137.71817795,1737717.09013,1849422.1904321,1,1,0,0,0,0,0,0,0,0,1,2,1,"Europe","Rich"
2011,653732,"IRL","Ireland",178,694794.34583909,1115358.31448,1185416.42520991,1,1,0,0,0,0,0,0,0,0,1,2,1,"Europe","Rich"
2012,199488,"IRL","Ireland",178,217639.101025529,345221.96352,376633.169888719,1,1,0,0,0,0,0,0,0,0,1,2,1,"Europe","Rich"
2013,435400,"IRL","Ireland",178,488390.353337072,689246.908,773131.697139652,1,1,0,0,0,0,0,0,0,0,1,2,1,"Europe","Rich"
2014,302146,"IRL","Ireland",178,305475.684966131,460536.97612,465612.148539076,1,1,0,0,0,0,0,0,0,0,1,2,1,"Europe","Rich"
2015,362164.57163,"IRL","Ireland",178,365048.454419917,486593.453504919,490468.151904968,1,1,0,0,0,0,0,0,0,0,1,2,1,"Europe","Rich"
2016,210880.463542,"IRL","Ireland",178,207559.511360236,281569.703725914,277135.535163301,1,1,0,0,0,0,0,0,0,0,1,2,1,"Europe","Rich"
2017,284430.074516,"IRL","Ireland",178,291633.419989747,384976.105857406,394725.833956122,1,1,0,0,0,0,0,0,0,0,1,2,1,"Europe","Rich"
2018,295818.006263,"IRL","Ireland",178,300322.84899797,405522.113885634,411697.577548867,1,1,0,0,0,0,0,0,0,0,1,2,1,"Europe","Rich"
2019,330867.45461,"IRL","Ireland",178,341716.96835528,446939.066361734,461594.698023996,1,1,0,0,0,0,0,0,0,0,1,2,1,"Europe","Rich"
2020,211533.41978,"IRL","Ireland",178,240051.543100318,281627.133758301,319595.022422039,1,1,0,0,0,0,0,0,0,0,1,2,1,"Europe","Rich"
2021,286079.036008,"IRL","Ireland",178,313442.572595596,405857.46759419,444677.843315645,1,1,0,0,0,0,0,0,0,0,1,2,1,"Europe","Rich"
2022,730226.713677,"IRL","Ireland",178,793724.688779348,964395.81621894,1048256.32197711,1,1,0,0,0,0,0,0,0,0,1,2,1,"Europe","Rich"
1987,54760,"MLT","Malta",181,42848.200312989,74425.9588,58236.2744913928,1,0,0,1,0,0,0,0,0,0,0,8,3,"OFC","OFC"
1988,68326,"MLT","Malta",181,45429.5212765957,93208.27942,61973.5900398936,1,0,0,1,0,0,0,0,0,0,0,8,3,"OFC","OFC"
1989,149881,"MLT","Malta",181,96916.2625282897,199975.72663,129308.58495312,1,0,0,1,0,0,0,0,0,0,0,8,3,"OFC","OFC"
1990,159313,"MLT","Malta",181,122974.141258201,223207.07178,172294.150351216,1,0,0,1,0,0,0,0,0,0,0,8,3,"OFC","OFC"
1991,243619,"MLT","Malta",181,179726.300258207,348065.77387,256780.356967909,1,0,0,1,0,0,0,0,0,0,0,8,3,"OFC","OFC"
1992,200982,"MLT","Malta",181,138037.087912088,290093.39916,199239.97195055,1,0,0,1,0,0,0,0,0,0,0,8,3,"OFC","OFC"
1993,127167,"MLT","Malta",181,85952.686718486,190239.28866,128583.500277121,1,0,0,1,0,0,0,0,0,0,0,8,3,"OFC","OFC"
1994,113525,"MLT","Malta",181,86561.1894776973,173933.923,132622.12962257,1,0,0,1,0,0,0,0,0,0,0,8,3,"OFC","OFC"
1995,121837,"MLT","Malta",181,105899.174272056,193819.51797,168465.465423729,1,0,0,1,0,0,0,0,0,0,0,8,3,"OFC","OFC"
1996,173523,"MLT","Malta",181,128879.233511586,274015.37499,203517.064015151,1,0,0,1,0,0,0,0,0,0,0,8,3,"OFC","OFC"
1997,207577,"MLT","Malta",181,142635.195492338,322225.92864,221415.466666667,1,0,0,1,0,0,0,0,0,0,0,8,3,"OFC","OFC"
1998,157988,"MLT","Malta",181,114775.154377043,249673.17604,181382.619716673,1,0,0,1,0,0,0,0,0,0,0,8,3,"OFC","OFC"
1999,158826,"MLT","Malta",181,99291.072768192,214683.51594,134210.750150038,1,0,0,1,0,0,0,0,0,0,0,8,3,"OFC","OFC"
2000,317827,"MLT","Malta",181,194211.426825542,433449.28433,264863.601790406,1,0,0,1,0,0,0,0,0,0,0,8,3,"OFC","OFC"
2001,211999,"MLT","Malta",181,126393.012579741,295367.60675,176097.064776725,1,0,0,1,0,0,0,0,0,0,0,8,3,"OFC","OFC"
2002,338317,"MLT","Malta",181,243955.148543409,480227.44882,346284.575151428,1,0,0,1,0,0,0,0,0,0,0,8,3,"OFC","OFC"
2003,225404,"MLT","Malta",181,182233.001859487,311787.82896,252071.977492117,1,0,0,1,0,0,0,0,0,0,0,8,3,"OFC","OFC"
2004,235369,"MLT","Malta",181,207996.641922941,333619.08167,294820.680160834,1,0,0,1,0,0,0,0,0,0,0,8,3,"OFC","OFC"
2005,285523,"MLT","Malta",181,217243.399528266,413722.827,314785.685916457,1,0,0,1,0,0,0,0,0,0,0,8,3,"OFC","OFC"
2006,326719,"MLT","Malta",181,267736.622142096,491235.08526,402552.720855527,1,0,0,1,0,0,0,0,0,0,0,8,3,"OFC","OFC"
2007,269956,"MLT","Malta",181,239854.286983563,424100.876,376811.084851177,1,0,0,1,0,0,0,0,0,0,0,8,3,"OFC","OFC"
2008,344671,"MLT","Malta",181,324030.271693147,565432.7755,531571.660712607,1,0,0,1,0,0,0,0,0,0,0,8,3,"OFC","OFC"
2009,118741,"MLT","Malta",181,115226.589034449,198779.55846,192896.22363901,1,0,0,1,0,0,0,0,0,0,0,8,3,"OFC","OFC"
2010,168600,"MLT","Malta",181,179438.058748404,276886.722,294685.740740741,1,0,0,1,0,0,0,0,0,0,0,8,3,"OFC","OFC"
2011,347438,"MLT","Malta",181,369261.345520247,592777.86932,630011.552045913,1,0,0,1,0,0,0,0,0,0,0,8,3,"OFC","OFC"
2012,239473,"MLT","Malta",181,261262.2736199,414417.60542,452124.814990181,1,0,0,1,0,0,0,0,0,0,0,8,3,"OFC","OFC"
2013,217789,"MLT","Malta",181,244295.008412787,344764.34278,386723.884217611,1,0,0,1,0,0,0,0,0,0,0,8,3,"OFC","OFC"
2014,325509,"MLT","Malta",181,329096.148013345,496147.32798,501614.930724901,1,0,0,1,0,0,0,0,0,0,0,8,3,"OFC","OFC"
2015,303980.99126,"MLT","Malta",181,306401.563612539,408419.740427198,411671.948822899,1,0,0,1,0,0,0,0,0,0,0,8,3,"OFC","OFC"
2016,496111.34852,"MLT","Malta",181,488298.571377953,662412.833657389,651981.135489556,1,0,0,1,0,0,0,0,0,0,0,8,3,"OFC","OFC"
2017,718351.66269,"MLT","Malta",181,736544.307074746,972288.975450915,996912.719625669,1,0,0,1,0,0,0,0,0,0,0,8,3,"OFC","OFC"
2018,776664.00431,"MLT","Malta",181,788491.37493401,1064689.85030836,1080903.40132829,1,0,0,1,0,0,0,0,0,0,0,8,3,"OFC","OFC"
2019,1392711.997366,"MLT","Malta",181,1438380.58080661,1881289.29316197,1942978.87235938,1,0,0,1,0,0,0,0,0,0,0,8,3,"OFC","OFC"
2020,480298.25756,"MLT","Malta",181,545050.224194281,639449.888185082,725658.066483297,1,0,0,1,0,0,0,0,0,0,0,8,3,"OFC","OFC"
2021,474137.825703,"MLT","Malta",181,519489.236006355,672654.591946589,736994.184229855,1,0,0,1,0,0,0,0,0,0,0,8,3,"OFC","OFC"
2022,1014007.670396,"MLT","Malta",181,1102182.25043043,1339179.65013859,1455630.05449847,1,0,0,1,0,0,0,0,0,0,0,8,3,"OFC","OFC"
1987,807733,"PRT","Portugal",182,632028.951486698,1097814.15229,859009.508834116,1,1,0,0,0,0,0,0,0,0,1,2,1,"Europe","Rich"
1988,874475,"PRT","Portugal",182,581432.845744681,1192932.56075,793173.245179521,1,1,0,0,0,0,0,0,0,0,1,2,1,"Europe","Rich"
1989,1099450,"PRT","Portugal",182,710927.901713547,1466919.1735,948541.334303265,1,1,0,0,0,0,0,0,0,0,1,2,1,"Europe","Rich"
1990,1029967,"PRT","Portugal",182,795034.349671941,1443045.56502,1113890.82595137,1,1,0,0,0,0,0,0,0,0,1,2,1,"Europe","Rich"
1991,906928,"PRT","Portugal",182,669072.666912578,1295755.24144,955924.191398008,1,1,0,0,0,0,0,0,0,0,1,2,1,"Europe","Rich"
1992,853031,"PRT","Portugal",182,585872.93956044,1231247.88478,845637.283502747,1,1,0,0,0,0,0,0,0,0,1,2,1,"Europe","Rich"
1993,747087,"PRT","Portugal",182,504959.107806691,1117627.21026,755408.726096654,1,1,0,0,0,0,0,0,0,0,1,2,1,"Europe","Rich"
1994,772408,"PRT","Portugal",182,588950.057186428,1183421.74496,902342.16161647,1,1,0,0,0,0,0,0,0,0,1,2,1,"Europe","Rich"
1995,703160,"PRT","Portugal",182,611177.748804867,1118593.9596,972267.674576271,1,1,0,0,0,0,0,0,0,0,1,2,1,"Europe","Rich"
1996,840044,"PRT","Portugal",182,623918.597742127,1326538.68172,985248.575252525,1,1,0,0,0,0,0,0,0,0,1,2,1,"Europe","Rich"
1997,944841,"PRT","Portugal",182,649241.393527108,1466695.58112,1007830.4,1,1,0,0,0,0,0,0,0,0,1,2,1,"Europe","Rich"
1998,981907,"PRT","Portugal",182,713335.997094079,1551737.08931,1127306.27628769,1,1,0,0,0,0,0,0,0,0,1,2,1,"Europe","Rich"
1999,1798622,"PRT","Portugal",182,1124419.85496374,2431179.37118,1519867.07375594,1,1,0,0,0,0,0,0,0,0,1,2,1,"Europe","Rich"
2000,1836353,"PRT","Portugal",182,1122122.21203789,2504399.85787,1530339.05155515,1,1,0,0,0,0,0,0,0,0,1,2,1,"Europe","Rich"
2001,1615234,"PRT","Portugal",182,962996.48244202,2250424.7705,1341694.84916234,1,1,0,0,0,0,0,0,0,0,1,2,1,"Europe","Rich"
2002,1445424,"PRT","Portugal",182,1042272.858379,2051721.55104,1479464.63155466,1,1,0,0,0,0,0,0,0,0,1,2,1,"Europe","Rich"
2003,1382542,"PRT","Portugal",182,1117747.59479344,1912387.39608,1546113.18302207,1,1,0,0,0,0,0,0,0,0,1,2,1,"Europe","Rich"
2004,1280156,"PRT","Portugal",182,1131279.60410039,1814531.51908,1603509.64924001,1,1,0,0,0,0,0,0,0,0,1,2,1,"Europe","Rich"
2005,1139671,"PRT","Portugal",182,867131.552917903,1651383.279,1256473.62017804,1,1,0,0,0,0,0,0,0,0,1,2,1,"Europe","Rich"
2006,1010426,"PRT","Portugal",182,828014.422682947,1519215.90804,1244952.80508072,1,1,0,0,0,0,0,0,0,0,1,2,1,"Europe","Rich"
2007,1261186,"PRT","Portugal",182,1120556.19724567,1981323.206,1760393.78587295,1,1,0,0,0,0,0,0,0,0,1,2,1,"Europe","Rich"
2008,907004,"PRT","Portugal",182,852687.787910125,1487940.062,1398834.31606656,1,1,0,0,0,0,0,0,0,0,1,2,1,"Europe","Rich"
2009,436653,"PRT","Portugal",182,423729.257641921,730983.32118,709348.201048035,1,1,0,0,0,0,0,0,0,0,1,2,1,"Europe","Rich"
2010,343271,"PRT","Portugal",182,365337.377607493,563743.66517,599982.615123457,1,1,0,0,0,0,0,0,0,0,1,2,1,"Europe","Rich"
2011,485327,"PRT","Portugal",182,515811.457115528,828035.80778,880046.559443087,1,1,0,0,0,0,0,0,0,0,1,2,1,"Europe","Rich"
2012,299055,"PRT","Portugal",182,326265.546585206,517526.6397,564615.578987563,1,1,0,0,0,0,0,0,0,0,1,2,1,"Europe","Rich"
2013,1065290,"PRT","Portugal",182,1194941.11048794,1686375.3758,1891615.67672462,1,1,0,0,0,0,0,0,0,0,1,2,1,"Europe","Rich"
2014,465667,"PRT","Portugal",182,470798.705894247,709778.95474,717600.80349813,1,1,0,0,0,0,0,0,0,0,1,2,1,"Europe","Rich"
2015,142198.64777,"PRT","Portugal",182,143330.962372745,191053.837184339,192575.181115149,1,1,0,0,0,0,0,0,0,0,1,2,1,"Europe","Rich"
2016,131162.81104,"PRT","Portugal",182,129097.25496063,175129.896928718,172371.945795983,1,1,0,0,0,0,0,0,0,0,1,2,1,"Europe","Rich"
2017,214350.404206,"PRT","Portugal",182,219778.94412591,290123.272092821,297470.800874419,1,1,0,0,0,0,0,0,0,0,1,2,1,"Europe","Rich"
2018,306983.814078,"PRT","Portugal",182,311658.694495431,420828.761528826,427237.321349062,1,1,0,0,0,0,0,0,0,0,1,2,1,"Europe","Rich"
2019,658648.549785,"PRT","Portugal",182,680246.372099148,889709.047535076,918883.60189525,1,1,0,0,0,0,0,0,0,0,1,2,1,"Europe","Rich"
2020,421393.790633,"PRT","Portugal",182,478204.48324217,561026.837097151,636662.320809295,1,1,0,0,0,0,0,0,0,0,1,2,1,"Europe","Rich"
2021,204451.205875,"PRT","Portugal",182,224007.018598663,290052.881262804,317796.517215738,1,1,0,0,0,0,0,0,0,0,1,2,1,"Europe","Rich"
2022,826494.611416,"PRT","Portugal",182,898363.70806087,1091534.90340488,1186450.98196183,1,1,0,0,0,0,0,0,0,0,1,2,1,"Europe","Rich"
1987,3169299,"ESP","Spain",184,2479889.6713615,4307489.34987,3370492.44903756,1,1,0,0,0,0,0,0,0,0,1,2,1,"Europe","Rich"
1988,4050882,"ESP","Spain",184,2693405.58510638,5526091.69794,3674263.09703457,1,1,0,0,0,0,0,0,0,0,1,2,1,"Europe","Rich"
1989,5732514,"ESP","Spain",184,3706766.24636275,7648492.15422,4945678.72888458,1,1,0,0,0,0,0,0,0,0,1,2,1,"Europe","Rich"
1990,6599786,"ESP","Spain",184,5094392.89849479,9246696.17316,7137550.11436511,1,1,0,0,0,0,0,0,0,0,1,2,1,"Europe","Rich"
1991,6811078,"ESP","Spain",184,5024771.67097012,9731191.47094,7179042.02946514,1,1,0,0,0,0,0,0,0,0,1,2,1,"Europe","Rich"
1992,7031442,"ESP","Spain",184,4829287.08791209,10149042.75396,6970496.39695055,1,1,0,0,0,0,0,0,0,0,1,2,1,"Europe","Rich"
1993,5769101,"ESP","Spain",184,3899358.56708347,8630459.71398,5833362.42918554,1,1,0,0,0,0,0,0,0,0,1,2,1,"Europe","Rich"
1994,5551401,"ESP","Spain",184,4232863.89630194,8505412.50012,6485255.43280213,1,1,0,0,0,0,0,0,0,0,1,2,1,"Europe","Rich"
1995,4939983,"ESP","Spain",184,4293770.5345502,7858574.35623,6830573.1040678,1,1,0,0,0,0,0,0,0,0,1,2,1,"Europe","Rich"
1996,5797056,"ESP","Spain",184,4305597.14795009,9154305.04128,6799097.62424242,1,1,0,0,0,0,0,0,0,0,1,2,1,"Europe","Rich"
1997,6376667,"ESP","Spain",184,4381685.56311413,9898627.71744,6801778.13333333,1,1,0,0,0,0,0,0,0,0,1,2,1,"Europe","Rich"
1998,5842991,"ESP","Spain",184,4244817.29022884,9233853.96703,6708212.10826734,1,1,0,0,0,0,0,0,0,0,1,2,1,"Europe","Rich"
1999,7269507,"ESP","Spain",184,4544578.01950488,9826119.91683,6142860.66318455,1,1,0,0,0,0,0,0,0,0,1,2,1,"Europe","Rich"
2000,7463194,"ESP","Spain",184,4560460.73938283,10178229.34526,6219510.75176291,1,1,0,0,0,0,0,0,0,0,1,2,1,"Europe","Rich"
2001,6987024,"ESP","Spain",184,4165637.63190842,9734671.188,5803774.63065641,1,1,0,0,0,0,0,0,0,0,1,2,1,"Europe","Rich"
2002,7340169,"ESP","Spain",184,5292882.17479089,10419076.28874,7513034.53182867,1,1,0,0,0,0,0,0,0,0,1,2,1,"Europe","Rich"
2003,7190350,"ESP","Spain",184,5813202.36074056,9945979.734,8041054.03347077,1,1,0,0,0,0,0,0,0,0,1,2,1,"Europe","Rich"
2004,6253976,"ESP","Spain",184,5526666.66666667,8864573.20168,7833663.13333333,1,1,0,0,0,0,0,0,0,0,1,2,1,"Europe","Rich"
2005,3596797,"ESP","Spain",184,2736663.62322149,5211758.853,3965425.59004793,1,1,0,0,0,0,0,0,0,0,1,2,1,"Europe","Rich"
2006,3454367,"ESP","Spain",184,2830752.27403098,5193778.95918,4256149.27409653,1,1,0,0,0,0,0,0,0,0,1,2,1,"Europe","Rich"
2007,3731957,"ESP","Spain",184,3315821.41270546,5862904.447,5209155.43936028,1,1,0,0,0,0,0,0,0,0,1,2,1,"Europe","Rich"
2008,3165253,"ESP","Spain",184,2975700.85550437,5192597.5465,4881637.25345492,1,1,0,0,0,0,0,0,0,0,1,2,1,"Europe","Rich"
2009,1604115,"ESP","Spain",184,1556637.55458515,2685384.7569,2605904.66462882,1,1,0,0,0,0,0,0,0,0,1,2,1,"Europe","Rich"
2010,1202054,"ESP","Spain",184,1279325.24478502,1974097.22258,2100997.46975309,1,1,0,0,0,0,0,0,0,0,1,2,1,"Europe","Rich"
2011,1227543,"ESP","Spain",184,1304647.67775534,2094360.21402,2225911.5889255,1,1,0,0,0,0,0,0,0,0,1,2,1,"Europe","Rich"
2012,758642,"ESP","Spain",184,827669.648701724,1312860.32668,1432315.43386428,1,1,0,0,0,0,0,0,0,0,1,2,1,"Europe","Rich"
2013,666732,"ESP","Spain",184,747876.612450925,1055450.09064,1183903.63504206,1,1,0,0,0,0,0,0,0,0,1,2,1,"Europe","Rich"
2014,384232,"ESP","Spain",184,388466.282479021,585654.09904,592108.077080174,1,1,0,0,0,0,0,0,0,0,1,2,1,"Europe","Rich"
2015,238415.01775,"ESP","Spain",184,240313.494355408,320327.265398367,322878.001611095,1,1,0,0,0,0,0,0,0,0,1,2,1,"Europe","Rich"
2016,428295.72441,"ESP","Spain",184,421550.909852362,571864.734189476,562858.990343973,1,1,0,0,0,0,0,0,0,0,1,2,1,"Europe","Rich"
2017,519233.476021,"ESP","Spain",184,532383.344633446,702782.509794423,720580.856961369,1,1,0,0,0,0,0,0,0,0,1,2,1,"Europe","Rich"
2018,583508.987164,"ESP","Spain",184,592394.910826396,799903.295053769,812084.563506365,1,1,0,0,0,0,0,0,0,0,1,2,1,"Europe","Rich"
2019,750089.907742,"ESP","Spain",184,774686.194414666,1013228.94827697,1046453.85827727,1,1,0,0,0,0,0,0,0,0,1,2,1,"Europe","Rich"
2020,419857.144286,"ESP","Spain",184,476460.672135724,558981.007616609,634340.680454618,1,1,0,0,0,0,0,0,0,0,1,2,1,"Europe","Rich"
2021,277708.561383,"ESP","Spain",184,304271.459825792,393982.358948448,431666.877340252,1,1,0,0,0,0,0,0,0,0,1,2,1,"Europe","Rich"
2022,1587036.56246,"ESP","Spain",184,1725039.74180435,2095967.44730967,2278225.48620617,1,1,0,0,0,0,0,0,0,0,1,2,1,"Europe","Rich"
1987,1921753,"TUR","Turkey",186,1503719.09233177,2611912.15489,2043749.72996088,0,0,1,0,0,0,0,0,1,0,0,4,2,"Asia","Developing"
1988,2203215,"TUR","Turkey",186,1464903.59042553,3005559.80655,1998377.5309508,0,0,1,0,0,0,0,0,1,0,0,4,2,"Asia","Developing"
1989,2992547,"TUR","Turkey",186,1935044.94018752,3992745.98381,2581795.0105464,0,0,1,0,0,0,0,0,1,0,0,4,2,"Asia","Developing"
1990,2585637,"TUR","Turkey",186,1995860.28560401,3622632.57522,2796320.01174836,0,0,1,0,0,0,0,0,1,0,0,4,2,"Asia","Developing"
1991,2689815,"TUR","Turkey",186,1984371.080782,3843019.38495,2835130.49424567,0,0,1,0,0,0,0,0,1,0,0,4,2,"Asia","Developing"
1992,2683988,"TUR","Turkey",186,1843398.35164835,3874014.59944,2660724.3128022,0,0,1,0,0,0,0,0,1,0,0,4,2,"Asia","Developing"
1993,2677671,"TUR","Turkey",186,1809848.59749915,4005742.26258,2707497.30488679,0,0,1,0,0,0,0,0,1,0,0,4,2,"Asia","Developing"
1994,2865343,"TUR","Turkey",186,2184783.07281738,4390049.31716,3347349.84152497,0,0,1,0,0,0,0,0,1,0,0,4,2,"Asia","Developing"
1995,2570549,"TUR","Turkey",186,2234288.57018688,4089255.05469,3554328.60033898,0,0,1,0,0,0,0,0,1,0,0,4,2,"Asia","Developing"
1996,3234268,"TUR","Turkey",186,2402159.83363042,5107329.62684,3793322.65808081,0,0,1,0,0,0,0,0,1,0,0,4,2,"Asia","Developing"
1997,3929979,"TUR","Turkey",186,2700459.69903113,6100585.00128,4191977.6,0,0,1,0,0,0,0,0,1,0,0,4,2,"Asia","Developing"
1998,3437300,"TUR","Turkey",186,2497130.40319651,5432068.309,3946290.09008355,0,0,1,0,0,0,0,0,1,0,0,4,2,"Asia","Developing"
1999,5415876,"TUR","Turkey",186,3385768.94223556,7320585.43044,4576510.02153038,0,0,1,0,0,0,0,0,1,0,0,4,2,"Asia","Developing"
2000,5313670,"TUR","Turkey",186,3246972.19676138,7246730.0093,4428188.2122212,0,0,1,0,0,0,0,0,1,0,0,4,2,"Asia","Developing"
2001,5932555,"TUR","Turkey",186,3536967.14958564,8265532.25375,4927879.4811602,0,0,1,0,0,0,0,0,1,0,0,4,2,"Asia","Developing"
2002,4441682,"TUR","Turkey",186,3202828.09345255,6304789.93172,4546286.36553216,0,0,1,0,0,0,0,0,1,0,0,4,2,"Asia","Developing"
2003,4721242,"TUR","Turkey",186,3816995.71509419,6530610.78408,5279821.15294688,0,0,1,0,0,0,0,0,1,0,0,4,2,"Asia","Developing"
2004,4790660,"TUR","Turkey",186,4233527.74832096,6790425.2038,6000729.23630258,0,0,1,0,0,0,0,0,1,0,0,4,2,"Asia","Developing"
2005,6176473,"TUR","Turkey",186,4699439.2452256,8949709.377,6809487.46633189,0,0,1,0,0,0,0,0,1,0,0,4,2,"Asia","Developing"
2006,7085528,"TUR","Turkey",186,5806382.03720397,10653374.76912,8730127.64821765,0,0,1,0,0,0,0,0,1,0,0,4,2,"Asia","Developing"
2007,6046303,"TUR","Turkey",186,5372103.95379831,9498742.013,8439575.31141715,0,0,1,0,0,0,0,0,1,0,0,4,2,"Asia","Developing"
2008,6375397,"TUR","Turkey",186,5993604.39973677,10458838.7785,9832508.01776817,0,0,1,0,0,0,0,0,1,0,0,4,2,"Asia","Developing"
2009,3943731,"TUR","Turkey",186,3827007.27802038,6602042.31786,6406639.8038428,0,0,1,0,0,0,0,0,1,0,0,4,2,"Asia","Developing"
2010,3612601,"TUR","Turkey",186,3844828.65048957,5932866.24427,6314246.74783951,0,0,1,0,0,0,0,0,1,0,0,4,2,"Asia","Developing"
2011,3089788,"TUR","Turkey",186,3283864.38516314,5271610.89832,5602732.38210224,0,0,1,0,0,0,0,0,1,0,0,4,2,"Asia","Developing"
2012,2659886,"TUR","Turkey",186,2901904.86580842,4603039.11844,5021862.44647611,0,0,1,0,0,0,0,0,1,0,0,4,2,"Asia","Developing"
2013,2773428,"TUR","Turkey",186,3110968.03140774,4390391.99256,4924724.61307908,0,0,1,0,0,0,0,0,1,0,0,4,2,"Asia","Developing"
2014,2810275,"TUR","Turkey",186,2841244.56576686,4283477.3605,4330681.79203316,0,0,1,0,0,0,0,0,1,0,0,4,2,"Asia","Developing"
2015,2164825.84055,"TUR","Turkey",186,2182064.14731378,2908595.05458776,2931755.92640637,0,0,1,0,0,0,0,0,1,0,0,4,2,"Asia","Developing"
2016,1614287.46801,"TUR","Turkey",186,1588865.61812008,2155412.77016163,2121469.26197011,0,0,1,0,0,0,0,0,1,0,0,4,2,"Asia","Developing"
2017,2115609.79419,"TUR","Turkey",186,2169188.75647493,2863477.85643616,2935996.98188882,0,0,1,0,0,0,0,0,1,0,0,4,2,"Asia","Developing"
2018,2256808.65345,"TUR","Turkey",186,2291176.29791878,3093746.14258193,3140859.02800196,0,0,1,0,0,0,0,0,1,0,0,4,2,"Asia","Developing"
2019,2672278.7881,"TUR","Turkey",186,2759905.79715982,3609740.90975336,3728108.34986146,0,0,1,0,0,0,0,0,1,0,0,4,2,"Asia","Developing"
2020,2008177.28671,"TUR","Turkey",186,2278912.03666591,2673606.91243423,3034052.32913553,0,0,1,0,0,0,0,0,1,0,0,4,2,"Asia","Developing"
2021,1151698.183875,"TUR","Turkey",186,1261858.42431796,1633902.69648162,1790185.92799564,0,0,1,0,0,0,0,0,1,0,0,4,2,"Asia","Developing"
2022,3036072.937866,"TUR","Turkey",186,3300079.28028913,4009680.80758087,4358348.70389225,0,0,1,0,0,0,0,0,1,0,0,4,2,"Asia","Developing"
1987,436953,"AUS","Australia",193,341903.755868545,593875.93089,464691.651713615,0,1,0,0,0,0,0,0,1,0,0,4,1,"Asia","Rich"
1988,602102,"AUS","Australia",193,400333.776595745,821369.48534,546123.328018617,0,1,0,0,0,0,0,0,1,0,0,4,1,"Asia","Rich"
1989,735316,"AUS","Australia",193,475471.063692208,981080.66668,634387.757310055,0,1,0,0,0,0,0,0,1,0,0,4,1,"Asia","Rich"
1990,777066,"AUS","Australia",193,599819.37475878,1088716.08996,840382.933199537,0,1,0,0,0,0,0,0,1,0,0,4,1,"Asia","Rich"
1991,771505,"AUS","Australia",193,569166.35927702,1102272.33865,813185.052489856,0,1,0,0,0,0,0,0,1,0,0,4,1,"Asia","Rich"
1992,679276,"AUS","Australia",193,466535.714285714,980453.39288,673388.319285714,0,1,0,0,0,0,0,0,1,0,0,4,1,"Asia","Rich"
1993,450700,"AUS","Australia",193,304629.942548158,674238.186,455720.301453194,0,1,0,0,0,0,0,0,1,0,0,4,1,"Asia","Rich"
1994,514263,"AUS","Australia",193,392118.185284026,787912.62756,600772.114037362,0,1,0,0,0,0,0,0,1,0,0,4,1,"Asia","Rich"
1995,462145,"AUS","Australia",193,401690.569317688,735184.88745,639013.374576271,0,1,0,0,0,0,0,0,1,0,0,4,1,"Asia","Rich"
1996,582407,"AUS","Australia",193,432566.102198455,919696.36591,683078.108964646,0,1,0,0,0,0,0,0,1,0,0,4,1,"Asia","Rich"
1997,698252,"AUS","Australia",193,479799.354085068,1083910.54464,744802.133333333,0,1,0,0,0,0,0,0,1,0,0,4,1,"Asia","Rich"
1998,801745,"AUS","Australia",193,582451.870686524,1267021.67585,920466.164802034,0,1,0,0,0,0,0,0,1,0,0,4,1,"Asia","Rich"
1999,890132,"AUS","Australia",193,556471.617904476,1203182.52308,752177.121205301,0,1,0,0,0,0,0,0,1,0,0,4,1,"Asia","Rich"
2000,906064,"AUS","Australia",193,553659.639474488,1235681.02256,755075.479718912,0,1,0,0,0,0,0,0,1,0,0,4,1,"Asia","Rich"
2001,907250,"AUS","Australia",193,540899.06397186,1264026.0625,753607.620878793,0,1,0,0,0,0,0,0,1,0,0,4,1,"Asia","Rich"
2002,840561,"AUS","Australia",193,606115.517738679,1193142.71706,860356.732809345,0,1,0,0,0,0,0,0,1,0,0,4,1,"Asia","Rich"
2003,698597,"AUS","Australia",193,564796.669092085,966327.31428,781249.344554936,0,1,0,0,0,0,0,0,1,0,0,4,1,"Asia","Rich"
2004,768014,"AUS","Australia",193,678697.419582892,1088606.08402,962006.083439378,0,1,0,0,0,0,0,0,1,0,0,4,1,"Asia","Rich"
2005,936740,"AUS","Australia",193,712729.209465115,1357336.26,1032744.62451495,0,1,0,0,0,0,0,0,1,0,0,4,1,"Asia","Rich"
2006,940842,"AUS","Australia",193,770992.378923216,1414593.58068,1159217.88140621,0,1,0,0,0,0,0,0,1,0,0,4,1,"Asia","Rich"
2007,967557,"AUS","Australia",193,859668.591737006,1520032.047,1350539.35761884,0,1,0,0,0,0,0,0,1,0,0,4,1,"Asia","Rich"
2008,601689,"AUS","Australia",193,565656.670113754,987070.8045,927959.767321613,0,1,0,0,0,0,0,0,1,0,0,4,1,"Asia","Rich"
2009,492092,"AUS","Australia",193,477527.413876759,823791.53352,799409.542474527,0,1,0,0,0,0,0,0,1,0,0,4,1,"Asia","Rich"
2010,365464,"AUS","Australia",193,388957.002979991,600190.56328,638772.417283951,0,1,0,0,0,0,0,0,1,0,0,4,1,"Asia","Rich"
2011,444010,"AUS","Australia",193,471899.245403337,757543.2214,805126.17855245,0,1,0,0,0,0,0,0,1,0,0,4,1,"Asia","Rich"
2012,366705,"AUS","Australia",193,400070.914248309,634597.6707,692338.719943269,0,1,0,0,0,0,0,0,1,0,0,4,1,"Asia","Rich"
2013,273689,"AUS","Australia",193,306998.317442513,433255.16078,485984.476477846,0,1,0,0,0,0,0,0,1,0,0,4,1,"Asia","Rich"
2014,303384,"AUS","Australia",193,306727.327873825,462423.96048,467519.927691841,0,1,0,0,0,0,0,0,1,0,0,4,1,"Asia","Rich"
2015,280052.983471,"AUS","Australia",193,282283.019323657,376270.787002131,379266.996272686,0,1,0,0,0,0,0,0,1,0,0,4,1,"Asia","Rich"
2016,223842.083339,"AUS","Australia",193,220317.011160433,298876.188095066,294169.476471522,0,1,0,0,0,0,0,0,1,0,0,4,1,"Asia","Rich"
2017,176771.170687,"AUS","Australia",193,181247.996192966,239259.779524855,245319.16284718,0,1,0,0,0,0,0,0,1,0,0,4,1,"Asia","Rich"
2018,232599.173999,"AUS","Australia",193,236141.2934,318858.577676529,323714.29205739,0,1,0,0,0,0,0,0,1,0,0,4,1,"Asia","Rich"
2019,329994.636345,"AUS","Australia",193,340815.529403563,445760.05472119,460377.025273627,0,1,0,0,0,0,0,0,1,0,0,4,1,"Asia","Rich"
2020,145176.660091,"AUS","Australia",193,164748.819894462,193282.398178754,219339.988854691,0,1,0,0,0,0,0,0,1,0,0,4,1,"Asia","Rich"
2021,134114.943154,"AUS","Australia",193,146943.073467733,190267.528703148,208466.668897938,0,1,0,0,0,0,0,0,1,0,0,4,1,"Asia","Rich"
2022,209482.681884,"AUS","Australia",193,227698.567265217,276659.588310561,300716.943815827,0,1,0,0,0,0,0,0,1,0,0,4,1,"Asia","Rich"
1987,18653,"NZL","New Zealand",196,14595.4616588419,25351.85189,19837.1298043818,0,1,0,0,0,0,0,0,1,0,0,4,1,"Asia","Rich"
1988,64095,"NZL","New Zealand",196,42616.3563829787,87436.47615,58135.9548869681,0,1,0,0,0,0,0,0,1,0,0,4,1,"Asia","Rich"
1989,54418,"NZL","New Zealand",196,35187.8435176204,72606.12814,46948.6764565147,0,1,0,0,0,0,0,0,1,0,0,4,1,"Asia","Rich"
1990,44460,"NZL","New Zealand",196,34318.7958317252,62291.1276,48082.6920879969,0,1,0,0,0,0,0,0,1,0,0,4,1,"Asia","Rich"
1991,81521,"NZL","New Zealand",196,60140.9074142383,116471.49833,85925.1186499447,0,1,0,0,0,0,0,0,1,0,0,4,1,"Asia","Rich"
1992,44172,"NZL","New Zealand",196,30337.9120879121,63756.98136,43789.1355494506,0,1,0,0,0,0,0,0,1,0,0,4,1,"Asia","Rich"
1993,136943,"NZL","New Zealand",196,92560.3244339304,204863.98914,138468.394146671,0,1,0,0,0,0,0,0,1,0,0,4,1,"Asia","Rich"
1994,100651,"NZL","New Zealand",196,76744.948532215,154209.41012,117582.470545177,0,1,0,0,0,0,0,0,1,0,0,4,1,"Asia","Rich"
1995,180403,"NZL","New Zealand",196,156803.998261625,286986.89643,249445.368474576,0,1,0,0,0,0,0,0,1,0,0,4,1,"Asia","Rich"
1996,316241,"NZL","New Zealand",196,234878.936423054,499385.65033,370904.374873737,0,1,0,0,0,0,0,0,1,0,0,4,1,"Asia","Rich"
1997,275584,"NZL","New Zealand",196,189365.766508624,427794.55488,293956.266666667,0,1,0,0,0,0,0,0,1,0,0,4,1,"Asia","Rich"
1998,523184,"NZL","New Zealand",196,380082.818743189,826803.37072,600656.280944424,0,1,0,0,0,0,0,0,1,0,0,4,1,"Asia","Rich"
1999,464845,"NZL","New Zealand",196,290600.775193798,628326.33805,392802.161821705,0,1,0,0,0,0,0,0,1,0,0,4,1,"Asia","Rich"
2000,667851,"NZL","New Zealand",196,408097.158570119,910808.51529,556558.823886343,0,1,0,0,0,0,0,0,1,0,0,4,1,"Asia","Rich"
2001,766393,"NZL","New Zealand",196,456920.646276754,1067777.04725,636604.690425088,0,1,0,0,0,0,0,0,1,0,0,4,1,"Asia","Rich"
2002,515847,"NZL","New Zealand",196,371969.281799827,732224.18262,527995.516743582,0,1,0,0,0,0,0,0,1,0,0,4,1,"Asia","Rich"
2003,475748,"NZL","New Zealand",196,384629.315223543,658073.66352,532034.653989813,0,1,0,0,0,0,0,0,1,0,0,4,1,"Asia","Rich"
2004,711571,"NZL","New Zealand",196,628818.487097914,1008602.08253,891306.188167197,0,1,0,0,0,0,0,0,1,0,0,4,1,"Asia","Rich"
2005,931288,"NZL","New Zealand",196,708580.993684851,1349436.312,1026733.85984935,0,1,0,0,0,0,0,0,1,0,0,4,1,"Asia","Rich"
2006,870771,"NZL","New Zealand",196,713571.252970581,1309239.02934,1072882.92169139,0,1,0,0,0,0,0,0,1,0,0,4,1,"Asia","Rich"
2007,1129545,"NZL","New Zealand",196,1003593.95824078,1774515.195,1576646.10839627,0,1,0,0,0,0,0,0,1,0,0,4,1,"Asia","Rich"
2008,858482,"NZL","New Zealand",196,807071.542728213,1408339.721,1324000.86584563,0,1,0,0,0,0,0,0,1,0,0,4,1,"Asia","Rich"
2009,594601,"NZL","New Zealand",196,577002.426006793,995397.75006,965936.681280932,0,1,0,0,0,0,0,0,1,0,0,4,1,"Asia","Rich"
2010,511394,"NZL","New Zealand",196,544267.773520647,839847.02438,893834.636419753,0,1,0,0,0,0,0,0,1,0,0,4,1,"Asia","Rich"
2011,478767,"NZL","New Zealand",196,508839.409076416,816843.52938,868151.269401637,0,1,0,0,0,0,0,0,1,0,0,4,1,"Asia","Rich"
2012,393800,"NZL","New Zealand",196,429631.245908793,681486.652,743494.056295003,0,1,0,0,0,0,0,0,1,0,0,4,1,"Asia","Rich"
2013,246797,"NZL","New Zealand",196,276833.426808749,390684.58694,438232.851306786,0,1,0,0,0,0,0,0,1,0,0,4,1,"Asia","Rich"
2014,194143,"NZL","New Zealand",196,196282.479021333,295916.64346,299177.680173895,0,1,0,0,0,0,0,0,1,0,0,4,1,"Asia","Rich"
2015,193022.27008,"NZL","New Zealand",196,194559.288458825,259338.931411386,261404.023194623,0,1,0,0,0,0,0,0,1,0,0,4,1,"Asia","Rich"
2016,296897.940821,"NZL","New Zealand",196,292222.382697835,396421.099563607,390178.247601976,0,1,0,0,0,0,0,0,1,0,0,4,1,"Asia","Rich"
2017,317184.064738,"NZL","New Zealand",196,325216.922729417,429308.631622883,440181.104914265,0,1,0,0,0,0,0,0,1,0,0,4,1,"Asia","Rich"
2018,270715.59428,"NZL","New Zealand",196,274838.166781726,371110.472418738,376761.900932729,0,1,0,0,0,0,0,0,1,0,0,4,1,"Asia","Rich"
2019,331400.039712,"NZL","New Zealand",196,342267.017518203,447658.487643367,462337.709933764,0,1,0,0,0,0,0,0,1,0,0,4,1,"Asia","Rich"
2020,165382.980994,"NZL","New Zealand",196,187679.27938493,220184.285576172,249868.68540192,0,1,0,0,0,0,0,0,1,0,0,4,1,"Asia","Rich"
2021,165319.771504,"NZL","New Zealand",196,181132.652025857,234537.50663501,256971.082102564,0,1,0,0,0,0,0,0,1,0,0,4,1,"Asia","Rich"
2022,446315.276665,"NZL","New Zealand",196,485125.300722826,589439.659585932,640695.282158622,0,1,0,0,0,0,0,0,1,0,0,4,1,"Asia","Rich"
1987,476057,"ZAF","South Africa",199,372501.564945227,647023.35041,506278.051964006,0,0,1,0,0,0,0,0,0,1,0,1,2,"Africa","Developing"
1988,606586,"ZAF","South Africa",199,403315.159574468,827486.42362,550190.441236702,0,0,1,0,0,0,0,0,0,1,0,1,2,"Africa","Developing"
1989,747139,"ZAF","South Africa",199,483116.068541869,996855.26797,644587.952130618,0,0,1,0,0,0,0,0,0,1,0,1,2,"Africa","Developing"
1990,749072,"ZAF","South Africa",199,578210.72944809,1049494.81632,810107.92460054,0,0,1,0,0,0,0,0,0,1,0,1,2,"Africa","Developing"
1991,701939,"ZAF","South Africa",199,517845.075617853,1002881.30747,739860.794887495,0,0,1,0,0,0,0,0,0,1,0,1,2,"Africa","Developing"
1992,620273,"ZAF","South Africa",199,426011.675824176,895289.64274,614896.732651099,0,0,1,0,0,0,0,0,0,1,0,1,2,"Africa","Developing"
1993,481848,"ZAF","South Africa",199,325683.001013856,720834.97104,487215.255856708,0,0,1,0,0,0,0,0,0,1,0,1,2,"Africa","Developing"
1994,456063,"ZAF","South Africa",199,347741.51734655,698743.24356,532781.733556996,0,0,1,0,0,0,0,0,0,1,0,1,2,"Africa","Developing"
1995,458856,"ZAF","South Africa",199,398831.812255541,729952.71336,634465.635254237,0,0,1,0,0,0,0,0,0,1,0,1,2,"Africa","Developing"
1996,515466,"ZAF","South Africa",199,382847.593582888,813987.82458,604566.120454545,0,0,1,0,0,0,0,0,0,1,0,1,2,"Africa","Developing"
1997,601289,"ZAF","South Africa",199,413171.854600426,933392.94048,641374.933333333,0,0,1,0,0,0,0,0,0,1,0,1,2,"Africa","Developing"
1998,600025,"ZAF","South Africa",199,435906.28405376,948237.50825,688875.777878678,0,0,1,0,0,0,0,0,0,1,0,1,2,"Africa","Developing"
1999,784296,"ZAF","South Africa",199,490307.576894224,1060125.06024,662743.848612153,0,0,1,0,0,0,0,0,0,1,0,1,2,"Africa","Developing"
2000,945655,"ZAF","South Africa",199,577852.123434158,1289674.83245,788068.947418271,0,0,1,0,0,0,0,0,0,1,0,1,2,"Africa","Developing"
2001,898697,"ZAF","South Africa",199,535799.797293269,1252109.59525,746503.067578847,0,0,1,0,0,0,0,0,0,1,0,1,2,"Africa","Developing"
2002,778794,"ZAF","South Africa",199,561576.290741275,1105466.93124,797135.08165561,0,0,1,0,0,0,0,0,0,1,0,1,2,"Africa","Developing"
2003,710511,"ZAF","South Africa",199,574428.81397041,982807.23564,794572.91263643,0,0,1,0,0,0,0,0,0,1,0,1,2,"Africa","Developing"
2004,693770,"ZAF","South Africa",199,613087.66348533,983370.4111,869008.846854012,0,0,1,0,0,0,0,0,0,1,0,1,2,"Africa","Developing"
2005,775583,"ZAF","South Africa",199,590111.085749068,1123819.767,855070.9632504,0,0,1,0,0,0,0,0,0,1,0,1,2,"Africa","Developing"
2006,868555,"ZAF","South Africa",199,711755.306072277,1305907.1847,1070152.57289191,0,0,1,0,0,0,0,0,0,1,0,1,2,"Africa","Developing"
2007,829488,"ZAF","South Africa",199,736995.113282985,1303125.648,1157819.32296757,0,0,1,0,0,0,0,0,0,1,0,1,2,"Africa","Developing"
2008,659850,"ZAF","South Africa",199,620334.680831061,1082483.925,1017659.04390336,0,0,1,0,0,0,0,0,0,1,0,1,2,"Africa","Developing"
2009,392399,"ZAF","South Africa",199,380785.055798156,656899.46994,637457.030509462,0,0,1,0,0,0,0,0,0,1,0,1,2,"Africa","Developing"
2010,272407,"ZAF","South Africa",199,289918.050234142,447365.84389,476123.716358025,0,0,1,0,0,0,0,0,0,1,0,1,2,"Africa","Developing"
2011,236126,"ZAF","South Africa",199,250957.593793177,402864.01364,428168.789074291,0,0,1,0,0,0,0,0,0,1,0,1,2,"Africa","Developing"
2012,138022,"ZAF","South Africa",199,150580.405847698,238852.59188,260585.415535675,0,0,1,0,0,0,0,0,0,1,0,1,2,"Africa","Developing"
2013,136430,"ZAF","South Africa",199,153034.212002243,215971.4186,242256.218283791,0,0,1,0,0,0,0,0,0,1,0,1,2,"Africa","Developing"
2014,143731,"ZAF","South Africa",199,145314.932767162,219077.66482,221491.926822364,0,0,1,0,0,0,0,0,0,1,0,1,2,"Africa","Developing"
2015,92935.43756,"ZAF","South Africa",199,93675.473803044,124865.265842489,125859.556337556,0,0,1,0,0,0,0,0,0,1,0,1,2,"Africa","Developing"
2016,91738.61487,"ZAF","South Africa",199,90293.912273622,122490.315960573,120561.334606863,0,0,1,0,0,0,0,0,0,1,0,1,2,"Africa","Developing"
2017,101408.941865,"ZAF","South Africa",199,103977.178165693,137257.002814277,140733.110647265,0,0,1,0,0,0,0,0,0,1,0,1,2,"Africa","Developing"
2018,238323.39641,"ZAF","South Africa",199,241952.68671066,326705.627968648,331680.840577308,0,0,1,0,0,0,0,0,0,1,0,1,2,"Africa","Developing"
2019,297476.44707,"ZAF","South Africa",199,307231.032347018,401834.159466627,415010.750804675,0,0,1,0,0,0,0,0,0,1,0,1,2,"Africa","Developing"
2020,103625.08234,"ZAF","South Africa",199,117595.417998184,137962.289624182,156561.835706063,0,0,1,0,0,0,0,0,0,1,0,1,2,"Africa","Developing"
2021,63066.014537,"ZAF","South Africa",199,69098.2957565465,89471.1241634965,98029.061206855,0,0,1,0,0,0,0,0,0,1,0,1,2,"Africa","Developing"
2022,242396.413024,"ZAF","South Africa",199,263474.361982609,320128.094752536,347965.320383192,0,0,1,0,0,0,0,0,0,1,0,1,2,"Africa","Developing"
1987,2763089,"ARG","Argentina",213,2162041.47104851,3755397.15257,2938495.42454617,0,0,1,0,0,1,0,0,0,0,0,6,2,"Latin and South America","Developing"
1988,3479219,"ARG","Argentina",213,2313310.50531915,4746246.18323,3155748.79204122,0,0,1,0,0,1,0,0,0,0,0,6,2,"Latin and South America","Developing"
1989,4589383,"ARG","Argentina",213,2967593.27513741,6123292.48009,3959451.97548658,0,0,1,0,0,1,0,0,0,0,0,6,2,"Latin and South America","Developing"
1990,5273342,"ARG","Argentina",213,4070507.14010035,7388268.54252,5703024.73370899,0,0,1,0,0,1,0,0,0,0,0,6,2,"Latin and South America","Developing"
1991,4866495,"ARG","Argentina",213,3590184.43378827,6952907.40135,5129404.20608632,0,0,1,0,0,1,0,0,0,0,0,6,2,"Latin and South America","Developing"
1992,3934295,"ARG","Argentina",213,2702125.68681319,5678682.7171,3900194.17383242,0,0,1,0,0,1,0,0,0,0,0,6,2,"Latin and South America","Developing"
1993,3024327,"ARG","Argentina",213,2044154.78202095,4524332.70546,3058014.6708077,0,0,1,0,0,1,0,0,0,0,0,6,2,"Latin and South America","Developing"
1994,2724646,"ARG","Argentina",213,2077503.62180709,4174484.62952,3182984.84904308,0,0,1,0,0,1,0,0,0,0,0,6,2,"Latin and South America","Developing"
1995,2769596,"ARG","Argentina",213,2407297.69665363,4405901.01276,3829553.24881356,0,0,1,0,0,1,0,0,0,0,0,6,2,"Latin and South America","Developing"
1996,3359952,"ARG","Argentina",213,2495508.02139037,5305801.00176,3940731.58181818,0,0,1,0,0,1,0,0,0,0,0,6,2,"Latin and South America","Developing"
1997,3864466,"ARG","Argentina",213,2655442.86401429,5998887.86112,4122097.06666667,0,0,1,0,0,1,0,0,0,0,0,6,2,"Latin and South America","Developing"
1998,3516078,"ARG","Argentina",213,2554361.0606611,5556563.54574,4036733.41499455,0,0,1,0,0,1,0,0,0,0,0,6,2,"Latin and South America","Developing"
1999,4499831,"ARG","Argentina",213,2813097.64941235,6082376.56439,3802435.96173418,0,0,1,0,0,1,0,0,0,0,0,6,2,"Latin and South America","Developing"
2000,5116554,"ARG","Argentina",213,3126522.45646196,6977905.17966,4263920.06089826,0,0,1,0,0,1,0,0,0,0,0,6,2,"Latin and South America","Developing"
2001,4352524,"ARG","Argentina",213,2594958.56435939,6064154.063,3615426.01979372,0,0,1,0,0,1,0,0,0,0,0,6,2,"Latin and South America","Developing"
2002,4765206,"ARG","Argentina",213,3436116.23882319,6764019.30876,4877429.55635996,0,0,1,0,0,1,0,0,0,0,0,6,2,"Latin and South America","Developing"
2003,4768524,"ARG","Argentina",213,3855221.9257822,6596013.13776,5332697.17661897,0,0,1,0,0,1,0,0,0,0,0,6,2,"Latin and South America","Developing"
2004,4311648,"ARG","Argentina",213,3810222.69353128,6111459.22464,5400723.95249205,0,0,1,0,0,1,0,0,0,0,0,6,2,"Latin and South America","Developing"
2005,5823743,"ARG","Argentina",213,4431060.64064521,8438603.607,6420606.86829491,0,0,1,0,0,1,0,0,0,0,0,6,2,"Latin and South America","Developing"
2006,5778447,"ARG","Argentina",213,4735267.55715808,8688126.20238,7119664.18288945,0,0,1,0,0,1,0,0,0,0,0,6,2,"Latin and South America","Developing"
2007,6347558,"ARG","Argentina",213,5639767.2145713,9972013.618,8860074.29409151,0,0,1,0,0,1,0,0,0,0,0,6,2,"Latin and South America","Developing"
2008,4570626,"ARG","Argentina",213,4296912.66334493,7498111.953,7049085.22421735,0,0,1,0,0,1,0,0,0,0,0,6,2,"Latin and South America","Developing"
2009,2176166,"ARG","Argentina",213,2111757.39932072,3643032.45396,3535208.59190684,0,0,1,0,0,1,0,0,0,0,0,6,2,"Latin and South America","Developing"
2010,1695232,"ARG","Argentina",213,1804206.04512559,2784028.65664,2962993.4617284,0,0,1,0,0,1,0,0,0,0,0,6,2,"Latin and South America","Developing"
2011,1394363,"ARG","Argentina",213,1481946.00914019,2378978.48882,2528407.36403444,0,0,1,0,0,1,0,0,0,0,0,6,2,"Latin and South America","Developing"
2012,907072,"ARG","Argentina",213,989605.062186341,1569724.37888,1712551.14431595,0,0,1,0,0,1,0,0,0,0,0,6,2,"Latin and South America","Developing"
2013,615134,"ARG","Argentina",213,689998.878295008,973769.42468,1092282.02431856,0,0,1,0,0,1,0,0,0,0,0,6,2,"Latin and South America","Developing"
2014,498244,"ARG","Argentina",213,503734.708320696,759433.46968,767802.517116571,0,0,1,0,0,1,0,0,0,0,0,6,2,"Latin and South America","Developing"
2015,373958.45892,"ARG","Argentina",213,376936.255337164,502439.366651144,506440.244583353,0,0,1,0,0,1,0,0,0,0,0,6,2,"Latin and South America","Developing"
2016,219329.30621,"ARG","Argentina",213,215875.301387795,292850.682944654,288238.861165998,0,0,1,0,0,1,0,0,0,0,0,6,2,"Latin and South America","Developing"
2017,192103.19809,"ARG","Argentina",213,196968.315482416,260011.678614815,266596.61500545,0,0,1,0,0,1,0,0,0,0,0,6,2,"Latin and South America","Developing"
2018,548409.41974,"ARG","Argentina",213,556760.83222335,751787.053050579,763235.58685338,0,0,1,0,0,1,0,0,0,0,0,6,2,"Latin and South America","Developing"
2019,645576.48435,"ARG","Argentina",213,666745.659024012,872051.170824824,900646.703666226,0,0,1,0,0,1,0,0,0,0,0,6,2,"Latin and South America","Developing"
2020,225717.13056,"ARG","Argentina",213,256147.447299138,300510.758942362,341024.46543618,0,0,1,0,0,1,0,0,0,0,0,6,2,"Latin and South America","Developing"
2021,139540.06151,"ARG","Argentina",213,152887.105850772,197964.089863622,216899.408199432,0,0,1,0,0,1,0,0,0,0,0,6,2,"Latin and South America","Developing"
2022,350540.61861,"ARG","Argentina",213,381022.411532609,462951.984185855,503208.678462886,0,0,1,0,0,1,0,0,0,0,0,6,2,"Latin and South America","Developing"
1987,20852,"BOL","Bolivia",218,16316.1189358372,28340.57876,22175.7267292645,0,0,1,0,0,1,0,0,0,0,0,6,2,"Latin and South America","Developing"
1988,69917,"BOL","Bolivia",218,46487.3670212766,95378.67389,63416.6714694149,0,0,1,0,0,1,0,0,0,0,0,6,2,"Latin and South America","Developing"
1989,28195,"BOL","Bolivia",218,18231.4904623343,37618.61485,24325.0015195603,0,0,1,0,0,1,0,0,0,0,0,6,2,"Latin and South America","Developing"
1990,21616,"BOL","Bolivia",218,16685.4496333462,30285.31296,23377.316063296,0,0,1,0,0,1,0,0,0,0,0,6,2,"Latin and South America","Developing"
1991,18293,"BOL","Bolivia",218,13495.3891552933,26135.75789,19281.2673478421,0,0,1,0,0,1,0,0,0,0,0,6,2,"Latin and South America","Developing"
1992,42573,"BOL","Bolivia",218,29239.6978021978,61449.01674,42203.9950137363,0,0,1,0,0,1,0,0,0,0,0,6,2,"Latin and South America","Developing"
1993,34756,"BOL","Bolivia",218,23491.720175735,51994.28088,35143.1435484961,0,0,1,0,0,1,0,0,0,0,0,6,2,"Latin and South America","Developing"
1994,23225,"BOL","Bolivia",218,17708.7304613039,35583.487,27131.9001143729,0,0,1,0,0,1,0,0,0,0,0,6,2,"Latin and South America","Developing"
1995,8152,"BOL","Bolivia",218,7085.61495002173,12968.28312,11271.8671186441,0,0,1,0,0,1,0,0,0,0,0,6,2,"Latin and South America","Developing"
1996,11250,"BOL","Bolivia",218,8355.61497326203,17765.2125,13194.6022727273,0,0,1,0,0,1,0,0,0,0,0,6,2,"Latin and South America","Developing"
1997,9346,"BOL","Bolivia",218,6422.04356490071,14507.98272,9969.06666666667,0,0,1,0,0,1,0,0,0,0,0,6,2,"Latin and South America","Developing"
1998,13335,"BOL","Bolivia",218,9687.61351253178,21073.70055,15309.6262622594,0,0,1,0,0,1,0,0,0,0,0,6,2,"Latin and South America","Developing"
1999,30371,"BOL","Bolivia",218,18986.6216554139,41052.17699,25664.0266254064,0,0,1,0,0,1,0,0,0,0,0,6,2,"Latin and South America","Developing"
2000,28395,"BOL","Bolivia",218,17351.0540788268,38724.81705,23663.1940421632,0,0,1,0,0,1,0,0,0,0,0,6,2,"Latin and South America","Developing"
2001,22149,"BOL","Bolivia",218,13205.1511357539,30859.09425,18398.0768198891,0,0,1,0,0,1,0,0,0,0,0,6,2,"Latin and South America","Developing"
2002,16164,"BOL","Bolivia",218,11655.6100374964,22944.15144,16544.6722238246,0,0,1,0,0,1,0,0,0,0,0,6,2,"Latin and South America","Developing"
2003,270012,"BOL","Bolivia",218,218297.356293961,373491.39888,301957.635120058,0,0,1,0,0,1,0,0,0,0,0,6,2,"Latin and South America","Developing"
2004,7853,"BOL","Bolivia",218,6939.73135383528,11131.07779,9836.58341286674,0,0,1,0,0,1,0,0,0,0,0,6,2,"Latin and South America","Developing"
2005,14618,"BOL","Bolivia",218,11122.2704101042,21181.482,16116.169824241,0,0,1,0,0,1,0,0,0,0,0,6,2,"Latin and South America","Developing"
2006,28163,"BOL","Bolivia",218,23078.7511267721,42344.19702,34699.8254691469,0,0,1,0,0,1,0,0,0,0,0,6,2,"Latin and South America","Developing"
2007,39666,"BOL","Bolivia",218,35243.003109729,62315.286,55366.7578853843,0,0,1,0,0,1,0,0,0,0,0,6,2,"Latin and South America","Developing"
2008,87426,"BOL","Bolivia",218,82190.4672370029,143422.353,134833.461502303,0,0,1,0,0,1,0,0,0,0,0,6,2,"Latin and South America","Developing"
2009,24301,"BOL","Bolivia",218,23581.756428918,40681.33206,39477.2751673945,0,0,1,0,0,1,0,0,0,0,0,6,2,"Latin and South America","Developing"
2010,31683,"BOL","Bolivia",218,33719.6679438059,52032.04041,55376.7990740741,0,0,1,0,0,1,0,0,0,0,0,6,2,"Latin and South America","Developing"
2011,24312,"BOL","Bolivia",218,25839.0902327559,41479.67568,44085.1054097141,0,0,1,0,0,1,0,0,0,0,0,6,2,"Latin and South America","Developing"
2012,16790,"BOL","Bolivia",218,18317.6958324242,29055.7666,31699.5053458433,0,0,1,0,0,1,0,0,0,0,0,6,2,"Latin and South America","Developing"
2013,12438,"BOL","Bolivia",218,13951.7666853618,19689.60276,22085.9256982614,0,0,1,0,0,1,0,0,0,0,0,6,2,"Latin and South America","Developing"
2014,43659,"BOL","Bolivia",218,44140.127388535,66545.92098,67279.2649681529,0,0,1,0,0,1,0,0,0,0,0,6,2,"Latin and South America","Developing"
2015,23093.02245,"BOL","Bolivia",218,23276.9100393106,31027.0921731465,31274.1580215165,0,0,1,0,0,1,0,0,0,0,0,6,2,"Latin and South America","Developing"
2016,21737.25207,"BOL","Bolivia",218,21394.9331397638,29023.7963363847,28566.728677544,0,0,1,0,0,1,0,0,0,0,0,6,2,"Latin and South America","Developing"
2017,22594.319919,"BOL","Bolivia",218,23166.533291295,30581.4120103665,31355.9028097678,0,0,1,0,0,1,0,0,0,0,0,6,2,"Latin and South America","Developing"
2018,24232.934521,"BOL","Bolivia",218,24601.9639807107,33219.7182881128,33725.6023229572,0,0,1,0,0,1,0,0,0,0,0,6,2,"Latin and South America","Developing"
2019,33843.779416,"BOL","Bolivia",218,34953.5547802737,45716.515672927,47215.6113327415,0,0,1,0,0,1,0,0,0,0,0,6,2,"Latin and South America","Developing"
2020,23590.98975,"BOL","Bolivia",218,26771.4363935542,31408.10011356,35642.4195569224,0,0,1,0,0,1,0,0,0,0,0,6,2,"Latin and South America","Developing"
2021,11362.788061,"BOL","Bolivia",218,12449.6417891969,16120.2737942601,17662.1823099157,0,0,1,0,0,1,0,0,0,0,0,6,2,"Latin and South America","Developing"
2022,41428.7453,"BOL","Bolivia",218,45031.2448913043,54714.115342804,59471.8645030478,0,0,1,0,0,1,0,0,0,0,0,6,2,"Latin and South America","Developing"
1987,2925452,"BRA","Brazil",223,2289086.07198748,3976069.57676,3111165.55302034,0,0,1,0,0,1,0,0,0,0,0,6,2,"Latin and South America","Developing"
1988,3687049,"BRA","Brazil",223,2451495.34574468,5029761.63433,3344256.40580452,0,0,1,0,0,1,0,0,0,0,0,6,2,"Latin and South America","Developing"
1989,5325396,"BRA","Brazil",223,3443515.03394762,7105303.10508,4594441.06374394,0,0,1,0,0,1,0,0,0,0,0,6,2,"Latin and South America","Developing"
1990,5714503,"BRA","Brazil",223,4411040.52489386,8006361.57318,6180132.4378078,0,0,1,0,0,1,0,0,0,0,0,6,2,"Latin and South America","Developing"
1991,5770133,"BRA","Brazil",223,4256829.95204721,8243962.12109,6081860.65738842,0,0,1,0,0,1,0,0,0,0,0,6,2,"Latin and South America","Developing"
1992,5256854,"BRA","Brazil",223,3610476.64835165,7587637.92652,5211289.7846978,0,0,1,0,0,1,0,0,0,0,0,6,2,"Latin and South America","Developing"
1993,3865480,"BRA","Brazil",223,2612693.47752619,5782680.7704,3908537.18850963,0,0,1,0,0,1,0,0,0,0,0,6,2,"Latin and South America","Developing"
1994,3998397,"BRA","Brazil",223,3048720.54898971,6126024.01164,4671005.72751811,0,0,1,0,0,1,0,0,0,0,0,6,2,"Latin and South America","Developing"
1995,2920252,"BRA","Brazil",223,2538245.98000869,4645566.08412,4037867.08745763,0,0,1,0,0,1,0,0,0,0,0,6,2,"Latin and South America","Developing"
1996,3310846,"BRA","Brazil",223,2459035.94771242,5228256.24398,3883137.43611111,0,0,1,0,0,1,0,0,0,0,0,6,2,"Latin and South America","Developing"
1997,3823213,"BRA","Brazil",223,2627096.13138185,5934850.00416,4078093.86666667,0,0,1,0,0,1,0,0,0,0,0,6,2,"Latin and South America","Developing"
1998,4280800,"BRA","Brazil",223,3109916.45477661,6765076.664,4914694.27097712,0,0,1,0,0,1,0,0,0,0,0,6,2,"Latin and South America","Developing"
1999,6752627,"BRA","Brazil",223,4221447.2368092,9127458.38963,5706088.01552263,0,0,1,0,0,1,0,0,0,0,0,6,2,"Latin and South America","Developing"
2000,7248287,"BRA","Brazil",223,4429139.62725328,9885141.32773,6040416.33225176,0,0,1,0,0,1,0,0,0,0,0,6,2,"Latin and South America","Developing"
2001,6514598,"BRA","Brazil",223,3883979.01389137,9076463.6635,5411353.76110416,0,0,1,0,0,1,0,0,0,0,0,6,2,"Latin and South America","Developing"
2002,5136521,"BRA","Brazil",223,3703865.73406403,7291086.09866,5257489.25487453,0,0,1,0,0,1,0,0,0,0,0,6,2,"Latin and South America","Developing"
2003,3546717,"BRA","Brazil",223,2867424.20567548,4905960.82308,3966335.85825855,0,0,1,0,0,1,0,0,0,0,0,6,2,"Latin and South America","Developing"
2004,3266543,"BRA","Brazil",223,2886658.71332626,4630096.04449,4091636.66003005,0,0,1,0,0,1,0,0,0,0,0,6,2,"Latin and South America","Developing"
2005,4144642,"BRA","Brazil",223,3153497.67937305,6005586.258,4569418.13741155,0,0,1,0,0,1,0,0,0,0,0,6,2,"Latin and South America","Developing"
2006,4256921,"BRA","Brazil",223,3488421.69958207,6400451.00034,5244981.56218963,0,0,1,0,0,1,0,0,0,0,0,6,2,"Latin and South America","Developing"
2007,3674225,"BRA","Brazil",223,3264526.87694358,5772207.475,5128571.72367837,0,0,1,0,0,1,0,0,0,0,0,6,2,"Latin and South America","Developing"
2008,2509454,"BRA","Brazil",223,2359174.57929867,4116759.287,3870225.89733947,0,0,1,0,0,1,0,0,0,0,0,6,2,"Latin and South America","Developing"
2009,1165463,"BRA","Brazil",223,1130968.46191169,1951054.98978,1893309.06334789,0,0,1,0,0,1,0,0,0,0,0,6,2,"Latin and South America","Developing"
2010,669209,"BRA","Brazil",223,712227.54363559,1099021.86443,1169669.92808642,0,0,1,0,0,1,0,0,0,0,0,6,2,"Latin and South America","Developing"
2011,460922,"BRA","Brazil",223,489873.525348071,786397.46108,835792.816537358,0,0,1,0,0,1,0,0,0,0,0,6,2,"Latin and South America","Developing"
2012,279067,"BRA","Brazil",223,304458.869735981,482936.60618,526878.252432904,0,0,1,0,0,1,0,0,0,0,0,6,2,"Latin and South America","Developing"
2013,305138,"BRA","Brazil",223,342274.817722939,483039.55676,541827.881951767,0,0,1,0,0,1,0,0,0,0,0,6,2,"Latin and South America","Developing"
2014,158269,"BRA","Brazil",223,160013.143261551,241236.77518,243895.233222121,0,0,1,0,0,1,0,0,0,0,0,6,2,"Latin and South America","Developing"
2015,104595.23205,"BRA","Brazil",223,105428.114151799,140531.015925418,141650.051330933,0,0,1,0,0,1,0,0,0,0,0,6,2,"Latin and South America","Developing"
2016,57137.79672,"BRA","Brazil",223,56237.9888976378,76290.9575585112,75089.525156015,0,0,1,0,0,1,0,0,0,0,0,6,2,"Latin and South America","Developing"
2017,51175.30209,"BRA","Brazil",223,52471.3442940634,69265.771378815,71019.9645020148,0,0,1,0,0,1,0,0,0,0,0,6,2,"Latin and South America","Developing"
2018,84414.10266,"BRA","Brazil",223,85699.5966091371,115719.072631461,117481.292011636,0,0,1,0,0,1,0,0,0,0,0,6,2,"Latin and South America","Developing"
2019,91069.51047,"BRA","Brazil",223,94055.7815336948,123017.605437981,127051.49025353,0,0,1,0,0,1,0,0,0,0,0,6,2,"Latin and South America","Developing"
2020,44554.73458,"BRA","Brazil",223,50561.432796187,59318.3914304288,67315.4691675315,0,0,1,0,0,1,0,0,0,0,0,6,2,"Latin and South America","Developing"
2021,19600.961405,"BRA","Brazil",223,21475.7986249589,27807.6879356594,30467.500751243,0,0,1,0,0,1,0,0,0,0,0,6,2,"Latin and South America","Developing"
2022,159734.456482,"BRA","Brazil",223,173624.409219565,210958.101986648,229302.284768095,0,0,1,0,0,1,0,0,0,0,0,6,2,"Latin and South America","Developing"
1987,263071,"CHL","Chile",228,205845.852895149,357547.68823,279771.274045383,0,0,1,0,0,1,0,0,0,0,0,6,2,"Latin and South America","Developing"
1988,349384,"CHL","Chile",228,232303.191489362,476619.17128,316901.044734043,0,0,1,0,0,1,0,0,0,0,0,6,2,"Latin and South America","Developing"
1989,471036,"CHL","Chile",228,304581.959262852,628470.36228,406382.387507275,0,0,1,0,0,1,0,0,0,0,0,6,2,"Latin and South America","Developing"
1990,556441,"CHL","Chile",228,429518.332690081,779607.22746,601780.955198765,0,0,1,0,0,1,0,0,0,0,0,6,2,"Latin and South America","Developing"
1991,496762,"CHL","Chile",228,366478.790114349,709738.77226,523599.241800074,0,0,1,0,0,1,0,0,0,0,0,6,2,"Latin and South America","Developing"
1992,400247,"CHL","Chile",228,274894.917582418,577708.51486,396777.82614011,0,0,1,0,0,1,0,0,0,0,0,6,2,"Latin and South America","Developing"
1993,339016,"CHL","Chile",228,229142.277796553,507161.15568,342792.264738087,0,0,1,0,0,1,0,0,0,0,0,6,2,"Latin and South America","Developing"
1994,309074,"CHL","Chile",228,235664.506290507,473538.45688,361066.303377812,0,0,1,0,0,1,0,0,0,0,0,6,2,"Latin and South America","Developing"
1995,247878,"CHL","Chile",228,215452.411994785,394326.80118,342743.851525424,0,0,1,0,0,1,0,0,0,0,0,6,2,"Latin and South America","Developing"
1996,280687,"CHL","Chile",228,208472.222222222,443241.26231,329204.740277778,0,0,1,0,0,1,0,0,0,0,0,6,2,"Latin and South America","Developing"
1997,347219,"CHL","Chile",228,238589.29430358,538994.99808,370366.933333333,0,0,1,0,0,1,0,0,0,0,0,6,2,"Latin and South America","Developing"
1998,309864,"CHL","Chile",228,225110.061750817,489687.37512,355748.183886669,0,0,1,0,0,1,0,0,0,0,0,6,2,"Latin and South America","Developing"
1999,562115,"CHL","Chile",228,351409.727431858,759805.22435,474997.014472368,0,0,1,0,0,1,0,0,0,0,0,6,2,"Latin and South America","Developing"
2000,598983,"CHL","Chile",228,366014.665444546,816887.02557,499167.140586618,0,0,1,0,0,1,0,0,0,0,0,6,2,"Latin and South America","Developing"
2001,514906,"CHL","Chile",228,306985.035473678,717392.7845,427706.900673702,0,0,1,0,0,1,0,0,0,0,0,6,2,"Latin and South America","Developing"
2002,401902,"CHL","Chile",228,289805.307182002,570483.81292,411367.041332564,0,0,1,0,0,1,0,0,0,0,0,6,2,"Latin and South America","Developing"
2003,310337,"CHL","Chile",228,250899.021747918,429270.55188,347053.56284259,0,0,1,0,0,1,0,0,0,0,0,6,2,"Latin and South America","Developing"
2004,281283,"CHL","Chile",228,248571.049840933,398698.96269,352332.063176034,0,0,1,0,0,1,0,0,0,0,0,6,2,"Latin and South America","Developing"
2005,483118,"CHL","Chile",228,367585.78711101,700037.982,532631.805523853,0,0,1,0,0,1,0,0,0,0,0,6,2,"Latin and South America","Developing"
2006,598291,"CHL","Chile",228,490281.89789396,899554.45014,737158.444759485,0,0,1,0,0,1,0,0,0,0,0,6,2,"Latin and South America","Developing"
2007,563384,"CHL","Chile",228,500563.30519769,885076.264,786384.952465571,0,0,1,0,0,1,0,0,0,0,0,6,2,"Latin and South America","Developing"
2008,429911,"CHL","Chile",228,404165.648209081,705268.9955,663033.745886998,0,0,1,0,0,1,0,0,0,0,0,6,2,"Latin and South America","Developing"
2009,263402,"CHL","Chile",228,255606.016496846,440950.75212,427899.80797671,0,0,1,0,0,1,0,0,0,0,0,6,2,"Latin and South America","Developing"
2010,196296,"CHL","Chile",228,208914.431673052,322371.03192,343093.903703704,0,0,1,0,0,1,0,0,0,0,0,6,2,"Latin and South America","Developing"
2011,155891,"CHL","Chile",228,165682.856839197,265971.87074,282678.149367627,0,0,1,0,0,1,0,0,0,0,0,6,2,"Latin and South America","Developing"
2012,134142,"CHL","Chile",228,146347.37071787,232138.09668,253259.978922103,0,0,1,0,0,1,0,0,0,0,0,6,2,"Latin and South America","Developing"
2013,110831,"CHL","Chile",228,124319.685922602,175447.68962,196800.549209198,0,0,1,0,0,1,0,0,0,0,0,6,2,"Latin and South America","Developing"
2014,97425,"CHL","Chile",228,98498.6351228389,148497.1335,150133.589626934,0,0,1,0,0,1,0,0,0,0,0,6,2,"Latin and South America","Developing"
2015,63466.46479,"CHL","Chile",228,63971.8423445217,85271.6380979003,85950.648218829,0,0,1,0,0,1,0,0,0,0,0,6,2,"Latin and South America","Developing"
2016,28313.67759,"CHL","Chile",228,27867.7929035433,37804.7054549439,37209.3557627401,0,0,1,0,0,1,0,0,0,0,0,6,2,"Latin and South America","Developing"
2017,42361.81285,"CHL","Chile",228,43434.6486722034,57336.713692475,58788.7969778273,0,0,1,0,0,1,0,0,0,0,0,6,2,"Latin and South America","Developing"
2018,70792.45547,"CHL","Chile",228,71870.5131675127,97045.8375810495,98523.6929756848,0,0,1,0,0,1,0,0,0,0,0,6,2,"Latin and South America","Developing"
2019,106114.55718,"CHL","Chile",228,109594.172145624,143340.604984316,148040.90367603,0,0,1,0,0,1,0,0,0,0,0,6,2,"Latin and South America","Developing"
2020,75536.66573,"CHL","Chile",228,85720.2289264639,100566.495286293,114124.483983537,0,0,1,0,0,1,0,0,0,0,0,6,2,"Latin and South America","Developing"
2021,57186.446776,"CHL","Chile",228,62656.3457609291,81129.8401766434,88889.9311675725,0,0,1,0,0,1,0,0,0,0,0,6,2,"Latin and South America","Developing"
2022,113550.059388,"CHL","Chile",228,123423.977595652,149963.292432544,163003.578731026,0,0,1,0,0,1,0,0,0,0,0,6,2,"Latin and South America","Developing"
1987,289632,"COL","Colombia",233,226629.107981221,393647.54016,308018.419530516,0,0,1,0,0,1,0,0,0,0,0,6,2,"Latin and South America","Developing"
1988,387734,"COL","Colombia",233,257801.861702128,528935.09078,351685.565678192,0,0,1,0,0,1,0,0,0,0,0,6,2,"Latin and South America","Developing"
1989,547891,"COL","Colombia",233,354278.047203362,731012.60893,472688.398920142,0,0,1,0,0,1,0,0,0,0,0,6,2,"Latin and South America","Developing"
1990,660929,"COL","Colombia",233,510172.906213817,926001.18474,714782.85197993,0,0,1,0,0,1,0,0,0,0,0,6,2,"Latin and South America","Developing"
1991,560105,"COL","Colombia",233,413209.147915898,800238.81665,590364.305901881,0,0,1,0,0,1,0,0,0,0,0,6,2,"Latin and South America","Developing"
1992,452299,"COL","Colombia",233,310644.917582418,652839.33062,448378.66114011,0,0,1,0,0,1,0,0,0,0,0,6,2,"Latin and South America","Developing"
1993,412030,"COL","Colombia",233,278492.734031767,616388.6394,416619.560256844,0,0,1,0,0,1,0,0,0,0,0,6,2,"Latin and South America","Developing"
1994,306274,"COL","Colombia",233,233529.546321006,469248.52088,357795.28850934,0,0,1,0,0,1,0,0,0,0,0,6,2,"Latin and South America","Developing"
1995,275270,"COL","Colombia",233,239261.190786614,437902.2687,380619.094915254,0,0,1,0,0,1,0,0,0,0,0,6,2,"Latin and South America","Developing"
1996,303772,"COL","Colombia",233,225617.944147356,479695.47836,356280.064141414,0,0,1,0,0,1,0,0,0,0,0,6,2,"Latin and South America","Developing"
1997,349627,"COL","Colombia",233,240243.935958222,542732.98464,372935.466666667,0,0,1,0,0,1,0,0,0,0,0,6,2,"Latin and South America","Developing"
1998,315741,"COL","Colombia",233,229379.585906284,498974.97453,362495.440995278,0,0,1,0,0,1,0,0,0,0,0,6,2,"Latin and South America","Developing"
1999,531702,"COL","Colombia",233,332396.849212303,718696.27638,449297.497111778,0,0,1,0,0,1,0,0,0,0,0,6,2,"Latin and South America","Developing"
2000,591792,"COL","Colombia",233,361620.531622365,807080.01168,493174.464821265,0,0,1,0,0,1,0,0,0,0,0,6,2,"Latin and South America","Developing"
2001,483796,"COL","Colombia",233,288437.369582066,674048.777,401865.365170214,0,0,1,0,0,1,0,0,0,0,0,6,2,"Latin and South America","Developing"
2002,435099,"COL","Colombia",233,313743.149697145,617605.62654,445345.851269109,0,0,1,0,0,1,0,0,0,0,0,6,2,"Latin and South America","Developing"
2003,392072,"COL","Colombia",233,316979.545638289,542329.67328,438458.786708707,0,0,1,0,0,1,0,0,0,0,0,6,2,"Latin and South America","Developing"
2004,382506,"COL","Colombia",233,338022.269353128,542175.47958,479122.905249205,0,0,1,0,0,1,0,0,0,0,0,6,2,"Latin and South America","Developing"
2005,484521,"COL","Colombia",233,368653.275507875,702070.929,534178.596210911,0,0,1,0,0,1,0,0,0,0,0,6,2,"Latin and South America","Developing"
2006,510257,"COL","Colombia",233,418140.621158731,767191.80978,628691.149536999,0,0,1,0,0,1,0,0,0,0,0,6,2,"Latin and South America","Developing"
2007,600176,"COL","Colombia",233,533252.776543758,942876.496,837740.111950244,0,0,1,0,0,1,0,0,0,0,0,6,2,"Latin and South America","Developing"
2008,421742,"COL","Colombia",233,396485.851273855,691867.751,650435.03901476,0,0,1,0,0,1,0,0,0,0,0,6,2,"Latin and South America","Developing"
2009,330614,"COL","Colombia",233,320828.723920427,553467.67284,537086.53356623,0,0,1,0,0,1,0,0,0,0,0,6,2,"Latin and South America","Developing"
2010,219263,"COL","Colombia",233,233357.811834823,360089.04701,383236.533641975,0,0,1,0,0,1,0,0,0,0,0,6,2,"Latin and South America","Developing"
2011,219485,"COL","Colombia",233,233271.335954937,374472.1379,397993.557126156,0,0,1,0,0,1,0,0,0,0,0,6,2,"Latin and South America","Developing"
2012,79418,"COL","Colombia",233,86644.1195723325,137436.02572,149941.114684704,0,0,1,0,0,1,0,0,0,0,0,6,2,"Latin and South America","Developing"
2013,79574,"COL","Colombia",233,89258.5530005609,125967.23348,141298.074570948,0,0,1,0,0,1,0,0,0,0,0,6,2,"Latin and South America","Developing"
2014,58328,"COL","Colombia",233,58970.7815185522,88904.70416,89884.4446062077,0,0,1,0,0,1,0,0,0,0,0,6,2,"Latin and South America","Developing"
2015,32892.72223,"COL","Colombia",233,33154.6439169439,44193.6748065611,44545.5849274883,0,0,1,0,0,1,0,0,0,0,0,6,2,"Latin and South America","Developing"
2016,18085.743,"COL","Colombia",233,17800.9281496063,24148.26491103,23767.9772746358,0,0,1,0,0,1,0,0,0,0,0,6,2,"Latin and South America","Developing"
2017,9127.8318,"COL","Colombia",233,9358.99907720701,12354.5203413,12667.4052509997,0,0,1,0,0,1,0,0,0,0,0,6,2,"Latin and South America","Developing"
2018,13550.38558,"COL","Colombia",233,13756.7366294416,18575.546072343,18858.42240847,0,0,1,0,0,1,0,0,0,0,0,6,2,"Latin and South America","Developing"
2019,36813.5295,"COL","Colombia",233,38020.6862896979,49728.083783895,51358.7232469868,0,0,1,0,0,1,0,0,0,0,0,6,2,"Latin and South America","Developing"
2020,22048.99126,"COL","Colombia",233,25021.5515887426,29355.1450039136,33312.6929231884,0,0,1,0,0,1,0,0,0,0,0,6,2,"Latin and South America","Developing"
2021,5920.483261,"COL","Colombia",233,6486.77907417552,8399.33039754809,9202.72860474207,0,0,1,0,0,1,0,0,0,0,0,6,2,"Latin and South America","Developing"
2022,44396.629167,"COL","Colombia",233,48257.2056163043,58633.7402082736,63732.3263133408,0,0,1,0,0,1,0,0,0,0,0,6,2,"Latin and South America","Developing"
1987,70890,"CRI","Costa Rica",238,55469.4835680751,96348.7257,75390.2392018779,0,0,0,1,0,0,0,0,0,0,0,8,3,"OFC","OFC"
1988,127887,"CRI","Costa Rica",238,85031.25,174459.60879,115997.0803125,0,0,0,1,0,0,0,0,0,0,0,8,3,"OFC","OFC"
1989,197953,"CRI","Costa Rica",238,128000.646621403,264114.83119,170782.302741675,0,0,0,1,0,0,0,0,0,0,0,8,3,"OFC","OFC"
1990,188138,"CRI","Costa Rica",238,145224.237746044,263592.62628,203467.870536472,0,0,0,1,0,0,0,0,0,0,0,8,3,"OFC","OFC"
1991,154703,"CRI","Costa Rica",238,114129.841386942,221028.81719,163060.728284766,0,0,0,1,0,0,0,0,0,0,0,8,3,"OFC","OFC"
1992,190674,"CRI","Costa Rica",238,130957.417582418,275215.03812,189021.31739011,0,0,0,1,0,0,0,0,0,0,0,8,3,"OFC","OFC"
1993,102031,"CRI","Costa Rica",238,68963.1632308212,152636.33538,103167.512930044,0,0,0,1,0,0,0,0,0,0,0,8,3,"OFC","OFC"
1994,90807,"CRI","Costa Rica",238,69239.0392680137,139127.22084,106082.516843309,0,0,0,1,0,0,0,0,0,0,0,8,3,"OFC","OFC"
1995,118741,"CRI","Costa Rica",238,103208.170360713,188894.37021,164184.589491525,0,0,0,1,0,0,0,0,0,0,0,8,3,"OFC","OFC"
1996,106691,"CRI","Costa Rica",238,79241.6815210933,168478.95883,125132.916540404,0,0,0,1,0,0,0,0,0,0,0,8,3,"OFC","OFC"
1997,132416,"CRI","Costa Rica",238,90988.7995602281,205552.00512,141243.733333333,0,0,0,1,0,0,0,0,0,0,0,8,3,"OFC","OFC"
1998,74710,"CRI","Costa Rica",238,54275.3359970941,118066.4543,85772.9417362877,0,0,0,1,0,0,0,0,0,0,0,8,3,"OFC","OFC"
1999,95737,"CRI","Costa Rica",238,59850.5876469117,129406.74553,80899.4408164541,0,0,0,1,0,0,0,0,0,0,0,8,3,"OFC","OFC"
2000,97992,"CRI","Costa Rica",238,59879.0100824931,133640.50968,81662.3951604033,0,0,0,1,0,0,0,0,0,0,0,8,3,"OFC","OFC"
2001,141617,"CRI","Costa Rica",238,84431.5268586419,197307.88525,117634.224795803,0,0,0,1,0,0,0,0,0,0,0,8,3,"OFC","OFC"
2002,107472,"CRI","Costa Rica",238,77496.3945774445,152552.20512,110003.032246899,0,0,0,1,0,0,0,0,0,0,0,8,3,"OFC","OFC"
2003,94434,"CRI","Costa Rica",238,76347.3199126849,130624.88616,105606.666796022,0,0,0,1,0,0,0,0,0,0,0,8,3,"OFC","OFC"
2004,215828,"CRI","Costa Rica",238,190728.172499116,305921.08204,270343.833545422,0,0,0,1,0,0,0,0,0,0,0,8,3,"OFC","OFC"
2005,502635,"CRI","Costa Rica",238,382435.51700525,728318.115,554149.064140607,0,0,0,1,0,0,0,0,0,0,0,8,3,"OFC","OFC"
2006,706103,"CRI","Costa Rica",238,578630.664590674,1061654.10462,869994.349438663,0,0,0,1,0,0,0,0,0,0,0,8,3,"OFC","OFC"
2007,854051,"CRI","Costa Rica",238,758819.191470458,1341714.121,1192104.94980009,0,0,0,1,0,0,0,0,0,0,0,8,3,"OFC","OFC"
2008,700731,"CRI","Costa Rica",238,658767.509636176,1149549.2055,1080708.09955815,0,0,0,1,0,0,0,0,0,0,0,8,3,"OFC","OFC"
2009,476595,"CRI","Costa Rica",238,462489.082969432,797848.6257,774234.474235808,0,0,0,1,0,0,0,0,0,0,0,8,3,"OFC","OFC"
2010,184256,"CRI","Costa Rica",238,196100.468284376,302598.10112,322049.916049383,0,0,0,1,0,0,0,0,0,0,0,8,3,"OFC","OFC"
2011,207707,"CRI","Costa Rica",238,220753.533850569,354377.22098,376636.434243809,0,0,0,1,0,0,0,0,0,0,0,8,3,"OFC","OFC"
2012,92190,"CRI","Costa Rica",238,100578.223870827,159538.4826,174054.639537421,0,0,0,1,0,0,0,0,0,0,0,8,3,"OFC","OFC"
2013,22085,"CRI","Costa Rica",238,24772.8547392036,34960.9967,39215.9245092541,0,0,0,1,0,0,0,0,0,0,0,8,3,"OFC","OFC"
2014,37422,"CRI","Costa Rica",238,37834.3949044586,57039.36084,57667.9414012739,0,0,0,1,0,0,0,0,0,0,0,8,3,"OFC","OFC"
2015,35257.20805,"CRI","Costa Rica",238,35537.9579175486,47370.5270197385,47747.7341192808,0,0,0,1,0,0,0,0,0,0,0,8,3,"OFC","OFC"
2016,63482.42207,"CRI","Costa Rica",238,62482.6988877953,84762.3647720847,83427.5243819731,0,0,0,1,0,0,0,0,0,0,0,8,3,"OFC","OFC"
2017,39828.44615,"CRI","Costa Rica",238,40837.1230903312,53907.801864025,55273.0461027633,0,0,0,1,0,0,0,0,0,0,0,8,3,"OFC","OFC"
2018,26875.4797,"CRI","Costa Rica",238,27284.750964467,36842.251346745,37403.3008596396,0,0,0,1,0,0,0,0,0,0,0,8,3,"OFC","OFC"
2019,41630.4949,"CRI","Costa Rica",238,42995.6053705138,56234.888815869,58078.8936905438,0,0,0,1,0,0,0,0,0,0,0,8,3,"OFC","OFC"
2020,16653.78344,"CRI","Costa Rica",238,18898.9825692238,22172.1811206784,25161.3494333618,0,0,0,1,0,0,0,0,0,0,0,8,3,"OFC","OFC"
2021,7469.75672,"CRI","Costa Rica",238,8184.24095540703,10597.2691610968,11610.9008010264,0,0,0,1,0,0,0,0,0,0,0,8,3,"OFC","OFC"
2022,27148.76118,"CRI","Costa Rica",238,29509.5230217391,35854.8259152024,38972.6368643504,0,0,0,1,0,0,0,0,0,0,0,8,3,"OFC","OFC"
1987,29188,"DOM","Dominican Republic",243,22838.8106416275,39670.28644,31040.9127073552,0,0,1,0,0,1,0,0,0,0,0,6,2,"Latin and South America","Developing"
1988,25639,"DOM","Dominican Republic",243,17047.2074468085,34975.95463,23255.2889827128,0,0,1,0,0,1,0,0,0,0,0,6,2,"Latin and South America","Developing"
1989,40588,"DOM","Dominican Republic",243,26245.0695118008,54153.72724,35016.95909473,0,0,1,0,0,1,0,0,0,0,0,6,2,"Latin and South America","Developing"
1990,55476,"DOM","Dominican Republic",243,42822.0764183713,77725.20456,59996.2983867233,0,0,1,0,0,1,0,0,0,0,0,6,2,"Latin and South America","Developing"
1991,21988,"DOM","Dominican Republic",243,16221.320545924,31414.91524,23175.887303578,0,0,1,0,0,1,0,0,0,0,0,6,2,"Latin and South America","Developing"
1992,57842,"DOM","Dominican Republic",243,39726.6483516483,83487.98596,57340.6496978022,0,0,1,0,0,1,0,0,0,0,0,6,2,"Latin and South America","Developing"
1993,46417,"DOM","Dominican Republic",243,31373.43697195,69438.90366,46934.0342412977,0,0,1,0,0,1,0,0,0,0,0,6,2,"Latin and South America","Developing"
1994,57040,"DOM","Dominican Republic",243,43492.1845215402,87392.1248,66635.2457491422,0,0,1,0,0,1,0,0,0,0,0,6,2,"Latin and South America","Developing"
1995,92234,"DOM","Dominican Republic",243,80168.6223381139,146726.76954,127533.046101695,0,0,1,0,0,1,0,0,0,0,0,6,2,"Latin and South America","Developing"
1996,95727,"DOM","Dominican Republic",243,71098.4848484848,151165.37751,112273.750378788,0,0,1,0,0,1,0,0,0,0,0,6,2,"Latin and South America","Developing"
1997,116507,"DOM","Dominican Republic",243,80057.0329141758,180856.14624,124274.133333333,0,0,1,0,0,1,0,0,0,0,0,6,2,"Latin and South America","Developing"
1998,108755,"DOM","Dominican Republic",243,79008.3545223393,171868.78915,124859.272902288,0,0,1,0,0,1,0,0,0,0,0,6,2,"Latin and South America","Developing"
1999,60436,"DOM","Dominican Republic",243,37781.9454863716,81690.73684,51069.4778944736,0,0,1,0,0,1,0,0,0,0,0,6,2,"Latin and South America","Developing"
2000,67174,"DOM","Dominican Republic",243,41047.3571646807,91611.22946,55979.9752276199,0,0,1,0,0,1,0,0,0,0,0,6,2,"Latin and South America","Developing"
2001,70474,"DOM","Dominican Republic",243,42016.335777738,98187.9005,58539.2598223335,0,0,1,0,0,1,0,0,0,0,0,6,2,"Latin and South America","Developing"
2002,74476,"DOM","Dominican Republic",243,53703.4900490337,105715.70296,76229.9559850014,0,0,1,0,0,1,0,0,0,0,0,6,2,"Latin and South America","Developing"
2003,66454,"DOM","Dominican Republic",243,53726.2511116501,91921.83096,74316.2995876789,0,0,1,0,0,1,0,0,0,0,0,6,2,"Latin and South America","Developing"
2004,80091,"DOM","Dominican Republic",243,70776.7762460233,113523.38613,100321.125954401,0,0,1,0,0,1,0,0,0,0,0,6,2,"Latin and South America","Developing"
2005,105360,"DOM","Dominican Republic",243,80164.346039717,152666.64,116158.13741155,0,0,1,0,0,1,0,0,0,0,0,6,2,"Latin and South America","Developing"
2006,118115,"DOM","Dominican Republic",243,96791.7725149553,177590.6271,145530.301647136,0,0,1,0,0,1,0,0,0,0,0,6,2,"Latin and South America","Developing"
2007,181682,"DOM","Dominican Republic",243,161423.36739227,285422.422,253596.110173256,0,0,1,0,0,1,0,0,0,0,0,6,2,"Latin and South America","Developing"
2008,290448,"DOM","Dominican Republic",243,273054.432640782,476479.944,447945.796747203,0,0,1,0,0,1,0,0,0,0,0,6,2,"Latin and South America","Developing"
2009,130980,"DOM","Dominican Republic",243,127103.347889374,219268.3788,212778.630567686,0,0,1,0,0,1,0,0,0,0,0,6,2,"Latin and South America","Developing"
2010,153333,"DOM","Dominican Republic",243,163189.655172414,251814.18591,268001.475,0,0,1,0,0,1,0,0,0,0,0,6,2,"Latin and South America","Developing"
2011,147709,"DOM","Dominican Republic",243,156986.927409927,252012.23326,267841.676331172,0,0,1,0,0,1,0,0,0,0,0,6,2,"Latin and South America","Developing"
2012,95680,"DOM","Dominican Republic",243,104385.773510801,165578.0672,180643.756491381,0,0,1,0,0,1,0,0,0,0,0,6,2,"Latin and South America","Developing"
2013,85102,"DOM","Dominican Republic",243,95459.338194055,134718.16804,151114.041547953,0,0,1,0,0,1,0,0,0,0,0,6,2,"Latin and South America","Developing"
2014,75080,"DOM","Dominican Republic",243,75907.3905570721,114438.4376,115699.5628349,0,0,1,0,0,1,0,0,0,0,0,6,2,"Latin and South America","Developing"
2015,63677.72424,"DOM","Dominican Republic",243,64184.7840338676,85555.4799571368,86236.7502843834,0,0,1,0,0,1,0,0,0,0,0,6,2,"Latin and South America","Developing"
2016,11190.73776,"DOM","Dominican Republic",243,11014.5056692913,14941.9849645296,14706.6781146945,0,0,1,0,0,1,0,0,0,0,0,6,2,"Latin and South America","Developing"
2017,170543.17627,"DOM","Dominican Republic",243,174862.274448888,230830.189081445,236676.088466569,0,0,1,0,0,1,0,0,0,0,0,6,2,"Latin and South America","Developing"
2018,88559.593088,"DOM","Dominican Republic",243,89908.2163329949,121401.918184685,123250.678360086,0,0,1,0,0,1,0,0,0,0,0,6,2,"Latin and South America","Developing"
2019,60314.0203,"DOM","Dominican Republic",243,62291.7844564937,81472.781761443,84144.3653616762,0,0,1,0,0,1,0,0,0,0,0,6,2,"Latin and South America","Developing"
2020,156992.09998,"DOM","Dominican Republic",243,178157.172015433,209013.002229373,237191.332534468,0,0,1,0,0,1,0,0,0,0,0,6,2,"Latin and South America","Developing"
2021,18848.461404,"DOM","Dominican Republic",243,20651.3217968664,26740.1237092408,29297.8237199965,0,0,1,0,0,1,0,0,0,0,0,6,2,"Latin and South America","Developing"
2022,65049.111569,"DOM","Dominican Republic",243,70705.5560532609,85909.0606669469,93379.4137684206,0,0,1,0,0,1,0,0,0,0,0,6,2,"Latin and South America","Developing"
1987,109354,"ECU","Ecuador",248,85566.510172144,148626.30202,116296.010970266,0,0,1,0,0,1,0,0,0,0,0,6,2,"Latin and South America","Developing"
1988,122108,"ECU","Ecuador",248,81188.829787234,166576.07036,110755.365930851,0,0,1,0,0,1,0,0,0,0,0,6,2,"Latin and South America","Developing"
1989,168919,"ECU","Ecuador",248,109226.640801811,225376.79737,145733.460957,0,0,1,0,0,1,0,0,0,0,0,6,2,"Latin and South America","Developing"
1990,165435,"ECU","Ecuador",248,127699.729834041,231784.3611,178914.983481281,0,0,1,0,0,1,0,0,0,0,0,6,2,"Latin and South America","Developing"
1991,171028,"ECU","Ecuador",248,126173.367760974,244352.83444,180267.675721136,0,0,1,0,0,1,0,0,0,0,0,6,2,"Latin and South America","Developing"
1992,160218,"ECU","Ecuador",248,110039.835164835,231255.45684,158829.29728022,0,0,1,0,0,1,0,0,0,0,0,6,2,"Latin and South America","Developing"
1993,152329,"ECU","Ecuador",248,102959.783710713,227881.13742,154025.777235553,0,0,1,0,0,1,0,0,0,0,0,6,2,"Latin and South America","Developing"
1994,129219,"ECU","Ecuador",248,98527.640106748,197979.01428,150956.167960351,0,0,1,0,0,1,0,0,0,0,0,6,2,"Latin and South America","Developing"
1995,109681,"ECU","Ecuador",248,95333.3333333333,174481.63161,151657.22,0,0,1,0,0,1,0,0,0,0,0,6,2,"Latin and South America","Developing"
1996,140217,"ECU","Ecuador",248,104142.156862745,221420.87121,164454.004166667,0,0,1,0,0,1,0,0,0,0,0,6,2,"Latin and South America","Developing"
1997,150789,"ECU","Ecuador",248,103613.687899402,234072.78048,160841.6,0,0,1,0,0,1,0,0,0,0,0,6,2,"Latin and South America","Developing"
1998,171584,"ECU","Ecuador",248,124652.379222666,271159.34272,196991.894456956,0,0,1,0,0,1,0,0,0,0,0,6,2,"Latin and South America","Developing"
1999,185091,"ECU","Ecuador",248,115710.802700675,250185.65379,156405.134902476,0,0,1,0,0,1,0,0,0,0,0,6,2,"Latin and South America","Developing"
2000,281479,"ECU","Ecuador",248,172000.611060189,383878.24541,234572.713357776,0,0,1,0,0,1,0,0,0,0,0,6,2,"Latin and South America","Developing"
2001,280957,"ECU","Ecuador",248,167505.514815477,391443.34025,233377.058516664,0,0,1,0,0,1,0,0,0,0,0,6,2,"Latin and South America","Developing"
2002,319249,"ECU","Ecuador",248,230205.509085665,453161.18554,326767.511926738,0,0,1,0,0,1,0,0,0,0,0,6,2,"Latin and South America","Developing"
2003,246688,"ECU","Ecuador",248,199440.536825936,341228.70912,275874.128159107,0,0,1,0,0,1,0,0,0,0,0,6,2,"Latin and South America","Developing"
2004,221383,"ECU","Ecuador",248,195637.150936727,313794.90569,277301.966852245,0,0,1,0,0,1,0,0,0,0,0,6,2,"Latin and South America","Developing"
2005,255181,"ECU","Ecuador",248,194157.346115803,369757.269,281333.994521799,0,0,1,0,0,1,0,0,0,0,0,6,2,"Latin and South America","Developing"
2006,164049,"ECU","Ecuador",248,134433.336064902,246654.23346,202125.898107023,0,0,1,0,0,1,0,0,0,0,0,6,2,"Latin and South America","Developing"
2007,204895,"ECU","Ecuador",248,182047.978676144,321890.045,285997.374500222,0,0,1,0,0,1,0,0,0,0,0,6,2,"Latin and South America","Developing"
2008,157475,"ECU","Ecuador",248,148044.561436495,258337.7375,242867.10303657,0,0,1,0,0,1,0,0,0,0,0,6,2,"Latin and South America","Developing"
2009,125123,"ECU","Ecuador",248,121419.699175158,209463.40938,203263.861601165,0,0,1,0,0,1,0,0,0,0,0,6,2,"Latin and South America","Developing"
2010,102687,"ECU","Ecuador",248,109287.994891443,168639.77949,179480.39537037,0,0,1,0,0,1,0,0,0,0,0,6,2,"Latin and South America","Developing"
2011,97815,"ECU","Ecuador",248,103958.975449038,166886.0841,177368.566372622,0,0,1,0,0,1,0,0,0,0,0,6,2,"Latin and South America","Developing"
2012,83155,"ECU","Ecuador",248,90721.1433558804,143903.0537,156996.567423085,0,0,1,0,0,1,0,0,0,0,0,6,2,"Latin and South America","Developing"
2013,77704,"ECU","Ecuador",248,87160.9646662928,123006.98608,137977.550286035,0,0,1,0,0,1,0,0,0,0,0,6,2,"Latin and South America","Developing"
2014,57341,"ECU","Ecuador",248,57972.9046608027,87400.29902,88363.4607420888,0,0,1,0,0,1,0,0,0,0,0,6,2,"Latin and South America","Developing"
2015,16646.08501,"ECU","Ecuador",248,16778.6362362665,22365.1804368857,22543.2722879606,0,0,1,0,0,1,0,0,0,0,0,6,2,"Latin and South America","Developing"
2016,9967.14673,"ECU","Ecuador",248,9810.18378937008,13308.2339853633,13098.6554974048,0,0,1,0,0,1,0,0,0,0,0,6,2,"Latin and South America","Developing"
2017,12735.55101,"ECU","Ecuador",248,13058.0857274685,17237.568292035,17674.1190321286,0,0,1,0,0,1,0,0,0,0,0,6,2,"Latin and South America","Developing"
2018,12805.18645,"ECU","Ecuador",248,13000.1892893401,17553.9898449825,17821.3094872919,0,0,1,0,0,1,0,0,0,0,0,6,2,"Latin and South America","Developing"
2019,13159.87253,"ECU","Ecuador",248,13591.3994629486,17776.4874122493,18359.3983085456,0,0,1,0,0,1,0,0,0,0,0,6,2,"Latin and South America","Developing"
2020,7754.31826,"ECU","Ecuador",248,8799.72566954153,10323.7891586336,11715.6027674008,0,0,1,0,0,1,0,0,0,0,0,6,2,"Latin and South America","Developing"
2021,4923.123902,"ECU","Ecuador",248,5394.0220247617,6984.38664852838,7652.44510630917,0,0,1,0,0,1,0,0,0,0,0,6,2,"Latin and South America","Developing"
2022,5915.275589,"ECU","Ecuador",248,6429.64737934783,7812.18616488052,8491.50670095709,0,0,1,0,0,1,0,0,0,0,0,6,2,"Latin and South America","Developing"
1987,28450,"SLV","El Salvador",253,22261.3458528951,38667.2485,30256.0629890454,0,0,1,0,0,1,0,0,0,0,0,6,2,"Latin and South America","Developing"
1988,21871,"SLV","El Salvador",253,14541.8882978723,29835.76207,19837.6077593085,0,0,1,0,0,1,0,0,0,0,0,6,2,"Latin and South America","Developing"
1989,31034,"SLV","El Salvador",253,20067.2486259295,41406.49382,26774.3251341739,0,0,1,0,0,1,0,0,0,0,0,6,2,"Latin and South America","Developing"
1990,38004,"SLV","El Salvador",253,29335.3917406407,53245.88424,41100.643952142,0,0,1,0,0,1,0,0,0,0,0,6,2,"Latin and South America","Developing"
1991,36223,"SLV","El Salvador",253,26722.9804500184,51752.88679,38179.9238583549,0,0,1,0,0,1,0,0,0,0,0,6,2,"Latin and South America","Developing"
1992,37220,"SLV","El Salvador",253,25563.1868131868,53722.6036,36897.3925824176,0,0,1,0,0,1,0,0,0,0,0,6,2,"Latin and South America","Developing"
1993,26602,"SLV","El Salvador",253,17980.3987833728,39796.05996,26898.31697195,0,0,1,0,0,1,0,0,0,0,0,6,2,"Latin and South America","Developing"
1994,14236,"SLV","El Salvador",253,10854.7464735036,21811.26032,16630.7741669844,0,0,1,0,0,1,0,0,0,0,0,6,2,"Latin and South America","Developing"
1995,14370,"SLV","El Salvador",253,12490.221642764,22859.9397,19869.5694915254,0,0,1,0,0,1,0,0,0,0,0,6,2,"Latin and South America","Developing"
1996,16914,"SLV","El Salvador",253,12562.3885918004,26709.40482,19837.6446969697,0,0,1,0,0,1,0,0,0,0,0,6,2,"Latin and South America","Developing"
1997,18028,"SLV","El Salvador",253,12387.8238163952,27985.22496,19229.8666666667,0,0,1,0,0,1,0,0,0,0,0,6,2,"Latin and South America","Developing"
1998,22240,"SLV","El Salvador",253,16156.9197239375,35146.5392,25533.2649473302,0,0,1,0,0,1,0,0,0,0,0,6,2,"Latin and South America","Developing"
1999,30088,"SLV","El Salvador",253,18809.7024256064,40669.64872,25424.8866716679,0,0,1,0,0,1,0,0,0,0,0,6,2,"Latin and South America","Developing"
2000,26678,"SLV","El Salvador",253,16301.8637335778,36383.18962,22232.318741216,0,0,1,0,0,1,0,0,0,0,0,6,2,"Latin and South America","Developing"
2001,22625,"SLV","El Salvador",253,13488.9405592321,31522.28125,18793.4664341501,0,0,1,0,0,1,0,0,0,0,0,6,2,"Latin and South America","Developing"
2002,20039,"SLV","El Salvador",253,14449.8125180271,28444.55894,20510.9308768388,0,0,1,0,0,1,0,0,0,0,0,6,2,"Latin and South America","Developing"
2003,17531,"SLV","El Salvador",253,14173.3365672245,24249.58044,19605.1260732476,0,0,1,0,0,1,0,0,0,0,0,6,2,"Latin and South America","Developing"
2004,26756,"SLV","El Salvador",253,23644.3973135384,37924.75708,33514.2780841287,0,0,1,0,0,1,0,0,0,0,0,6,2,"Latin and South America","Developing"
2005,8164,"SLV","El Salvador",253,6211.67161226508,11829.636,9000.71216617211,0,0,1,0,0,1,0,0,0,0,0,6,2,"Latin and South America","Developing"
2006,14199,"SLV","El Salvador",253,11635.6633614685,21348.76446,17494.6852905023,0,0,1,0,0,1,0,0,0,0,0,6,2,"Latin and South America","Developing"
2007,72499,"SLV","El Salvador",253,64414.9266992448,113895.929,101195.849844514,0,0,1,0,0,1,0,0,0,0,0,6,2,"Latin and South America","Developing"
2008,55055,"SLV","El Salvador",253,51758.0144777663,90317.7275,84909.0227507756,0,0,1,0,0,1,0,0,0,0,0,6,2,"Latin and South America","Developing"
2009,41037,"SLV","El Salvador",253,39822.4163027656,68698.40022,66665.1142358079,0,0,1,0,0,1,0,0,0,0,0,6,2,"Latin and South America","Developing"
2010,14058,"SLV","El Salvador",253,14961.6858237548,23087.03166,24571.1277777778,0,0,1,0,0,1,0,0,0,0,0,6,2,"Latin and South America","Developing"
2011,7209,"SLV","El Salvador",253,7661.81315761505,12299.56326,13072.1259007333,0,0,1,0,0,1,0,0,0,0,0,6,2,"Latin and South America","Developing"
2012,3699,"SLV","El Salvador",253,4035.56622299804,6401.26746,6983.70877154702,0,0,1,0,0,1,0,0,0,0,0,6,2,"Latin and South America","Developing"
2013,2508,"SLV","El Salvador",253,2813.23611890073,3970.21416,4453.40904094223,0,0,1,0,0,1,0,0,0,0,0,6,2,"Latin and South America","Developing"
2014,8314,"SLV","El Salvador",253,8405.62127186331,12672.36508,12812.0160549995,0,0,1,0,0,1,0,0,0,0,0,6,2,"Latin and South America","Developing"
2015,5514.92064,"SLV","El Salvador",253,5558.83543997581,7409.6819242848,7468.6845320883,0,0,1,0,0,1,0,0,0,0,0,6,2,"Latin and South America","Developing"
2016,1511.58351,"SLV","El Salvador",253,1487.77904527559,2018.2814183871,1986.49745904242,0,0,1,0,0,1,0,0,0,0,0,6,2,"Latin and South America","Developing"
2017,837.898,"SLV","El Salvador",253,859.118220034861,1134.094943,1162.81651081718,0,0,1,0,0,1,0,0,0,0,0,6,2,"Latin and South America","Developing"
2018,782.10755,"SLV","El Salvador",253,794.017817258883,1072.1521349175,1088.47932478934,0,0,1,0,0,1,0,0,0,0,0,6,2,"Latin and South America","Developing"
2019,4512.7778,"SLV","El Salvador",253,4660.75682933127,6095.905380018,6295.79693262897,0,0,1,0,0,1,0,0,0,0,0,6,2,"Latin and South America","Developing"
2020,3117.24183,"SLV","El Salvador",253,3537.49640263277,4150.1710827888,4709.68121060917,0,0,1,0,0,1,0,0,0,0,0,6,2,"Latin and South America","Developing"
2021,3087.102349,"SLV","El Salvador",253,3382.38451736606,4379.64123150281,4798.55509094205,0,0,1,0,0,1,0,0,0,0,0,6,2,"Latin and South America","Developing"
2022,4271.75476,"SLV","El Salvador",253,4643.21169565217,5641.6210764368,6132.19682221391,0,0,1,0,0,1,0,0,0,0,0,6,2,"Latin and South America","Developing"
1987,33745,"GTM","Guatemala",258,26404.5383411581,45863.84185,35887.2001956181,0,0,1,0,0,1,0,0,0,0,0,6,2,"Latin and South America","Developing"
1988,39882,"GTM","Guatemala",258,26517.2872340426,54405.82794,36174.0877260638,0,0,1,0,0,1,0,0,0,0,0,6,2,"Latin and South America","Developing"
1989,56677,"GTM","Guatemala",258,36648.561267378,75620.15371,48897.6098997737,0,0,1,0,0,1,0,0,0,0,0,6,2,"Latin and South America","Developing"
1990,48651,"GTM","Guatemala",258,37553.8402161328,68162.97006,52615.183373215,0,0,1,0,0,1,0,0,0,0,0,6,2,"Latin and South America","Developing"
1991,49765,"GTM","Guatemala",258,36713.3898930284,71100.74845,52453.5215418665,0,0,1,0,0,1,0,0,0,0,0,6,2,"Latin and South America","Developing"
1992,38743,"GTM","Guatemala",258,26609.2032967033,55920.87134,38407.1918543956,0,0,1,0,0,1,0,0,0,0,0,6,2,"Latin and South America","Developing"
1993,28410,"GTM","Guatemala",258,19202.4332544779,42500.7918,28726.4561000338,0,0,1,0,0,1,0,0,0,0,0,6,2,"Latin and South America","Developing"
1994,39252,"GTM","Guatemala",258,29929.0888295844,60138.77424,45854.9555775829,0,0,1,0,0,1,0,0,0,0,0,6,2,"Latin and South America","Developing"
1995,58028,"GTM","Guatemala",258,50437.2012168622,92311.52268,80236.0040677966,0,0,1,0,0,1,0,0,0,0,0,6,2,"Latin and South America","Developing"
1996,60318,"GTM","Guatemala",258,44799.4652406417,95249.96334,70744.1795454545,0,0,1,0,0,1,0,0,0,0,0,6,2,"Latin and South America","Developing"
1997,82226,"GTM","Guatemala",258,56501.0650724936,127641.06432,87707.7333333333,0,0,1,0,0,1,0,0,0,0,0,6,2,"Latin and South America","Developing"
1998,79139,"GTM","Guatemala",258,57492.9168180167,125065.73587,90857.7812350163,0,0,1,0,0,1,0,0,0,0,0,6,2,"Latin and South America","Developing"
1999,113700,"GTM","Guatemala",258,71080.2700675169,153687.153,96078.4902475619,0,0,1,0,0,1,0,0,0,0,0,6,2,"Latin and South America","Developing"
2000,151965,"GTM","Guatemala",258,92859.7616865261,207248.34735,126641.214390467,0,0,1,0,0,1,0,0,0,0,0,6,2,"Latin and South America","Developing"
2001,37783,"GTM","Guatemala",258,22526.0835867167,52641.16475,31384.4659571931,0,0,1,0,0,1,0,0,0,0,0,6,2,"Latin and South America","Developing"
2002,71678,"GTM","Guatemala",258,51685.8955869628,101744.05388,73366.0613498702,0,0,1,0,0,1,0,0,0,0,0,6,2,"Latin and South America","Developing"
2003,61182,"GTM","Guatemala",258,49463.9825369876,84629.38968,68420.5592044628,0,0,1,0,0,1,0,0,0,0,0,6,2,"Latin and South America","Developing"
2004,46906,"GTM","Guatemala",258,41451.0427712973,66485.97158,58753.9515553199,0,0,1,0,0,1,0,0,0,0,0,6,2,"Latin and South America","Developing"
2005,56358,"GTM","Guatemala",258,42880.6208628167,81662.742,62134.0196302214,0,0,1,0,0,1,0,0,0,0,0,6,2,"Latin and South America","Developing"
2006,62076,"GTM","Guatemala",258,50869.4583299189,93333.74904,76484.2653773662,0,0,1,0,0,1,0,0,0,0,0,6,2,"Latin and South America","Developing"
2007,87876,"GTM","Guatemala",258,78077.2989782319,138053.196,122659.436694802,0,0,1,0,0,1,0,0,0,0,0,6,2,"Latin and South America","Developing"
2008,106977,"GTM","Guatemala",258,100570.649619254,175495.7685,164986.150700385,0,0,1,0,0,1,0,0,0,0,0,6,2,"Latin and South America","Developing"
2009,48134,"GTM","Guatemala",258,46709.3643862203,80579.20404,78194.278544396,0,0,1,0,0,1,0,0,0,0,0,6,2,"Latin and South America","Developing"
2010,25591,"GTM","Guatemala",258,27236.0578969774,42027.33157,44728.9608024691,0,0,1,0,0,1,0,0,0,0,0,6,2,"Latin and South America","Developing"
2011,32191,"GTM","Guatemala",258,34212.9875650972,54922.35274,58372.146604315,0,0,1,0,0,1,0,0,0,0,0,6,2,"Latin and South America","Developing"
2012,23766,"GTM","Guatemala",258,25928.4311586297,41128.01364,44870.1872572551,0,0,1,0,0,1,0,0,0,0,0,6,2,"Latin and South America","Developing"
2013,16863,"GTM","Guatemala",258,18915.3112731352,26694.46626,29943.3160515984,0,0,1,0,0,1,0,0,0,0,0,6,2,"Latin and South America","Developing"
2014,5627,"GTM","Guatemala",258,5689.0102113032,8576.78594,8671.30314427257,0,0,1,0,0,1,0,0,0,0,0,6,2,"Latin and South America","Developing"
2015,1957.10288,"GTM","Guatemala",258,1972.68710815442,2629.5047164816,2650.44321790303,0,0,1,0,0,1,0,0,0,0,0,6,2,"Latin and South America","Developing"
2016,2893.37962,"GTM","Guatemala",258,2847.81458661417,3863.2694024202,3802.43051419311,0,0,1,0,0,1,0,0,0,0,0,6,2,"Latin and South America","Developing"
2017,6309.97932,"GTM","Guatemala",258,6469.78295908951,8540.55700962,8756.85123512765,0,0,1,0,0,1,0,0,0,0,0,6,2,"Latin and South America","Developing"
2018,13933.40284,"GTM","Guatemala",258,14145.5866395939,19100.605283214,19391.4774448873,0,0,1,0,0,1,0,0,0,0,0,6,2,"Latin and South America","Developing"
2019,18999.98573,"GTM","Guatemala",258,19623.0165040021,25665.3707239413,26506.966923771,0,0,1,0,0,1,0,0,0,0,0,6,2,"Latin and South America","Developing"
2020,5807.5281,"GTM","Guatemala",258,6590.47673626873,7731.910611216,8774.29710759873,0,0,1,0,0,1,0,0,0,0,0,6,2,"Latin and South America","Developing"
2021,3284.47095,"GTM","Guatemala",258,3598.63147803221,4659.6460920555,5105.34249156952,0,0,1,0,0,1,0,0,0,0,0,6,2,"Latin and South America","Developing"
2022,8097.84629,"GTM","Guatemala",258,8802.00683695652,10694.6636382772,11624.6343894317,0,0,1,0,0,1,0,0,0,0,0,6,2,"Latin and South America","Developing"
1987,8470,"HTI","Haiti",263,6627.54303599374,11511.8311,9007.69256651017,0,0,1,0,0,1,0,0,0,0,0,6,2,"Latin and South America","Developing"
1988,9209,"HTI","Haiti",263,6123.00531914894,12562.64153,8352.8201662234,0,0,1,0,0,1,0,0,0,0,0,6,2,"Latin and South America","Developing"
1989,10398,"HTI","Haiti",263,6723.56935014549,13873.32354,8970.78793404462,0,0,1,0,0,1,0,0,0,0,0,6,2,"Latin and South America","Developing"
1990,17214,"HTI","Haiti",263,13287.5337707449,24117.84684,18616.6320648398,0,0,1,0,0,1,0,0,0,0,0,6,2,"Latin and South America","Developing"
1991,86925,"HTI","Haiti",263,64127.6281814829,124192.35525,91621.06621173,0,0,1,0,0,1,0,0,0,0,0,6,2,"Latin and South America","Developing"
1992,127141,"HTI","Haiti",263,87322.1153846154,183512.77658,126038.994903846,0,0,1,0,0,1,0,0,0,0,0,6,2,"Latin and South America","Developing"
1993,103141,"HTI","Haiti",263,69713.4166948293,154296.87318,104289.877107131,0,0,1,0,0,1,0,0,0,0,0,6,2,"Latin and South America","Developing"
1994,57649,"HTI","Haiti",263,43956.5383149066,88325.18588,67346.6914830347,0,0,1,0,0,1,0,0,0,0,0,6,2,"Latin and South America","Developing"
1995,107321,"HTI","Haiti",263,93282.0512820513,170727.32001,148394.02,0,0,1,0,0,1,0,0,0,0,0,6,2,"Latin and South America","Developing"
1996,56411,"HTI","Haiti",263,41897.6530005942,89080.30243,66161.8407828283,0,0,1,0,0,1,0,0,0,0,0,6,2,"Latin and South America","Developing"
1997,58500,"HTI","Haiti",263,40197.8973407545,90810.72,62400,0,0,1,0,0,1,0,0,0,0,0,6,2,"Latin and South America","Developing"
1998,12809,"HTI","Haiti",263,9305.48492553578,20242.44697,14705.736992372,0,0,1,0,0,1,0,0,0,0,0,6,2,"Latin and South America","Developing"
1999,10350,"HTI","Haiti",263,6470.36759189798,13989.9915,8745.93117029257,0,0,1,0,0,1,0,0,0,0,0,6,2,"Latin and South America","Developing"
2000,8900,"HTI","Haiti",263,5438.43568591506,12137.731,7416.8842040941,0,0,1,0,0,1,0,0,0,0,0,6,2,"Latin and South America","Developing"
2001,7855,"HTI","Haiti",263,4683.12168365826,10943.97875,6524.75928575687,0,0,1,0,0,1,0,0,0,0,0,6,2,"Latin and South America","Developing"
2002,9707,"HTI","Haiti",263,6999.56734929334,13778.69822,9935.60586962792,0,0,1,0,0,1,0,0,0,0,0,6,2,"Latin and South America","Developing"
2003,8119,"HTI","Haiti",263,6563.99062171558,11230.52556,9079.57438758186,0,0,1,0,0,1,0,0,0,0,0,6,2,"Latin and South America","Developing"
2004,4022,"HTI","Haiti",263,3554.25945563803,5700.90346,5037.91398020502,0,0,1,0,0,1,0,0,0,0,0,6,2,"Latin and South America","Developing"
2005,4022,"HTI","Haiti",263,3060.18412843339,5827.878,4434.20680209998,0,0,1,0,0,1,0,0,0,0,0,6,2,"Latin and South America","Developing"
2006,7330,"HTI","Haiti",263,6006.71965910022,11020.9482,9031.34327624355,0,0,1,0,0,1,0,0,0,0,0,6,2,"Latin and South America","Developing"
2007,10500,"HTI","Haiti",263,9329.18702798756,16495.5,14656.1528209685,0,0,1,0,0,1,0,0,0,0,0,6,2,"Latin and South America","Developing"
2008,8461,"HTI","Haiti",263,7954.31042587196,13880.2705,13049.0462536429,0,0,1,0,0,1,0,0,0,0,0,6,2,"Latin and South America","Developing"
2009,3715,"HTI","Haiti",263,3605.04609412906,6219.1329,6035.0634643377,0,0,1,0,0,1,0,0,0,0,0,6,2,"Latin and South America","Developing"
2010,1975,"HTI","Haiti",263,2101.9582801192,3243.48325,3451.98302469136,0,0,1,0,0,1,0,0,0,0,0,6,2,"Latin and South America","Developing"
2011,786,"HTI","Haiti",263,835.370390052078,1341.02604,1425.25883728345,0,0,1,0,0,1,0,0,0,0,0,6,2,"Latin and South America","Developing"
2012,363,"HTI","Haiti",263,396.028802094698,628.18602,685.343683176958,0,0,1,0,0,1,0,0,0,0,0,6,2,"Latin and South America","Developing"
2013,625,"HTI","Haiti",263,701.065619742008,989.3875,1109.80089736399,0,0,1,0,0,1,0,0,0,0,0,6,2,"Latin and South America","Developing"
2014,136,"HTI","Haiti",263,137.498736224851,207.29392,209.578323728642,0,0,1,0,0,1,0,0,0,0,0,6,2,"Latin and South America","Developing"
2015,136.4931,"HTI","Haiti",263,137.579981856668,183.388034367,184.848336223163,0,0,1,0,0,1,0,0,0,0,0,6,2,"Latin and South America","Developing"
2016,132.1255,"HTI","Haiti",263,130.044783464567,176.415288855,173.637095329724,0,0,1,0,0,1,0,0,0,0,0,6,2,"Latin and South America","Developing"
2017,6728.7,"HTI","Haiti",263,6899.10796677945,9107.29545,9337.94263303599,0,0,1,0,0,1,0,0,0,0,0,6,2,"Latin and South America","Developing"
2018,5307.51,"HTI","Haiti",263,5388.33502538071,7275.8000835,7386.59906954315,0,0,1,0,0,1,0,0,0,0,0,6,2,"Latin and South America","Developing"
2019,8494.9745,"HTI","Haiti",263,8773.53421120578,11475.096504345,11851.3777478389,0,0,1,0,0,1,0,0,0,0,0,6,2,"Latin and South America","Developing"
2020,570.87774,"HTI","Haiti",263,647.841284611893,760.0437879264,862.50997268089,0,0,1,0,0,1,0,0,0,0,0,6,2,"Latin and South America","Developing"
2021,0,"HTI","Haiti",263,0,0,0,0,0,1,0,0,1,0,0,0,0,0,6,2,"Latin and South America","Developing"
2022,0,"HTI","Haiti",263,0,0,0,0,0,1,0,0,1,0,0,0,0,0,6,2,"Latin and South America","Developing"
1987,11385,"HND","Honduras",268,8908.45070422535,15473.69505,12107.7426056338,0,0,1,0,0,1,0,0,0,0,0,6,2,"Latin and South America","Developing"
1988,19845,"HND","Honduras",268,13194.8138297872,27071.95365,17999.9691821809,0,0,1,0,0,1,0,0,0,0,0,6,2,"Latin and South America","Developing"
1989,30763,"HND","Honduras",268,19892.0142256709,41044.91749,26540.5221403168,0,0,1,0,0,1,0,0,0,0,0,6,2,"Latin and South America","Developing"
1990,30676,"HND","Honduras",268,23678.888460054,42978.91656,33175.5434658433,0,0,1,0,0,1,0,0,0,0,0,6,2,"Latin and South America","Developing"
1991,22563,"HND","Honduras",268,16645.518258945,32236.43499,23781.9513021025,0,0,1,0,0,1,0,0,0,0,0,6,2,"Latin and South America","Developing"
1992,20734,"HND","Honduras",268,14240.3846153846,29927.04092,20554.2863461538,0,0,1,0,0,1,0,0,0,0,0,6,2,"Latin and South America","Developing"
1993,10404,"HND","Honduras",268,7032.10544102737,15564.17592,10519.8890976681,0,0,1,0,0,1,0,0,0,0,0,6,2,"Latin and South America","Developing"
1994,15438,"HND","Honduras",268,11771.2542889821,23652.86856,18034.9741212352,0,0,1,0,0,1,0,0,0,0,0,6,2,"Latin and South America","Developing"
1995,16195,"HND","Honduras",268,14076.4884832681,25763.16795,22393.0186440678,0,0,1,0,0,1,0,0,0,0,0,6,2,"Latin and South America","Developing"
1996,14969,"HND","Honduras",268,11117.7956030897,23637.99697,17556.4445707071,0,0,1,0,0,1,0,0,0,0,0,6,2,"Latin and South America","Developing"
1997,18775,"HND","Honduras",268,12901.1200439772,29144.808,20026.6666666667,0,0,1,0,0,1,0,0,0,0,0,6,2,"Latin and South America","Developing"
1998,10131,"HND","Honduras",268,7359.97094079186,16010.32323,11631.1828768616,0,0,1,0,0,1,0,0,0,0,0,6,2,"Latin and South America","Developing"
1999,12761,"HND","Honduras",268,7977.61940485121,17248.91609,10783.2683733433,0,0,1,0,0,1,0,0,0,0,0,6,2,"Latin and South America","Developing"
2000,17425,"HND","Honduras",268,10647.7238007944,23764.04075,14521.2592422854,0,0,1,0,0,1,0,0,0,0,0,6,2,"Latin and South America","Developing"
2001,18793,"HND","Honduras",268,11204.316460979,26183.34725,15610.4139092589,0,0,1,0,0,1,0,0,0,0,0,6,2,"Latin and South America","Developing"
2002,12221,"HND","Honduras",268,8812.37381021056,17347.22066,12508.8121286415,0,0,1,0,0,1,0,0,0,0,0,6,2,"Latin and South America","Developing"
2003,16346,"HND","Honduras",268,13215.2963052793,22610.44104,18279.9264613146,0,0,1,0,0,1,0,0,0,0,0,6,2,"Latin and South America","Developing"
2004,11223,"HND","Honduras",268,9917.81548250265,15907.81689,14057.8091993637,0,0,1,0,0,1,0,0,0,0,0,6,2,"Latin and South America","Developing"
2005,15880,"HND","Honduras",268,12082.4773643765,23010.12,17507.5097009815,0,0,1,0,0,1,0,0,0,0,0,6,2,"Latin and South America","Developing"
2006,13162,"HND","Honduras",268,10785.8723264771,19789.59348,16216.9904777514,0,0,1,0,0,1,0,0,0,0,0,6,2,"Latin and South America","Developing"
2007,17904,"HND","Honduras",268,15907.5966237228,28127.184,24990.8342958685,0,0,1,0,0,1,0,0,0,0,0,6,2,"Latin and South America","Developing"
2008,18298,"HND","Honduras",268,17202.2186706778,30017.869,28220.239729247,0,0,1,0,0,1,0,0,0,0,0,6,2,"Latin and South America","Developing"
2009,10557,"HND","Honduras",268,10244.5414847162,17673.05142,17149.9771179039,0,0,1,0,0,1,0,0,0,0,0,6,2,"Latin and South America","Developing"
2010,8187,"HND","Honduras",268,8713.28224776501,13445.26449,14309.562037037,0,0,1,0,0,1,0,0,0,0,0,6,2,"Latin and South America","Developing"
2011,3671,"HND","Honduras",268,3901.58359017962,6263.23994,6656.64782654905,0,0,1,0,0,1,0,0,0,0,0,6,2,"Latin and South America","Developing"
2012,4874,"HND","Honduras",268,5317.47763473707,8434.65196,9202.10774601789,0,0,1,0,0,1,0,0,0,0,0,6,2,"Latin and South America","Developing"
2013,2081,"HND","Honduras",268,2334.26808749299,3294.26462,3695.19306786315,0,0,1,0,0,1,0,0,0,0,0,6,2,"Latin and South America","Developing"
2014,1944,"HND","Honduras",268,1965.42311191993,2963.08368,2995.73721565059,0,0,1,0,0,1,0,0,0,0,0,6,2,"Latin and South America","Developing"
2015,1791.29851,"HND","Honduras",268,1805.56245338172,2406.7349390807,2425.89954549007,0,0,1,0,0,1,0,0,0,0,0,6,2,"Latin and South America","Developing"
2016,1125.05436,"HND","Honduras",268,1107.33696850394,1502.1838320156,1478.52739371614,0,0,1,0,0,1,0,0,0,0,0,6,2,"Latin and South America","Developing"
2017,915.71198,"HND","Honduras",268,938.90288116477,1239.41616493,1270.80504965652,0,0,1,0,0,1,0,0,0,0,0,6,2,"Latin and South America","Developing"
2018,7331.82462,"HND","Honduras",268,7443.4767715736,10050.831780327,10203.8901323117,0,0,1,0,0,1,0,0,0,0,0,6,2,"Latin and South America","Developing"
2019,7474.472,"HND","Honduras",268,7719.56829331268,10096.59152232,10427.6700462897,0,0,1,0,0,1,0,0,0,0,0,6,2,"Latin and South America","Developing"
2020,0,"HND","Honduras",268,0,0,0,0,0,1,0,0,1,0,0,0,0,0,6,2,"Latin and South America","Developing"
2021,905.37975,"HND","Honduras",268,991.979566122494,1284.4531975275,1407.31149066232,0,0,1,0,0,1,0,0,0,0,0,6,2,"Latin and South America","Developing"
2022,1295.192,"HND","Honduras",268,1407.81739130435,1710.53417056,1859.27627234783,0,0,1,0,0,1,0,0,0,0,0,6,2,"Latin and South America","Developing"
1987,1221197,"MEX","Mexico",273,955553.208137715,1659765.47861,1298721.03177621,0,0,1,0,0,1,0,0,0,0,0,6,2,"Latin and South America","Developing"
1988,1688996,"MEX","Mexico",273,1123002.65957447,2304077.67332,1531966.5381117,0,0,1,0,0,1,0,0,0,0,0,6,2,"Latin and South America","Developing"
1989,2028383,"MEX","Mexico",273,1311595.86162302,2706329.45009,1749970.54645328,0,0,1,0,0,1,0,0,0,0,0,6,2,"Latin and South America","Developing"
1990,2300291,"MEX","Mexico",273,1775600.92628329,3222845.70846,2487723.43377846,0,0,1,0,0,1,0,0,0,0,0,6,2,"Latin and South America","Developing"
1991,1938098,"MEX","Mexico",273,1429803.02471413,2769018.75554,2042802.47549982,0,0,1,0,0,1,0,0,0,0,0,6,2,"Latin and South America","Developing"
1992,1565401,"MEX","Mexico",273,1075138.04945055,2259468.49538,1551832.75781593,0,0,1,0,0,1,0,0,0,0,0,6,2,"Latin and South America","Developing"
1993,1169856,"MEX","Mexico",273,790710.375126732,1750081.17888,1182886.90698209,0,0,1,0,0,1,0,0,0,0,0,6,2,"Latin and South America","Developing"
1994,1180857,"MEX","Mexico",273,900386.58025162,1809214.62684,1379500.28733511,0,0,1,0,0,1,0,0,0,0,0,6,2,"Latin and South America","Developing"
1995,1271184,"MEX","Mexico",273,1104897.00130378,2022212.21904,1757681.19864407,0,0,1,0,0,1,0,0,0,0,0,6,2,"Latin and South America","Developing"
1996,1587078,"MEX","Mexico",273,1178756.68449198,2506202.48214,1861410.04318182,0,0,1,0,0,1,0,0,0,0,0,6,2,"Latin and South America","Developing"
1997,2314134,"MEX","Mexico",273,1590142.23871367,3592276.49088,2468409.6,0,0,1,0,0,1,0,0,0,0,0,6,2,"Latin and South America","Developing"
1998,2394340,"MEX","Mexico",273,1739440.61024337,3783847.3322,2748890.17958591,0,0,1,0,0,1,0,0,0,0,0,6,2,"Latin and South America","Developing"
1999,3569402,"MEX","Mexico",273,2231434.10852713,4824724.98938,3016207.17015504,0,0,1,0,0,1,0,0,0,0,0,6,2,"Latin and South America","Developing"
2000,4658781,"MEX","Mexico",273,2846795.60036664,6353598.93999,3882431.37182401,0,0,1,0,0,1,0,0,0,0,0,6,2,"Latin and South America","Developing"
2001,3636811,"MEX","Mexico",273,2168253.14493531,5066986.92575,3020918.69418112,0,0,1,0,0,1,0,0,0,0,0,6,2,"Latin and South America","Developing"
2002,3270229,"MEX","Mexico",273,2358111.47966542,4641959.25634,3347244.92092587,0,0,1,0,0,1,0,0,0,0,0,6,2,"Latin and South America","Developing"
2003,2571249,"MEX","Mexico",273,2078784.86538928,3556654.46676,2875458.37720107,0,0,1,0,0,1,0,0,0,0,0,6,2,"Latin and South America","Developing"
2004,2527187,"MEX","Mexico",273,2233286.4969954,3582110.66941,3165527.2794362,0,0,1,0,0,1,0,0,0,0,0,6,2,"Latin and South America","Developing"
2005,3340510,"MEX","Mexico",273,2541664.76451343,4840398.99,3682872.24377996,0,0,1,0,0,1,0,0,0,0,0,6,2,"Latin and South America","Developing"
2006,3967448,"MEX","Mexico",273,3251207.08022617,5965216.76592,4888319.89340326,0,0,1,0,0,1,0,0,0,0,0,6,2,"Latin and South America","Developing"
2007,4445178,"MEX","Mexico",273,3949513.99378054,6983374.638,6204686.48422923,0,0,1,0,0,1,0,0,0,0,0,6,2,"Latin and South America","Developing"
2008,3098328,"MEX","Mexico",273,2912783.67960891,5082807.084,4778421.62639842,0,0,1,0,0,1,0,0,0,0,0,6,2,"Latin and South America","Developing"
2009,1853625,"MEX","Mexico",273,1798762.73653566,3103079.4675,3011236.74672489,0,0,1,0,0,1,0,0,0,0,0,6,2,"Latin and South America","Developing"
2010,1417414,"MEX","Mexico",273,1508529.16134525,2327776.48978,2477412.18580247,0,0,1,0,0,1,0,0,0,0,0,6,2,"Latin and South America","Developing"
2011,1044088,"MEX","Mexico",273,1109669.46540546,1781360.30032,1893251.46170688,0,0,1,0,0,1,0,0,0,0,0,6,2,"Latin and South America","Developing"
2012,829514,"MEX","Mexico",273,904990.18110408,1435507.15756,1566121.70800786,0,0,1,0,0,1,0,0,0,0,0,6,2,"Latin and South America","Developing"
2013,675115,"MEX","Mexico",273,757279.865395401,1068720.5473,1198789.17251823,0,0,1,0,0,1,0,0,0,0,0,6,2,"Latin and South America","Developing"
2014,558701,"MEX","Mexico",273,564857.951673238,851583.23822,860967.787099383,0,0,1,0,0,1,0,0,0,0,0,6,2,"Latin and South America","Developing"
2015,613852.25912,"MEX","Mexico",273,618740.307549642,824753.479785858,831320.915014473,0,0,1,0,0,1,0,0,0,0,0,6,2,"Latin and South America","Developing"
2016,476100.129515,"MEX","Mexico",273,468602.489680118,635693.653929723,625682.73024579,0,0,1,0,0,1,0,0,0,0,0,6,2,"Latin and South America","Developing"
2017,539807.21793,"MEX","Mexico",273,553478.12768379,730629.069468255,749132.645820009,0,0,1,0,0,1,0,0,0,0,0,6,2,"Latin and South America","Developing"
2018,699891.230108,"MEX","Mexico",273,710549.472190863,959445.892793552,974056.743952844,0,0,1,0,0,1,0,0,0,0,0,6,2,"Latin and South America","Developing"
2019,786572.069389,"MEX","Mexico",273,812364.646928995,1062509.41705136,1097350.28871816,0,0,1,0,0,1,0,0,0,0,0,6,2,"Latin and South America","Developing"
2020,407506.06944,"MEX","Mexico",273,462444.472809805,542537.280609638,615680.073320062,0,0,1,0,0,1,0,0,0,0,0,6,2,"Latin and South America","Developing"
2021,311900.88106,"MEX","Mexico",273,341734.284058289,442490.660951011,484815.011450653,0,0,1,0,0,1,0,0,0,0,0,6,2,"Latin and South America","Developing"
2022,821938.940886,"MEX","Mexico",273,893411.892267391,1085518.32044932,1179911.2178797,0,0,1,0,0,1,0,0,0,0,0,6,2,"Latin and South America","Developing"
1987,,"PSE","State of Palestine",275,,,,0,0,1,0,0,0,0,1,0,0,0,3,2,"Middle East","Developing"
1988,,"PSE","State of Palestine",275,,,,0,0,1,0,0,0,0,1,0,0,0,3,2,"Middle East","Developing"
1989,,"PSE","State of Palestine",275,,,,0,0,1,0,0,0,0,1,0,0,0,3,2,"Middle East","Developing"
1990,,"PSE","State of Palestine",275,,,,0,0,1,0,0,0,0,1,0,0,0,3,2,"Middle East","Developing"
1991,,"PSE","State of Palestine",275,,,,0,0,1,0,0,0,0,1,0,0,0,3,2,"Middle East","Developing"
1992,,"PSE","State of Palestine",275,,,,0,0,1,0,0,0,0,1,0,0,0,3,2,"Middle East","Developing"
1993,,"PSE","State of Palestine",275,,,,0,0,1,0,0,0,0,1,0,0,0,3,2,"Middle East","Developing"
1994,,"PSE","State of Palestine",275,,,,0,0,1,0,0,0,0,1,0,0,0,3,2,"Middle East","Developing"
1995,,"PSE","State of Palestine",275,,,,0,0,1,0,0,0,0,1,0,0,0,3,2,"Middle East","Developing"
1996,,"PSE","State of Palestine",275,,,,0,0,1,0,0,0,0,1,0,0,0,3,2,"Middle East","Developing"
1997,,"PSE","State of Palestine",275,,,,0,0,1,0,0,0,0,1,0,0,0,3,2,"Middle East","Developing"
1998,,"PSE","State of Palestine",275,,,,0,0,1,0,0,0,0,1,0,0,0,3,2,"Middle East","Developing"
1999,0,"PSE","State of Palestine",275,0,0,0,0,0,1,0,0,0,0,1,0,0,0,3,2,"Middle East","Developing"
2000,0,"PSE","State of Palestine",275,0,0,0,0,0,1,0,0,0,0,1,0,0,0,3,2,"Middle East","Developing"
2001,18641,"PSE","State of Palestine",275,11113.6946282716,25971.57325,15484.1550408394,0,0,1,0,0,0,0,1,0,0,0,3,2,"Middle East","Developing"
2002,112380,"PSE","State of Palestine",275,81035.4773579464,159518.9148,115026.618690511,0,0,1,0,0,0,0,1,0,0,0,3,2,"Middle East","Developing"
2003,24045,"PSE","State of Palestine",275,19439.7283531409,33260.0058,26889.8098471986,0,0,1,0,0,0,0,1,0,0,0,3,2,"Middle East","Developing"
2004,41443,"PSE","State of Palestine",275,36623.3651466949,58742.55149,51911.0564598798,0,0,1,0,0,0,0,1,0,0,0,3,2,"Middle East","Developing"
2005,90850,"PSE","State of Palestine",275,69124.2486494712,131641.65,100161.036293084,0,0,1,0,0,0,0,1,0,0,0,3,2,"Middle East","Developing"
2006,71581,"PSE","State of Palestine",275,58658.5265918217,107624.89674,88195.4410718676,0,0,1,0,0,0,0,1,0,0,0,3,2,"Middle East","Developing"
2007,218056,"PSE","State of Palestine",275,193741.448245224,342565.976,304367.815193247,0,0,1,0,0,0,0,1,0,0,0,3,2,"Middle East","Developing"
2008,240539,"PSE","State of Palestine",275,226134.248378302,394604.2295,370973.234464605,0,0,1,0,0,0,0,1,0,0,0,3,2,"Middle East","Developing"
2009,112032,"PSE","State of Palestine",275,108716.15720524,187548.28992,181997.370131004,0,0,1,0,0,0,0,1,0,0,0,3,2,"Middle East","Developing"
2010,109443,"PSE","State of Palestine",275,116478.288633461,179734.95561,191288.799074074,0,0,1,0,0,0,0,1,0,0,0,3,2,"Middle East","Developing"
2011,68598,"PSE","State of Palestine",275,72906.7913699649,117037.79172,124389.193027952,0,0,1,0,0,0,0,1,0,0,0,3,2,"Middle East","Developing"
2012,151875,"PSE","State of Palestine",275,165693.868644992,262825.7625,286739.867444905,0,0,1,0,0,0,0,1,0,0,0,3,2,"Middle East","Developing"
2013,92175,"PSE","State of Palestine",275,103393.157599551,145914.8685,163673.436343242,0,0,1,0,0,0,0,1,0,0,0,3,2,"Middle East","Developing"
2014,203674,"PSE","State of Palestine",275,205918.511778384,310443.98428,313865.114022849,0,0,1,0,0,0,0,1,0,0,0,3,2,"Middle East","Developing"
2015,129539.28843,"PSE","State of Palestine",275,130570.797732083,174045.101755895,175431.006708895,0,0,1,0,0,0,0,1,0,0,0,3,2,"Middle East","Developing"
2016,20909.97664,"PSE","State of Palestine",275,20580.6856692913,27919.2099094944,27479.5373124945,0,0,1,0,0,0,0,1,0,0,0,3,2,"Middle East","Developing"
2017,27193.93049,"PSE","State of Palestine",275,27882.6314877474,36806.984918215,37739.1417186661,0,0,1,0,0,0,0,1,0,0,0,3,2,"Middle East","Developing"
2018,28148.00655,"PSE","State of Palestine",275,28576.6563959391,38586.6947790675,39174.3094203731,0,0,1,0,0,0,0,1,0,0,0,3,2,"Middle East","Developing"
2019,36212.45479,"PSE","State of Palestine",275,37399.9016679577,48916.1460548799,50520.1611720939,0,0,1,0,0,0,0,1,0,0,0,3,2,"Middle East","Developing"
2020,19026.46974,"PSE","State of Palestine",275,21591.5453245574,25331.0807530464,28746.1197833028,0,0,1,0,0,0,0,1,0,0,0,3,2,"Middle East","Developing"
2021,11326.66382,"PSE","State of Palestine",275,12410.0622548483,16069.0246947958,17606.0312203307,0,0,1,0,0,0,0,1,0,0,0,3,2,"Middle East","Developing"
2022,33701.25534,"PSE","State of Palestine",275,36631.7992826087,44508.5739024312,48378.8846765557,0,0,1,0,0,0,0,1,0,0,0,3,2,"Middle East","Developing"
1987,16919,"NIC","Nicaragua",278,13238.6541471049,22995.12047,17993.0520109546,0,0,1,0,0,1,0,0,0,0,0,6,2,"Latin and South America","Developing"
1988,14817,"NIC","Nicaragua",278,9851.72872340426,20212.90689,13439.4327726064,0,0,1,0,0,1,0,0,0,0,0,6,2,"Latin and South America","Developing"
1989,16194,"NIC","Nicaragua",278,10471.3870029098,21606.52062,13971.2386808923,0,0,1,0,0,1,0,0,0,0,0,6,2,"Latin and South America","Developing"
1990,33986,"NIC","Nicaragua",278,26233.8865302972,47616.42516,36755.2490621382,0,0,1,0,0,1,0,0,0,0,0,6,2,"Latin and South America","Developing"
1991,11531,"NIC","Nicaragua",278,8506.82405016599,16474.68563,12153.9547251937,0,0,1,0,0,1,0,0,0,0,0,6,2,"Latin and South America","Developing"
1992,13650,"NIC","Nicaragua",278,9375,19702.137,13531.6875,0,0,1,0,0,1,0,0,0,0,0,6,2,"Latin and South America","Developing"
1993,13868,"NIC","Nicaragua",278,9373.43697194998,20746.25064,14022.4742412977,0,0,1,0,0,1,0,0,0,0,0,6,2,"Latin and South America","Developing"
1994,7265,"NIC","Nicaragua",278,5539.45863515059,11130.8518,8487.11536408692,0,0,1,0,0,1,0,0,0,0,0,6,2,"Latin and South America","Developing"
1995,6510,"NIC","Nicaragua",278,5658.40938722295,10356.1731,9001.45423728814,0,0,1,0,0,1,0,0,0,0,0,6,2,"Latin and South America","Developing"
1996,8396,"NIC","Nicaragua",278,6235.88829471182,13258.37548,9847.27828282828,0,0,1,0,0,1,0,0,0,0,0,6,2,"Latin and South America","Developing"
1997,7403,"NIC","Nicaragua",278,5086.92365835223,11491.82496,7896.53333333333,0,0,1,0,0,1,0,0,0,0,0,6,2,"Latin and South America","Developing"
1998,15467,"NIC","Nicaragua",278,11236.4693062114,24442.96411,17757.3295386851,0,0,1,0,0,1,0,0,0,0,0,6,2,"Latin and South America","Developing"
1999,26837,"NIC","Nicaragua",278,16777.3193298325,36275.30453,22677.7347649412,0,0,1,0,0,1,0,0,0,0,0,6,2,"Latin and South America","Developing"
2000,16841,"NIC","Nicaragua",278,10290.864650168,22967.58739,14034.5783012527,0,0,1,0,0,1,0,0,0,0,0,6,2,"Latin and South America","Developing"
2001,31629,"NIC","Nicaragua",278,18857.0917546056,44067.10425,26272.6430871043,0,0,1,0,0,1,0,0,0,0,0,6,2,"Latin and South America","Developing"
2002,26996,"NIC","Nicaragua",278,19466.3974617825,38319.74216,27631.7725411018,0,0,1,0,0,1,0,0,0,0,0,6,2,"Latin and South America","Developing"
2003,18007,"NIC","Nicaragua",278,14558.1696175924,24908.00268,20137.4425418385,0,0,1,0,0,1,0,0,0,0,0,6,2,"Latin and South America","Developing"
2004,16177,"NIC","Nicaragua",278,14295.6875220926,22929.76511,20263.1363644397,0,0,1,0,0,1,0,0,0,0,0,6,2,"Latin and South America","Developing"
2005,4873,"NIC","Nicaragua",278,3707.67709046641,7060.977,5372.42410408583,0,0,1,0,0,1,0,0,0,0,0,6,2,"Latin and South America","Developing"
2006,2279,"NIC","Nicaragua",278,1867.57354748832,3426.56766,2807.97153159059,0,0,1,0,0,1,0,0,0,0,0,6,2,"Latin and South America","Developing"
2007,7734,"NIC","Nicaragua",278,6871.61261661484,12150.114,10795.3034207019,0,0,1,0,0,1,0,0,0,0,0,6,2,"Latin and South America","Developing"
2008,1238,"NIC","Nicaragua",278,1163.86199116292,2030.939,1909.31559650277,0,0,1,0,0,1,0,0,0,0,0,6,2,"Latin and South America","Developing"
2009,601,"NIC","Nicaragua",278,583.212032993692,1006.11006,976.331935953421,0,0,1,0,0,1,0,0,0,0,0,6,2,"Latin and South America","Developing"
2010,2810,"NIC","Nicaragua",278,2990.63431247339,4614.7787,4911.42901234568,0,0,1,0,0,1,0,0,0,0,0,6,2,"Latin and South America","Developing"
2011,3268,"NIC","Nicaragua",278,3473.27027314274,5575.66552,5925.88534381975,0,0,1,0,0,1,0,0,0,0,0,6,2,"Latin and South America","Developing"
2012,5089,"NIC","Nicaragua",278,5552.04014837443,8806.71806,9608.02755836788,0,0,1,0,0,1,0,0,0,0,0,6,2,"Latin and South America","Developing"
2013,0,"NIC","Nicaragua",278,0,0,0,0,0,1,0,0,1,0,0,0,0,0,6,2,"Latin and South America","Developing"
2014,0,"NIC","Nicaragua",278,0,0,0,0,0,1,0,0,1,0,0,0,0,0,6,2,"Latin and South America","Developing"
2015,0,"NIC","Nicaragua",278,0,0,0,0,0,1,0,0,1,0,0,0,0,0,6,2,"Latin and South America","Developing"
2016,0,"NIC","Nicaragua",278,0,0,0,0,0,1,0,0,1,0,0,0,0,0,6,2,"Latin and South America","Developing"
2017,64.68772,"NIC","Nicaragua",278,66.32597149595,87.55482902,89.7722024197683,0,0,1,0,0,1,0,0,0,0,0,6,2,"Latin and South America","Developing"
2018,0,"NIC","Nicaragua",278,0,0,0,0,0,1,0,0,1,0,0,0,0,0,6,2,"Latin and South America","Developing"
2019,1313.76431,"NIC","Nicaragua",278,1356.84411050865,1774.6459675911,1832.83859291619,0,0,1,0,0,1,0,0,0,0,0,6,2,"Latin and South America","Developing"
2020,1087.2585,"NIC","Nicaragua",278,1233.83851566046,1447.53247656,1642.68324620971,0,0,1,0,0,1,0,0,0,0,0,6,2,"Latin and South America","Developing"
2021,0,"NIC","Nicaragua",278,0,0,0,0,0,1,0,0,1,0,0,0,0,0,6,2,"Latin and South America","Developing"
2022,1110.24,"NIC","Nicaragua",278,1206.78260869565,1466.2717632,1593.77365565217,0,0,1,0,0,1,0,0,0,0,0,6,2,"Latin and South America","Developing"
1987,16199796,"PAN","Panama",283,12675896.713615,22017628.73748,17228191.5003756,0,0,0,1,0,0,0,0,0,0,0,8,3,"OFC","OFC"
1988,16890504,"PAN","Panama",283,11230388.2978723,23041518.84168,15320158.8043085,0,0,0,1,0,0,0,0,0,0,0,8,3,"OFC","OFC"
1989,23731734,"PAN","Panama",283,15345447.1387003,31663591.45482,20474355.9358681,0,0,0,1,0,0,0,0,0,0,0,8,3,"OFC","OFC"
1990,21659723,"PAN","Panama",283,16719199.5368584,30346571.50638,23424601.7031108,0,0,0,1,0,0,0,0,0,0,0,8,3,"OFC","OFC"
1991,21242082,"PAN","Panama",283,15671030.6160089,30349199.81586,22389671.5720103,0,0,0,1,0,0,0,0,0,0,0,8,3,"OFC","OFC"
1992,19906671,"PAN","Panama",283,13672164.1483516,28732890.78798,19734128.2884478,0,0,0,1,0,0,0,0,0,0,0,8,3,"OFC","OFC"
1993,16246636,"PAN","Panama",283,10981166.6103413,24304642.52328,16427605.6257384,0,0,0,1,0,0,0,0,0,0,0,8,3,"OFC","OFC"
1994,15240007,"PAN","Panama",283,11620287.4571102,23349519.52484,17803674.8187876,0,0,0,1,0,0,0,0,0,0,0,8,3,"OFC","OFC"
1995,13977503,"PAN","Panama",283,12149068.2312038,22235551.54743,19326859.2328814,0,0,0,1,0,0,0,0,0,0,0,8,3,"OFC","OFC"
1996,16012045,"PAN","Panama",283,11892487.3737374,25285100.62085,18779783.5864899,0,0,0,1,0,0,0,0,0,0,0,8,3,"OFC","OFC"
1997,14614254,"PAN","Panama",283,10042090.2906617,22685998.76928,15588537.6,0,0,0,1,0,0,0,0,0,0,0,8,3,"OFC","OFC"
1998,13645045,"PAN","Panama",283,9912855.06719942,21563673.96485,15665582.2483473,0,0,0,1,0,0,0,0,0,0,0,8,3,"OFC","OFC"
1999,17177254,"PAN","Panama",283,10738468.3670918,23218322.45926,14515080.3071143,0,0,0,1,0,0,0,0,0,0,0,8,3,"OFC","OFC"
2000,19829412,"PAN","Panama",283,12116964.2529789,27043153.79148,16524994.6785701,0,0,0,1,0,0,0,0,0,0,0,8,3,"OFC","OFC"
2001,18721486,"PAN","Panama",283,11161680.0810827,26083710.3695,15551010.7729685,0,0,0,1,0,0,0,0,0,0,0,8,3,"OFC","OFC"
2002,16007552,"PAN","Panama",283,11542797.8079031,22722079.76192,16384539.7764061,0,0,0,1,0,0,0,0,0,0,0,8,3,"OFC","OFC"
2003,14766614,"PAN","Panama",283,11938405.6916485,20425771.14936,16513680.2889158,0,0,0,1,0,0,0,0,0,0,0,8,3,"OFC","OFC"
2004,16397328,"PAN","Panama",283,14490392.3647932,23242064.62704,20539116.8496288,0,0,0,1,0,0,0,0,0,0,0,8,3,"OFC","OFC"
2005,27946916,"PAN","Panama",283,21263726.6986228,40495081.284,30811139.9863045,0,0,0,1,0,0,0,0,0,0,0,8,3,"OFC","OFC"
2006,32390071,"PAN","Panama",283,26542711.6282881,48699767.35134,39908028.6415963,0,0,0,1,0,0,0,0,0,0,0,8,3,"OFC","OFC"
2007,39265596,"PAN","Panama",283,34887246.5570857,61686251.316,54807864.3411817,0,0,0,1,0,0,0,0,0,0,0,8,3,"OFC","OFC"
2008,32515891,"PAN","Panama",283,30568666.9173639,53342319.1855,50147898.0779355,0,0,0,1,0,0,0,0,0,0,0,8,3,"OFC","OFC"
2009,20338076,"PAN","Panama",283,19736124.2115478,34047159.50856,33039456.0975837,0,0,0,1,0,0,0,0,0,0,0,8,3,"OFC","OFC"
2010,15957709,"PAN","Panama",283,16983513.1971052,26206866.75943,27891514.2182099,0,0,0,1,0,0,0,0,0,0,0,8,3,"OFC","OFC"
2011,12586813,"PAN","Panama",283,13377418.4291636,21474865.13182,22823748.6787331,0,0,0,1,0,0,0,0,0,0,0,8,3,"OFC","OFC"
2012,7582689,"PAN","Panama",283,8272626.0091643,13122146.62206,14316110.2138992,0,0,0,1,0,0,0,0,0,0,0,8,3,"OFC","OFC"
2013,5565488,"PAN","Panama",283,6242835.67021873,8810278.81376,9882533.72266966,0,0,0,1,0,0,0,0,0,0,0,8,3,"OFC","OFC"
2014,4650277,"PAN","Panama",283,4701523.60731979,7088045.20894,7166156.31274896,0,0,0,1,0,0,0,0,0,0,0,8,3,"OFC","OFC"
2015,4991295.24656,"PAN","Panama",283,5031040.46624332,6706154.55442062,6759555.03923054,0,0,0,1,0,0,0,0,0,0,0,8,3,"OFC","OFC"
2016,4745937.413145,"PAN","Panama",283,4671198.24128445,6336823.09340534,6237030.60374541,0,0,0,1,0,0,0,0,0,0,0,8,3,"OFC","OFC"
2017,4285665.10371,"PAN","Panama",283,4394201.89040295,5800647.71787149,5947552.2586604,0,0,0,1,0,0,0,0,0,0,0,8,3,"OFC","OFC"
2018,5072733.575146,"PAN","Panama",283,5149983.32502132,6953956.82148889,7059854.64110548,0,0,0,1,0,0,0,0,0,0,0,8,3,"OFC","OFC"
2019,6130106.567155,"PAN","Panama",283,6331119.614929,8280609.25197865,8552139.68704224,0,0,0,1,0,0,0,0,0,0,0,8,3,"OFC","OFC"
2020,3431932.902287,"PAN","Panama",283,3894612.91680322,4569138.18878882,5185131.85291514,0,0,0,1,0,0,0,0,0,0,0,8,3,"OFC","OFC"
2021,2501969.215831,"PAN","Panama",283,2741283.24293963,3549518.70680728,3889031.12392602,0,0,0,1,0,0,0,0,0,0,0,8,3,"OFC","OFC"
2022,3548462.721703,"PAN","Panama",283,3857024.69750326,4686383.74729872,5093895.37749861,0,0,0,1,0,0,0,0,0,0,0,8,3,"OFC","OFC"
1987,113026,"PRY","Paraguay",288,88439.7496087637,153617.02738,120201.116885759,0,0,1,0,0,1,0,0,0,0,0,6,2,"Latin and South America","Developing"
1988,153643,"PRY","Paraguay",288,102156.25,209595.17131,139358.4915625,0,0,1,0,0,1,0,0,0,0,0,6,2,"Latin and South America","Developing"
1989,179635,"PRY","Paraguay",288,116155.835758164,239674.40605,154978.600743615,0,0,1,0,0,1,0,0,0,0,0,6,2,"Latin and South America","Developing"
1990,165682,"PRY","Paraguay",288,127890.389810884,232130.42292,179182.109548437,0,0,1,0,0,1,0,0,0,0,0,6,2,"Latin and South America","Developing"
1991,166809,"PRY","Paraguay",288,123060.863150129,238325.02257,175820.747008484,0,0,1,0,0,1,0,0,0,0,0,6,2,"Latin and South America","Developing"
1992,160216,"PRY","Paraguay",288,110038.461538462,231252.57008,158827.314615385,0,0,1,0,0,1,0,0,0,0,0,6,2,"Latin and South America","Developing"
1993,126842,"PRY","Paraguay",288,85733.0179114566,189753.09516,128254.880135181,0,0,1,0,0,1,0,0,0,0,0,6,2,"Latin and South America","Developing"
1994,83112,"PRY","Paraguay",288,63371.7117804041,127337.55744,97093.0670529927,0,0,1,0,0,1,0,0,0,0,0,6,2,"Latin and South America","Developing"
1995,53290,"PRY","Paraguay",288,46318.9917427206,84774.2649,73684.7152542373,0,0,1,0,0,1,0,0,0,0,0,6,2,"Latin and South America","Developing"
1996,97006,"PRY","Paraguay",288,72048.4254307784,153185.08478,113773.830050505,0,0,1,0,0,1,0,0,0,0,0,6,2,"Latin and South America","Developing"
1997,123419,"PRY","Paraguay",288,84806.5690922834,191585.78208,131646.933333333,0,0,1,0,0,1,0,0,0,0,0,6,2,"Latin and South America","Developing"
1998,133512,"PRY","Paraguay",288,96993.824918271,210993.01896,153282.251333091,0,0,1,0,0,1,0,0,0,0,0,6,2,"Latin and South America","Developing"
1999,180831,"PRY","Paraguay",288,113047.636909227,244427.45439,152805.360333833,0,0,1,0,0,1,0,0,0,0,0,6,2,"Latin and South America","Developing"
2000,238475,"PRY","Paraguay",288,145722.578673999,325229.82025,198734.995569814,0,0,1,0,0,1,0,0,0,0,0,6,2,"Latin and South America","Developing"
2001,194903,"PRY","Paraguay",288,116200.441185238,271548.60475,161896.264681333,0,0,1,0,0,1,0,0,0,0,0,6,2,"Latin and South America","Developing"
2002,221274,"PRY","Paraguay",288,159557.254110182,314089.59204,226485.139919239,0,0,1,0,0,1,0,0,0,0,0,6,2,"Latin and South America","Developing"
2003,213025,"PRY","Paraguay",288,172224.917131539,294664.701,238228.394373029,0,0,1,0,0,1,0,0,0,0,0,6,2,"Latin and South America","Developing"
2004,203472,"PRY","Paraguay",288,179809.119830329,288407.31696,254866.840721103,0,0,1,0,0,1,0,0,0,0,0,6,2,"Latin and South America","Developing"
2005,240198,"PRY","Paraguay",288,182757.361333029,348046.902,264815.416571559,0,0,1,0,0,1,0,0,0,0,0,6,2,"Latin and South America","Developing"
2006,252696,"PRY","Paraguay",288,207076.948291404,379938.54384,311348.474834057,0,0,1,0,0,1,0,0,0,0,0,6,2,"Latin and South America","Developing"
2007,230983,"PRY","Paraguay",288,205227.010217681,362874.293,322411.633051977,0,0,1,0,0,1,0,0,0,0,0,6,2,"Latin and South America","Developing"
2008,224012,"PRY","Paraguay",288,210596.972830685,367491.686,345484.333928739,0,0,1,0,0,1,0,0,0,0,0,6,2,"Latin and South America","Developing"
2009,99975,"PRY","Paraguay",288,97016.0116448326,167364.1485,162410.624454148,0,0,1,0,0,1,0,0,0,0,0,6,2,"Latin and South America","Developing"
2010,59487,"PRY","Paraguay",288,63310.9833971903,97693.71549,103973.728703704,0,0,1,0,0,1,0,0,0,0,0,6,2,"Latin and South America","Developing"
2011,46468,"PRY","Paraguay",288,49386.7573599745,79280.91352,84260.7222021469,0,0,1,0,0,1,0,0,0,0,0,6,2,"Latin and South America","Developing"
2012,47002,"PRY","Paraguay",288,51278.6384464325,81338.84108,88739.7349770892,0,0,1,0,0,1,0,0,0,0,0,6,2,"Latin and South America","Developing"
2013,30235,"PRY","Paraguay",288,33914.7504206394,47862.6097,53687.7282108805,0,0,1,0,0,1,0,0,0,0,0,6,2,"Latin and South America","Developing"
2014,43628,"PRY","Paraguay",288,44108.7857648367,66498.67016,67231.4934384794,0,0,1,0,0,1,0,0,0,0,0,6,2,"Latin and South America","Developing"
2015,55775.18775,"PRY","Paraguay",288,56219.32038101,74937.8690052675,75534.5922843136,0,0,1,0,0,1,0,0,0,0,0,6,2,"Latin and South America","Developing"
2016,41654.95784,"PRY","Paraguay",288,40998.9742519685,55618.1162575464,54742.2404109709,0,0,1,0,0,1,0,0,0,0,0,6,2,"Latin and South America","Developing"
2017,29516.19527,"PRY","Paraguay",288,30263.7088793192,39950.170297945,40961.9299681585,0,0,1,0,0,1,0,0,0,0,0,6,2,"Latin and South America","Developing"
2018,64585.40195,"PRY","Paraguay",288,65568.9359898477,88536.8982631575,89885.1759016827,0,0,1,0,0,1,0,0,0,0,0,6,2,"Latin and South America","Developing"
2019,71976.32853,"PRY","Paraguay",288,74336.5128117738,97226.3443416093,100414.504871272,0,0,1,0,0,1,0,0,0,0,0,6,2,"Latin and South America","Developing"
2020,66059.88477,"PRY","Paraguay",288,74965.8247503405,87949.4881873872,99806.5004396133,0,0,1,0,0,1,0,0,0,0,0,6,2,"Latin and South America","Developing"
2021,59600.08817,"PRY","Paraguay",288,65300.8526021694,84554.0490858973,92641.6665781717,0,0,1,0,0,1,0,0,0,0,0,6,2,"Latin and South America","Developing"
2022,299297.799154,"PRY","Paraguay",288,325323.694732609,395276.617386705,429648.497159462,0,0,1,0,0,1,0,0,0,0,0,6,2,"Latin and South America","Developing"
1987,279732,"PER","Peru",293,218882.629107981,380192.15316,297489.94769953,0,0,1,0,0,1,0,0,0,0,0,6,2,"Latin and South America","Developing"
1988,274438,"PER","Peru",293,182472.074468085,374380.08646,248922.929827128,0,0,1,0,0,1,0,0,0,0,0,6,2,"Latin and South America","Developing"
1989,393694,"PER","Peru",293,254570.966698998,525278.34562,339656.220898804,0,0,1,0,0,1,0,0,0,0,0,6,2,"Latin and South America","Developing"
1990,537658,"PER","Peru",293,415019.683519876,753291.11748,581467.477792358,0,0,1,0,0,1,0,0,0,0,0,6,2,"Latin and South America","Developing"
1991,509272,"PER","Peru",293,375707.85687938,727612.18456,536785.086359277,0,0,1,0,0,1,0,0,0,0,0,6,2,"Latin and South America","Developing"
1992,431630,"PER","Peru",293,296449.175824176,623006.1094,427888.811401099,0,0,1,0,0,1,0,0,0,0,0,6,2,"Latin and South America","Developing"
1993,804417,"PER","Peru",293,543708.685366678,1203391.74366,813377.319134843,0,0,1,0,0,1,0,0,0,0,0,6,2,"Latin and South America","Developing"
1994,1293645,"PER","Peru",293,986385.817765917,1982019.3774,1511261.43911552,0,0,1,0,0,1,0,0,0,0,0,6,2,"Latin and South America","Developing"
1995,918959,"PER","Peru",293,798747.501086484,1461889.16679,1270655.51220339,0,0,1,0,0,1,0,0,0,0,0,6,2,"Latin and South America","Developing"
1996,1405278,"PER","Peru",293,1043729.94652406,2219116.64814,1648185.27045455,0,0,1,0,0,1,0,0,0,0,0,6,2,"Latin and South America","Developing"
1997,1631555,"PER","Peru",293,1121112.4853982,2532695.4576,1740325.33333333,0,0,1,0,0,1,0,0,0,0,0,6,2,"Latin and South America","Developing"
1998,1150894,"PER","Peru",293,836101.707228478,1818792.31502,1321316.61098438,0,0,1,0,0,1,0,0,0,0,0,6,2,"Latin and South America","Developing"
1999,777310,"PER","Peru",293,485940.235058765,1050682.1539,656840.556326582,0,0,1,0,0,1,0,0,0,0,0,6,2,"Latin and South America","Developing"
2000,1168849,"PER","Peru",293,714237.091353498,1594064.57771,974069.402816987,0,0,1,0,0,1,0,0,0,0,0,6,2,"Latin and South America","Developing"
2001,363292,"PER","Peru",293,216593.334525726,506156.579,301768.663327968,0,0,1,0,0,1,0,0,0,0,0,6,2,"Latin and South America","Developing"
2002,242176,"PER","Peru",293,174629.362561292,343759.14496,247879.394981252,0,0,1,0,0,1,0,0,0,0,0,6,2,"Latin and South America","Developing"
2003,200401,"PER","Peru",293,162018.756568841,277202.67924,224110.824836284,0,0,1,0,0,1,0,0,0,0,0,6,2,"Latin and South America","Developing"
2004,179964,"PER","Peru",293,159034.994697773,255086.37252,225420.972534464,0,0,1,0,0,1,0,0,0,0,0,6,2,"Latin and South America","Developing"
2005,245240,"PER","Peru",293,186593.623982348,355352.76,270374.161150422,0,0,1,0,0,1,0,0,0,0,0,6,2,"Latin and South America","Developing"
2006,486456,"PER","Peru",293,398636.400885028,731406.05424,599365.774186676,0,0,1,0,0,1,0,0,0,0,0,6,2,"Latin and South America","Developing"
2007,553168,"PER","Peru",293,491486.450466459,869026.928,772125.213682808,0,0,1,0,0,1,0,0,0,0,0,6,2,"Latin and South America","Developing"
2008,530241,"PER","Peru",293,498487.355457366,869860.3605,817768.506627809,0,0,1,0,0,1,0,0,0,0,0,6,2,"Latin and South America","Developing"
2009,333370,"PER","Peru",293,323503.153808831,558081.3822,541563.689665211,0,0,1,0,0,1,0,0,0,0,0,6,2,"Latin and South America","Developing"
2010,214920,"PER","Peru",293,228735.632183908,352956.6684,375645.666666667,0,0,1,0,0,1,0,0,0,0,0,6,2,"Latin and South America","Developing"
2011,130214,"PER","Peru",293,138393.027951961,222163.31396,236117.880709959,0,0,1,0,0,1,0,0,0,0,0,6,2,"Latin and South America","Developing"
2012,131248,"PER","Peru",293,143190.050185468,227129.91392,247796.10944796,0,0,1,0,0,1,0,0,0,0,0,6,2,"Latin and South America","Developing"
2013,108297,"PER","Peru",293,121477.28547392,171436.31694,192300.972450925,0,0,1,0,0,1,0,0,0,0,0,6,2,"Latin and South America","Developing"
2014,63644,"PER","Peru",293,64345.364472753,97007.45768,98076.4914366596,0,0,1,0,0,1,0,0,0,0,0,6,2,"Latin and South America","Developing"
2015,35650.08352,"PER","Peru",293,35933.9618183651,47898.3827149664,48279.7930803008,0,0,1,0,0,1,0,0,0,0,0,6,2,"Latin and South America","Developing"
2016,34061.204308,"PER","Peru",293,33524.8073897638,45478.8606040847,44762.6580748865,0,0,1,0,0,1,0,0,0,0,0,6,2,"Latin and South America","Developing"
2017,41696.850694,"PER","Peru",293,42752.8459899518,56436.687414329,57865.9770473998,0,0,1,0,0,1,0,0,0,0,0,6,2,"Latin and South America","Developing"
2018,72810.286958,"PER","Peru",293,73919.0730538071,99811.9818763743,101331.961295811,0,0,1,0,0,1,0,0,0,0,0,6,2,"Latin and South America","Developing"
2019,125218.602834,"PER","Peru",293,129324.660814872,169146.540894196,174693.045075338,0,0,1,0,0,1,0,0,0,0,0,6,2,"Latin and South America","Developing"
2020,54872.97562,"PER","Peru",293,62270.739468906,73055.6848214432,82904.7716993227,0,0,1,0,0,1,0,0,0,0,0,6,2,"Latin and South America","Developing"
2021,53696.45775,"PER","Peru",293,58832.5383477594,76178.6276453475,83465.1338285828,0,0,1,0,0,1,0,0,0,0,0,6,2,"Latin and South America","Developing"
2022,128047.98006,"PER","Peru",293,139182.587021739,169110.406305641,183815.65902787,0,0,1,0,0,1,0,0,0,0,0,6,2,"Latin and South America","Developing"
1987,356127,"URY","Uruguay",298,278659.624413146,484022.88951,378734.655328639,0,0,0,1,0,0,0,0,0,0,0,8,3,"OFC","OFC"
1988,471413,"URY","Uruguay",298,313439.494680851,643087.47221,427584.755458777,0,0,0,1,0,0,0,0,0,0,0,8,3,"OFC","OFC"
1989,689645,"URY","Uruguay",298,445939.217588102,920145.04835,594985.482282574,0,0,0,1,0,0,0,0,0,0,0,8,3,"OFC","OFC"
1990,778013,"URY","Uruguay",298,600550.366653802,1090042.89378,841407.096703975,0,0,0,1,0,0,0,0,0,0,0,8,3,"OFC","OFC"
1991,705700,"URY","Uruguay",298,520619.697528587,1008254.761,743824.980450019,0,0,0,1,0,0,0,0,0,0,0,8,3,"OFC","OFC"
1992,644013,"URY","Uruguay",298,442316.620879121,929555.48394,638430.964244506,0,0,0,1,0,0,0,0,0,0,0,8,3,"OFC","OFC"
1993,591204,"URY","Uruguay",298,399597.161203109,884429.35992,597789.361216627,0,0,0,1,0,0,0,0,0,0,0,8,3,"OFC","OFC"
1994,557984,"URY","Uruguay",298,425454.822722074,854898.44608,651847.842988944,0,0,0,1,0,0,0,0,0,0,0,8,3,"OFC","OFC"
1995,537495,"URY","Uruguay",298,467183.833116036,855052.42095,743200.713559322,0,0,0,1,0,0,0,0,0,0,0,8,3,"OFC","OFC"
1996,511842,"URY","Uruguay",298,380155.971479501,808265.05746,600315.699242424,0,0,0,1,0,0,0,0,0,0,0,8,3,"OFC","OFC"
1997,708942,"URY","Uruguay",298,487144.91857349,1100504.84544,756204.8,0,0,0,1,0,0,0,0,0,0,0,8,3,"OFC","OFC"
1998,639424,"URY","Uruguay",298,464528.877588086,1010500.92992,734108.92111878,0,0,0,1,0,0,0,0,0,0,0,8,3,"OFC","OFC"
1999,771006,"URY","Uruguay",298,481999.249812453,1042161.10014,651513.565978995,0,0,0,1,0,0,0,0,0,0,0,8,3,"OFC","OFC"
2000,1121598,"URY","Uruguay",298,685363.886342805,1529624.13642,934692.414555454,0,0,0,1,0,0,0,0,0,0,0,8,3,"OFC","OFC"
2001,869223,"URY","Uruguay",298,518227.508495797,1211044.94475,722020.476211769,0,0,0,1,0,0,0,0,0,0,0,8,3,"OFC","OFC"
2002,1227217,"URY","Uruguay",298,884927.170464378,1741985.44282,1256118.72138737,0,0,0,1,0,0,0,0,0,0,0,8,3,"OFC","OFC"
2003,1183465,"URY","Uruguay",298,956799.256205029,1637016.1266,1323483.00315304,0,0,0,1,0,0,0,0,0,0,0,8,3,"OFC","OFC"
2004,1117693,"URY","Uruguay",298,987710.321668434,1584251.58899,1400010.24124249,0,0,0,1,0,0,0,0,0,0,0,8,3,"OFC","OFC"
2005,1474579,"URY","Uruguay",298,1121950.08749905,2136664.971,1625705.67678612,0,0,0,1,0,0,0,0,0,0,0,8,3,"OFC","OFC"
2006,1483368,"URY","Uruguay",298,1215576.49758256,2230303.12272,1827667.88717529,0,0,0,1,0,0,0,0,0,0,0,8,3,"OFC","OFC"
2007,1616984,"URY","Uruguay",298,1436680.58640604,2540281.864,2257025.20124389,0,0,0,1,0,0,0,0,0,0,0,8,3,"OFC","OFC"
2008,1116927,"URY","Uruguay",298,1050039.48481715,1832318.7435,1722589.77484253,0,0,0,1,0,0,0,0,0,0,0,8,3,"OFC","OFC"
2009,636037,"URY","Uruguay",298,617212.032993692,1064764.10022,1033249.97595342,0,0,0,1,0,0,0,0,0,0,0,8,3,"OFC","OFC"
2010,405701,"URY","Uruguay",298,431780.544912729,666270.58127,709100.235493827,0,0,0,1,0,0,0,0,0,0,0,8,3,"OFC","OFC"
2011,272412,"URY","Uruguay",298,289522.797321713,464773.00968,493966.425422468,0,0,0,1,0,0,0,0,0,0,0,8,3,"OFC","OFC"
2012,216383,"URY","Uruguay",298,236071.350643683,374459.43682,408530.91514292,0,0,0,1,0,0,0,0,0,0,0,8,3,"OFC","OFC"
2013,123059,"URY","Uruguay",298,138035.894559731,194804.85818,218513.581805945,0,0,0,1,0,0,0,0,0,0,0,8,3,"OFC","OFC"
2014,112192,"URY","Uruguay",298,113428.369224548,171005.29024,172889.78893944,0,0,0,1,0,0,0,0,0,0,0,8,3,"OFC","OFC"
2015,212930.91786,"URY","Uruguay",298,214626.466948896,286087.59330916,288365.682198529,0,0,0,1,0,0,0,0,0,0,0,8,3,"OFC","OFC"
2016,67021.38209,"URY","Uruguay",298,65965.927253937,89487.6195803889,88078.3657287292,0,0,0,1,0,0,0,0,0,0,0,8,3,"OFC","OFC"
2017,243620.3221,"URY","Uruguay",298,249790.138521481,329740.10596235,338090.952488824,0,0,0,1,0,0,0,0,0,0,0,8,3,"OFC","OFC"
2018,250586.08798,"URY","Uruguay",298,254402.11977665,343515.938707383,348747.14589582,0,0,0,1,0,0,0,0,0,0,0,8,3,"OFC","OFC"
2019,253597.743,"URY","Uruguay",298,261913.49651433,342562.36722183,353795.370226522,0,0,0,1,0,0,0,0,0,0,0,8,3,"OFC","OFC"
2020,186998.20129,"URY","Uruguay",298,212208.580674081,248961.925269454,282526.015966244,0,0,0,1,0,0,0,0,0,0,0,8,3,"OFC","OFC"
2021,116405.207545,"URY","Uruguay",298,127539.396893831,165142.903892016,180938.86697931,0,0,0,1,0,0,0,0,0,0,0,8,3,"OFC","OFC"
2022,210126.422373,"URY","Uruguay",298,228398.285188043,277509.763499574,301641.047282145,0,0,0,1,0,0,0,0,0,0,0,8,3,"OFC","OFC"
1987,1140751,"VEN","Venezuela",299,892606.41627543,1550428.90663,1213168.15855243,0,0,1,0,0,1,0,0,0,0,0,6,2,"Latin and South America","Developing"
1988,1590726,"VEN","Venezuela",299,1057663.56382979,2170020.68742,1442832.90386968,0,0,1,0,0,1,0,0,0,0,0,6,2,"Latin and South America","Developing"
1989,2067004,"VEN","Venezuela",299,1336569.02683479,2757858.74692,1783290.49267378,0,0,1,0,0,1,0,0,0,0,0,6,2,"Latin and South America","Developing"
1990,2110368,"VEN","Venezuela",299,1628998.84214589,2956752.19008,2282325.11777692,0,0,1,0,0,1,0,0,0,0,0,6,2,"Latin and South America","Developing"
1991,2178900,"VEN","Venezuela",299,1607451.12504611,3113059.797,2296613.64588713,0,0,1,0,0,1,0,0,0,0,0,6,2,"Latin and South America","Developing"
1992,2039920,"VEN","Venezuela",299,1401043.95604396,2944379.7296,2022238.82527473,0,0,1,0,0,1,0,0,0,0,0,6,2,"Latin and South America","Developing"
1993,1593893,"VEN","Venezuela",299,1077318.6887462,2384432.05014,1611647.21199054,0,0,1,0,0,1,0,0,0,0,0,6,2,"Latin and South America","Developing"
1994,1619623,"VEN","Venezuela",299,1234939.38238658,2481456.79076,1892075.32654213,0,0,1,0,0,1,0,0,0,0,0,6,2,"Latin and South America","Developing"
1995,1463960,"VEN","Venezuela",299,1272455.45415037,2328882.2076,2024234.86101695,0,0,1,0,0,1,0,0,0,0,0,6,2,"Latin and South America","Developing"
1996,1665488,"VEN","Venezuela",299,1236993.46405229,2630022.06544,1953373.48888889,0,0,1,0,0,1,0,0,0,0,0,6,2,"Latin and South America","Developing"
1997,1668945,"VEN","Venezuela",299,1146804.78251907,2590736.7024,1780208,0,0,1,0,0,1,0,0,0,0,0,6,2,"Latin and South America","Developing"
1998,1950225,"VEN","Venezuela",299,1416799.85470396,3081999.07425,2239011.31438431,0,0,1,0,0,1,0,0,0,0,0,6,2,"Latin and South America","Developing"
1999,3260575,"VEN","Venezuela",299,2038368.96724181,4407286.62175,2755242.94933108,0,0,1,0,0,1,0,0,0,0,0,6,2,"Latin and South America","Developing"
2000,3262561,"VEN","Venezuela",299,1993621.14268255,4449448.06619,2718880.57817904,0,0,1,0,0,1,0,0,0,0,0,6,2,"Latin and South America","Developing"
2001,3217377,"VEN","Venezuela",299,1918188.15954212,4482610.50525,2672515.65328206,0,0,1,0,0,1,0,0,0,0,0,6,2,"Latin and South America","Developing"
2002,2667788,"VEN","Venezuela",299,1923700.60571099,3786818.35448,2730616.06178252,0,0,1,0,0,1,0,0,0,0,0,6,2,"Latin and South America","Developing"
2003,1964318,"VEN","Venezuela",299,1588097.66351362,2717123.23032,2196720.21207858,0,0,1,0,0,1,0,0,0,0,0,6,2,"Latin and South America","Developing"
2004,2064343,"VEN","Venezuela",299,1824269.17638742,2926061.69849,2585773.85868682,0,0,1,0,0,1,0,0,0,0,0,6,2,"Latin and South America","Developing"
2005,9793323,"VEN","Venezuela",299,7451360.41999543,14190525.027,10797021.2485734,0,0,1,0,0,1,0,0,0,0,0,6,2,"Latin and South America","Developing"
2006,6154216,"VEN","Venezuela",299,5043199.2133082,9253109.92464,7582651.74517742,0,0,1,0,0,1,0,0,0,0,0,6,2,"Latin and South America","Developing"
2007,8357959,"VEN","Venezuela",299,7425996.44602399,13130353.589,11666240.4167037,0,0,1,0,0,1,0,0,0,0,0,6,2,"Latin and South America","Developing"
2008,4716188,"VEN","Venezuela",299,4433757.63843189,7736906.414,7273579.40584751,0,0,1,0,0,1,0,0,0,0,0,6,2,"Latin and South America","Developing"
2009,2483940,"VEN","Venezuela",299,2410422.12518195,4158264.5964,4035191.2628821,0,0,1,0,0,1,0,0,0,0,0,6,2,"Latin and South America","Developing"
2010,2218042,"VEN","Venezuela",299,2360623.66964666,3642623.83534,3876781.43395062,0,0,1,0,0,1,0,0,0,0,0,6,2,"Latin and South America","Developing"
2011,1256951,"VEN","Venezuela",299,1335902.85896482,2144534.37914,2279237.30379424,0,0,1,0,0,1,0,0,0,0,0,6,2,"Latin and South America","Developing"
2012,944622,"VEN","Venezuela",299,1030571.67794021,1634706.15588,1783445.51154266,0,0,1,0,0,1,0,0,0,0,0,6,2,"Latin and South America","Developing"
2013,891704,"VEN","Venezuela",299,1000228.82781828,1411585.26608,1583382.2390129,0,0,1,0,0,1,0,0,0,0,0,6,2,"Latin and South America","Developing"
2014,1150703,"VEN","Venezuela",299,1163383.8843393,1753924.52666,1773252.98418765,0,0,1,0,0,1,0,0,0,0,0,6,2,"Latin and South America","Developing"
2015,570539.42743,"VEN","Venezuela",299,575082.579810503,766559.658512125,772663.701755997,0,0,1,0,0,1,0,0,0,0,0,6,2,"Latin and South America","Developing"
2016,349710.96009,"VEN","Venezuela",299,344203.700875984,466937.571021769,459584.223446623,0,0,1,0,0,1,0,0,0,0,0,6,2,"Latin and South America","Developing"
2017,276877.33563,"VEN","Venezuela",299,283889.40390649,374753.473775205,384244.308187435,0,0,1,0,0,1,0,0,0,0,0,6,2,"Latin and South America","Developing"
2018,320171.98713,"VEN","Venezuela",299,325047.702670051,438907.76855716,445591.643205239,0,0,1,0,0,1,0,0,0,0,0,6,2,"Latin and South America","Developing"
2019,280559.24865,"VEN","Venezuela",299,289759.100077459,378982.238668907,391409.489975633,0,0,1,0,0,1,0,0,0,0,0,6,2,"Latin and South America","Developing"
2020,113954.05819,"VEN","Venezuela",299,129316.906706764,151713.874911838,172167.356913117,0,0,1,0,0,1,0,0,0,0,0,6,2,"Latin and South America","Developing"
2021,78823.747848,"VEN","Venezuela",299,86363.26048866,111826.462834479,122522.694022657,0,0,1,0,0,1,0,0,0,0,0,6,2,"Latin and South America","Developing"
2022,170182.879223,"VEN","Venezuela",299,184981.390459783,224757.124932232,244301.222752426,0,0,1,0,0,1,0,0,0,0,0,6,2,"Latin and South America","Developing"
1987,,"ATG","Antigua and Barbuda",311,,,,0,0,0,1,0,0,0,0,0,0,0,8,3,"OFC","OFC"
1988,,"ATG","Antigua and Barbuda",311,,,,0,0,0,1,0,0,0,0,0,0,0,8,3,"OFC","OFC"
1989,,"ATG","Antigua and Barbuda",311,,,,0,0,0,1,0,0,0,0,0,0,0,8,3,"OFC","OFC"
1990,,"ATG","Antigua and Barbuda",311,,,,0,0,0,1,0,0,0,0,0,0,0,8,3,"OFC","OFC"
1991,,"ATG","Antigua and Barbuda",311,,,,0,0,0,1,0,0,0,0,0,0,0,8,3,"OFC","OFC"
1992,,"ATG","Antigua and Barbuda",311,,,,0,0,0,1,0,0,0,0,0,0,0,8,3,"OFC","OFC"
1993,,"ATG","Antigua and Barbuda",311,,,,0,0,0,1,0,0,0,0,0,0,0,8,3,"OFC","OFC"
1994,,"ATG","Antigua and Barbuda",311,,,,0,0,0,1,0,0,0,0,0,0,0,8,3,"OFC","OFC"
1995,,"ATG","Antigua and Barbuda",311,,,,0,0,0,1,0,0,0,0,0,0,0,8,3,"OFC","OFC"
1996,,"ATG","Antigua and Barbuda",311,,,,0,0,0,1,0,0,0,0,0,0,0,8,3,"OFC","OFC"
1997,,"ATG","Antigua and Barbuda",311,,,,0,0,0,1,0,0,0,0,0,0,0,8,3,"OFC","OFC"
1998,,"ATG","Antigua and Barbuda",311,,,,0,0,0,1,0,0,0,0,0,0,0,8,3,"OFC","OFC"
1999,,"ATG","Antigua and Barbuda",311,,,,0,0,0,1,0,0,0,0,0,0,0,8,3,"OFC","OFC"
2000,,"ATG","Antigua and Barbuda",311,,,,0,0,0,1,0,0,0,0,0,0,0,8,3,"OFC","OFC"
2001,162000,"ATG","Antigua and Barbuda",311,96583.7967473411,225706.5,134565.374818233,0,0,0,1,0,0,0,0,0,0,0,8,3,"OFC","OFC"
2002,168000,"ATG","Antigua and Barbuda",311,121142.193433655,238469.28,171956.497891337,0,0,0,1,0,0,0,0,0,0,0,8,3,"OFC","OFC"
2003,801000,"ATG","Antigua and Barbuda",311,647586.723386735,1107975.24,895767.859257467,0,0,0,1,0,0,0,0,0,0,0,8,3,"OFC","OFC"
2004,256000,"ATG","Antigua and Barbuda",311,226228.344778626,362862.08,320662.842739568,0,0,0,1,0,0,0,0,0,0,0,8,3,"OFC","OFC"
2005,143000,"ATG","Antigua and Barbuda",311,108803.170062041,207207,157655.793419897,0,0,0,1,0,0,0,0,0,0,0,8,3,"OFC","OFC"
2006,,"ATG","Antigua and Barbuda",311,,,,0,0,0,1,0,0,0,0,0,0,0,8,3,"OFC","OFC"
2007,,"ATG","Antigua and Barbuda",311,,,,0,0,0,1,0,0,0,0,0,0,0,8,3,"OFC","OFC"
2008,,"ATG","Antigua and Barbuda",311,,,,0,0,0,1,0,0,0,0,0,0,0,8,3,"OFC","OFC"
1987,2130382,"BHS","Bahamas",313,1666965.57120501,2895466.08766,2265622.91679186,0,0,0,1,0,0,0,0,0,0,0,8,3,"OFC","OFC"
1988,1990880,"BHS","Bahamas",313,1323723.40425532,2715898.7696,1805783.75638298,0,0,0,1,0,0,0,0,0,0,0,8,3,"OFC","OFC"
1989,2874536,"BHS","Bahamas",313,1858736.50177821,3835292.16728,2479982.00276754,0,0,0,1,0,0,0,0,0,0,0,8,3,"OFC","OFC"
1990,3449223,"BHS","Bahamas",313,2662464.68544963,4832568.37638,3730272.77219606,0,0,0,1,0,0,0,0,0,0,0,8,3,"OFC","OFC"
1991,3097971,"BHS","Bahamas",313,2285482.10992254,4426164.10683,3265336.85490963,0,0,0,1,0,0,0,0,0,0,0,8,3,"OFC","OFC"
1992,4182125,"BHS","Bahamas",313,2872338.5989011,6036395.5825,4145876.08688187,0,0,0,1,0,0,0,0,0,0,0,8,3,"OFC","OFC"
1993,5032371,"BHS","Bahamas",313,3401399.79722879,7528326.36858,5088426.06865833,0,0,0,1,0,0,0,0,0,0,0,8,3,"OFC","OFC"
1994,3592653,"BHS","Bahamas",313,2739346.54975219,5504375.51436,4197007.63580633,0,0,0,1,0,0,0,0,0,0,0,8,3,"OFC","OFC"
1995,2716157,"BHS","Bahamas",313,2360849.19600174,4320889.71717,3755662.50949153,0,0,0,1,0,0,0,0,0,0,0,8,3,"OFC","OFC"
1996,5262875,"BHS","Bahamas",313,3908849.52465835,8310763.79875,6172581.54987374,0,0,0,1,0,0,0,0,0,0,0,8,3,"OFC","OFC"
1997,5128713,"BHS","Bahamas",313,3524162.02844774,7961403.76416,5470627.2,0,0,0,1,0,0,0,0,0,0,0,8,3,"OFC","OFC"
1998,4806580,"BHS","Bahamas",313,3491885.21612786,7595982.5714,5518330.96360334,0,0,0,1,0,0,0,0,0,0,0,8,3,"OFC","OFC"
1999,7229515,"BHS","Bahamas",313,4519576.7691923,9772063.13035,6109066.72314954,0,0,0,1,0,0,0,0,0,0,0,8,3,"OFC","OFC"
2000,8062519,"BHS","Bahamas",313,4926684.38741216,10995582.78701,6718962.90070883,0,0,0,1,0,0,0,0,0,0,0,8,3,"OFC","OFC"
2001,7874137,"BHS","Bahamas",313,4694531.09163537,10970641.37525,6540655.44342097,0,0,0,1,0,0,0,0,0,0,0,8,3,"OFC","OFC"
2002,6242248,"BHS","Bahamas",313,4501188.3472743,8860621.34608,6389256.81142198,0,0,0,1,0,0,0,0,0,0,0,8,3,"OFC","OFC"
2003,6340891,"BHS","Bahamas",313,5126437.86886571,8770974.06684,7091093.91772981,0,0,0,1,0,0,0,0,0,0,0,8,3,"OFC","OFC"
2004,7615883,"BHS","Bahamas",313,6730189.99646518,10794981.04069,9539573.20668964,0,0,0,1,0,0,0,0,0,0,0,8,3,"OFC","OFC"
2005,11845366,"BHS","Bahamas",313,9012680.51434224,17163935.334,13059374.0652819,0,0,0,1,0,0,0,0,0,0,0,8,3,"OFC","OFC"
2006,13582550,"BHS","Bahamas",313,11130500.69655,20421907.227,16735153.0172908,0,0,0,1,0,0,0,0,0,0,0,8,3,"OFC","OFC"
2007,15183657,"BHS","Bahamas",313,13490588.1830298,23853525.147,21193714.0355398,0,0,0,1,0,0,0,0,0,0,0,8,3,"OFC","OFC"
2008,11768275,"BHS","Bahamas",313,11063528.2504466,19305855.1375,18149718.0948576,0,0,0,1,0,0,0,0,0,0,0,8,3,"OFC","OFC"
2009,8502613,"BHS","Bahamas",313,8250958.75788452,14233884.31878,13812600.0182242,0,0,0,1,0,0,0,0,0,0,0,8,3,"OFC","OFC"
2010,7360329,"BHS","Bahamas",313,7833470.62579821,12087647.50683,12864673.8046296,0,0,0,1,0,0,0,0,0,0,0,8,3,"OFC","OFC"
2011,5226435,"BHS","Bahamas",313,5554718.88617281,8917029.8109,9477128.08045488,0,0,0,1,0,0,0,0,0,0,0,8,3,"OFC","OFC"
2012,4071160,"BHS","Bahamas",313,4441588.47916212,7045305.2264,7686346.52672922,0,0,0,1,0,0,0,0,0,0,0,8,3,"OFC","OFC"
2013,4289236,"BHS","Bahamas",313,4811257.43129557,6789946.37272,7616316.73888951,0,0,0,1,0,0,0,0,0,0,0,8,3,"OFC","OFC"
2014,3908002,"BHS","Bahamas",313,3951068.6482661,5956654.80844,6022297.85506016,0,0,0,1,0,0,0,0,0,0,0,8,3,"OFC","OFC"
2015,4517409.88987,"BHS","Bahamas",313,4553381.60454591,6069456.40573264,6117786.92241975,0,0,0,1,0,0,0,0,0,0,0,8,3,"OFC","OFC"
2016,4464777.1715,"BHS","Bahamas",313,4394465.71998032,5961415.12715852,5867534.57397492,0,0,0,1,0,0,0,0,0,0,0,8,3,"OFC","OFC"
2017,5051087.886323,"BHS","Bahamas",313,5179009.4189716,6836647.45413818,7009789.24857806,0,0,0,1,0,0,0,0,0,0,0,8,3,"OFC","OFC"
2018,7677024.512645,"BHS","Bahamas",313,7793933.51537563,10524049.0531594,10684313.7595527,0,0,0,1,0,0,0,0,0,0,0,8,3,"OFC","OFC"
2019,7362840.119295,"BHS","Bahamas",313,7604275.87843532,9945798.06154488,10271931.8993492,0,0,0,1,0,0,0,0,0,0,0,8,3,"OFC","OFC"
2020,4604318.79219,"BHS","Bahamas",313,5225055.37016568,6130005.86717008,6956429.71762379,0,0,0,1,0,0,0,0,0,0,0,8,3,"OFC","OFC"
2021,6114909.691589,"BHS","Bahamas",313,6699802.44504109,8675161.2303604,9504942.73075534,0,0,0,1,0,0,0,0,0,0,0,8,3,"OFC","OFC"
2022,8509443.341206,"BHS","Bahamas",313,9249394.93609348,11238251.6318639,12215490.9041999,0,0,0,1,0,0,0,0,0,0,0,8,3,"OFC","OFC"
1987,,"ABW","Aruba",314,,,,0,0,0,1,0,0,0,0,0,0,0,8,3,"OFC","OFC"
1988,,"ABW","Aruba",314,,,,0,0,0,1,0,0,0,0,0,0,0,8,3,"OFC","OFC"
1989,,"ABW","Aruba",314,,,,0,0,0,1,0,0,0,0,0,0,0,8,3,"OFC","OFC"
1990,,"ABW","Aruba",314,,,,0,0,0,1,0,0,0,0,0,0,0,8,3,"OFC","OFC"
1991,,"ABW","Aruba",314,,,,0,0,0,1,0,0,0,0,0,0,0,8,3,"OFC","OFC"
1992,,"ABW","Aruba",314,,,,0,0,0,1,0,0,0,0,0,0,0,8,3,"OFC","OFC"
1993,,"ABW","Aruba",314,,,,0,0,0,1,0,0,0,0,0,0,0,8,3,"OFC","OFC"
1994,29652,"ABW","Aruba",314,22609.2260770111,45430.42224,34640.0474571102,0,0,0,1,0,0,0,0,0,0,0,8,3,"OFC","OFC"
1995,34878,"ABW","Aruba",314,30315.5149934811,55484.27118,48226.2244067797,0,0,0,1,0,0,0,0,0,0,0,8,3,"OFC","OFC"
1996,22673,"ABW","Aruba",314,16839.7207367796,35803.61449,26592.1082070707,0,0,0,1,0,0,0,0,0,0,0,8,3,"OFC","OFC"
1997,38845,"ABW","Aruba",314,26692.0909778053,60299.8704,41434.6666666667,0,0,0,1,0,0,0,0,0,0,0,8,3,"OFC","OFC"
1998,82439,"ABW","Aruba",314,59890.3014892844,130280.82487,94646.4401525608,0,0,0,1,0,0,0,0,0,0,0,8,3,"OFC","OFC"
1999,88491,"ABW","Aruba",314,55320.7051762941,119612.39979,74776.443979745,0,0,0,1,0,0,0,0,0,0,0,8,3,"OFC","OFC"
2000,96063,"ABW","Aruba",314,58700.2749770852,131009.75877,80054.8480109991,0,0,0,1,0,0,0,0,0,0,0,8,3,"OFC","OFC"
2001,212869,"ABW","Aruba",314,126911.703332737,296579.73425,176819.730668336,0,0,0,1,0,0,0,0,0,0,0,8,3,"OFC","OFC"
2002,176989,"ABW","Aruba",314,127624.02653591,251228.80594,181157.200706663,0,0,0,1,0,0,0,0,0,0,0,8,3,"OFC","OFC"
2003,254788,"ABW","Aruba",314,205989.166464548,352432.95312,284932.454620422,0,0,0,1,0,0,0,0,0,0,0,8,3,"OFC","OFC"
2004,221630,"ABW","Aruba",314,195855.425945564,314145.0109,277611.356398021,0,0,0,1,0,0,0,0,0,0,0,8,3,"OFC","OFC"
2005,248887,"ABW","Aruba",314,189368.485125162,360637.263,274394.934946359,0,0,0,1,0,0,0,0,0,0,0,8,3,"OFC","OFC"
2006,165478,"ABW","Aruba",314,135604.359583709,248802.79212,203886.57880849,0,0,0,1,0,0,0,0,0,0,0,8,3,"OFC","OFC"
2007,181943,"ABW","Aruba",314,161655.264326966,285832.453,253960.420257663,0,0,0,1,0,0,0,0,0,0,0,8,3,"OFC","OFC"
2008,124615,"ABW","Aruba",314,117152.392591896,204430.9075,192188.500047006,0,0,0,1,0,0,0,0,0,0,0,8,3,"OFC","OFC"
2009,184696,"ABW","Aruba",314,179229.500242601,309192.18576,300040.937176128,0,0,0,1,0,0,0,0,0,0,0,8,3,"OFC","OFC"
2010,45419,"ABW","Aruba",314,48338.6547467007,74590.26113,79385.1225308642,0,0,0,1,0,0,0,0,0,0,0,8,3,"OFC","OFC"
2011,100707,"ABW","Aruba",314,107032.628334573,171820.24098,182612.648506749,0,0,0,1,0,0,0,0,0,0,0,8,3,"OFC","OFC"
2012,24074,"ABW","Aruba",314,26264.4555967707,41661.01996,45451.6909884355,0,0,0,1,0,0,0,0,0,0,0,8,3,"OFC","OFC"
2013,48866,"ABW","Aruba",314,54813.2361189007,77355.85532,86770.4490409422,0,0,0,1,0,0,0,0,0,0,0,8,3,"OFC","OFC"
2014,22228,"ABW","Aruba",314,22472.9552118087,33880.36216,34253.7277929431,0,0,0,1,0,0,0,0,0,0,0,8,3,"OFC","OFC"
2015,3900.44023,"ABW","Aruba",314,3931.49907267413,5240.5144798211,5282.24420907278,0,0,0,1,0,0,0,0,0,0,0,8,3,"OFC","OFC"
2016,3902.15395,"ABW","Aruba",314,3840.70270669291,5210.1949755795,5128.14466100344,0,0,0,1,0,0,0,0,0,0,0,8,3,"OFC","OFC"
2017,1415.15514,"ABW","Aruba",314,1450.99470932021,1915.41248199,1963.9213390649,0,0,0,1,0,0,0,0,0,0,0,8,3,"OFC","OFC"
2018,5259.57268,"ABW","Aruba",314,5339.66769543147,7210.085208378,7319.88346028223,0,0,0,1,0,0,0,0,0,0,0,8,3,"OFC","OFC"
2019,22409.74449,"ABW","Aruba",314,23144.5850658404,30271.3069545369,31263.9369527879,0,0,0,1,0,0,0,0,0,0,0,8,3,"OFC","OFC"
2020,18763.74991,"ABW","Aruba",314,21293.4066159782,24981.3060801776,28349.1898322488,0,0,0,1,0,0,0,0,0,0,0,8,3,"OFC","OFC"
2021,18407.44003,"ABW","Aruba",314,20168.1166100581,26114.4510961607,28612.3053535233,0,0,0,1,0,0,0,0,0,0,0,8,3,"OFC","OFC"
2022,25566.72606,"ABW","Aruba",314,27789.9196304348,33765.4637729208,36701.5910575226,0,0,0,1,0,0,0,0,0,0,0,8,3,"OFC","OFC"
1987,5194,"BRB","Barbados",316,4064.1627543036,7059.32122,5523.72552425665,0,0,0,1,0,0,0,0,0,0,0,8,3,"OFC","OFC"
1988,7456,"BRB","Barbados",316,4957.44680851064,10171.25152,6762.80021276596,0,0,0,1,0,0,0,0,0,0,0,8,3,"OFC","OFC"
1989,16714,"BRB","Barbados",316,10807.6301325574,22300.32022,14419.864351762,0,0,0,1,0,0,0,0,0,0,0,8,3,"OFC","OFC"
1990,28773,"BRB","Barbados",316,22209.9575453493,40312.69938,31117.4831184871,0,0,0,1,0,0,0,0,0,0,0,8,3,"OFC","OFC"
1991,85402,"BRB","Barbados",316,63004.0575433419,122016.39946,90015.7871338989,0,0,0,1,0,0,0,0,0,0,0,8,3,"OFC","OFC"
1992,429640,"BRB","Barbados",316,295082.417582418,620133.7832,425916.05989011,0,0,0,1,0,0,0,0,0,0,0,8,3,"OFC","OFC"
1993,348645,"BRB","Barbados",316,235650.557620818,521565.9471,352528.521189591,0,0,0,1,0,0,0,0,0,0,0,8,3,"OFC","OFC"
1994,377179,"BRB","Barbados",316,287593.595120091,577883.48948,440627.898955395,0,0,0,1,0,0,0,0,0,0,0,8,3,"OFC","OFC"
1995,140826,"BRB","Barbados",316,122404.172099087,224027.40906,194721.781016949,0,0,0,1,0,0,0,0,0,0,0,8,3,"OFC","OFC"
1996,188111,"BRB","Barbados",316,139714.052287582,297051.72343,220626.651388889,0,0,0,1,0,0,0,0,0,0,0,8,3,"OFC","OFC"
1997,24162,"BRB","Barbados",316,16602.762317048,37507.15584,25772.8,0,0,0,1,0,0,0,0,0,0,0,8,3,"OFC","OFC"
1998,25848,"BRB","Barbados",316,18778.0602978569,40848.36984,29675.5320305122,0,0,0,1,0,0,0,0,0,0,0,8,3,"OFC","OFC"
1999,30198,"BRB","Barbados",316,18878.4696174044,40818.33462,25517.8385971493,0,0,0,1,0,0,0,0,0,0,0,8,3,"OFC","OFC"
2000,75288,"BRB","Barbados",316,46005.4995417049,102677.02152,62741.8402199817,0,0,0,1,0,0,0,0,0,0,0,8,3,"OFC","OFC"
2001,91102,"BRB","Barbados",316,54314.6723901508,126927.8615,75673.9173075777,0,0,0,1,0,0,0,0,0,0,0,8,3,"OFC","OFC"
2002,81050,"BRB","Barbados",316,58443.899625036,115047.233,82958.7777617537,0,0,0,1,0,0,0,0,0,0,0,8,3,"OFC","OFC"
2003,159067,"BRB","Barbados",316,128601.34206484,220027.83708,177886.520397769,0,0,0,1,0,0,0,0,0,0,0,8,3,"OFC","OFC"
2004,106745,"BRB","Barbados",316,94331.0357016614,151303.56535,133707.639934606,0,0,0,1,0,0,0,0,0,0,0,8,3,"OFC","OFC"
2005,104864,"BRB","Barbados",316,79786.958837404,151947.936,115611.303355398,0,0,0,1,0,0,0,0,0,0,0,8,3,"OFC","OFC"
2006,125974,"BRB","Barbados",316,103231.992133082,189406.94796,155213.429451774,0,0,0,1,0,0,0,0,0,0,0,8,3,"OFC","OFC"
2007,143213,"BRB","Barbados",316,127243.891603732,224987.623,199900.153709462,0,0,0,1,0,0,0,0,0,0,0,8,3,"OFC","OFC"
2008,177753,"BRB","Barbados",316,167108.207201279,291603.7965,274141.013913697,0,0,0,1,0,0,0,0,0,0,0,8,3,"OFC","OFC"
2009,39713,"BRB","Barbados",316,38537.6031052887,66481.94478,64514.2598544396,0,0,0,1,0,0,0,0,0,0,0,8,3,"OFC","OFC"
2010,46531,"BRB","Barbados",316,49522.1370796083,76416.46537,81328.7200617284,0,0,0,1,0,0,0,0,0,0,0,8,3,"OFC","OFC"
2011,116373,"BRB","Barbados",316,123682.644276756,198548.63022,211019.906706345,0,0,0,1,0,0,0,0,0,0,0,8,3,"OFC","OFC"
2012,38884,"BRB","Barbados",316,42421.9943268601,67290.31736,73412.9580624045,0,0,0,1,0,0,0,0,0,0,0,8,3,"OFC","OFC"
2013,32608,"BRB","Barbados",316,36576.5563656758,51619.11616,57901.4202579922,0,0,0,1,0,0,0,0,0,0,0,8,3,"OFC","OFC"
2014,34147,"BRB","Barbados",316,34523.3040137499,52047.54034,52621.1104438378,0,0,0,1,0,0,0,0,0,0,0,8,3,"OFC","OFC"
2015,12421.27881,"BRB","Barbados",316,12520.1882975507,16688.8575707517,16821.7493909401,0,0,0,1,0,0,0,0,0,0,0,8,3,"OFC","OFC"
2016,22858.72064,"BRB","Barbados",316,22498.7407874016,30521.1923857344,30040.5436867465,0,0,0,1,0,0,0,0,0,0,0,8,3,"OFC","OFC"
2017,37931.40996,"BRB","Barbados",316,38892.0434327899,51340.16338086,52640.3807862811,0,0,0,1,0,0,0,0,0,0,0,8,3,"OFC","OFC"
2018,30441.38773,"BRB","Barbados",316,30904.9621624365,41730.5763696705,42366.0673803761,0,0,0,1,0,0,0,0,0,0,0,8,3,"OFC","OFC"
2019,69817.32283,"BRB","Barbados",316,72106.7109011102,94309.9378519923,97402.4661523287,0,0,0,1,0,0,0,0,0,0,0,8,3,"OFC","OFC"
2020,50571.4793,"BRB","Barbados",316,57389.3319337267,67328.844680848,76405.8609632864,0,0,0,1,0,0,0,0,0,0,0,8,3,"OFC","OFC"
2021,55929.147008,"BRB","Barbados",316,61278.7849326175,79346.1215687795,86935.5993960551,0,0,0,1,0,0,0,0,0,0,0,8,3,"OFC","OFC"
2022,113846.941966,"BRB","Barbados",316,123746.67605,150355.379315657,163429.760125714,0,0,0,1,0,0,0,0,0,0,0,8,3,"OFC","OFC"
1987,511541,"BMU","Bermuda",319,400266.823161189,695250.71933,544014.647363067,0,0,0,1,0,0,0,0,0,0,0,8,3,"OFC","OFC"
1988,916532,"BMU","Bermuda",319,609396.276595745,1250305.45844,831320.118643617,0,0,0,1,0,0,0,0,0,0,0,8,3,"OFC","OFC"
1989,521941,"BMU","Bermuda",319,337498.221791141,696389.34043,450300.252460394,0,0,0,1,0,0,0,0,0,0,0,8,3,"OFC","OFC"
1990,597412,"BMU","Bermuda",319,461143.959861057,837010.05672,646090.356402933,0,0,0,1,0,0,0,0,0,0,0,8,3,"OFC","OFC"
1991,628755,"BMU","Bermuda",319,463854.666174843,898321.13115,662723.077203984,0,0,0,1,0,0,0,0,0,0,0,8,3,"OFC","OFC"
1992,653257,"BMU","Bermuda",319,448665.521978022,942898.08866,647594.841112637,0,0,0,1,0,0,0,0,0,0,0,8,3,"OFC","OFC"
1993,1483979,"BMU","Bermuda",319,1003027.37411288,2220002.90442,1500508.89112538,0,0,0,1,0,0,0,0,0,0,0,8,3,"OFC","OFC"
1994,1530872,"BMU","Bermuda",319,1167268.01372474,2345479.60864,1788394.66918795,0,0,0,1,0,0,0,0,0,0,0,8,3,"OFC","OFC"
1995,1322200,"BMU","Bermuda",319,1149239.46110387,2103368.982,1828221.62711864,0,0,0,1,0,0,0,0,0,0,0,8,3,"OFC","OFC"
1996,1565427,"BMU","Bermuda",319,1162676.02495544,2472012.73851,1836016.59128788,0,0,0,1,0,0,0,0,0,0,0,8,3,"OFC","OFC"
1997,1516633,"BMU","Bermuda",319,1042144.57500172,2354299.73856,1617741.86666667,0,0,0,1,0,0,0,0,0,0,0,8,3,"OFC","OFC"
1998,2423976,"BMU","Bermuda",319,1760970.57755176,3830681.99208,2782914.63282238,0,0,0,1,0,0,0,0,0,0,0,8,3,"OFC","OFC"
1999,1830602,"BMU","Bermuda",319,1144412.35308827,2474406.41738,1546890.73354589,0,0,0,1,0,0,0,0,0,0,0,8,3,"OFC","OFC"
2000,1837802,"BMU","Bermuda",319,1123007.63825237,2506375.98958,1531546.5869722,0,0,0,1,0,0,0,0,0,0,0,8,3,"OFC","OFC"
2001,1858129,"BMU","Bermuda",319,1107809.57491206,2588838.22925,1543455.69024623,0,0,0,1,0,0,0,0,0,0,0,8,3,"OFC","OFC"
2002,1828006,"BMU","Bermuda",319,1318146.81280646,2594781.39676,1871056.67490626,0,0,0,1,0,0,0,0,0,0,0,8,3,"OFC","OFC"
2003,1242558,"BMU","Bermuda",319,1004574.33907349,1718755.92792,1389567.40878001,0,0,0,1,0,0,0,0,0,0,0,8,3,"OFC","OFC"
2004,1754993,"BMU","Bermuda",319,1550895.19264758,2487579.72799,2198285.37291446,0,0,0,1,0,0,0,0,0,0,0,8,3,"OFC","OFC"
2005,2262873,"BMU","Bermuda",319,1721732.48116868,3278902.977,2494790.36521342,0,0,0,1,0,0,0,0,0,0,0,8,3,"OFC","OFC"
2006,2914795,"BMU","Bermuda",319,2388588.87158895,4382510.8743,3591338.91198886,0,0,0,1,0,0,0,0,0,0,0,8,3,"OFC","OFC"
2007,3672650,"BMU","Bermuda",319,3263127.49888938,5769733.15,5126373.30075522,0,0,0,1,0,0,0,0,0,0,0,8,3,"OFC","OFC"
2008,3016942,"BMU","Bermuda",319,2836271.50512363,4949293.351,4652903.40415531,0,0,0,1,0,0,0,0,0,0,0,8,3,"OFC","OFC"
2009,1928139,"BMU","Bermuda",319,1871071.32459971,3227820.37434,3132285.66165939,0,0,0,1,0,0,0,0,0,0,0,8,3,"OFC","OFC"
2010,2015471,"BMU","Bermuda",319,2145030.86419753,3309947.55917,3522719.83734568,0,0,0,1,0,0,0,0,0,0,0,8,3,"OFC","OFC"
2011,1151557,"BMU","Bermuda",319,1223888.82984377,1964717.45998,2088125.68814964,0,0,0,1,0,0,0,0,0,0,0,8,3,"OFC","OFC"
2012,1091760,"BMU","Bermuda",319,1191097.53436614,1889334.3504,2061241.92712197,0,0,0,1,0,0,0,0,0,0,0,8,3,"OFC","OFC"
2013,781192,"BMU","Bermuda",319,876266.965787998,1236642.55984,1387148.13218172,0,0,0,1,0,0,0,0,0,0,0,8,3,"OFC","OFC"
2014,637865,"BMU","Bermuda",319,644894.348397533,972246.5903,982960.863714488,0,0,0,1,0,0,0,0,0,0,0,8,3,"OFC","OFC"
2015,793665.59712,"BMU","Bermuda",319,799985.482431207,1066345.28632252,1074836.4946301,0,0,0,1,0,0,0,0,0,0,0,8,3,"OFC","OFC"
2016,805997.26409,"BMU","Bermuda",319,793304.39378937,1076175.60698561,1059227.9596315,0,0,0,1,0,0,0,0,0,0,0,8,3,"OFC","OFC"
2017,884763.71852,"BMU","Bermuda",319,907170.838224136,1197527.69301682,1227855.72953637,0,0,0,1,0,0,0,0,0,0,0,8,3,"OFC","OFC"
2018,1172374.51499,"BMU","Bermuda",319,1190227.934,1607149.60387404,1631623.9633239,0,0,0,1,0,0,0,0,0,0,0,8,3,"OFC","OFC"
2019,1534383.26563,"BMU","Bermuda",319,1584697.40834495,2072660.25904566,2140625.10616645,0,0,0,1,0,0,0,0,0,0,0,8,3,"OFC","OFC"
2020,672515.4626,"BMU","Bermuda",319,763181.414661825,895360.186287136,1016069.20822417,0,0,0,1,0,0,0,0,0,0,0,8,3,"OFC","OFC"
2021,890584.239116,"BMU","Bermuda",319,975768.860650816,1263462.95419148,1384313.52491671,0,0,0,1,0,0,0,0,0,0,0,8,3,"OFC","OFC"
2022,1405748.416138,"BMU","Bermuda",319,1527987.40884565,1856543.81822513,2017982.41111428,0,0,0,1,0,0,0,0,0,0,0,8,3,"OFC","OFC"
1987,86731,"DMA","Dominica",321,67864.6322378717,117878.70403,92236.8576134585,0,0,0,1,0,0,0,0,0,0,0,8,3,"OFC","OFC"
1988,4893,"DMA","Dominica",321,3253.32446808511,6674.88381,4438.08763962766,0,0,0,1,0,0,0,0,0,0,0,8,3,"OFC","OFC"
1989,26412,"DMA","Dominica",321,17078.564500485,35239.68276,22786.7331134821,0,0,0,1,0,0,0,0,0,0,0,8,3,"OFC","OFC"
1990,3913,"DMA","Dominica",321,3020.45542261675,5482.34778,4231.83927441142,0,0,0,1,0,0,0,0,0,0,0,8,3,"OFC","OFC"
1991,28100,"DMA","Dominica",321,20730.3578015492,40147.313,29618.0841018075,0,0,0,1,0,0,0,0,0,0,0,8,3,"OFC","OFC"
1992,6182,"DMA","Dominica",321,4245.87912087912,8922.97516,6128.4170054945,0,0,0,1,0,0,0,0,0,0,0,8,3,"OFC","OFC"
1993,4516,"DMA","Dominica",321,3052.38256167624,6755.84568,4566.30326461642,0,0,0,1,0,0,0,0,0,0,0,8,3,"OFC","OFC"
1994,3105,"DMA","Dominica",321,2367.51810903546,4757.2326,3627.3218452154,0,0,0,1,0,0,0,0,0,0,0,8,3,"OFC","OFC"
1995,9876,"DMA","Dominica",321,8584.09387222946,15710.83956,13655.6623728814,0,0,0,1,0,0,0,0,0,0,0,8,3,"OFC","OFC"
1996,1161,"DMA","Dominica",321,862.299465240642,1833.36993,1361.68295454545,0,0,0,1,0,0,0,0,0,0,0,8,3,"OFC","OFC"
1997,1595,"DMA","Dominica",321,1095.99395313681,2475.9504,1701.33333333333,0,0,0,1,0,0,0,0,0,0,0,8,3,"OFC","OFC"
1998,291,"DMA","Dominica",321,211.405739193607,459.87603,334.090831819833,0,0,0,1,0,0,0,0,0,0,0,8,3,"OFC","OFC"
1999,694,"DMA","Dominica",321,433.858464616154,938.07286,586.442148037009,0,0,0,1,0,0,0,0,0,0,0,8,3,"OFC","OFC"
2000,3093,"DMA","Dominica",321,1890.00916590284,4218.20247,2577.57560036664,0,0,0,1,0,0,0,0,0,0,0,8,3,"OFC","OFC"
2001,8277,"DMA","Dominica",321,4934.71650867466,11531.93025,6875.29377571096,0,0,0,1,0,0,0,0,0,0,0,8,3,"OFC","OFC"
2002,2166,"DMA","Dominica",321,1561.86905105278,3074.55036,2217.01064320738,0,0,0,1,0,0,0,0,0,0,0,8,3,"OFC","OFC"
2003,2635,"DMA","Dominica",321,2130.32581453634,3644.8374,2946.75187969925,0,0,0,1,0,0,0,0,0,0,0,8,3,"OFC","OFC"
2004,6709,"DMA","Dominica",321,5928.77341816896,9509.53787,8403.62130611524,0,0,0,1,0,0,0,0,0,0,0,8,3,"OFC","OFC"
2005,15491,"DMA","Dominica",321,11786.5023206269,22446.459,17078.6418625885,0,0,0,1,0,0,0,0,0,0,0,8,3,"OFC","OFC"
2006,61412,"DMA","Dominica",321,50325.3298369253,92335.39848,75666.1464230107,0,0,0,1,0,0,0,0,0,0,0,8,3,"OFC","OFC"
2007,54500,"DMA","Dominica",321,48422.9231452688,85619.5,76072.4122612172,0,0,0,1,0,0,0,0,0,0,0,8,3,"OFC","OFC"
2008,50114,"DMA","Dominica",321,47112.9077747485,82212.017,77288.725204475,0,0,0,1,0,0,0,0,0,0,0,8,3,"OFC","OFC"
2009,53775,"DMA","Dominica",321,52183.4061135371,90022.5765,87358.152838428,0,0,0,1,0,0,0,0,0,0,0,8,3,"OFC","OFC"
2010,34942,"DMA","Dominica",321,37188.1651766709,57384.19834,61073.0080246914,0,0,0,1,0,0,0,0,0,0,0,8,3,"OFC","OFC"
2011,24998,"DMA","Dominica",321,26568.1794026995,42650.08772,45329.0336061218,0,0,0,1,0,0,0,0,0,0,0,8,3,"OFC","OFC"
2012,34331,"DMA","Dominica",321,37454.7239799258,59411.16874,64816.8980362208,0,0,0,1,0,0,0,0,0,0,0,8,3,"OFC","OFC"
2013,30050,"DMA","Dominica",321,33707.2349971957,47569.751,53359.2271452608,0,0,0,1,0,0,0,0,0,0,0,8,3,"OFC","OFC"
2014,41303,"DMA","Dominica",321,41758.1639874634,62954.85866,63648.6287129714,0,0,0,1,0,0,0,0,0,0,0,8,3,"OFC","OFC"
2015,46442.6705,"DMA","Dominica",321,46812.4891643988,62398.978803685,62895.8560666112,0,0,0,1,0,0,0,0,0,0,0,8,3,"OFC","OFC"
2016,49414.38877,"DMA","Dominica",321,48636.2094192913,65978.5860295917,64939.553178732,0,0,0,1,0,0,0,0,0,0,0,8,3,"OFC","OFC"
2017,44465.70603,"DMA","Dominica",321,45591.824084897,60184.333111605,61708.533898908,0,0,0,1,0,0,0,0,0,0,0,8,3,"OFC","OFC"
2018,34720.99296,"DMA","Dominica",321,35249.7390456853,47597.273199216,48322.1047707777,0,0,0,1,0,0,0,0,0,0,0,8,3,"OFC","OFC"
2019,10516.27268,"DMA","Dominica",321,10861.113018332,14205.4862988708,14671.3000762931,0,0,0,1,0,0,0,0,0,0,0,8,3,"OFC","OFC"
2020,2908.94629,"DMA","Dominica",321,3301.11925783023,3872.8547326544,4394.97813510486,0,0,0,1,0,0,0,0,0,0,0,8,3,"OFC","OFC"
2021,1199.6172,"DMA","Dominica",321,1314.36090719842,1701.884925468,1864.67067543333,0,0,0,1,0,0,0,0,0,0,0,8,3,"OFC","OFC"
2022,5910.487,"DMA","Dominica",321,6424.44239130435,7805.86197116,8484.63257734783,0,0,0,1,0,0,0,0,0,0,0,8,3,"OFC","OFC"
1987,762,"FLK","Falkland Islands",323,596.244131455399,1035.65706,810.373286384976,0,0,1,0,0,1,0,0,0,0,0,6,2,"Latin and South America","Developing"
1988,857,"FLK","Falkland Islands",323,569.813829787234,1169.09369,777.322932180851,0,0,1,0,0,1,0,0,0,0,0,6,2,"Latin and South America","Developing"
1989,643,"FLK","Falkland Islands",323,415.77756223731,857.90989,554.742896863886,0,0,1,0,0,1,0,0,0,0,0,6,2,"Latin and South America","Developing"
1990,873,"FLK","Falkland Islands",323,673.871092242377,1223.12538,944.133832497105,0,0,1,0,0,1,0,0,0,0,0,6,2,"Latin and South America","Developing"
1991,880,"FLK","Falkland Islands",323,649.206934710439,1257.2824,927.541423828845,0,0,1,0,0,1,0,0,0,0,0,6,2,"Latin and South America","Developing"
1992,909,"FLK","Falkland Islands",323,624.313186813187,1312.03242,901.121167582418,0,0,1,0,0,1,0,0,0,0,0,6,2,"Latin and South America","Developing"
1993,119,"FLK","Falkland Islands",323,80.4325785738425,178.02162,120.325528894897,0,0,1,0,0,1,0,0,0,0,0,6,2,"Latin and South America","Developing"
1994,1052,"FLK","Falkland Islands",323,802.1349599695,1611.79024,1228.96701486847,0,0,1,0,0,1,0,0,0,0,0,6,2,"Latin and South America","Developing"
1995,78,"FLK","Falkland Islands",323,67.7966101694915,124.08318,107.851525423729,0,0,1,0,0,1,0,0,0,0,0,6,2,"Latin and South America","Developing"
1996,99,"FLK","Falkland Islands",323,73.5294117647059,156.33387,116.1125,0,0,1,0,0,1,0,0,0,0,0,6,2,"Latin and South America","Developing"
1997,113,"FLK","Falkland Islands",323,77.6472205043634,175.41216,120.533333333333,0,0,1,0,0,1,0,0,0,0,0,6,2,"Latin and South America","Developing"
1998,106,"FLK","Falkland Islands",323,77.0069015619324,167.51498,121.696316745369,0,0,1,0,0,1,0,0,0,0,0,6,2,"Latin and South America","Developing"
1999,0,"FLK","Falkland Islands",323,0,0,0,0,0,1,0,0,1,0,0,0,0,0,6,2,"Latin and South America","Developing"
2000,0,"FLK","Falkland Islands",323,0,0,0,0,0,1,0,0,1,0,0,0,0,0,6,2,"Latin and South America","Developing"
2001,0,"FLK","Falkland Islands",323,0,0,0,0,0,1,0,0,1,0,0,0,0,0,6,2,"Latin and South America","Developing"
2002,0,"FLK","Falkland Islands",323,0,0,0,0,0,1,0,0,1,0,0,0,0,0,6,2,"Latin and South America","Developing"
2003,0,"FLK","Falkland Islands",323,0,0,0,0,0,1,0,0,1,0,0,0,0,0,6,2,"Latin and South America","Developing"
2004,0,"FLK","Falkland Islands",323,0,0,0,0,0,1,0,0,1,0,0,0,0,0,6,2,"Latin and South America","Developing"
2005,0,"FLK","Falkland Islands",323,0,0,0,0,0,1,0,0,1,0,0,0,0,0,6,2,"Latin and South America","Developing"
2006,0,"FLK","Falkland Islands",323,0,0,0,0,0,1,0,0,1,0,0,0,0,0,6,2,"Latin and South America","Developing"
2007,0,"FLK","Falkland Islands",323,0,0,0,0,0,1,0,0,1,0,0,0,0,0,6,2,"Latin and South America","Developing"
2008,0,"FLK","Falkland Islands",323,0,0,0,0,0,1,0,0,1,0,0,0,0,0,6,2,"Latin and South America","Developing"
2009,0,"FLK","Falkland Islands",323,0,0,0,0,0,1,0,0,1,0,0,0,0,0,6,2,"Latin and South America","Developing"
2010,0,"FLK","Falkland Islands",323,0,0,0,0,0,1,0,0,1,0,0,0,0,0,6,2,"Latin and South America","Developing"
2011,0,"FLK","Falkland Islands",323,0,0,0,0,0,1,0,0,1,0,0,0,0,0,6,2,"Latin and South America","Developing"
2012,0,"FLK","Falkland Islands",323,0,0,0,0,0,1,0,0,1,0,0,0,0,0,6,2,"Latin and South America","Developing"
2013,0,"FLK","Falkland Islands",323,0,0,0,0,0,1,0,0,1,0,0,0,0,0,6,2,"Latin and South America","Developing"
2014,0,"FLK","Falkland Islands",323,0,0,0,0,0,1,0,0,1,0,0,0,0,0,6,2,"Latin and South America","Developing"
2015,0,"FLK","Falkland Islands",323,0,0,0,0,0,1,0,0,1,0,0,0,0,0,6,2,"Latin and South America","Developing"
2016,0,"FLK","Falkland Islands",323,0,0,0,0,0,1,0,0,1,0,0,0,0,0,6,2,"Latin and South America","Developing"
2017,0,"FLK","Falkland Islands",323,0,0,0,0,0,1,0,0,1,0,0,0,0,0,6,2,"Latin and South America","Developing"
2018,0,"FLK","Falkland Islands",323,0,0,0,0,0,1,0,0,1,0,0,0,0,0,6,2,"Latin and South America","Developing"
2019,0,"FLK","Falkland Islands",323,0,0,0,0,0,1,0,0,1,0,0,0,0,0,6,2,"Latin and South America","Developing"
2020,0,"FLK","Falkland Islands",323,0,0,0,0,0,1,0,0,1,0,0,0,0,0,6,2,"Latin and South America","Developing"
2021,0,"FLK","Falkland Islands",323,0,0,0,0,0,1,0,0,1,0,0,0,0,0,6,2,"Latin and South America","Developing"
2022,0,"FLK","Falkland Islands",323,0,0,0,0,0,1,0,0,1,0,0,0,0,0,6,2,"Latin and South America","Developing"
1987,,"GRL","Greenland",326,,,,0,0,1,0,0,0,1,0,0,0,0,5,2,"Caribbean","Developing"
1988,,"GRL","Greenland",326,,,,0,0,1,0,0,0,1,0,0,0,0,5,2,"Caribbean","Developing"
1989,,"GRL","Greenland",326,,,,0,0,1,0,0,0,1,0,0,0,0,5,2,"Caribbean","Developing"
1990,,"GRL","Greenland",326,,,,0,0,1,0,0,0,1,0,0,0,0,5,2,"Caribbean","Developing"
1991,,"GRL","Greenland",326,,,,0,0,1,0,0,0,1,0,0,0,0,5,2,"Caribbean","Developing"
1992,,"GRL","Greenland",326,,,,0,0,1,0,0,0,1,0,0,0,0,5,2,"Caribbean","Developing"
1993,,"GRL","Greenland",326,,,,0,0,1,0,0,0,1,0,0,0,0,5,2,"Caribbean","Developing"
1994,0,"GRL","Greenland",326,0,0,0,0,0,1,0,0,0,1,0,0,0,0,5,2,"Caribbean","Developing"
1995,34377,"GRL","Greenland",326,29880.0521512386,54687.27537,47533.4857627119,0,0,1,0,0,0,1,0,0,0,0,5,2,"Caribbean","Developing"
1996,0,"GRL","Greenland",326,0,0,0,0,0,1,0,0,0,1,0,0,0,0,5,2,"Caribbean","Developing"
1997,1019,"GRL","Greenland",326,700.199271627843,1581.81408,1086.93333333333,0,0,1,0,0,0,1,0,0,0,0,5,2,"Caribbean","Developing"
1998,0,"GRL","Greenland",326,0,0,0,0,0,1,0,0,0,1,0,0,0,0,5,2,"Caribbean","Developing"
1999,0,"GRL","Greenland",326,0,0,0,0,0,1,0,0,0,1,0,0,0,0,5,2,"Caribbean","Developing"
2000,0,"GRL","Greenland",326,0,0,0,0,0,1,0,0,0,1,0,0,0,0,5,2,"Caribbean","Developing"
2001,0,"GRL","Greenland",326,0,0,0,0,0,1,0,0,0,1,0,0,0,0,5,2,"Caribbean","Developing"
2002,0,"GRL","Greenland",326,0,0,0,0,0,1,0,0,0,1,0,0,0,0,5,2,"Caribbean","Developing"
2003,0,"GRL","Greenland",326,0,0,0,0,0,1,0,0,0,1,0,0,0,0,5,2,"Caribbean","Developing"
2004,0,"GRL","Greenland",326,0,0,0,0,0,1,0,0,0,1,0,0,0,0,5,2,"Caribbean","Developing"
2005,0,"GRL","Greenland",326,0,0,0,0,0,1,0,0,0,1,0,0,0,0,5,2,"Caribbean","Developing"
2006,0,"GRL","Greenland",326,0,0,0,0,0,1,0,0,0,1,0,0,0,0,5,2,"Caribbean","Developing"
2007,0,"GRL","Greenland",326,0,0,0,0,0,1,0,0,0,1,0,0,0,0,5,2,"Caribbean","Developing"
2008,0,"GRL","Greenland",326,0,0,0,0,0,1,0,0,0,1,0,0,0,0,5,2,"Caribbean","Developing"
2009,0,"GRL","Greenland",326,0,0,0,0,0,1,0,0,0,1,0,0,0,0,5,2,"Caribbean","Developing"
2010,0,"GRL","Greenland",326,0,0,0,0,0,1,0,0,0,1,0,0,0,0,5,2,"Caribbean","Developing"
2011,0,"GRL","Greenland",326,0,0,0,0,0,1,0,0,0,1,0,0,0,0,5,2,"Caribbean","Developing"
2012,0,"GRL","Greenland",326,0,0,0,0,0,1,0,0,0,1,0,0,0,0,5,2,"Caribbean","Developing"
2013,0,"GRL","Greenland",326,0,0,0,0,0,1,0,0,0,1,0,0,0,0,5,2,"Caribbean","Developing"
2014,0,"GRL","Greenland",326,0,0,0,0,0,1,0,0,0,1,0,0,0,0,5,2,"Caribbean","Developing"
2015,0,"GRL","Greenland",326,0,0,0,0,0,1,0,0,0,1,0,0,0,0,5,2,"Caribbean","Developing"
2016,0,"GRL","Greenland",326,0,0,0,0,0,1,0,0,0,1,0,0,0,0,5,2,"Caribbean","Developing"
2017,0,"GRL","Greenland",326,0,0,0,0,0,1,0,0,0,1,0,0,0,0,5,2,"Caribbean","Developing"
2018,0,"GRL","Greenland",326,0,0,0,0,0,1,0,0,0,1,0,0,0,0,5,2,"Caribbean","Developing"
2019,0,"GRL","Greenland",326,0,0,0,0,0,1,0,0,0,1,0,0,0,0,5,2,"Caribbean","Developing"
2020,0,"GRL","Greenland",326,0,0,0,0,0,1,0,0,0,1,0,0,0,0,5,2,"Caribbean","Developing"
2021,0,"GRL","Greenland",326,0,0,0,0,0,1,0,0,0,1,0,0,0,0,5,2,"Caribbean","Developing"
2022,0,"GRL","Greenland",326,0,0,0,0,0,1,0,0,0,1,0,0,0,0,5,2,"Caribbean","Developing"
1987,793,"GRD","Grenada",328,620.500782472613,1077.79009,843.341228482003,0,0,0,1,0,0,0,0,0,0,0,8,3,"OFC","OFC"
1988,5115,"GRD","Grenada",328,3400.93085106383,6977.72955,4639.44783909575,0,0,0,1,0,0,0,0,0,0,0,8,3,"OFC","OFC"
1989,5015,"GRD","Grenada",328,3242.80633688975,6691.16345,4326.64949886841,0,0,0,1,0,0,0,0,0,0,0,8,3,"OFC","OFC"
1990,9363,"GRD","Grenada",328,7227.32535700502,13118.12478,10125.9164646854,0,0,0,1,0,0,0,0,0,0,0,8,3,"OFC","OFC"
1991,12878,"GRD","Grenada",328,9500.55330136481,18399.18494,13573.7255182589,0,0,0,1,0,0,0,0,0,0,0,8,3,"OFC","OFC"
1992,3681,"GRD","Grenada",328,2528.15934065934,5313.08178,3649.09462912088,0,0,0,1,0,0,0,0,0,0,0,8,3,"OFC","OFC"
1993,17014,"GRD","Grenada",328,11499.8310239946,25452.60372,17203.5172152754,0,0,0,1,0,0,0,0,0,0,0,8,3,"OFC","OFC"
1994,26524,"GRD","Grenada",328,20224.1707967976,40637.95088,30985.8565611895,0,0,0,1,0,0,0,0,0,0,0,8,3,"OFC","OFC"
1995,23656,"GRD","Grenada",328,20561.495002173,37632.20136,32709.4318644068,0,0,0,1,0,0,0,0,0,0,0,8,3,"OFC","OFC"
1996,11344,"GRD","Grenada",328,8425.43077837195,17913.65072,13304.8505050505,0,0,0,1,0,0,0,0,0,0,0,8,3,"OFC","OFC"
1997,11167,"GRD","Grenada",328,7673.33195904624,17334.75744,11911.4666666667,0,0,0,1,0,0,0,0,0,0,0,8,3,"OFC","OFC"
1998,6355,"GRD","Grenada",328,4616.78169269887,10042.99715,7296.03861242281,0,0,0,1,0,0,0,0,0,0,0,8,3,"OFC","OFC"
1999,10876,"GRD","Grenada",328,6799.19979994999,14700.98044,9190.4103775944,0,0,0,1,0,0,0,0,0,0,0,8,3,"OFC","OFC"
2000,40777,"GRD","Grenada",328,24917.2013443324,55611.26483,33981.8300213871,0,0,0,1,0,0,0,0,0,0,0,8,3,"OFC","OFC"
2001,13598,"GRD","Grenada",328,8107.07684969892,18945.4135,11295.184820843,0,0,0,1,0,0,0,0,0,0,0,8,3,"OFC","OFC"
2002,11933,"GRD","Grenada",328,8604.7014710124,16938.41618,12214.0295500433,0,0,0,1,0,0,0,0,0,0,0,8,3,"OFC","OFC"
2003,6624,"GRD","Grenada",328,5355.32379335435,9162.58176,7407.69808391948,0,0,0,1,0,0,0,0,0,0,0,8,3,"OFC","OFC"
2004,4266,"GRD","Grenada",328,3769.88335100742,6046.75638,5343.54575821845,0,0,0,1,0,0,0,0,0,0,0,8,3,"OFC","OFC"
2005,8854,"GRD","Grenada",328,6736.66590580537,12829.446,9761.42889751198,0,0,0,1,0,0,0,0,0,0,0,8,3,"OFC","OFC"
2006,17244,"GRD","Grenada",328,14130.9514053921,25927.04376,21246.4506760633,0,0,0,1,0,0,0,0,0,0,0,8,3,"OFC","OFC"
2007,20602,"GRD","Grenada",328,18304.7534429143,32365.742,28756.7676588183,0,0,0,1,0,0,0,0,0,0,0,8,3,"OFC","OFC"
2008,53831,"GRD","Grenada",328,50607.3140923193,88309.7555,83021.2987684497,0,0,0,1,0,0,0,0,0,0,0,8,3,"OFC","OFC"
2009,66598,"GRD","Grenada",328,64626.8801552644,111489.04788,108189.274992722,0,0,0,1,0,0,0,0,0,0,0,8,3,"OFC","OFC"
2010,24472,"GRD","Grenada",328,26045.1255853555,40189.63144,42773.1283950617,0,0,0,1,0,0,0,0,0,0,0,8,3,"OFC","OFC"
2011,8428,"GRD","Grenada",328,8957.38123073653,14379.34792,15282.5464130088,0,0,0,1,0,0,0,0,0,0,0,8,3,"OFC","OFC"
2012,3678,"GRD","Grenada",328,4012.65546585206,6364.92612,6944.06078987563,0,0,0,1,0,0,0,0,0,0,0,8,3,"OFC","OFC"
2013,0,"GRD","Grenada",328,0,0,0,0,0,0,1,0,0,0,0,0,0,0,8,3,"OFC","OFC"
2014,0,"GRD","Grenada",328,0,0,0,0,0,0,1,0,0,0,0,0,0,0,8,3,"OFC","OFC"
2015,0,"GRD","Grenada",328,0,0,0,0,0,0,1,0,0,0,0,0,0,0,8,3,"OFC","OFC"
2016,32685.9,"GRD","Grenada",328,32171.1614173228,43642.540539,42955.2564360236,0,0,0,1,0,0,0,0,0,0,0,8,3,"OFC","OFC"
2017,160352.7905,"GRD","Grenada",328,164413.811647698,217037.50194175,222534.094065159,0,0,0,1,0,0,0,0,0,0,0,8,3,"OFC","OFC"
2018,99534.44059,"GRD","Grenada",328,101050.193492386,136446.787882801,138524.657749037,0,0,0,1,0,0,0,0,0,0,0,8,3,"OFC","OFC"
2019,108061.07603,"GRD","Grenada",328,111604.519524916,145969.982112084,150756.501019452,0,0,0,1,0,0,0,0,0,0,0,8,3,"OFC","OFC"
2020,73130.49709,"GRD","Grenada",328,82989.669870631,97363.0186057424,110489.126878963,0,0,0,1,0,0,0,0,0,0,0,8,3,"OFC","OFC"
2021,37751.30162,"GRD","Grenada",328,41362.2237536978,53557.3940952778,58680.1732171336,0,0,0,1,0,0,0,0,0,0,0,8,3,"OFC","OFC"
2022,4329.87265,"GRD","Grenada",328,4706.38331521739,5718.376211402,6215.6263167413,0,0,0,1,0,0,0,0,0,0,0,8,3,"OFC","OFC"
1987,1980,"GUY","Guyana",336,1549.29577464789,2691.0774,2105.69436619718,0,0,1,0,0,0,1,0,0,0,0,5,2,"Caribbean","Developing"
1988,1140,"GUY","Guyana",336,757.978723404255,1555.1538,1034.01183510638,0,0,1,0,0,0,1,0,0,0,0,5,2,"Caribbean","Developing"
1989,1521,"GUY","Guyana",336,983.511154219205,2029.36383,1312.23008729389,0,0,1,0,0,0,1,0,0,0,0,5,2,"Caribbean","Developing"
1990,1972,"GUY","Guyana",336,1522.19220378232,2762.89032,2132.68260903126,0,0,1,0,0,0,1,0,0,0,0,5,2,"Caribbean","Developing"
1991,2792,"GUY","Guyana",336,2059.75654739948,3989.01416,2942.83597196606,0,0,1,0,0,0,1,0,0,0,0,5,2,"Caribbean","Developing"
1992,9635,"GUY","Guyana",336,6617.44505494505,13906.9663,9551.48784340659,0,0,1,0,0,0,1,0,0,0,0,5,2,"Caribbean","Developing"
1993,9644,"GUY","Guyana",336,6518.41838458939,14427.23112,9751.42353497803,0,0,1,0,0,0,1,0,0,0,0,5,2,"Caribbean","Developing"
1994,13262,"GUY","Guyana",336,10112.0853983988,20318.97544,15492.9282805947,0,0,1,0,0,0,1,0,0,0,0,5,2,"Caribbean","Developing"
1995,21089,"GUY","Guyana",336,18330.2911777488,33548.59209,29160.0105084746,0,0,1,0,0,0,1,0,0,0,0,5,2,"Caribbean","Developing"
1996,42318,"GUY","Guyana",336,31430.4812834225,66825.62334,49632.8159090909,0,0,1,0,0,0,1,0,0,0,0,5,2,"Caribbean","Developing"
1997,7429,"GUY","Guyana",336,5104.78939050368,11532.18528,7924.26666666667,0,0,1,0,0,0,1,0,0,0,0,5,2,"Caribbean","Developing"
1998,8135,"GUY","Guyana",336,5909.91645477661,12855.98455,9339.61827097711,0,0,1,0,0,0,1,0,0,0,0,5,2,"Caribbean","Developing"
1999,9572,"GUY","Guyana",336,5983.99599899975,12938.37668,8088.50755188797,0,0,1,0,0,0,1,0,0,0,0,5,2,"Caribbean","Developing"
2000,9798,"GUY","Guyana",336,5987.167736022,13362.41442,8165.23948670944,0,0,1,0,0,0,1,0,0,0,0,5,2,"Caribbean","Developing"
2001,13973,"GUY","Guyana",336,8330.65045012818,19467.88225,11606.6787396411,0,0,1,0,0,0,1,0,0,0,0,5,2,"Caribbean","Developing"
2002,11297,"GUY","Guyana",336,8146.09172194981,16035.63962,11563.0513556389,0,0,1,0,0,0,1,0,0,0,0,5,2,"Caribbean","Developing"
2003,10202,"GUY","Guyana",336,8248.03945347239,14111.81448,11409.0180936211,0,0,1,0,0,0,1,0,0,0,0,5,2,"Caribbean","Developing"
2004,2207,"GUY","Guyana",336,1950.3358077059,3128.26801,2764.46448391658,0,0,1,0,0,0,1,0,0,0,0,5,2,"Caribbean","Developing"
2005,2673,"GUY","Guyana",336,2033.78224149738,3873.177,2946.9504679297,0,0,1,0,0,0,1,0,0,0,0,5,2,"Caribbean","Developing"
2006,9313,"GUY","Guyana",336,7631.729902483,14002.46802,11474.6111775793,0,0,1,0,0,0,1,0,0,0,0,5,2,"Caribbean","Developing"
2007,5042,"GUY","Guyana",336,4479.78676143936,7920.982,7037.74500222124,0,0,1,0,0,0,1,0,0,0,0,5,2,"Caribbean","Developing"
2008,2494,"GUY","Guyana",336,2344.64604681771,4091.407,3846.39183980446,0,0,1,0,0,0,1,0,0,0,0,5,2,"Caribbean","Developing"
2009,581,"GUY","Guyana",336,563.80397865114,972.62886,943.841688500728,0,0,1,0,0,0,1,0,0,0,0,5,2,"Caribbean","Developing"
2010,1784,"GUY","Guyana",336,1898.68028948489,2929.80968,3118.14567901235,0,0,1,0,0,0,1,0,0,0,0,5,2,"Caribbean","Developing"
2011,3375,"GUY","Guyana",336,3586.99117865873,5758.2225,6119.90912955681,0,0,1,0,0,0,1,0,0,0,0,5,2,"Caribbean","Developing"
2012,1808,"GUY","Guyana",336,1972.50709142483,3128.81632,3413.50242199433,0,0,1,0,0,0,1,0,0,0,0,5,2,"Caribbean","Developing"
2013,850,"GUY","Guyana",336,953.449242849131,1345.567,1509.32922041503,0,0,1,0,0,0,1,0,0,0,0,5,2,"Caribbean","Developing"
2014,978,"GUY","Guyana",336,988.777676675766,1490.68716,1507.11471034274,0,0,1,0,0,0,1,0,0,0,0,5,2,"Caribbean","Developing"
2015,0,"GUY","Guyana",336,0,0,0,0,0,1,0,0,0,1,0,0,0,0,5,2,"Caribbean","Developing"
2016,0,"GUY","Guyana",336,0,0,0,0,0,1,0,0,0,1,0,0,0,0,5,2,"Caribbean","Developing"
2017,0,"GUY","Guyana",336,0,0,0,0,0,1,0,0,0,1,0,0,0,0,5,2,"Caribbean","Developing"
2018,0,"GUY","Guyana",336,0,0,0,0,0,1,0,0,0,1,0,0,0,0,5,2,"Caribbean","Developing"
2019,0,"GUY","Guyana",336,0,0,0,0,0,1,0,0,0,1,0,0,0,0,5,2,"Caribbean","Developing"
2020,0,"GUY","Guyana",336,0,0,0,0,0,1,0,0,0,1,0,0,0,0,5,2,"Caribbean","Developing"
2021,0,"GUY","Guyana",336,0,0,0,0,0,1,0,0,0,1,0,0,0,0,5,2,"Caribbean","Developing"
2022,0,"GUY","Guyana",336,0,0,0,0,0,1,0,0,0,1,0,0,0,0,5,2,"Caribbean","Developing"
1987,1097,"BLZ","Belize",339,858.372456964006,1490.96561,1166.63975743349,0,0,0,1,0,0,0,0,0,0,0,8,3,"OFC","OFC"
1988,24829,"BLZ","Belize",339,16508.6436170213,33870.97693,22520.5963630319,0,0,0,1,0,0,0,0,0,0,0,8,3,"OFC","OFC"
1989,48450,"BLZ","Belize",339,31328.8069835112,64643.4435,41799.8341416101,0,0,0,1,0,0,0,0,0,0,0,8,3,"OFC","OFC"
1990,1289,"BLZ","Belize",339,994.982632188344,1805.96634,1394.0303666538,0,0,0,1,0,0,0,0,0,0,0,8,3,"OFC","OFC"
1991,1562,"BLZ","Belize",339,1152.34230911103,2231.67626,1646.3860272962,0,0,0,1,0,0,0,0,0,0,0,8,3,"OFC","OFC"
1992,17358,"BLZ","Belize",339,11921.7032967033,25054.19004,17207.5481043956,0,0,0,1,0,0,0,0,0,0,0,8,3,"OFC","OFC"
1993,13173,"BLZ","Belize",339,8903.68367691788,19706.54454,13319.7327069956,0,0,0,1,0,0,0,0,0,0,0,8,3,"OFC","OFC"
1994,25289,"BLZ","Belize",339,19282.5009531071,38745.78268,29543.1053602745,0,0,0,1,0,0,0,0,0,0,0,8,3,"OFC","OFC"
1995,80008,"BLZ","Belize",339,69541.938287701,127277.52648,110628.010847458,0,0,0,1,0,0,0,0,0,0,0,8,3,"OFC","OFC"
1996,145915,"BLZ","Belize",339,108374.183006536,230418.75395,171136.923611111,0,0,0,1,0,0,0,0,0,0,0,8,3,"OFC","OFC"
1997,298508,"BLZ","Belize",339,205117.845117845,463379.93856,318408.533333333,0,0,0,1,0,0,0,0,0,0,0,8,3,"OFC","OFC"
1998,363795,"BLZ","Belize",339,264289.865601162,574916.15235,417665.203305485,0,0,0,1,0,0,0,0,0,0,0,8,3,"OFC","OFC"
1999,1336329,"BLZ","Belize",339,835414.478619655,1806302.54601,1129221.3966054,0,0,0,1,0,0,0,0,0,0,0,8,3,"OFC","OFC"
2000,1958352,"BLZ","Belize",339,1196670.94408799,2670780.87408,1632007.86683776,0,0,0,1,0,0,0,0,0,0,0,8,3,"OFC","OFC"
2001,995581,"BLZ","Belize",339,593561.676503905,1387093.22825,826979.805789066,0,0,0,1,0,0,0,0,0,0,0,8,3,"OFC","OFC"
2002,908306,"BLZ","Belize",339,654965.387943467,1289304.03476,929697.169570234,0,0,0,1,0,0,0,0,0,0,0,8,3,"OFC","OFC"
2003,1073100,"BLZ","Belize",339,867572.156196944,1484354.844,1200060.50933786,0,0,0,1,0,0,0,0,0,0,0,8,3,"OFC","OFC"
2004,770453,"BLZ","Belize",339,680852.774832096,1092063.19579,965061.148630258,0,0,0,1,0,0,0,0,0,0,0,8,3,"OFC","OFC"
2005,2357621,"BLZ","Belize",339,1793822.56714601,3416192.829,2599248.89979457,0,0,0,1,0,0,0,0,0,0,0,8,3,"OFC","OFC"
2006,2998051,"BLZ","Belize",339,2456814.71769237,4507689.60054,3693919.20063919,0,0,0,1,0,0,0,0,0,0,0,8,3,"OFC","OFC"
2007,3968599,"BLZ","Belize",339,3526076.41048423,6234669.029,5539466.04087072,0,0,0,1,0,0,0,0,0,0,0,8,3,"OFC","OFC"
2008,3694993,"BLZ","Belize",339,3473717.21350005,6061636.0165,5698633.08874683,0,0,0,1,0,0,0,0,0,0,0,8,3,"OFC","OFC"
2009,1946424,"BLZ","Belize",339,1888815.13828239,3258430.56144,3161989.87039301,0,0,0,1,0,0,0,0,0,0,0,8,3,"OFC","OFC"
2010,1790807,"BLZ","Belize",339,1905924.86164325,2940988.61189,3130043.22253086,0,0,0,1,0,0,0,0,0,0,0,8,3,"OFC","OFC"
2011,1585922,"BLZ","Belize",339,1685537.25156765,2705804.96108,2875762.52638963,0,0,0,1,0,0,0,0,0,0,0,8,3,"OFC","OFC"
2012,1666380,"BLZ","Belize",339,1818001.30918612,2883737.2452,3146123.98559895,0,0,0,1,0,0,0,0,0,0,0,8,3,"OFC","OFC"
2013,1190252,"BLZ","Belize",339,1335111.60964666,1884192.72104,2113508.38030286,0,0,0,1,0,0,0,0,0,0,0,8,3,"OFC","OFC"
2014,894266,"BLZ","Belize",339,904120.918006268,1363058.12252,1378079.18564351,0,0,0,1,0,0,0,0,0,0,0,8,3,"OFC","OFC"
2015,896148.41412,"BLZ","Belize",339,903284.360568491,1204038.12475921,1213625.76832901,0,0,0,1,0,0,0,0,0,0,0,8,3,"OFC","OFC"
2016,556773.374861,"BLZ","Belize",339,548005.29021752,743409.377848156,731702.143551334,0,0,0,1,0,0,0,0,0,0,0,8,3,"OFC","OFC"
2017,694202.876612,"BLZ","Belize",339,711783.939928227,939603.593494342,963399.562692856,0,0,0,1,0,0,0,0,0,0,0,8,3,"OFC","OFC"
2018,703489.502084,"BLZ","Belize",339,714202.540186802,964378.583931851,979064.552215078,0,0,0,1,0,0,0,0,0,0,0,8,3,"OFC","OFC"
2019,619608.039941,"BLZ","Belize",339,639925.680290214,836972.736432702,864418.008192824,0,0,0,1,0,0,0,0,0,0,0,8,3,"OFC","OFC"
2020,231532.368238,"BLZ","Belize",339,262746.672989106,308252.933777344,349810.410550776,0,0,0,1,0,0,0,0,0,0,0,8,3,"OFC","OFC"
2021,122663.506901,"BLZ","Belize",339,134396.304263175,174021.49060538,190666.692895124,0,0,0,1,0,0,0,0,0,0,0,8,3,"OFC","OFC"
2022,243488.996411,"BLZ","Belize",339,264661.952620652,321571.04778008,349533.747587043,0,0,0,1,0,0,0,0,0,0,0,8,3,"OFC","OFC"
1987,4428,"JAM","Jamaica",343,3464.78873239437,6018.22764,4709.09830985916,0,0,1,0,0,0,1,0,0,0,0,5,2,"Caribbean","Developing"
1988,4709,"JAM","Jamaica",343,3130.98404255319,6423.87653,4271.19450132979,0,0,1,0,0,0,1,0,0,0,0,5,2,"Caribbean","Developing"
1989,6385,"JAM","Jamaica",343,4128.67765923052,8519.05855,5508.60559327514,0,0,1,0,0,0,1,0,0,0,0,5,2,"Caribbean","Developing"
1990,7113,"JAM","Jamaica",343,5490.54419143188,9965.73978,7692.58184484755,0,0,1,0,0,0,1,0,0,0,0,5,2,"Caribbean","Developing"
1991,2869,"JAM","Jamaica",343,2116.56215418665,4099.02637,3023.99584655109,0,0,1,0,0,0,1,0,0,0,0,5,2,"Caribbean","Developing"
1992,6358,"JAM","Jamaica",343,4366.75824175824,9177.01004,6302.89151098901,0,0,1,0,0,0,1,0,0,0,0,5,2,"Caribbean","Developing"
1993,4383,"JAM","Jamaica",343,2962.48732679959,6556.88034,4431.82179114566,0,0,1,0,0,0,1,0,0,0,0,5,2,"Caribbean","Developing"
1994,6702,"JAM","Jamaica",343,5110.1791841403,10268.26824,7829.40773160503,0,0,1,0,0,0,1,0,0,0,0,5,2,"Caribbean","Developing"
1995,21588,"JAM","Jamaica",343,18764.0156453716,34342.40628,29849.9837288136,0,0,1,0,0,0,1,0,0,0,0,5,2,"Caribbean","Developing"
1996,20547,"JAM","Jamaica",343,15260.6951871658,32446.38411,24098.6215909091,0,0,1,0,0,0,1,0,0,0,0,5,2,"Caribbean","Developing"
1997,25856,"JAM","Jamaica",343,17766.7834810692,40136.78592,27579.7333333333,0,0,1,0,0,0,1,0,0,0,0,5,2,"Caribbean","Developing"
1998,24485,"JAM","Jamaica",343,17787.867780603,38694.38005,28110.7010897203,0,0,1,0,0,0,1,0,0,0,0,5,2,"Caribbean","Developing"
1999,26672,"JAM","Jamaica",343,16674.1685421355,36052.27568,22538.3068767192,0,0,1,0,0,0,1,0,0,0,0,5,2,"Caribbean","Developing"
2000,37472,"JAM","Jamaica",343,22897.6474182707,51103.93888,31227.5825725634,0,0,1,0,0,0,1,0,0,0,0,5,2,"Caribbean","Developing"
2001,23946,"JAM","Jamaica",343,14276.5158290109,33362.7645,19890.7556787695,0,0,1,0,0,0,1,0,0,0,0,5,2,"Caribbean","Developing"
2002,37980,"JAM","Jamaica",343,27386.7897317566,53911.0908,38874.4525526392,0,0,1,0,0,0,1,0,0,0,0,5,2,"Caribbean","Developing"
2003,45506,"JAM","Jamaica",343,36790.3630042849,62945.71944,50889.901722047,0,0,1,0,0,0,1,0,0,0,0,5,2,"Caribbean","Developing"
2004,26870,"JAM","Jamaica",343,23745.1396253093,38086.3441,33657.0732591022,0,0,1,0,0,0,1,0,0,0,0,5,2,"Caribbean","Developing"
2005,18430,"JAM","Jamaica",343,14022.6736665906,26705.07,20318.8541428898,0,0,1,0,0,0,1,0,0,0,0,5,2,"Caribbean","Developing"
2006,25561,"JAM","Jamaica",343,20946.4885683848,38431.98594,31493.8834221093,0,0,1,0,0,0,1,0,0,0,0,5,2,"Caribbean","Developing"
2007,6891,"JAM","Jamaica",343,6122.61217236784,10825.761,9618.62372278987,0,0,1,0,0,0,1,0,0,0,0,5,2,"Caribbean","Developing"
2008,2308,"JAM","Jamaica",343,2169.78471373508,3786.274,3559.53182288239,0,0,1,0,0,0,1,0,0,0,0,5,2,"Caribbean","Developing"
2009,1642,"JAM","Jamaica",343,1593.40126152353,2748.80652,2667.44931586608,0,0,1,0,0,0,1,0,0,0,0,5,2,"Caribbean","Developing"
2010,1021,"JAM","Jamaica",343,1086.63260962112,1676.75767,1784.54413580247,0,0,1,0,0,0,1,0,0,0,0,5,2,"Caribbean","Developing"
2011,193,"JAM","Jamaica",343,205.122754809225,329.28502,349.968136890211,0,0,1,0,0,0,1,0,0,0,0,5,2,"Caribbean","Developing"
2012,0,"JAM","Jamaica",343,0,0,0,0,0,1,0,0,0,1,0,0,0,0,5,2,"Caribbean","Developing"
2013,41144,"JAM","Jamaica",343,46151.4301738643,65131.77488,73058.6369938306,0,0,1,0,0,0,1,0,0,0,0,5,2,"Caribbean","Developing"
2014,0,"JAM","Jamaica",343,0,0,0,0,0,1,0,0,0,1,0,0,0,0,5,2,"Caribbean","Developing"
2015,0,"JAM","Jamaica",343,0,0,0,0,0,1,0,0,0,1,0,0,0,0,5,2,"Caribbean","Developing"
2016,304.905,"JAM","Jamaica",343,300.103346456693,407.11220505,400.700989222441,0,0,1,0,0,0,1,0,0,0,0,5,2,"Caribbean","Developing"
2017,1613.11386,"JAM","Jamaica",343,1653.96684097201,2183.34960951,2238.64411925561,0,0,1,0,0,0,1,0,0,0,0,5,2,"Caribbean","Developing"
2018,2587.12054,"JAM","Jamaica",343,2626.51831472081,3546.554192259,3600.56263173503,0,0,1,0,0,0,1,0,0,0,0,5,2,"Caribbean","Developing"
2019,5746.10816,"JAM","Jamaica",343,5934.52947069455,7761.9003636096,8016.42175430891,0,0,1,0,0,0,1,0,0,0,0,5,2,"Caribbean","Developing"
2020,1775.31727,"JAM","Jamaica",343,2014.65872673627,2363.5864005872,2682.2360424276,0,0,1,0,0,0,1,0,0,0,0,5,2,"Caribbean","Developing"
2021,556.11809,"JAM","Jamaica",343,609.310934589679,788.9591731021,864.423329793032,0,0,1,0,0,0,1,0,0,0,0,5,2,"Caribbean","Developing"
2022,6396.10064,"JAM","Jamaica",343,6952.28330434783,8447.2021932352,9181.74151438609,0,0,1,0,0,0,1,0,0,0,0,5,2,"Caribbean","Developing"
1987,814000,"ANT","Netherlands Antilles",353,636932.708781126,1106331.82,865674.352485692,0,0,0,1,0,0,0,0,0,0,0,8,3,"OFC","OFC"
1988,704000,"ANT","Netherlands Antilles",353,468085.122410666,960375.68,638547.681438958,0,0,0,1,0,0,0,0,0,0,0,8,3,"OFC","OFC"
1989,809000,"ANT","Netherlands Antilles",353,523116.726131278,1079392.07,697958.029506135,0,0,0,1,0,0,0,0,0,0,0,8,3,"OFC","OFC"
1990,1122000,"ANT","Netherlands Antilles",353,866074.847788468,1571989.32,1213422.82624251,0,0,0,1,0,0,0,0,0,0,0,8,3,"OFC","OFC"
1991,1145000,"ANT","Netherlands Antilles",353,844706.76097407,1635895.85,1206857.89060648,0,0,0,1,0,0,0,0,0,0,0,8,3,"OFC","OFC"
1992,1151000,"ANT","Netherlands Antilles",353,790521.994073431,1661330.38,1141023.63580571,0,0,0,1,0,0,0,0,0,0,0,8,3,"OFC","OFC"
1993,950000,"ANT","Netherlands Antilles",353,642108.796541376,1421181,960581.917449967,0,0,0,1,0,0,0,0,0,0,0,8,3,"OFC","OFC"
1994,1168000,"ANT","Netherlands Antilles",353,890583.33329546,1789516.16,1364480.53660864,0,0,0,1,0,0,0,0,0,0,0,8,3,"OFC","OFC"
1995,1296000,"ANT","Netherlands Antilles",353,1126466.69569274,2061689.76,1791994.48417496,0,0,0,1,0,0,0,0,0,0,0,8,3,"OFC","OFC"
1996,2405000,"ANT","Netherlands Antilles",353,1786244.77109143,3797807.65,2820712.70537361,0,0,0,1,0,0,0,0,0,0,0,8,3,"OFC","OFC"
1997,1981000,"ANT","Netherlands Antilles",353,1361231.3860298,3075145.92,2113066.70516178,0,0,0,1,0,0,0,0,0,0,0,8,3,"OFC","OFC"
1998,2653000,"ANT","Netherlands Antilles",353,1927351.96497005,4192615.49,3045852.13080112,0,0,0,1,0,0,0,0,0,0,0,8,3,"OFC","OFC"
1999,2566000,"ANT","Netherlands Antilles",353,1604151.08041433,3468436.54,2168314.97388524,0,0,0,1,0,0,0,0,0,0,0,8,3,"OFC","OFC"
2000,2672000,"ANT","Netherlands Antilles",353,1632752.82520189,3644046.88,2226731.97548208,0,0,0,1,0,0,0,0,0,0,0,8,3,"OFC","OFC"
2001,2566000,"ANT","Netherlands Antilles",353,1529839.64477579,3575079.5,2131449.08508386,0,0,0,1,0,0,0,0,0,0,0,8,3,"OFC","OFC"
2002,2988000,"ANT","Netherlands Antilles",353,2154600.44035573,4241346.48,3058369.14106734,0,0,0,1,0,0,0,0,0,0,0,8,3,"OFC","OFC"
2003,2329000,"ANT","Netherlands Antilles",353,1882933.18198215,3221565.96,2604548.494645,0,0,0,1,0,0,0,0,0,0,0,8,3,"OFC","OFC"
2004,1344000,"ANT","Netherlands Antilles",353,1187698.81008779,1905025.92,1683479.92438273,0,0,0,1,0,0,0,0,0,0,0,8,3,"OFC","OFC"
2005,1765000,"ANT","Netherlands Antilles",353,1342920.24587064,2557485,1945891.43626656,0,0,0,1,0,0,0,0,0,0,0,8,3,"OFC","OFC"
2006,2771000,"ANT","Netherlands Antilles",353,2270753.16945499,4166309.34,3414168.22040236,0,0,0,1,0,0,0,0,0,0,0,8,3,"OFC","OFC"
2007,2393000,"ANT","Netherlands Antilles",353,2126166.21683826,3759403,3340207.12665291,0,0,0,1,0,0,0,0,0,0,0,8,3,"OFC","OFC"
2008,2379000,"ANT","Netherlands Antilles",353,2243556.56126097,3902749.5,3680554.53874861,0,0,0,1,0,0,0,0,0,0,0,8,3,"OFC","OFC"
1987,0,"KNA","St. Kitts and Nevis",361,0,0,0,0,0,0,1,0,0,0,0,0,0,0,8,3,"OFC","OFC"
1988,23000,"KNA","St. Kitts and Nevis",361,15292.5537151212,31375.91,20861.6430015569,0,0,0,1,0,0,0,0,0,0,0,8,3,"OFC","OFC"
1989,30000,"KNA","St. Kitts and Nevis",361,19398.6425017779,40026.9,25882.2507851472,0,0,0,1,0,0,0,0,0,0,0,8,3,"OFC","OFC"
1990,472000,"KNA","St. Kitts and Nevis",361,364338.082135612,661300.32,510459.513356921,0,0,0,1,0,0,0,0,0,0,0,8,3,"OFC","OFC"
1991,575000,"KNA","St. Kitts and Nevis",361,424197.718393092,821519.75,606064.006199763,0,0,0,1,0,0,0,0,0,0,0,8,3,"OFC","OFC"
1992,573000,"KNA","St. Kitts and Nevis",361,393543.964034819,827056.74,568033.486808577,0,0,0,1,0,0,0,0,0,0,0,8,3,"OFC","OFC"
1993,1002000,"KNA","St. Kitts and Nevis",361,677255.804352061,1498971.96,1013161.1381946,0,0,0,1,0,0,0,0,0,0,0,8,3,"OFC","OFC"
1994,705000,"KNA","St. Kitts and Nevis",361,537552.440045633,1080144.6,823594.844442715,0,0,0,1,0,0,0,0,0,0,0,8,3,"OFC","OFC"
1995,86000,"KNA","St. Kitts and Nevis",361,74750.1048067711,136809.66,118913.21422766,0,0,0,1,0,0,0,0,0,0,0,8,3,"OFC","OFC"
1996,107000,"KNA","St. Kitts and Nevis",361,79471.1810839014,168966.91,125495.326185021,0,0,0,1,0,0,0,0,0,0,0,8,3,"OFC","OFC"
1997,83000,"KNA","St. Kitts and Nevis",361,57032.915214777,128842.56,88533.3349462026,0,0,0,1,0,0,0,0,0,0,0,8,3,"OFC","OFC"
1998,89000,"KNA","St. Kitts and Nevis",361,64656.7376111325,140649.37,102178.982149001,0,0,0,1,0,0,0,0,0,0,0,8,3,"OFC","OFC"
1999,235000,"KNA","St. Kitts and Nevis",361,146911.731838413,317647.15,198579.118808664,0,0,0,1,0,0,0,0,0,0,0,8,3,"OFC","OFC"
2000,138000,"KNA","St. Kitts and Nevis",361,84326.3060920135,188203.02,115003.372985227,0,0,0,1,0,0,0,0,0,0,0,8,3,"OFC","OFC"
2001,186000,"KNA","St. Kitts and Nevis",361,110892.507376577,259144.5,154500.985902416,0,0,0,1,0,0,0,0,0,0,0,8,3,"OFC","OFC"
2002,245000,"KNA","St. Kitts and Nevis",361,176665.698757414,347767.7,250769.892758199,0,0,0,1,0,0,0,0,0,0,0,8,3,"OFC","OFC"
2003,356000,"KNA","St. Kitts and Nevis",361,287816.321505216,492433.44,398119.048558874,0,0,0,1,0,0,0,0,0,0,0,8,3,"OFC","OFC"
2004,373000,"KNA","St. Kitts and Nevis",361,329621.767978232,528701.39,467215.782585386,0,0,0,1,0,0,0,0,0,0,0,8,3,"OFC","OFC"
2005,788000,"KNA","St. Kitts and Nevis",361,599558.727334883,1141812,868760.595908245,0,0,0,1,0,0,0,0,0,0,0,8,3,"OFC","OFC"
2006,,"KNA","St. Kitts and Nevis",361,,,,0,0,0,1,0,0,0,0,0,0,0,8,3,"OFC","OFC"
2007,,"KNA","St. Kitts and Nevis",361,,,,0,0,0,1,0,0,0,0,0,0,0,8,3,"OFC","OFC"
2008,,"KNA","St. Kitts and Nevis",361,,,,0,0,0,1,0,0,0,0,0,0,0,8,3,"OFC","OFC"
1987,8417,"LCA","Saint Lucia",362,6586.07198748044,11439.79721,8951.32802034429,0,0,0,1,0,0,0,0,0,0,0,8,3,"OFC","OFC"
1988,0,"LCA","Saint Lucia",362,0,0,0,0,0,0,1,0,0,0,0,0,0,0,8,3,"OFC","OFC"
1989,13100,"LCA","Saint Lucia",362,8470.74038150663,17478.413,11301.9159392176,0,0,0,1,0,0,0,0,0,0,0,8,3,"OFC","OFC"
1990,6616,"LCA","Saint Lucia",362,5106.90852952528,9269.41296,7155.08526437669,0,0,0,1,0,0,0,0,0,0,0,8,3,"OFC","OFC"
1991,10406,"LCA","Saint Lucia",362,7676.87200295094,14867.36438,10968.1773367761,0,0,0,1,0,0,0,0,0,0,0,8,3,"OFC","OFC"
1992,7996,"LCA","Saint Lucia",362,5491.75824175824,11541.26648,7926.69401098901,0,0,0,1,0,0,0,0,0,0,0,8,3,"OFC","OFC"
1993,9214,"LCA","Saint Lucia",362,6227.77965528895,13783.95972,9316.63380871916,0,0,0,1,0,0,0,0,0,0,0,8,3,"OFC","OFC"
1994,7115,"LCA","Saint Lucia",362,5425.08577964163,10901.0338,8311.88242470454,0,0,0,1,0,0,0,0,0,0,0,8,3,"OFC","OFC"
1995,6991,"LCA","Saint Lucia",362,6076.48848326814,11121.35271,9666.5386440678,0,0,0,1,0,0,0,0,0,0,0,8,3,"OFC","OFC"
1996,7236,"LCA","Saint Lucia",362,5374.33155080214,11426.58468,8486.76818181818,0,0,0,1,0,0,0,0,0,0,0,8,3,"OFC","OFC"
1997,8901,"LCA","Saint Lucia",362,6116.26468769326,13817.20032,9494.4,0,0,0,1,0,0,0,0,0,0,0,8,3,"OFC","OFC"
1998,2375,"LCA","Saint Lucia",362,1725.39048310934,3753.28375,2726.68634217218,0,0,0,1,0,0,0,0,0,0,0,8,3,"OFC","OFC"
1999,2118,"LCA","Saint Lucia",362,1324.08102025506,2862.87942,1789.74707426857,0,0,0,1,0,0,0,0,0,0,0,8,3,"OFC","OFC"
2000,11502,"LCA","Saint Lucia",362,7028.41429880843,15686.31258,9585.28113657195,0,0,0,1,0,0,0,0,0,0,0,8,3,"OFC","OFC"
2001,12150,"LCA","Saint Lucia",362,7243.78465390807,16927.9875,10092.4029690574,0,0,0,1,0,0,0,0,0,0,0,8,3,"OFC","OFC"
2002,12819,"LCA","Saint Lucia",362,9243.58234785117,18196.05774,13120.8953994808,0,0,0,1,0,0,0,0,0,0,0,8,3,"OFC","OFC"
2003,20024,"LCA","Saint Lucia",362,16188.8592448864,27697.99776,22393.0776618967,0,0,0,1,0,0,0,0,0,0,0,8,3,"OFC","OFC"
2004,47828,"LCA","Saint Lucia",362,42265.818310357,67792.84204,59908.8388476493,0,0,0,1,0,0,0,0,0,0,0,8,3,"OFC","OFC"
2005,61973,"LCA","Saint Lucia",362,47152.8570341627,89798.877,68324.4898425017,0,0,0,1,0,0,0,0,0,0,0,8,3,"OFC","OFC"
2006,90506,"LCA","Saint Lucia",362,74167.0081127592,136079.39124,111513.063377858,0,0,0,1,0,0,0,0,0,0,0,8,3,"OFC","OFC"
2007,115245,"LCA","Saint Lucia",362,102394.491337183,181049.895,160861.745890715,0,0,0,1,0,0,0,0,0,0,0,8,3,"OFC","OFC"
2008,232709,"LCA","Saint Lucia",362,218773.15032434,381759.1145,358897.353107079,0,0,0,1,0,0,0,0,0,0,0,8,3,"OFC","OFC"
2009,85803,"LCA","Saint Lucia",362,83263.4643377001,143639.37018,139388.03510917,0,0,0,1,0,0,0,0,0,0,0,8,3,"OFC","OFC"
2010,70776,"LCA","Saint Lucia",362,75325.6704980843,116233.30152,123705.088888889,0,0,0,1,0,0,0,0,0,0,0,8,3,"OFC","OFC"
2011,66292,"LCA","Saint Lucia",362,70455.9464342651,113103.43288,120207.708449357,0,0,0,1,0,0,0,0,0,0,0,8,3,"OFC","OFC"
2012,113758,"LCA","Saint Lucia",362,124108.662448178,196862.76932,214775.00471307,0,0,0,1,0,0,0,0,0,0,0,8,3,"OFC","OFC"
2013,128165,"LCA","Saint Lucia",362,143763.320246775,202887.7583,227580.21121705,0,0,0,1,0,0,0,0,0,0,0,8,3,"OFC","OFC"
2014,85747,"LCA","Saint Lucia",362,86691.9421696492,130697.29234,132137.592093823,0,0,0,1,0,0,0,0,0,0,0,8,3,"OFC","OFC"
2015,81787.84597,"LCA","Saint Lucia",362,82439.1149783288,109887.696209913,110762.721711433,0,0,0,1,0,0,0,0,0,0,0,8,3,"OFC","OFC"
2016,179040.97335,"LCA","Saint Lucia",362,176221.430462598,239057.298026653,235292.616167966,0,0,0,1,0,0,0,0,0,0,0,8,3,"OFC","OFC"
2017,175038.51871,"LCA","Saint Lucia",362,179471.463867528,236914.635073985,242914.626344699,0,0,0,1,0,0,0,0,0,0,0,8,3,"OFC","OFC"
2018,173785.99588,"LCA","Saint Lucia",362,176432.483126904,238234.532452098,241862.469494516,0,0,0,1,0,0,0,0,0,0,0,8,3,"OFC","OFC"
2019,185961.50524,"LCA","Saint Lucia",362,192059.39090111,251198.660893244,259435.745823129,0,0,0,1,0,0,0,0,0,0,0,8,3,"OFC","OFC"
2020,2950.50818,"LCA","Saint Lucia",362,3348.28436223332,3928.1885705248,4457.77186850295,0,0,0,1,0,0,0,0,0,0,0,8,3,"OFC","OFC"
2021,1823.8479,"LCA","Saint Lucia",362,1998.29944121836,2587.474777251,2834.96743426208,0,0,0,1,0,0,0,0,0,0,0,8,3,"OFC","OFC"
2022,23384.7668,"LCA","Saint Lucia",362,25418.2247826087,30883.793817424,33569.3411058957,0,0,0,1,0,0,0,0,0,0,0,8,3,"OFC","OFC"
1987,8442,"VCT","Saint Vincent and the Grenadines",364,6605.6338028169,11473.77546,8977.91507042253,0,0,0,1,0,0,0,0,0,0,0,8,3,"OFC","OFC"
1988,15858,"VCT","Saint Vincent and the Grenadines",364,10543.8829787234,21633.00786,14383.6488430851,0,0,0,1,0,0,0,0,0,0,0,8,3,"OFC","OFC"
1989,53486,"VCT","Saint Vincent and the Grenadines",364,34585.1923698674,71362.62578,46144.6012156482,0,0,0,1,0,0,0,0,0,0,0,8,3,"OFC","OFC"
1990,58401,"VCT","Saint Vincent and the Grenadines",364,45079.8919336164,81823.30506,63159.6333925125,0,0,0,1,0,0,0,0,0,0,0,8,3,"OFC","OFC"
1991,119753,"VCT","Saint Vincent and the Grenadines",364,88345.9977867945,171094.70369,126222.577417927,0,0,0,1,0,0,0,0,0,0,0,8,3,"OFC","OFC"
1992,104983,"VCT","Saint Vincent and the Grenadines",364,72103.7087912088,151530.36254,104073.051195055,0,0,0,1,0,0,0,0,0,0,0,8,3,"OFC","OFC"
1993,98783,"VCT","Saint Vincent and the Grenadines",364,66767.8269685705,147777.39234,99883.333788442,0,0,0,1,0,0,0,0,0,0,0,8,3,"OFC","OFC"
1994,144182,"VCT","Saint Vincent and the Grenadines",364,109936.713686618,220904.12584,168436.237773542,0,0,0,1,0,0,0,0,0,0,0,8,3,"OFC","OFC"
1995,157641,"VCT","Saint Vincent and the Grenadines",364,137019.556714472,250776.87921,217972.081016949,0,0,0,1,0,0,0,0,0,0,0,8,3,"OFC","OFC"
1996,220447,"VCT","Saint Vincent and the Grenadines",364,163730.689245395,348114.47111,258552.043308081,0,0,0,1,0,0,0,0,0,0,0,8,3,"OFC","OFC"
1997,189591,"VCT","Saint Vincent and the Grenadines",364,130276.231704803,294305.90112,202230.4,0,0,0,1,0,0,0,0,0,0,0,8,3,"OFC","OFC"
1998,240135,"VCT","Saint Vincent and the Grenadines",364,174453.323646931,379492.54455,275693.820958954,0,0,0,1,0,0,0,0,0,0,0,8,3,"OFC","OFC"
1999,386838,"VCT","Saint Vincent and the Grenadines",364,241834.208552138,522885.05622,326884.88135784,0,0,0,1,0,0,0,0,0,0,0,8,3,"OFC","OFC"
2000,571089,"VCT","Saint Vincent and the Grenadines",364,348969.752520623,778845.46731,475921.458790101,0,0,0,1,0,0,0,0,0,0,0,8,3,"OFC","OFC"
2001,429623,"VCT","Saint Vincent and the Grenadines",364,256139.629165921,598572.24475,356866.53833542,0,0,0,1,0,0,0,0,0,0,0,8,3,"OFC","OFC"
2002,525592,"VCT","Saint Vincent and the Grenadines",364,378996.250360542,746056.82032,537970.017536775,0,0,0,1,0,0,0,0,0,0,0,8,3,"OFC","OFC"
2003,347354,"VCT","Saint Vincent and the Grenadines",364,280826.259196378,480473.94696,388450.114770798,0,0,0,1,0,0,0,0,0,0,0,8,3,"OFC","OFC"
2004,312013,"VCT","Saint Vincent and the Grenadines",364,275727.288794627,442256.58659,390824.130956168,0,0,0,1,0,0,0,0,0,0,0,8,3,"OFC","OFC"
2005,583352,"VCT","Saint Vincent and the Grenadines",364,443849.958152629,845277.048,643138.589363159,0,0,0,1,0,0,0,0,0,0,0,8,3,"OFC","OFC"
2006,3152825,"VCT","Saint Vincent and the Grenadines",364,2583647.46373843,4740398.5005,3884617.30762927,0,0,0,1,0,0,0,0,0,0,0,8,3,"OFC","OFC"
2007,1016515,"VCT","Saint Vincent and the Grenadines",364,903167.481119502,1596945.065,1418876.11283874,0,0,0,1,0,0,0,0,0,0,0,8,3,"OFC","OFC"
2008,1108330,"VCT","Saint Vincent and the Grenadines",364,1041957.31879289,1818215.365,1709330.98147974,0,0,0,1,0,0,0,0,0,0,0,8,3,"OFC","OFC"
2009,588298,"VCT","Saint Vincent and the Grenadines",364,570885.977680738,984846.14988,955697.379796215,0,0,0,1,0,0,0,0,0,0,0,8,3,"OFC","OFC"
2010,468849,"VCT","Saint Vincent and the Grenadines",364,498987.867177522,769976.64723,819472.80462963,0,0,0,1,0,0,0,0,0,0,0,8,3,"OFC","OFC"
2011,412400,"VCT","Saint Vincent and the Grenadines",364,438303.75172707,703612.136,747807.562971623,0,0,0,1,0,0,0,0,0,0,0,8,3,"OFC","OFC"
2012,512971,"VCT","Saint Vincent and the Grenadines",364,559645.428758455,887716.83434,968488.800283657,0,0,0,1,0,0,0,0,0,0,0,8,3,"OFC","OFC"
2013,154317,"VCT","Saint Vincent and the Grenadines",364,173098.149186764,244286.89734,274017.832125631,0,0,0,1,0,0,0,0,0,0,0,8,3,"OFC","OFC"
2014,347667,"VCT","Saint Vincent and the Grenadines",364,351498.331816803,529920.99474,535760.787321808,0,0,0,1,0,0,0,0,0,0,0,8,3,"OFC","OFC"
2015,120577.24992,"VCT","Saint Vincent and the Grenadines",364,121537.395343211,162003.975675014,163293.998261278,0,0,0,1,0,0,0,0,0,0,0,8,3,"OFC","OFC"
2016,122620.21856,"VCT","Saint Vincent and the Grenadines",364,120689.191496063,163723.742023498,161145.415377458,0,0,0,1,0,0,0,0,0,0,0,8,3,"OFC","OFC"
2017,231339.86113,"VCT","Saint Vincent and the Grenadines",364,237198.668235415,313118.502039455,321048.397456634,0,0,0,1,0,0,0,0,0,0,0,8,3,"OFC","OFC"
2018,290198.480704,"VCT","Saint Vincent and the Grenadines",364,294617.746907614,397818.587273078,403876.738348303,0,0,0,1,0,0,0,0,0,0,0,8,3,"OFC","OFC"
2019,301351.145567,"VCT","Saint Vincent and the Grenadines",364,311232.786539633,407068.140943359,420416.360385602,0,0,0,1,0,0,0,0,0,0,0,8,3,"OFC","OFC"
2020,83705.782088,"VCT","Saint Vincent and the Grenadines",364,94990.6741806627,111442.53004068,126466.783977167,0,0,0,1,0,0,0,0,0,0,0,8,3,"OFC","OFC"
2021,96305.955801,"VCT","Saint Vincent and the Grenadines",364,105517.646325189,136628.296435321,149696.829665082,0,0,0,1,0,0,0,0,0,0,0,8,3,"OFC","OFC"
2022,126474.498572,"VCT","Saint Vincent and the Grenadines",364,137472.281056522,167032.340774069,181556.892145727,0,0,0,1,0,0,0,0,0,0,0,8,3,"OFC","OFC"
1987,1577,"SUR","Suriname",366,1233.9593114241,2143.34801,1677.11111893584,0,0,1,0,0,0,1,0,0,0,0,5,2,"Caribbean","Developing"
1988,10230,"SUR","Suriname",366,6801.86170212766,13955.4591,9278.89567819149,0,0,1,0,0,0,1,0,0,0,0,5,2,"Caribbean","Developing"
1989,279,"SUR","Suriname",366,180.407371483996,372.25017,240.704927255092,0,0,1,0,0,0,1,0,0,0,0,5,2,"Caribbean","Developing"
1990,705,"SUR","Suriname",366,544.191431879583,987.7473,762.444847549209,0,0,1,0,0,0,1,0,0,0,0,5,2,"Caribbean","Developing"
1991,32,"SUR","Suriname",366,23.6075248985614,45.71936,33.7287790483217,0,0,1,0,0,0,1,0,0,0,0,5,2,"Caribbean","Developing"
1992,863,"SUR","Suriname",366,592.71978021978,1245.63694,855.519876373627,0,0,1,0,0,0,1,0,0,0,0,5,2,"Caribbean","Developing"
1993,245,"SUR","Suriname",366,165.596485299088,366.5151,247.729030077729,0,0,1,0,0,0,1,0,0,0,0,5,2,"Caribbean","Developing"
1994,7223,"SUR","Suriname",366,5507.43423560808,11066.50276,8438.05014105985,0,0,1,0,0,0,1,0,0,0,0,5,2,"Caribbean","Developing"
1995,2722,"SUR","Suriname",366,2365.92785745328,4330.18482,3763.74169491525,0,0,1,0,0,0,1,0,0,0,0,5,2,"Caribbean","Developing"
1996,4524,"SUR","Suriname",366,3360.07130124777,7143.98412,5305.98939393939,0,0,1,0,0,0,1,0,0,0,0,5,2,"Caribbean","Developing"
1997,5718,"SUR","Suriname",366,3929.08678622964,8876.16576,6099.2,0,0,1,0,0,0,1,0,0,0,0,5,2,"Caribbean","Developing"
1998,6968,"SUR","Suriname",366,5062.11405739194,11011.73944,7999.8107083182,0,0,1,0,0,0,1,0,0,0,0,5,2,"Caribbean","Developing"
1999,4192,"SUR","Suriname",366,2620.65516379095,5666.28448,3542.31337834459,0,0,1,0,0,0,1,0,0,0,0,5,2,"Caribbean","Developing"
2000,10361,"SUR","Suriname",366,6331.19462267033,14130.22819,8634.41991445157,0,0,1,0,0,0,1,0,0,0,0,5,2,"Caribbean","Developing"
2001,9601,"SUR","Suriname",366,5724.0803672569,13376.59325,7975.07497168068,0,0,1,0,0,0,1,0,0,0,0,5,2,"Caribbean","Developing"
2002,11077,"SUR","Suriname",366,7987.45312950678,15723.35842,11337.8702192097,0,0,1,0,0,0,1,0,0,0,0,5,2,"Caribbean","Developing"
2003,3504,"SUR","Suriname",366,2832.88867329614,4846.87296,3918.56492845016,0,0,1,0,0,0,1,0,0,0,0,5,2,"Caribbean","Developing"
2004,3747,"SUR","Suriname",366,3311.24072110286,5311.11021,4693.45193531283,0,0,1,0,0,0,1,0,0,0,0,5,2,"Caribbean","Developing"
2005,449,"SUR","Suriname",366,341.62672144868,650.601,495.017119379137,0,0,1,0,0,0,1,0,0,0,0,5,2,"Caribbean","Developing"
2006,3895,"SUR","Suriname",366,3191.8380726051,5856.2883,4799.05621568467,0,0,1,0,0,0,1,0,0,0,0,5,2,"Caribbean","Developing"
2007,4047,"SUR","Suriname",366,3595.73522878721,6357.837,5648.9000444247,0,0,1,0,0,0,1,0,0,0,0,5,2,"Caribbean","Developing"
2008,4007,"SUR","Suriname",366,3767.03957882862,6573.4835,6179.82842906835,0,0,1,0,0,0,1,0,0,0,0,5,2,"Caribbean","Developing"
2009,4906,"SUR","Suriname",366,4760.79573022804,8212.93836,7969.85770014556,0,0,1,0,0,0,1,0,0,0,0,5,2,"Caribbean","Developing"
2010,3759,"SUR","Suriname",366,4000.63856960409,6173.29293,6570.1287037037,0,0,1,0,0,0,1,0,0,0,0,5,2,"Caribbean","Developing"
2011,3638,"SUR","Suriname",366,3866.51078754384,6206.93732,6596.80871506005,0,0,1,0,0,0,1,0,0,0,0,5,2,"Caribbean","Developing"
2012,1353,"SUR","Suriname",366,1476.10735326206,2341.42062,2554.46281911412,0,0,1,0,0,0,1,0,0,0,0,5,2,"Caribbean","Developing"
2013,530,"SUR","Suriname",366,594.503645541223,839.0006,941.111160964666,0,0,1,0,0,0,1,0,0,0,0,5,2,"Caribbean","Developing"
2014,0,"SUR","Suriname",366,0,0,0,0,0,1,0,0,0,1,0,0,0,0,5,2,"Caribbean","Developing"
2015,0,"SUR","Suriname",366,0,0,0,0,0,1,0,0,0,1,0,0,0,0,5,2,"Caribbean","Developing"
2016,0,"SUR","Suriname",366,0,0,0,0,0,1,0,0,0,1,0,0,0,0,5,2,"Caribbean","Developing"
2017,0,"SUR","Suriname",366,0,0,0,0,0,1,0,0,0,1,0,0,0,0,5,2,"Caribbean","Developing"
2018,0,"SUR","Suriname",366,0,0,0,0,0,1,0,0,0,1,0,0,0,0,5,2,"Caribbean","Developing"
2019,5326.2,"SUR","Suriname",366,5500.85205267235,7194.684222,7430.60596127033,0,0,1,0,0,0,1,0,0,0,0,5,2,"Caribbean","Developing"
2020,5659.04,"SUR","Suriname",366,6421.97004085338,7534.2194944,8549.95403359056,0,0,1,0,0,0,1,0,0,0,0,5,2,"Caribbean","Developing"
2021,2824.72,"SUR","Suriname",366,3094.90522625178,4007.4020168,4390.71109543114,0,0,1,0,0,0,1,0,0,0,0,5,2,"Caribbean","Developing"
2022,999.216,"SUR","Suriname",366,1086.10434782609,1319.64458688,1434.39629008696,0,0,1,0,0,0,1,0,0,0,0,5,2,"Caribbean","Developing"
1987,16963,"TTO","Trinidad and Tobago",369,13273.082942097,23054.92219,18039.8452190923,0,0,1,0,0,0,1,0,0,0,0,5,2,"Caribbean","Developing"
1988,18996,"TTO","Trinidad and Tobago",369,12630.3191489362,25913.77332,17229.9024734043,0,0,1,0,0,0,1,0,0,0,0,5,2,"Caribbean","Developing"
1989,11080,"TTO","Trinidad and Tobago",369,7164.56514710637,14783.2684,9559.17775622373,0,0,1,0,0,0,1,0,0,0,0,5,2,"Caribbean","Developing"
1990,12633,"TTO","Trinidad and Tobago",369,9751.44731763798,17699.59098,13662.3627788499,0,0,1,0,0,0,1,0,0,0,0,5,2,"Caribbean","Developing"
1991,13193,"TTO","Trinidad and Tobago",369,9732.93987458502,18849.23489,13905.7431870159,0,0,1,0,0,0,1,0,0,0,0,5,2,"Caribbean","Developing"
1992,14187,"TTO","Trinidad and Tobago",369,9743.81868131868,20477.23206,14064.0330082418,0,0,1,0,0,0,1,0,0,0,0,5,2,"Caribbean","Developing"
1993,5998,"TTO","Trinidad and Tobago",369,4054.07232173031,8972.88804,6064.81111186212,0,0,1,0,0,0,1,0,0,0,0,5,2,"Caribbean","Developing"
1994,18078,"TTO","Trinidad and Tobago",369,13784.2165459398,27697.66536,21119.0738543652,0,0,1,0,0,0,1,0,0,0,0,5,2,"Caribbean","Developing"
1995,4349,"TTO","Trinidad and Tobago",369,3780.09561060408,6918.43269,6013.41389830509,0,0,1,0,0,0,1,0,0,0,0,5,2,"Caribbean","Developing"
1996,12660,"TTO","Trinidad and Tobago",369,9402.85204991087,19991.7858,14848.3257575758,0,0,1,0,0,0,1,0,0,0,0,5,2,"Caribbean","Developing"
1997,12519,"TTO","Trinidad and Tobago",369,8602.35003092146,19433.49408,13353.6,0,0,1,0,0,0,1,0,0,0,0,5,2,"Caribbean","Developing"
1998,13130,"TTO","Trinidad and Tobago",369,9538.68507083182,20749.7329,15074.2701779876,0,0,1,0,0,0,1,0,0,0,0,5,2,"Caribbean","Developing"
1999,15446,"TTO","Trinidad and Tobago",369,9656.16404101025,20878.20374,13052.1403725931,0,0,1,0,0,0,1,0,0,0,0,5,2,"Caribbean","Developing"
2000,11781,"TTO","Trinidad and Tobago",369,7198.90009165903,16066.80999,9817.78795600367,0,0,1,0,0,0,1,0,0,0,0,5,2,"Caribbean","Developing"
2001,12503,"TTO","Trinidad and Tobago",369,7454.24193644548,17419.80475,10385.6225779527,0,0,1,0,0,0,1,0,0,0,0,5,2,"Caribbean","Developing"
2002,11922,"TTO","Trinidad and Tobago",369,8596.76954139025,16922.80212,12202.7704932218,0,0,1,0,0,0,1,0,0,0,0,5,2,"Caribbean","Developing"
2003,8819,"TTO","Trinidad and Tobago",369,7129.9215781389,12198.79356,9862.39272374484,0,0,1,0,0,0,1,0,0,0,0,5,2,"Caribbean","Developing"
2004,13595,"TTO","Trinidad and Tobago",369,12013.9625309297,19269.96085,17028.9509102156,0,0,1,0,0,0,1,0,0,0,0,5,2,"Caribbean","Developing"
2005,23264,"TTO","Trinidad and Tobago",369,17700.6771665525,33709.536,25648.2812143346,0,0,1,0,0,0,1,0,0,0,0,5,2,"Caribbean","Developing"
2006,40126,"TTO","Trinidad and Tobago",369,32882.0781774973,60331.04604,49439.5198229943,0,0,1,0,0,0,1,0,0,0,0,5,2,"Caribbean","Developing"
2007,101409,"TTO","Trinidad and Tobago",369,90101.2883163039,159313.539,141549.123944913,0,0,1,0,0,0,1,0,0,0,0,5,2,"Caribbean","Developing"
2008,116524,"TTO","Trinidad and Tobago",369,109545.924602802,191157.622,179710.089310896,0,0,1,0,0,0,1,0,0,0,0,5,2,"Caribbean","Developing"
2009,74571,"TTO","Trinidad and Tobago",369,72363.9010189229,124836.32826,121141.512139738,0,0,1,0,0,0,1,0,0,0,0,5,2,"Caribbean","Developing"
2010,182577,"TTO","Trinidad and Tobago",369,194313.537675607,299840.72979,319115.293518518,0,0,1,0,0,0,1,0,0,0,0,5,2,"Caribbean","Developing"
2011,54885,"TTO","Trinidad and Tobago",369,58332.4476564991,93641.4939,99523.3222446594,0,0,1,0,0,0,1,0,0,0,0,5,2,"Caribbean","Developing"
2012,4809,"TTO","Trinidad and Tobago",369,5246.5633864281,8322.16686,9079.38780274929,0,0,1,0,0,0,1,0,0,0,0,5,2,"Caribbean","Developing"
2013,5076,"TTO","Trinidad and Tobago",369,5693.77453729669,8035.40952,9013.35896803141,0,0,1,0,0,0,1,0,0,0,0,5,2,"Caribbean","Developing"
2014,5569,"TTO","Trinidad and Tobago",369,5630.37104438378,8488.38118,8581.92415327065,0,0,1,0,0,0,1,0,0,0,0,5,2,"Caribbean","Developing"
2015,5238.7545,"TTO","Trinidad and Tobago",369,5280.4702146961,7038.633383565,7094.68136635924,0,0,1,0,0,0,1,0,0,0,0,5,2,"Caribbean","Developing"
2016,5390.67575,"TTO","Trinidad and Tobago",369,5305.78321850394,7197.6841681575,7084.33481117864,0,0,1,0,0,0,1,0,0,0,0,5,2,"Caribbean","Developing"
2017,5305.22685,"TTO","Trinidad and Tobago",369,5439.58458935712,7180.624541475,7362.47774169486,0,0,1,0,0,0,1,0,0,0,0,5,2,"Caribbean","Developing"
2018,4685.45335,"TTO","Trinidad and Tobago",369,4756.80543147208,6423.0537248475,6520.8667257335,0,0,1,0,0,0,1,0,0,0,0,5,2,"Caribbean","Developing"
2019,4482.14226,"TTO","Trinidad and Tobago",369,4629.11671572424,6054.5225862306,6253.05715076747,0,0,1,0,0,0,1,0,0,0,0,5,2,"Caribbean","Developing"
2020,1022.79177,"TTO","Trinidad and Tobago",369,1160.68062868815,1361.7040509072,1545.28376181026,0,0,1,0,0,0,1,0,0,0,0,5,2,"Caribbean","Developing"
2021,0,"TTO","Trinidad and Tobago",369,0,0,0,0,0,1,0,0,0,1,0,0,0,0,5,2,"Caribbean","Developing"
2022,485.2533,"TTO","Trinidad and Tobago",369,527.449239130435,640.864328244,696.591661134783,0,0,1,0,0,0,1,0,0,0,0,5,2,"Caribbean","Developing"
1987,224000,"VGB","British Antilles",371,175273.865807091,304445.12,238219.969234392,0,0,0,1,0,0,0,0,0,0,0,8,3,"OFC","OFC"
1988,480000,"VGB","British Antilles",371,319148.947098181,654801.6,435373.419162926,0,0,0,1,0,0,0,0,0,0,0,8,3,"OFC","OFC"
1989,768000,"VGB","British Antilles",371,496605.248045515,1024688.64,662585.620099767,0,0,0,1,0,0,0,0,0,0,0,8,3,"OFC","OFC"
1990,1108000,"VGB","British Antilles",371,855268.209759022,1552374.48,1198282.07796497,0,0,0,1,0,0,0,0,0,0,0,8,3,"OFC","OFC"
1991,1738000,"VGB","British Antilles",371,1282183.71229077,2483132.74,1831894.3352612,0,0,0,1,0,0,0,0,0,0,0,8,3,"OFC","OFC"
1992,2343000,"VGB","British Antilles",371,1609203.32937798,3381839.34,2322691.90155758,0,0,0,1,0,0,0,0,0,0,0,8,3,"OFC","OFC"
1993,4296000,"VGB","British Antilles",371,2903683.56835974,6426730.08,4343852.5445948,0,0,0,1,0,0,0,0,0,0,0,8,3,"OFC","OFC"
1994,8500000,"VGB","British Antilles",371,6481128.70977004,13023020,9929866.91881288,0,0,0,1,0,0,0,0,0,0,0,8,3,"OFC","OFC"
1995,10247000,"VGB","British Antilles",371,8906561.9064533,16301030.07,14168647.746405,0,0,0,1,0,0,0,0,0,0,0,8,3,"OFC","OFC"
1996,11352000,"VGB","British Antilles",371,8431372.40807896,17926283.76,13314233.1107697,0,0,0,1,0,0,0,0,0,0,0,8,3,"OFC","OFC"
1997,17238000,"VGB","British Antilles",371,11844980.6321967,26758892.16,18387200.3349716,0,0,0,1,0,0,0,0,0,0,0,8,3,"OFC","OFC"
1998,17667000,"VGB","British Antilles",371,12834725.6559087,27919690.11,20283101.9958022,0,0,0,1,0,0,0,0,0,0,0,8,3,"OFC","OFC"
1999,29917000,"VGB","British Antilles",371,18702801.1974885,40438509.73,25280389.3506332,0,0,0,1,0,0,0,0,0,0,0,8,3,"OFC","OFC"
2000,37650000,"VGB","British Antilles",371,23006416.118582,51346693.5,31375920.2383609,0,0,0,1,0,0,0,0,0,0,0,8,3,"OFC","OFC"
2001,37177000,"VGB","British Antilles",371,22164788.9609624,51796855.25,30881092.2198608,0,0,0,1,0,0,0,0,0,0,0,8,3,"OFC","OFC"
2002,31742000,"VGB","British Antilles",371,22888663.7141136,45056499.32,32489542.5956358,0,0,0,1,0,0,0,0,0,0,0,8,3,"OFC","OFC"
2003,28834000,"VGB","British Antilles",371,23311505.096296,39884342.16,32245406.3094005,0,0,0,1,0,0,0,0,0,0,0,8,3,"OFC","OFC"
2004,35041000,"VGB","British Antilles",371,30965888.3960462,49668164.63,43891979.1892078,0,0,0,1,0,0,0,0,0,0,0,8,3,"OFC","OFC"
2005,44391976,"VGB","West Indies UK",371,33776136.3463441,64323973.224,48941621.5658525,0,0,0,1,0,0,0,0,0,0,0,8,3,"OFC","OFC"
2006,49414544,"VGB","West Indies UK",371,40493767.1064492,74296743.48576,60883998.5952307,0,0,0,1,0,0,0,0,0,0,0,8,3,"OFC","OFC"
2007,58769540,"VGB","West Indies UK",371,52216383.8294092,92326947.34,82031938.9960018,0,0,0,1,0,0,0,0,0,0,0,8,3,"OFC","OFC"
2008,39217092,"VGB","West Indies UK",371,36868564.4448623,64335639.426,60482879.9717965,0,0,0,1,0,0,0,0,0,0,0,8,3,"OFC","OFC"
2009,27601815,"VGB","West Indies UK",371,26784876.2736536,46207094.4189,44839489.9746725,0,0,0,1,0,0,0,0,0,0,0,8,3,"OFC","OFC"
2010,24351601,"VGB","West Indies UK",371,25916987.0157514,39991903.77427,42562690.266358,0,0,0,1,0,0,0,0,0,0,0,8,3,"OFC","OFC"
2011,21752805,"VGB","West Indies UK",371,23119146.5618025,37113330.7227,39444500.7149538,0,0,0,1,0,0,0,0,0,0,0,8,3,"OFC","OFC"
2012,18255891,"VGB","West Indies UK",371,19916965.9611608,31592549.61114,34467106.2744272,0,0,0,1,0,0,0,0,0,0,0,8,3,"OFC","OFC"
2013,16799167,"VGB","West Indies UK",371,18843709.4784072,26593417.34434,29829968.9785081,0,0,0,1,0,0,0,0,0,0,0,8,3,"OFC","OFC"
2014,18178227,"VGB","West Indies UK",371,18378553.2302093,27707617.15794,28012958.4045496,0,0,0,1,0,0,0,0,0,0,0,8,3,"OFC","OFC"
2015,17565641.73102,"VGB","West Indies UK",371,17705515.301905,23600669.2605465,23788599.1941806,0,0,0,1,0,0,0,0,0,0,0,8,3,"OFC","OFC"
2016,17288981.585879,"VGB","West Indies UK",371,17016714.1593297,23084421.1032815,22720886.9126786,0,0,0,1,0,0,0,0,0,0,0,8,3,"OFC","OFC"
2017,17593941.795121,"VGB","West Indies UK",371,18039517.8869281,23813400.2196963,24416487.4599572,0,0,0,1,0,0,0,0,0,0,0,8,3,"OFC","OFC"
2018,18787586.09045,"VGB","West Indies UK",371,19073691.4623858,25754962.3920934,26147169.9412116,0,0,0,1,0,0,0,0,0,0,0,8,3,"OFC","OFC"
2019,23076756.553916,"VGB","West Indies UK",371,23833469.2010493,31172313.5205953,32194488.5314694,0,0,0,1,0,0,0,0,0,0,0,8,3,"OFC","OFC"
2020,13401526.978802,"VGB","West Indies UK",371,15208269.3813005,17842256.9584978,20247681.5234882,0,0,0,1,0,0,0,0,0,0,0,8,3,"OFC","OFC"
2021,12805997.539425,"VGB","West Indies UK",371,14030894.6416402,18167740.6492069,19905489.9191485,0,0,0,1,0,0,0,0,0,0,0,8,3,"OFC","OFC"
2022,16708647.185845,"VGB","West Indies UK",371,18161573.0280924,22066776.1654018,23985626.2667411,0,0,0,1,0,0,0,0,0,0,0,8,3,"OFC","OFC"
1987,45170,"IOT","British Overseas Territories",372,35344.2879499218,61391.9021,48037.4820813772,0,0,0,1,0,0,0,0,0,0,0,8,3,"OFC","OFC"
1988,66534,"IOT","British Overseas Territories",372,44238.0319148936,90763.68678,60348.1959973404,0,0,0,1,0,0,0,0,0,0,0,8,3,"OFC","OFC"
1989,92012,"IOT","British Overseas Territories",372,59496.928548335,122765.17076,79382.586977045,0,0,0,1,0,0,0,0,0,0,0,8,3,"OFC","OFC"
1990,203804,"IOT","British Overseas Territories",372,157316.866074875,285541.63224,220410.368382864,0,0,0,1,0,0,0,0,0,0,0,8,3,"OFC","OFC"
1991,87004,"IOT","British Overseas Territories",372,64185.9092585762,124305.22492,91704.3341350055,0,0,0,1,0,0,0,0,0,0,0,8,3,"OFC","OFC"
1992,86127,"IOT","British Overseas Territories",372,59153.1593406593,124313.98926,85380.4871291209,0,0,0,1,0,0,0,0,0,0,0,8,3,"OFC","OFC"
1993,141816,"IOT","British Overseas Territories",372,95854.0047313282,212153.89968,143395.673997972,0,0,0,1,0,0,0,0,0,0,0,8,3,"OFC","OFC"
1994,213560,"IOT","British Overseas Territories",372,162836.446816622,327199.5472,249484.976896683,0,0,0,1,0,0,0,0,0,0,0,8,3,"OFC","OFC"
1995,118615,"IOT","British Overseas Territories",372,103098.65275967,188693.92815,164010.36779661,0,0,0,1,0,0,0,0,0,0,0,8,3,"OFC","OFC"
1996,170631,"IOT","British Overseas Territories",372,126731.28342246,269448.53103,200125.171590909,0,0,0,1,0,0,0,0,0,0,0,8,3,"OFC","OFC"
1997,249175,"IOT","British Overseas Territories",372,171218.992647564,386799.336,265786.666666667,0,0,0,1,0,0,0,0,0,0,0,8,3,"OFC","OFC"
1998,221121,"IOT","British Overseas Territories",372,160640.029059208,349444.14993,253864.257123138,0,0,0,1,0,0,0,0,0,0,0,8,3,"OFC","OFC"
1999,208315,"IOT","British Overseas Territories",372,130229.43235809,281577.30235,176029.821424106,0,0,0,1,0,0,0,0,0,0,0,8,3,"OFC","OFC"
2000,195277,"IOT","British Overseas Territories",372,119326.00061106,266316.81983,162735.606373358,0,0,0,1,0,0,0,0,0,0,0,8,3,"OFC","OFC"
2001,184046,"IOT","British Overseas Territories",372,109727.53830561,256422.0895,152877.892744291,0,0,0,1,0,0,0,0,0,0,0,8,3,"OFC","OFC"
2002,263456,"IOT","British Overseas Territories",372,189974.0409576,373965.25376,269660.552177675,0,0,0,1,0,0,0,0,0,0,0,8,3,"OFC","OFC"
2003,213150,"IOT","British Overseas Territories",372,172325.9762309,294837.606,238368.18336163,0,0,0,1,0,0,0,0,0,0,0,8,3,"OFC","OFC"
2004,1359339,"IOT","British Overseas Territories",372,1201253.9766702,1926767.87877,1702693.42415164,0,0,0,1,0,0,0,0,0,0,0,8,3,"OFC","OFC"
2005,321275,"IOT","British Overseas Territories",372,244445.712546603,465527.475,354201.837480027,0,0,0,1,0,0,0,0,0,0,0,8,3,"OFC","OFC"
2006,576727,"IOT","British Overseas Territories",372,472610.833401623,867132.11358,710589.292452676,0,0,0,1,0,0,0,0,0,0,0,8,3,"OFC","OFC"
2007,1860858,"IOT","British Overseas Territories",372,1653361.17281208,2923407.918,2597430.40248778,0,0,0,1,0,0,0,0,0,0,0,8,3,"OFC","OFC"
2008,880610,"IOT","British Overseas Territories",372,827874.400676882,1444640.705,1358127.95431043,0,0,0,1,0,0,0,0,0,0,0,8,3,"OFC","OFC"
2009,811381,"IOT","British Overseas Territories",372,787366.327025716,1358300.47686,1318098.47342067,0,0,0,1,0,0,0,0,0,0,0,8,3,"OFC","OFC"
2010,193771,"IOT","British Overseas Territories",372,206227.11792252,318224.30017,338680.608950617,0,0,0,1,0,0,0,0,0,0,0,8,3,"OFC","OFC"
2011,199369,"IOT","British Overseas Territories",372,211891.80571793,340151.42566,361517.085407589,0,0,0,1,0,0,0,0,0,0,0,8,3,"OFC","OFC"
2012,263207,"IOT","British Overseas Territories",372,287155.793148593,455490.24178,496934.586275365,0,0,0,1,0,0,0,0,0,0,0,8,3,"OFC","OFC"
2013,25606,"IOT","British Overseas Territories",372,28722.3780145822,40534.81012,45468.0988446439,0,0,0,1,0,0,0,0,0,0,0,8,3,"OFC","OFC"
2014,9137,"IOT","British Overseas Territories",372,9237.69083004752,13926.79814,14080.273116975,0,0,0,1,0,0,0,0,0,0,0,8,3,"OFC","OFC"
2015,4977.23221,"IOT","British Overseas Territories",372,5016.86544703155,6687.2598803897,6740.50990866818,0,0,0,1,0,0,0,0,0,0,0,8,3,"OFC","OFC"
2016,3049.8,"IOT","British Overseas Territories",372,3001.77165354331,4072.123458,4007.99552952756,0,0,0,1,0,0,0,0,0,0,0,8,3,"OFC","OFC"
2017,4903,"IOT","British Overseas Territories",372,5027.17112683277,6636.2105,6804.27612016815,0,0,0,1,0,0,0,0,0,0,0,8,3,"OFC","OFC"
2018,0,"IOT","British Overseas Territories",372,0,0,0,0,0,0,1,0,0,0,0,0,0,0,8,3,"OFC","OFC"
2019,0,"IOT","British Overseas Territories",372,0,0,0,0,0,0,1,0,0,0,0,0,0,0,8,3,"OFC","OFC"
2020,0,"IOT","British Overseas Territories",372,0,0,0,0,0,0,1,0,0,0,0,0,0,0,8,3,"OFC","OFC"
2021,0,"IOT","British Overseas Territories",372,0,0,0,0,0,0,1,0,0,0,0,0,0,0,8,3,"OFC","OFC"
2022,0,"IOT","British Overseas Territories",372,0,0,0,0,0,0,1,0,0,0,0,0,0,0,8,3,"OFC","OFC"
1987,1835349,"CYM","Cayman Islands",377,1436110.3286385,2494477.88637,1951860.63096244,0,0,0,1,0,0,0,0,0,0,0,8,3,"OFC","OFC"
1988,2703804,"CYM","Cayman Islands",377,1797742.0212766,3688448.30268,2452425.73316489,0,0,0,1,0,0,0,0,0,0,0,8,3,"OFC","OFC"
1989,3915631,"CYM","Cayman Islands",377,2531930.81150986,5224352.34913,3378178.0466408,0,0,0,1,0,0,0,0,0,0,0,8,3,"OFC","OFC"
1990,4674785,"CYM","Cayman Islands",377,3608479.3516017,6549654.2721,5055696.08035507,0,0,0,1,0,0,0,0,0,0,0,8,3,"OFC","OFC"
1991,3453836,"CYM","Cayman Islands",377,2548016.23017337,4934599.10828,3640427.2285356,0,0,0,1,0,0,0,0,0,0,0,8,3,"OFC","OFC"
1992,3387671,"CYM","Cayman Islands",377,2326697.11538462,4889696.56798,3358308.08240385,0,0,0,1,0,0,0,0,0,0,0,8,3,"OFC","OFC"
1993,3323289,"CYM","Cayman Islands",377,2246224.40013518,4971573.87822,3360306.77811423,0,0,0,1,0,0,0,0,0,0,0,8,3,"OFC","OFC"
1994,3402906,"CYM","Cayman Islands",377,2594667.17499047,5213660.34072,3975341.4721464,0,0,0,1,0,0,0,0,0,0,0,8,3,"OFC","OFC"
1995,3425601,"CYM","Cayman Islands",377,2977488.9178618,5449480.32681,4736619.14542373,0,0,0,1,0,0,0,0,0,0,0,8,3,"OFC","OFC"
1996,5552028,"CYM","Cayman Islands",377,4123609.62566845,8767373.97564,6511715.66818182,0,0,0,1,0,0,0,0,0,0,0,8,3,"OFC","OFC"
1997,5482273,"CYM","Cayman Islands",377,3767108.49996564,8510242.02336,5847757.86666667,0,0,0,1,0,0,0,0,0,0,0,8,3,"OFC","OFC"
1998,5662421,"CYM","Cayman Islands",377,4113636.75989829,8948493.77893,6500903.58077007,0,0,0,1,0,0,0,0,0,0,0,8,3,"OFC","OFC"
1999,7596650,"CYM","Cayman Islands",377,4749093.52338085,10268315.8385,6419302.22461866,0,0,0,1,0,0,0,0,0,0,0,8,3,"OFC","OFC"
2000,9049010,"CYM","Cayman Islands",377,5529489.76474183,12340949.3479,7541062.84625726,0,0,0,1,0,0,0,0,0,0,0,8,3,"OFC","OFC"
2001,7598983,"CYM","Cayman Islands",377,4530485.303762,10587283.06475,6312098.6494664,0,0,0,1,0,0,0,0,0,0,0,8,3,"OFC","OFC"
2002,7261946,"CYM","Cayman Islands",377,5236476.78107874,10308041.86916,7432969.33167003,0,0,0,1,0,0,0,0,0,0,0,8,3,"OFC","OFC"
2003,8201051,"CYM","Cayman Islands",377,6630326.62300914,11344021.78524,9171332.99801116,0,0,0,1,0,0,0,0,0,0,0,8,3,"OFC","OFC"
2004,8753340,"CYM","Cayman Islands",377,7735365.85365854,12407246.7162,10964339.6219512,0,0,0,1,0,0,0,0,0,0,0,8,3,"OFC","OFC"
2005,10721883,"CYM","Cayman Islands",377,8157865.78406756,15536008.467,11820747.5211139,0,0,0,1,0,0,0,0,0,0,0,8,3,"OFC","OFC"
2006,11362724,"CYM","Cayman Islands",377,9311418.50364664,17084310.04296,14000090.1769729,0,0,0,1,0,0,0,0,0,0,0,8,3,"OFC","OFC"
2007,14411510,"CYM","Cayman Islands",377,12804540.2043536,22640482.21,20115932.6610395,0,0,0,1,0,0,0,0,0,0,0,8,3,"OFC","OFC"
2008,9468716,"CYM","Cayman Islands",377,8901679.04484347,15533428.598,14603204.4730657,0,0,0,1,0,0,0,0,0,0,0,8,3,"OFC","OFC"
2009,6706313,"CYM","Cayman Islands",377,6507824.3571082,11226770.34078,10894488.4432606,0,0,0,1,0,0,0,0,0,0,0,8,3,"OFC","OFC"
2010,4899450,"CYM","Cayman Islands",377,5214399.74457216,8046219.7515,8563452.26851852,0,0,0,1,0,0,0,0,0,0,0,8,3,"OFC","OFC"
2011,4242950,"CYM","Cayman Islands",377,4509459.02858965,7239066.713,7693768.42703794,0,0,0,1,0,0,0,0,0,0,0,8,3,"OFC","OFC"
2012,3772771,"CYM","Cayman Islands",377,4116049.53087497,6528931.12634,7122988.35516038,0,0,0,1,0,0,0,0,0,0,0,8,3,"OFC","OFC"
2013,3640906,"CYM","Cayman Islands",377,4084022.43409983,5763627.01612,6465089.19362872,0,0,0,1,0,0,0,0,0,0,0,8,3,"OFC","OFC"
2014,2681511,"CYM","Cayman Islands",377,2711061.57112527,4087212.69642,4132254.26794055,0,0,0,1,0,0,0,0,0,0,0,8,3,"OFC","OFC"
2015,2555368.7914,"CYM","Cayman Islands",377,2575716.95534724,3433316.8470613,3460656.0296959,0,0,0,1,0,0,0,0,0,0,0,8,3,"OFC","OFC"
2016,3263009.798405,"CYM","Cayman Islands",377,3211623.81732776,4356803.31292834,4288192.23713419,0,0,0,1,0,0,0,0,0,0,0,8,3,"OFC","OFC"
2017,3225275.666898,"CYM","Cayman Islands",377,3306957.51758228,4365410.61514644,4475967.00004762,0,0,0,1,0,0,0,0,0,0,0,8,3,"OFC","OFC"
2018,4112237.564599,"CYM","Cayman Islands",377,4174860.47167411,5637260.86543054,5723107.47759446,0,0,0,1,0,0,0,0,0,0,0,8,3,"OFC","OFC"
2019,4469162.632154,"CYM","Cayman Islands",377,4615711.47137,6036989.57513995,6234949.21264131,0,0,0,1,0,0,0,0,0,0,0,8,3,"OFC","OFC"
2020,2852037.31145,"CYM","Cayman Islands",377,3236538.029335,3797088.39497207,4308997.27073544,0,0,0,1,0,0,0,0,0,0,0,8,3,"OFC","OFC"
2021,2225939.09493,"CYM","Cayman Islands",377,2438850.76687849,3157917.53458624,3459973.19446285,0,0,0,1,0,0,0,0,0,0,0,8,3,"OFC","OFC"
2022,3961448.20083,"CYM","Cayman Islands",377,4305921.95742391,5231805.40987216,5686745.01073061,0,0,0,1,0,0,0,0,0,0,0,8,3,"OFC","OFC"
1987,24680,"TCA","Turks and Caicos Islands",381,19311.4241001565,33543.3284,26246.7358372457,0,0,0,1,0,0,0,0,0,0,0,8,3,"OFC","OFC"
1988,36081,"TCA","Turks and Caicos Islands",381,23990.0265957447,49220.61777,32726.474581117,0,0,0,1,0,0,0,0,0,0,0,8,3,"OFC","OFC"
1989,50639,"TCA","Turks and Caicos Islands",381,32744.2612350469,67564.07297,43688.3756676366,0,0,0,1,0,0,0,0,0,0,0,8,3,"OFC","OFC"
1990,55665,"TCA","Turks and Caicos Islands",381,42967.9660362794,77990.0049,60200.6984947896,0,0,0,1,0,0,0,0,0,0,0,8,3,"OFC","OFC"
1991,58720,"TCA","Turks and Caicos Islands",381,43319.8081888602,83895.0256,61892.3095536702,0,0,0,1,0,0,0,0,0,0,0,8,3,"OFC","OFC"
1992,83567,"TCA","Turks and Caicos Islands",381,57394.9175824176,120618.93646,82842.6761401099,0,0,0,1,0,0,0,0,0,0,0,8,3,"OFC","OFC"
1993,159370,"TCA","Turks and Caicos Islands",381,107718.823927002,238414.3326,161145.206218317,0,0,0,1,0,0,0,0,0,0,0,8,3,"OFC","OFC"
1994,89347,"TCA","Turks and Caicos Islands",381,68125.8101410598,136890.32564,104376.916233321,0,0,0,1,0,0,0,0,0,0,0,8,3,"OFC","OFC"
1995,105737,"TCA","Turks and Caicos Islands",381,91905.2585832247,168207.47697,146203.80440678,0,0,0,1,0,0,0,0,0,0,0,8,3,"OFC","OFC"
1996,82232,"TCA","Turks and Caicos Islands",381,61075.4604872252,129855.01816,96446.0919191919,0,0,0,1,0,0,0,0,0,0,0,8,3,"OFC","OFC"
1997,191007,"TCA","Turks and Caicos Islands",381,131249.226963513,296503.98624,203740.8,0,0,0,1,0,0,0,0,0,0,0,8,3,"OFC","OFC"
1998,295248,"TCA","Turks and Caicos Islands",381,214491.827097712,466589.27184,338967.869117327,0,0,0,1,0,0,0,0,0,0,0,8,3,"OFC","OFC"
1999,308060,"TCA","Turks and Caicos Islands",381,192585.646411603,416401.6214,260316.0923981,0,0,0,1,0,0,0,0,0,0,0,8,3,"OFC","OFC"
2000,890948,"TCA","Turks and Caicos Islands",381,544422.853651085,1215065.97292,742478.443580813,0,0,0,1,0,0,0,0,0,0,0,8,3,"OFC","OFC"
2001,793829,"TCA","Turks and Caicos Islands",381,473277.887080427,1106002.25425,659394.416174805,0,0,0,1,0,0,0,0,0,0,0,8,3,"OFC","OFC"
2002,765918,"TCA","Turks and Caicos Islands",381,552291.606576291,1087189.96428,783955.843870782,0,0,0,1,0,0,0,0,0,0,0,8,3,"OFC","OFC"
2003,821856,"TCA","Turks and Caicos Islands",381,664448.217317487,1136824.09344,919091.352122241,0,0,0,1,0,0,0,0,0,0,0,8,3,"OFC","OFC"
2004,575182,"TCA","Turks and Caicos Islands",381,508290.915517851,815280.22226,720466.792382467,0,0,0,1,0,0,0,0,0,0,0,8,3,"OFC","OFC"
2005,654628,"TCA","Turks and Caicos Islands",381,498081.107814046,948555.972,721719.525222552,0,0,0,1,0,0,0,0,0,0,0,8,3,"OFC","OFC"
2006,713990,"TCA","Turks and Caicos Islands",381,585093.829386217,1073512.5246,879711.976235352,0,0,0,1,0,0,0,0,0,0,0,8,3,"OFC","OFC"
2007,532418,"TCA","Turks and Caicos Islands",381,473050.199911151,836428.678,743161.864060418,0,0,0,1,0,0,0,0,0,0,0,8,3,"OFC","OFC"
2008,498030,"TCA","Turks and Caicos Islands",381,468205.321049168,817018.215,768090.82918116,0,0,0,1,0,0,0,0,0,0,0,8,3,"OFC","OFC"
2009,491787,"TCA","Turks and Caicos Islands",381,477231.441048035,823280.94522,798914.066200873,0,0,0,1,0,0,0,0,0,0,0,8,3,"OFC","OFC"
2010,521674,"TCA","Turks and Caicos Islands",381,555208.599404002,856729.55998,911802.42654321,0,0,0,1,0,0,0,0,0,0,0,8,3,"OFC","OFC"
2011,318235,"TCA","Turks and Caicos Islands",381,338224.040811989,542953.4629,577057.564990966,0,0,0,1,0,0,0,0,0,0,0,8,3,"OFC","OFC"
2012,307701,"TCA","Turks and Caicos Islands",381,335698.232598734,532488.88854,580939.219441414,0,0,0,1,0,0,0,0,0,0,0,8,3,"OFC","OFC"
2013,89872,"TCA","Turks and Caicos Islands",381,100809.871003926,142269.17344,159584.041996635,0,0,0,1,0,0,0,0,0,0,0,8,3,"OFC","OFC"
2014,480120,"TCA","Turks and Caicos Islands",381,485410.979678496,731808.5064,739873.123445556,0,0,0,1,0,0,0,0,0,0,0,8,3,"OFC","OFC"
2015,203620.36213,"TCA","Turks and Caicos Islands",381,205241.772129826,273578.209947004,275756.68778047,0,0,0,1,0,0,0,0,0,0,0,8,3,"OFC","OFC"
2016,249490.86901,"TCA","Turks and Caicos Islands",381,245561.87894685,333122.703210842,327876.676388624,0,0,0,1,0,0,0,0,0,0,0,8,3,"OFC","OFC"
2017,345612.57186,"TCA","Turks and Caicos Islands",381,354365.397170102,467786.61601251,479633.565069732,0,0,0,1,0,0,0,0,0,0,0,8,3,"OFC","OFC"
2018,479899.99924,"TCA","Turks and Caicos Islands",381,487208.121055838,657870.913958154,667889.252749395,0,0,0,1,0,0,0,0,0,0,0,8,3,"OFC","OFC"
2019,397695.82588,"TCA","Turks and Caicos Islands",381,410736.716633101,537211.498556963,554827.264195159,0,0,0,1,0,0,0,0,0,0,0,8,3,"OFC","OFC"
2020,50624.84888,"TCA","Turks and Caicos Islands",381,57449.8965955515,67399.8988048768,76486.4943314535,0,0,0,1,0,0,0,0,0,0,0,8,3,"OFC","OFC"
2021,14980.528897,"TCA","Turks and Caicos Islands",381,16413.4205072861,21252.7265408849,23285.5555394817,0,0,0,1,0,0,0,0,0,0,0,8,3,"OFC","OFC"
2022,131809.573368,"TCA","Turks and Caicos Islands",381,143271.2754,174078.26735565,189215.507995272,0,0,0,1,0,0,0,0,0,0,0,8,3,"OFC","OFC"
1987,516032,"BHR","Bahrain",419,403780.907668232,701354.57216,548790.745039124,0,0,0,1,0,0,0,0,0,0,0,8,3,"OFC","OFC"
1988,700636,"BHR","Bahrain",419,465848.404255319,955786.61212,635496.417632979,0,0,0,1,0,0,0,0,0,0,0,8,3,"OFC","OFC"
1989,885665,"BHR","Bahrain",419,572689.945037181,1181680.81295,764100.105366958,0,0,0,1,0,0,0,0,0,0,0,8,3,"OFC","OFC"
1990,1439532,"BHR","Bahrain",419,1111178.69548437,2016870.70392,1556828.02309533,0,0,0,1,0,0,0,0,0,0,0,8,3,"OFC","OFC"
1991,1522974,"BHR","Bahrain",419,1123551.45702693,2175918.64302,1605251.67319808,0,0,0,1,0,0,0,0,0,0,0,8,3,"OFC","OFC"
1992,1485423,"BHR","Bahrain",419,1020208.1043956,2144029.84974,1472547.97372253,0,0,0,1,0,0,0,0,0,0,0,8,3,"OFC","OFC"
1993,1280557,"BHR","Bahrain",419,865533.626225076,1915687.66086,1294820.99416019,0,0,0,1,0,0,0,0,0,0,0,8,3,"OFC","OFC"
1994,780139,"BHR","Bahrain",419,594844.83415936,1195266.56468,911373.667312238,0,0,0,1,0,0,0,0,0,0,0,8,3,"OFC","OFC"
1995,490535,"BHR","Bahrain",419,426366.797044763,780347.98335,678268.56440678,0,0,0,1,0,0,0,0,0,0,0,8,3,"OFC","OFC"
1996,588333,"BHR","Bahrain",419,436967.468805704,929054.29029,690028.439015151,0,0,0,1,0,0,0,0,0,0,0,8,3,"OFC","OFC"
1997,764697,"BHR","Bahrain",419,525456.606885178,1187054.44704,815676.8,0,0,0,1,0,0,0,0,0,0,0,8,3,"OFC","OFC"
1998,660667,"BHR","Bahrain",419,479961.496549219,1044071.88011,758497.551841627,0,0,0,1,0,0,0,0,0,0,0,8,3,"OFC","OFC"
1999,720999,"BHR","Bahrain",419,450737.059264816,974567.13831,609256.77563766,0,0,0,1,0,0,0,0,0,0,0,8,3,"OFC","OFC"
2000,953743,"BHR","Bahrain",419,582794.378246257,1300705.16597,794809.145108463,0,0,0,1,0,0,0,0,0,0,0,8,3,"OFC","OFC"
2001,917115,"BHR","Bahrain",419,546780.540153819,1277770.47375,761801.987569308,0,0,0,1,0,0,0,0,0,0,0,8,3,"OFC","OFC"
2002,882422,"BHR","Bahrain",419,636300.836458033,1252562.73212,903203.585318719,0,0,0,1,0,0,0,0,0,0,0,8,3,"OFC","OFC"
2003,861128,"BHR","Bahrain",419,696198.560918425,1191146.69472,963009.697404802,0,0,0,1,0,0,0,0,0,0,0,8,3,"OFC","OFC"
2004,846734,"BHR","Bahrain",419,748262.636974196,1200186.17362,1060609.90952633,0,0,0,1,0,0,0,0,0,0,0,8,3,"OFC","OFC"
2005,1102934,"BHR","Bahrain",419,839179.791524005,1598151.366,1215971.51791828,0,0,0,1,0,0,0,0,0,0,0,8,3,"OFC","OFC"
2006,1008528,"BHR","Bahrain",419,826459.067442432,1516362.18912,1242614.26626239,0,0,0,1,0,0,0,0,0,0,0,8,3,"OFC","OFC"
2007,918222,"BHR","Bahrain",419,815834.740115504,1442526.762,1281676.37672146,0,0,0,1,0,0,0,0,0,0,0,8,3,"OFC","OFC"
2008,796411,"BHR","Bahrain",419,748717.683557394,1306512.2455,1228271.3598759,0,0,0,1,0,0,0,0,0,0,0,8,3,"OFC","OFC"
2009,567214,"BHR","Bahrain",419,550426.006792819,949550.26884,921446.160931587,0,0,0,1,0,0,0,0,0,0,0,8,3,"OFC","OFC"
2010,353203,"BHR","Bahrain",419,375907.833120477,580054.69081,617342.157098765,0,0,0,1,0,0,0,0,0,0,0,8,3,"OFC","OFC"
2011,310698,"BHR","Bahrain",419,330213.625252418,530094.28572,563390.67458816,0,0,0,1,0,0,0,0,0,0,0,8,3,"OFC","OFC"
2012,199544,"BHR","Bahrain",419,217700.196377918,345318.87376,376738.897839843,0,0,0,1,0,0,0,0,0,0,0,8,3,"OFC","OFC"
2013,151131,"BHR","Bahrain",419,169524.397083567,239243.39562,268360.511071228,0,0,0,1,0,0,0,0,0,0,0,8,3,"OFC","OFC"
2014,119697,"BHR","Bahrain",419,121016.075219897,182444.56134,184455.122171671,0,0,0,1,0,0,0,0,0,0,0,8,3,"OFC","OFC"
2015,144697.54725,"BHR","Bahrain",419,145849.760356819,194411.283558682,195959.362522611,0,0,0,1,0,0,0,0,0,0,0,8,3,"OFC","OFC"
2016,161881.720235,"BHR","Bahrain",419,159332.401806102,216146.091674974,212742.216215526,0,0,0,1,0,0,0,0,0,0,0,8,3,"OFC","OFC"
2017,275568.984928,"BHR","Bahrain",419,282547.918515329,372982.621100048,382428.607710497,0,0,0,1,0,0,0,0,0,0,0,8,3,"OFC","OFC"
2018,260275.202927,"BHR","Bahrain",419,264238.784697462,356798.261932478,362231.738002516,0,0,0,1,0,0,0,0,0,0,0,8,3,"OFC","OFC"
2019,389284.594578,"BHR","Bahrain",419,402049.671652982,525849.523201908,543092.716965565,0,0,0,1,0,0,0,0,0,0,0,8,3,"OFC","OFC"
2020,260764.176968,"BHR","Bahrain",419,295919.40191557,347170.994648117,393975.254934313,0,0,0,1,0,0,0,0,0,0,0,8,3,"OFC","OFC"
2021,214306.06788,"BHR","Bahrain",419,234804.500799825,304033.875440677,333114.797239703,0,0,0,1,0,0,0,0,0,0,0,8,3,"OFC","OFC"
2022,411846.377739,"BHR","Bahrain",419,447659.106238043,543917.274152343,591214.428426459,0,0,0,1,0,0,0,0,0,0,0,8,3,"OFC","OFC"
1987,298561,"CYP","Cyprus",423,233615.805946792,405783.21193,317514.250336463,1,0,0,1,0,0,0,0,0,0,0,8,3,"OFC","OFC"
1988,419673,"CYP","Cyprus",423,279037.89893617,572505.31641,380655.130591755,1,0,0,1,0,0,0,0,0,0,0,8,3,"OFC","OFC"
1989,311116,"CYP","Cyprus",423,201174.264468154,415100.30068,268412.738881345,1,0,0,1,0,0,0,0,0,0,0,8,3,"OFC","OFC"
1990,400909,"CYP","Cyprus",423,309462.755692783,561697.56354,433575.88849093,1,0,0,1,0,0,0,0,0,0,0,8,3,"OFC","OFC"
1991,490631,"CYP","Cyprus",423,361955.735890815,700979.22863,517137.018539284,1,0,0,1,0,0,0,0,0,0,0,8,3,"OFC","OFC"
1992,513063,"CYP","Cyprus",423,352378.434065934,740544.87294,508615.984162088,1,0,0,1,0,0,0,0,0,0,0,8,3,"OFC","OFC"
1993,452965,"CYP","Cyprus",423,306160.865157148,677626.5807,458010.53105779,1,0,0,1,0,0,0,0,0,0,0,8,3,"OFC","OFC"
1994,420346,"CYP","Cyprus",423,320507.81547846,644020.51352,491056.434250858,1,0,0,1,0,0,0,0,0,0,0,8,3,"OFC","OFC"
1995,407681,"CYP","Cyprus",423,354351.151673186,648543.01161,563705.35559322,1,0,0,1,0,0,0,0,0,0,0,8,3,"OFC","OFC"
1996,565921,"CYP","Cyprus",423,420321.598336304,893662.82873,663742.445580808,1,0,0,1,0,0,0,0,0,0,0,8,3,"OFC","OFC"
1997,683590,"CYP","Cyprus",423,469724.455438741,1061150.4288,729162.666666667,1,0,0,1,0,0,0,0,0,0,0,8,3,"OFC","OFC"
1998,801853,"CYP","Cyprus",423,582530.330548492,1267192.35149,920590.157275699,1,0,0,1,0,0,0,0,0,0,0,8,3,"OFC","OFC"
1999,1238499,"CYP","Cyprus",423,774255.438859715,1674066.71331,1046553.33415229,1,0,0,1,0,0,0,0,0,0,0,8,3,"OFC","OFC"
2000,1547265,"CYP","Cyprus",423,945472.043996334,2110144.53435,1289425.31888176,1,0,0,1,0,0,0,0,0,0,0,8,3,"OFC","OFC"
2001,984242,"CYP","Cyprus",423,586801.407023192,1371295.1665,817561.060335062,1,0,0,1,0,0,0,0,0,0,0,8,3,"OFC","OFC"
2002,913589,"CYP","Cyprus",423,658774.877415633,1296803.04194,935104.587496395,1,0,0,1,0,0,0,0,0,0,0,8,3,"OFC","OFC"
2003,882606,"CYP","Cyprus",423,713562.939607082,1220855.92344,987028.8005821,1,0,0,1,0,0,0,0,0,0,0,8,3,"OFC","OFC"
2004,1073142,"CYP","Cyprus",423,948340.402969247,1521103.66506,1344206.1373807,1,0,0,1,0,0,0,0,0,0,0,8,3,"OFC","OFC"
2005,1258224,"CYP","Cyprus",423,957333.942022369,1823166.576,1387176.88199041,1,0,0,1,0,0,0,0,0,0,0,8,3,"OFC","OFC"
2006,2208581,"CYP","Cyprus",423,1809867.24575924,3320689.87674,2721207.79868885,1,0,0,1,0,0,0,0,0,0,0,8,3,"OFC","OFC"
2007,3291162,"CYP","Cyprus",423,2924177.69880053,5170415.502,4593883.16481564,1,0,0,1,0,0,0,0,0,0,0,8,3,"OFC","OFC"
2008,2647817,"CYP","Cyprus",423,2489251.66870358,4343743.7885,4083617.36250823,1,0,0,1,0,0,0,0,0,0,0,8,3,"OFC","OFC"
2009,2891473,"CYP","Cyprus",423,2805893.25570112,4840499.29038,4697233.66363901,1,0,0,1,0,0,0,0,0,0,0,8,3,"OFC","OFC"
2010,1985851,"CYP","Cyprus",423,2113506.81140911,3261303.52177,3470948.83117284,1,0,0,1,0,0,0,0,0,0,0,8,3,"OFC","OFC"
2011,1812317,"CYP","Cyprus",423,1926152.61983208,3092066.52638,3286286.0308003,1,0,0,1,0,0,0,0,0,0,0,8,3,"OFC","OFC"
2012,1602278,"CYP","Cyprus",423,1748066.76849225,2772806.17012,3025099.46554659,1,0,0,1,0,0,0,0,0,0,0,8,3,"OFC","OFC"
2013,1211479,"CYP","Cyprus",423,1358922.04150308,1917795.48658,2151200.77014021,1,0,0,1,0,0,0,0,0,0,0,8,3,"OFC","OFC"
2014,776754,"CYP","Cyprus",423,785313.921747043,1183943.98188,1196991.18580528,1,0,0,1,0,0,0,0,0,0,0,8,3,"OFC","OFC"
2015,1666938.34931,"CYP","Cyprus",423,1680212.02430199,2239648.35798244,2257482.46949142,1,0,0,1,0,0,0,0,0,0,0,8,3,"OFC","OFC"
2016,2619005.970285,"CYP","Cyprus",423,2577761.78177657,3496922.96158423,3441853.3086459,1,0,0,1,0,0,0,0,0,0,0,8,3,"OFC","OFC"
2017,3780180.002306,"CYP","Cyprus",423,3875915.10540962,5116473.63312117,5246051.09517192,1,0,0,1,0,0,0,0,0,0,0,8,3,"OFC","OFC"
2018,3902257.201198,"CYP","Cyprus",423,3961682.43776447,5349409.28426228,5430872.36980942,1,0,0,1,0,0,0,0,0,0,0,8,3,"OFC","OFC"
2019,6802365.502155,"CYP","Cyprus",423,7025422.6719907,9188703.343966,9490011.19955176,1,0,0,1,0,0,0,0,0,0,0,8,3,"OFC","OFC"
2020,3265946.550714,"CYP","Cyprus",423,3706248.92273491,4348150.59975859,4934351.56577235,1,0,0,1,0,0,0,0,0,0,0,8,3,"OFC","OFC"
2021,4207385.311452,"CYP","Cyprus",423,4609822.84589898,5968975.46750384,6539909.57324843,1,0,0,1,0,0,0,0,0,0,0,8,3,"OFC","OFC"
2022,6907818.576583,"CYP","Cyprus",423,7508498.45280761,9123017.83772164,9916323.73665395,1,0,0,1,0,0,0,0,0,0,0,8,3,"OFC","OFC"
1987,675529,"IRN","Iran",429,528582.942097027,918131.72977,718412.934092332,0,0,1,0,0,0,0,1,0,0,0,3,2,"Middle East","Developing"
1988,785985,"IRN","Iran",429,522596.409574468,1072217.15745,712910.344049202,0,0,1,0,0,0,0,1,0,0,0,3,2,"Middle East","Developing"
1989,931712,"IRN","Iran",429,602464.920788878,1243118.10176,803826.771264145,0,0,1,0,0,0,0,1,0,0,0,3,2,"Middle East","Developing"
1990,860969,"IRN","Iran",429,664584.330374373,1206269.22714,931122.521914319,0,0,1,0,0,0,0,1,0,0,0,3,2,"Middle East","Developing"
1991,879954,"IRN","Iran",429,649172.998893397,1257216.67842,927492.938708964,0,0,1,0,0,0,0,1,0,0,0,3,2,"Middle East","Developing"
1992,1018542,"IRN","Iran",429,699548.076923077,1470143.15196,1009713.70326923,0,0,1,0,0,0,0,1,0,0,0,3,2,"Middle East","Developing"
1993,788058,"IRN","Iran",429,532651.57147685,1178919.00684,796836.097897939,0,0,1,0,0,0,0,1,0,0,0,3,2,"Middle East","Developing"
1994,625622,"IRN","Iran",429,477027.830728174,958527.97864,730863.88001525,0,0,1,0,0,0,0,1,0,0,0,3,2,"Middle East","Developing"
1995,535262,"IRN","Iran",429,465242.937853107,851500.14222,740113.117966102,0,0,1,0,0,0,0,1,0,0,0,3,2,"Middle East","Developing"
1996,576413,"IRN","Iran",429,428114.230540701,910231.06069,676048.024873737,0,0,1,0,0,0,0,1,0,0,0,3,2,"Middle East","Developing"
1997,615703,"IRN","Iran",429,423076.34164777,955768.08096,656749.866666667,0,0,1,0,0,0,0,1,0,0,0,3,2,"Middle East","Developing"
1998,652293,"IRN","Iran",429,473877.951325826,1030838.19669,748883.542818743,0,0,1,0,0,0,0,1,0,0,0,3,2,"Middle East","Developing"
1999,812795,"IRN","Iran",429,508123.905976494,1098646.87355,686826.002469367,0,0,1,0,0,0,0,1,0,0,0,3,2,"Middle East","Developing"
2000,843927,"IRN","Iran",429,515690.19248396,1150939.20333,703293.1276077,0,0,1,0,0,0,0,1,0,0,0,3,2,"Middle East","Developing"
2001,831823,"IRN","Iran",429,495929.768079652,1158937.39475,690954.149376975,0,0,1,0,0,0,0,1,0,0,0,3,2,"Middle East","Developing"
2002,696419,"IRN","Iran",429,502176.954139025,988538.91374,712820.09932218,0,0,1,0,0,0,0,1,0,0,0,3,2,"Middle East","Developing"
2003,614085,"IRN","Iran",429,496471.016250303,849426.9354,686738.568518069,0,0,1,0,0,0,0,1,0,0,0,3,2,"Middle East","Developing"
2004,639908,"IRN","Iran",429,565489.572287027,907024.79644,801541.884446801,0,0,1,0,0,0,0,1,0,0,0,3,2,"Middle East","Developing"
2005,787654,"IRN","Iran",429,599295.442440843,1141310.646,868379.096096782,0,0,1,0,0,0,0,1,0,0,0,3,2,"Middle East","Developing"
2006,607204,"IRN","Iran",429,497585.839547652,912955.50216,748140.213193477,0,0,1,0,0,0,0,1,0,0,0,3,2,"Middle East","Developing"
2007,458511,"IRN","Iran",429,407384.273656153,720320.781,640000.693913816,0,0,1,0,0,0,0,1,0,0,0,3,2,"Middle East","Developing"
2008,202359,"IRN","Iran",429,190240.669361662,331969.9395,312089.818087807,0,0,1,0,0,0,0,1,0,0,0,3,2,"Middle East","Developing"
2009,135022,"IRN","Iran",429,131025.715672004,226034.92932,219344.909577875,0,0,1,0,0,0,0,1,0,0,0,3,2,"Middle East","Developing"
2010,133601,"IRN","Iran",429,142189.229459344,219408.91427,233513.105864198,0,0,1,0,0,0,0,1,0,0,0,3,2,"Middle East","Developing"
2011,115693,"IRN","Iran",429,122959.931980019,197388.45502,209786.85834839,0,0,1,0,0,0,0,1,0,0,0,3,2,"Middle East","Developing"
2012,61436,"IRN","Iran",429,67025.9655247654,106317.45544,115991.114379228,0,0,1,0,0,0,0,1,0,0,0,3,2,"Middle East","Developing"
2013,39464,"IRN","Iran",429,44266.9657879978,62472.30128,70075.4921817162,0,0,1,0,0,0,0,1,0,0,0,3,2,"Middle East","Developing"
2014,9585,"IRN","Iran",429,9690.62784349409,14609.6487,14770.6487716106,0,0,1,0,0,0,0,1,0,0,0,3,2,"Middle East","Developing"
2015,4691,"IRN","Iran",429,4728.35399657293,6302.68687,6352.87457917549,0,0,1,0,0,0,0,1,0,0,0,3,2,"Middle East","Developing"
2016,2314.294,"IRN","Iran",429,2277.84842519685,3090.06849174,3041.40599580709,0,0,1,0,0,0,0,1,0,0,0,3,2,"Middle East","Developing"
2017,3678.0156,"IRN","Iran",429,3771.16333435866,4978.1941146,5104.26957305444,0,0,1,0,0,0,0,1,0,0,0,3,2,"Middle East","Developing"
2018,0,"IRN","Iran",429,0,0,0,0,0,1,0,0,0,0,1,0,0,0,3,2,"Middle East","Developing"
2019,0,"IRN","Iran",429,0,0,0,0,0,1,0,0,0,0,1,0,0,0,3,2,"Middle East","Developing"
2020,0,"IRN","Iran",429,0,0,0,0,0,1,0,0,0,0,1,0,0,0,3,2,"Middle East","Developing"
2021,0,"IRN","Iran",429,0,0,0,0,0,1,0,0,0,0,1,0,0,0,3,2,"Middle East","Developing"
2022,4940,"IRN","Iran",429,5369.5652173913,6524.1592,7091.47739130435,0,0,1,0,0,0,0,1,0,0,0,3,2,"Middle East","Developing"
1987,418948,"IRQ","Iraq",433,327815.336463224,569404.79524,445543.658247261,0,0,1,0,0,0,0,1,0,0,0,3,2,"Middle East","Developing"
1988,389134,"IRQ","Iraq",433,258732.712765957,530844.92878,352955.404773936,0,0,1,0,0,0,0,1,0,0,0,3,2,"Middle East","Developing"
1989,446350,"IRQ","Iraq",433,288619.463304235,595533.5605,385084.74652441,0,0,1,0,0,0,0,1,0,0,0,3,2,"Middle East","Developing"
1990,216749,"IRQ","Iraq",433,167309.147047472,303678.35394,234410.153562331,0,0,1,0,0,0,0,1,0,0,0,3,2,"Middle East","Developing"
1991,188146,"IRQ","Iraq",433,138801.918111398,268809.83458,198310.464463298,0,0,1,0,0,0,0,1,0,0,0,3,2,"Middle East","Developing"
1992,162759,"IRQ","Iraq",433,111785.027472527,234923.08542,161348.272953297,0,0,1,0,0,0,0,1,0,0,0,3,2,"Middle East","Developing"
1993,119600,"IRQ","Iraq",433,80838.1209868199,178919.208,120932.212233863,0,0,1,0,0,0,0,1,0,0,0,3,2,"Middle East","Developing"
1994,90291,"IRQ","Iraq",433,68845.5966450629,138336.64692,105479.715531834,0,0,1,0,0,0,0,1,0,0,0,3,2,"Middle East","Developing"
1995,70537,"IRQ","Iraq",433,61309.865275967,112210.96497,97532.346779661,0,0,1,0,0,0,0,1,0,0,0,3,2,"Middle East","Developing"
1996,77309,"IRQ","Iraq",433,57419.0433749257,122080.96117,90672.1339646465,0,0,1,0,0,0,0,1,0,0,0,3,2,"Middle East","Developing"
1997,93444,"IRQ","Iraq",433,64209.4413522985,145054.99008,99673.6,0,0,1,0,0,0,0,1,0,0,0,3,2,"Middle East","Developing"
1998,120128,"IRQ","Iraq",433,87270.6138757719,189841.88224,137916.369226299,0,0,1,0,0,0,0,1,0,0,0,3,2,"Middle East","Developing"
1999,95012,"IRQ","Iraq",433,59397.3493373343,128426.77028,80286.8031257815,0,0,1,0,0,0,0,1,0,0,0,3,2,"Middle East","Developing"
2000,50054,"IRQ","Iraq",433,30586.0067216621,68263.14466,41712.8901069355,0,0,1,0,0,0,0,1,0,0,0,3,2,"Middle East","Developing"
2001,47544,"IRQ","Iraq",433,28345.5553568235,66240.678,39492.4450008943,0,0,1,0,0,0,0,1,0,0,0,3,2,"Middle East","Developing"
2002,29786,"IRQ","Iraq",433,21478.2232477646,42280.03556,30487.478771272,0,0,1,0,0,0,0,1,0,0,0,3,2,"Middle East","Developing"
2003,29257,"IRQ","Iraq",433,23653.48856011,40469.45268,32718.4515158865,0,0,1,0,0,0,0,1,0,0,0,3,2,"Middle East","Developing"
2004,37092,"IRQ","Iraq",433,32778.3669141039,52575.31356,46461.0406150583,0,0,1,0,0,0,0,1,0,0,0,3,2,"Middle East","Developing"
2005,69272,"IRQ","Iraq",433,52706.3836262649,100375.128,76371.5498744579,0,0,1,0,0,0,0,1,0,0,0,3,2,"Middle East","Developing"
2006,236292,"IRQ","Iraq",433,193634.352208473,355274.47368,291136.993919528,0,0,1,0,0,0,0,1,0,0,0,3,2,"Middle East","Developing"
2007,272873,"IRQ","Iraq",433,242446.023989338,428683.483,380882.70368725,0,0,1,0,0,0,0,1,0,0,0,3,2,"Middle East","Developing"
2008,184922,"IRQ","Iraq",433,173847.889442512,303364.541,285197.462630441,0,0,1,0,0,0,0,1,0,0,0,3,2,"Middle East","Developing"
2009,173628,"IRQ","Iraq",433,168489.082969432,290663.68968,282060.834235808,0,0,1,0,0,0,0,1,0,0,0,3,2,"Middle East","Developing"
2010,15013,"IRQ","Iraq",433,15978.0757769264,24655.39951,26240.3145061728,0,0,1,0,0,0,0,1,0,0,0,3,2,"Middle East","Developing"
2011,32438,"IRQ","Iraq",433,34475.502178765,55343.76932,58820.0332872781,0,0,1,0,0,0,0,1,0,0,0,3,2,"Middle East","Developing"
2012,25315,"IRQ","Iraq",433,27618.3722452542,43808.6201,47794.6979053022,0,0,1,0,0,0,0,1,0,0,0,3,2,"Middle East","Developing"
2013,21603,"IRQ","Iraq",433,24232.1929332586,34197.98106,38360.046057207,0,0,1,0,0,0,0,1,0,0,0,3,2,"Middle East","Developing"
2014,24887,"IRQ","Iraq",433,25161.2577090284,37933.26314,38351.2922252553,0,0,1,0,0,0,0,1,0,0,0,3,2,"Middle East","Developing"
2015,32854.24314,"IRQ","Iraq",433,33115.8584215301,44141.9754556098,44493.4738994152,0,0,1,0,0,0,0,1,0,0,0,3,2,"Middle East","Developing"
2016,47953.28285,"IRQ","Iraq",433,47198.1130413386,64027.7027941485,63019.3925139257,0,0,1,0,0,0,0,1,0,0,0,3,2,"Middle East","Developing"
2017,22514.65222,"IRQ","Iraq",433,23084.8479647288,30473.58177977,31245.3417202604,0,0,1,0,0,0,0,1,0,0,0,3,2,"Middle East","Developing"
2018,34526.930935,"IRQ","Iraq",433,35052.7217614213,47331.2432722447,48052.0236266444,0,0,1,0,0,0,0,1,0,0,0,3,2,"Middle East","Developing"
2019,134735.69884,"IRQ","Iraq",433,139153.833038988,182002.32935006,187970.389207395,0,0,1,0,0,0,0,1,0,0,0,3,2,"Middle East","Developing"
2020,131877.75607,"IRQ","Iraq",433,149657.00870404,175576.769321355,199247.355108211,0,0,1,0,0,0,0,1,0,0,0,3,2,"Middle East","Developing"
2021,112155.26496,"IRQ","Iraq",433,122882.946159746,159113.552846102,174332.80688737,0,0,1,0,0,0,0,1,0,0,0,3,2,"Middle East","Developing"
2022,116961.96005,"IRQ","Iraq",433,127132.565271739,154469.321398834,167901.43630308,0,0,1,0,0,0,0,1,0,0,0,3,2,"Middle East","Developing"
1987,1412179,"ISR","Israel",436,1104991.39280125,1919334.84427,1501826.95169797,0,0,1,0,0,0,0,1,0,0,0,3,2,"Middle East","Developing"
1988,1875691,"ISR","Israel",436,1247134.97340426,2558761.39147,1701304.11666888,0,0,1,0,0,0,0,1,0,0,0,3,2,"Middle East","Developing"
1989,2351297,"ISR","Israel",436,1520398.96540575,3137170.99631,2028561.91161332,0,0,1,0,0,0,0,1,0,0,0,3,2,"Middle East","Developing"
1990,2252100,"ISR","Israel",436,1738402.16132767,3155327.226,2435605.73214975,0,0,1,0,0,0,0,1,0,0,0,3,2,"Middle East","Developing"
1991,2256043,"ISR","Israel",436,1664362.22796016,3223276.31539,2377924.24595352,0,0,1,0,0,0,0,1,0,0,0,3,2,"Middle East","Developing"
1992,2253201,"ISR","Israel",436,1547528.15934066,3252225.25938,2233671.19462912,0,0,1,0,0,0,0,1,0,0,0,3,2,"Middle East","Developing"
1993,1809917,"ISR","Israel",436,1223330.17911457,2707599.63366,1830077.48135181,0,0,1,0,0,0,0,1,0,0,0,3,2,"Middle East","Developing"
1994,1810169,"ISR","Israel",436,1380227.98322531,2773396.12828,2114674.89765917,0,0,1,0,0,0,0,1,0,0,0,3,2,"Middle East","Developing"
1995,1681252,"ISR","Israel",436,1461322.90308561,2674552.49412,2324687.08745763,0,0,1,0,0,0,0,1,0,0,0,3,2,"Middle East","Developing"
1996,2001878,"ISR","Israel",436,1486837.49257279,3161225.60614,2347909.68964646,0,0,1,0,0,0,0,1,0,0,0,3,2,"Middle East","Developing"
1997,2421470,"ISR","Israel",436,1663897.47818319,3758896.3104,2582901.33333333,0,0,1,0,0,0,0,1,0,0,0,3,2,"Middle East","Developing"
1998,2237647,"ISR","Israel",436,1625606.24772975,3536220.68351,2568994.32147475,0,0,1,0,0,0,0,1,0,0,0,3,2,"Middle East","Developing"
1999,4312887,"ISR","Israel",436,2696228.43210803,5829686.22903,3644465.0093961,0,0,1,0,0,0,0,1,0,0,0,3,2,"Middle East","Developing"
2000,5208449,"ISR","Israel",436,3182675.83256951,7103230.66171,4340501.47369997,0,0,1,0,0,0,0,1,0,0,0,3,2,"Middle East","Developing"
2001,4585697,"ISR","Israel",436,2733975.43671377,6389022.34525,3809111.27720145,0,0,1,0,0,0,0,1,0,0,0,3,2,"Middle East","Developing"
2002,3844120,"ISR","Israel",436,2771935.3908278,5456574.5752,3934651.40986444,0,0,1,0,0,0,0,1,0,0,0,3,2,"Middle East","Developing"
2003,3293459,"ISR","Israel",436,2662672.00258711,4555644.22716,3683114.4208586,0,0,1,0,0,0,0,1,0,0,0,3,2,"Middle East","Developing"
2004,3245839,"ISR","Israel",436,2868362.49558148,4600749.57377,4065703.05211205,0,0,1,0,0,0,0,1,0,0,0,3,2,"Middle East","Developing"
2005,4183307,"ISR","Israel",436,3182916.38134368,6061611.843,4612045.83656699,0,0,1,0,0,0,0,1,0,0,0,3,2,"Middle East","Developing"
2006,5076024,"ISR","Israel",436,4159652.54445628,7632005.12496,6254203.9866918,0,0,1,0,0,0,0,1,0,0,0,3,2,"Middle East","Developing"
2007,6538315,"ISR","Israel",436,5809253.66503776,10271692.865,9126337.50777432,0,0,1,0,0,0,0,1,0,0,0,3,2,"Middle East","Developing"
2008,4007628,"ISR","Israel",436,3767629.97085644,6574513.734,6180796.96719,0,0,1,0,0,0,0,1,0,0,0,3,2,"Middle East","Developing"
2009,1852851,"ISR","Israel",436,1798011.64483261,3101783.74506,3009979.37414847,0,0,1,0,0,0,0,1,0,0,0,3,2,"Middle East","Developing"
2010,1482594,"ISR","Israel",436,1577899.10600255,2434819.64838,2591336.36481481,0,0,1,0,0,0,0,1,0,0,0,3,2,"Middle East","Developing"
2011,1621634,"ISR","Israel",436,1723492.40089276,2766734.63276,2940519.32485918,0,0,1,0,0,0,0,1,0,0,0,3,2,"Middle East","Developing"
2012,1358668,"ISR","Israel",436,1482291.0757146,2351229.32072,2565163.99816714,0,0,1,0,0,0,0,1,0,0,0,3,2,"Middle East","Developing"
2013,1073797,"ISR","Israel",436,1204483.45485137,1699842.12694,1906721.39869882,0,0,1,0,0,0,0,1,0,0,0,3,2,"Middle East","Developing"
2014,934190,"ISR","Israel",436,944484.885249216,1423911.0818,1439602.75179456,0,0,1,0,0,0,0,1,0,0,0,3,2,"Middle East","Developing"
2015,862562.39906,"ISR","Israel",436,869430.903195242,1158912.96250504,1168141.27860603,0,0,1,0,0,0,0,1,0,0,0,3,2,"Middle East","Developing"
2016,1206550.659865,"ISR","Israel",436,1187549.86207185,1610998.50655835,1585628.45133696,0,0,1,0,0,0,0,1,0,0,0,3,2,"Middle East","Developing"
2017,1593552.558737,"ISR","Israel",436,1633910.13917461,2156873.38825053,2211497.37337284,0,0,1,0,0,0,0,1,0,0,0,3,2,"Middle East","Developing"
2018,2255859.851469,"ISR","Israel",436,2290213.04717665,3092445.47738628,3139538.55572211,0,0,1,0,0,0,0,1,0,0,0,3,2,"Middle East","Developing"
2019,2694193.466336,"ISR","Israel",436,2782539.08219571,3639343.47626133,3758681.61762079,0,0,1,0,0,0,0,1,0,0,0,3,2,"Middle East","Developing"
2020,1197669.58328,"ISR","Israel",436,1359134.79718566,1594529.37639566,1809497.70358109,0,0,1,0,0,0,0,1,0,0,0,3,2,"Middle East","Developing"
2021,929916.09599,"ISR","Israel",436,1018862.82019283,1319262.66622005,1445450.49437937,0,0,1,0,0,0,0,1,0,0,0,3,2,"Middle East","Developing"
2022,2955580.672034,"ISR","Israel",436,3212587.68699348,3903376.28194186,4242800.30645855,0,0,1,0,0,0,0,1,0,0,0,3,2,"Middle East","Developing"
1987,659893,"JOR","Jordan",439,516348.200312989,896880.37309,701784.329491393,0,0,1,0,0,0,0,1,0,0,0,3,2,"Middle East","Developing"
1988,1126949,"JOR","Jordan",439,749301.196808511,1537350.01733,1022174.21365027,0,0,1,0,0,0,0,1,0,0,0,3,2,"Middle East","Developing"
1989,1280839,"JOR","Jordan",439,828217.911412868,1708933.81897,1105033.18394439,0,0,1,0,0,0,0,1,0,0,0,3,2,"Middle East","Developing"
1990,1453156,"JOR","Jordan",439,1121695.0984176,2035958.74536,1571562.13458896,0,0,1,0,0,0,0,1,0,0,0,3,2,"Middle East","Developing"
1991,1749832,"JOR","Jordan",439,1290912.57838436,2500037.47336,1844365.52811509,0,0,1,0,0,0,0,1,0,0,0,3,2,"Middle East","Developing"
1992,1670409,"JOR","Jordan",439,1147258.92857143,2411034.94242,1655930.59232143,0,0,1,0,0,0,0,1,0,0,0,3,2,"Middle East","Developing"
1993,1566980,"JOR","Jordan",439,1059128.0838121,2344170.7404,1584434.43082122,0,0,1,0,0,0,0,1,0,0,0,3,2,"Middle East","Developing"
1994,1372097,"JOR","Jordan",439,1046204.34616851,2102217.25564,1602910.6028517,0,0,1,0,0,0,0,1,0,0,0,3,2,"Middle East","Developing"
1995,1280912,"JOR","Jordan",439,1113352.45545415,2037687.61872,1771132.21966102,0,0,1,0,0,0,0,1,0,0,0,3,2,"Middle East","Developing"
1996,1474285,"JOR","Jordan",439,1094982.91740939,2328087.67205,1729120.37436869,0,0,1,0,0,0,0,1,0,0,0,3,2,"Middle East","Developing"
1997,1663191,"JOR","Jordan",439,1142850.95856524,2581804.65312,1774070.4,0,0,1,0,0,0,0,1,0,0,0,3,2,"Middle East","Developing"
1998,1628545,"JOR","Jordan",439,1183105.7028696,2573638.51985,1869697.43541591,0,0,1,0,0,0,0,1,0,0,0,3,2,"Middle East","Developing"
1999,1998103,"JOR","Jordan",439,1249126.65666417,2700815.84407,1688432.01054639,0,0,1,0,0,0,0,1,0,0,0,3,2,"Middle East","Developing"
2000,2149776,"JOR","Jordan",439,1313642.52978918,2931843.01104,1791532.54570119,0,0,1,0,0,0,0,1,0,0,0,3,2,"Middle East","Developing"
2001,2154167,"JOR","Jordan",439,1284306.3256424,3001293.17275,1789359.78820128,0,0,1,0,0,0,0,1,0,0,0,3,2,"Middle East","Developing"
2002,1734052,"JOR","Jordan",439,1250398.03865013,2461417.45192,1774889.99994231,0,0,1,0,0,0,0,1,0,0,0,3,2,"Middle East","Developing"
2003,1523791,"JOR","Jordan",439,1231943.56859892,2107768.66284,1704073.62182877,0,0,1,0,0,0,0,1,0,0,0,3,2,"Middle East","Developing"
2004,1570042,"JOR","Jordan",439,1387453.16366207,2225424.63206,1966617.73776953,0,0,1,0,0,0,0,1,0,0,0,3,2,"Middle East","Developing"
2005,1928203,"JOR","Jordan",439,1467095.03157574,2793966.147,2125820.70075325,0,0,1,0,0,0,0,1,0,0,0,3,2,"Middle East","Developing"
2006,1939366,"JOR","Jordan",439,1589253.46226338,2915914.35564,2389506.15065148,0,0,1,0,0,0,0,1,0,0,0,3,2,"Middle East","Developing"
2007,1876788,"JOR","Jordan",439,1667514.88227454,2948433.948,2619665.88005331,0,0,1,0,0,0,0,1,0,0,0,3,2,"Middle East","Developing"
2008,1724914,"JOR","Jordan",439,1621616.99727367,2829721.417,2660262.68402745,0,0,1,0,0,0,0,1,0,0,0,3,2,"Middle East","Developing"
2009,862576,"JOR","Jordan",439,837046.094129064,1444003.97856,1401265.3843377,0,0,1,0,0,0,0,1,0,0,0,3,2,"Middle East","Developing"
2010,674095,"JOR","Jordan",439,717427.628778204,1107045.99565,1178209.87191358,0,0,1,0,0,0,0,1,0,0,0,3,2,"Middle East","Developing"
2011,691878,"JOR","Jordan",439,735336.380061643,1180440.73092,1254586.81147837,0,0,1,0,0,0,0,1,0,0,0,3,2,"Middle East","Developing"
2012,651088,"JOR","Jordan",439,710329.478507528,1126733.82752,1229253.57573642,0,0,1,0,0,0,0,1,0,0,0,3,2,"Middle East","Developing"
2013,521465,"JOR","Jordan",439,584929.893438026,825489.5243,925955.719910264,0,0,1,0,0,0,0,1,0,0,0,3,2,"Middle East","Developing"
2014,525698,"JOR","Jordan",439,531491.254675968,801279.40556,810109.600202204,0,0,1,0,0,0,0,1,0,0,0,3,2,"Middle East","Developing"
2015,470497.80866,"JOR","Jordan",439,474244.338937607,632146.740781316,637180.466466401,0,0,1,0,0,0,0,1,0,0,0,3,2,"Middle East","Developing"
2016,719996.83556,"JOR","Jordan",439,708658.302716536,961346.974808068,946207.652370145,0,0,1,0,0,0,0,1,0,0,0,3,2,"Middle East","Developing"
2017,627201.18748,"JOR","Jordan",439,643085.396780478,848916.80725418,870416.084542377,0,0,1,0,0,0,0,1,0,0,0,3,2,"Middle East","Developing"
2018,800391.67368,"JOR","Jordan",439,812580.379370558,1097216.92586423,1113925.81306013,0,0,1,0,0,0,0,1,0,0,0,3,2,"Middle East","Developing"
2019,1037916.652373,"JOR","Jordan",439,1071951.09979138,1402028.19319197,1448002.26510919,0,0,1,0,0,0,0,1,0,0,0,3,2,"Middle East","Developing"
2020,695719.25117,"JOR","Jordan",439,789513.448899228,926252.782237691,1051126.62532648,0,0,1,0,0,0,0,1,0,0,0,3,2,"Middle East","Developing"
2021,449148.932941,"JOR","Jordan",439,492110.148943793,637203.099674067,698151.74720507,0,0,1,0,0,0,0,1,0,0,0,3,2,"Middle East","Developing"
2022,934273.630972,"JOR","Jordan",439,1015514.81627391,1233876.4989521,1341170.10755663,0,0,1,0,0,0,0,1,0,0,0,3,2,"Middle East","Developing"
1987,1840545,"KWT","Kuwait",443,1440176.05633803,2501539.92585,1957386.4834507,0,0,1,0,0,0,0,1,0,0,0,3,2,"Middle East","Developing"
1988,2229786,"KWT","Kuwait",443,1482570.4787234,3041807.16762,2022478.16996011,0,0,1,0,0,0,0,1,0,0,0,3,2,"Middle East","Developing"
1989,2391960,"KWT","Kuwait",443,1546692.53152279,3191424.7908,2063643.57633366,0,0,1,0,0,0,0,1,0,0,0,3,2,"Middle East","Developing"
1990,2343571,"KWT","Kuwait",443,1809008.87688151,3283483.58526,2534529.97704361,0,0,1,0,0,0,0,1,0,0,0,3,2,"Middle East","Developing"
1991,2050424,"KWT","Kuwait",443,1512669.863519,2929502.28152,2161196.8141055,0,0,1,0,0,0,0,1,0,0,0,3,2,"Middle East","Developing"
1992,2056281,"KWT","Kuwait",443,1412280.90659341,2967994.86978,2038458.01495879,0,0,1,0,0,0,0,1,0,0,0,3,2,"Middle East","Developing"
1993,1748389,"KWT","Kuwait",443,1181743.15647178,2615554.97622,1767864.12721865,0,0,1,0,0,0,0,1,0,0,0,3,2,"Middle East","Developing"
1994,1708658,"KWT","Kuwait",443,1302827.29698818,2617869.09496,1996087.75826153,0,0,1,0,0,0,0,1,0,0,0,3,2,"Middle East","Developing"
1995,1473901,"KWT","Kuwait",443,1281096.04519774,2344696.44981,2037980.39966102,0,0,1,0,0,0,0,1,0,0,0,3,2,"Middle East","Developing"
1996,1628877,"KWT","Kuwait",443,1209801.69340463,2572208.53701,1910434.14810606,0,0,1,0,0,0,0,1,0,0,0,3,2,"Middle East","Developing"
1997,1733980,"KWT","Kuwait",443,1191493.16292173,2691691.8336,1849578.66666667,0,0,1,0,0,0,0,1,0,0,0,3,2,"Middle East","Developing"
1998,1670919,"KWT","Kuwait",443,1213889.57500908,2640603.42327,1918346.1120741,0,0,1,0,0,0,0,1,0,0,0,3,2,"Middle East","Developing"
1999,1975117,"KWT","Kuwait",443,1234756.81420355,2669745.89773,1669008.4381908,0,0,1,0,0,0,0,1,0,0,0,3,2,"Middle East","Developing"
2000,1904723,"KWT","Kuwait",443,1163900.39718912,2597642.18017,1587315.72268255,0,0,1,0,0,0,0,1,0,0,0,3,2,"Middle East","Developing"
2001,1603364,"KWT","Kuwait",443,955919.632743099,2233886.893,1331835.02831932,0,0,1,0,0,0,0,1,0,0,0,3,2,"Middle East","Developing"
2002,1263352,"KWT","Kuwait",443,910983.559273147,1793277.62992,1293104.72304586,0,0,1,0,0,0,0,1,0,0,0,3,2,"Middle East","Developing"
2003,1154956,"KWT","Kuwait",443,933750.505295497,1597581.33744,1291601.04894494,0,0,1,0,0,0,0,1,0,0,0,3,2,"Middle East","Developing"
2004,924594,"KWT","Kuwait",443,817067.868504772,1310547.27342,1158136.50885472,0,0,1,0,0,0,0,1,0,0,0,3,2,"Middle East","Developing"
2005,1153209,"KWT","Kuwait",443,877432.093129423,1670999.841,1271399.10294453,0,0,1,0,0,0,0,1,0,0,0,3,2,"Middle East","Developing"
2006,1052952,"KWT","Kuwait",443,862863.230353192,1583155.45008,1297349.38136524,0,0,1,0,0,0,0,1,0,0,0,3,2,"Middle East","Developing"
2007,1273735,"KWT","Kuwait",443,1131705.90848512,2001037.685,1777909.98223012,0,0,1,0,0,0,0,1,0,0,0,3,2,"Middle East","Developing"
2008,977936,"KWT","Kuwait",443,919372.003384413,1604304.008,1508229.77155213,0,0,1,0,0,0,0,1,0,0,0,3,2,"Middle East","Developing"
2009,812691,"KWT","Kuwait",443,788637.554585153,1360493.49546,1320226.58462882,0,0,1,0,0,0,0,1,0,0,0,3,2,"Middle East","Developing"
2010,845602,"KWT","Kuwait",443,899959.557258408,1388706.79654,1477976.58209877,0,0,1,0,0,0,0,1,0,0,0,3,2,"Middle East","Developing"
2011,1316284,"KWT","Kuwait",443,1398962.69529174,2245764.78376,2386826.21294505,0,0,1,0,0,0,0,1,0,0,0,3,2,"Middle East","Developing"
2012,395779,"KWT","Kuwait",443,431790.312022693,684911.39066,747230.40656775,0,0,1,0,0,0,0,1,0,0,0,3,2,"Middle East","Developing"
2013,297602,"KWT","Kuwait",443,333821.648906338,471109.91804,528446.346651711,0,0,1,0,0,0,0,1,0,0,0,3,2,"Middle East","Developing"
2014,290213,"KWT","Kuwait",443,293411.181882519,442348.45886,447223.191648974,0,0,1,0,0,0,0,1,0,0,0,3,2,"Middle East","Developing"
2015,737194.10382,"KWT","Kuwait",443,743064.311883883,990471.882069437,998358.917517828,0,0,1,0,0,0,0,1,0,0,0,3,2,"Middle East","Developing"
2016,661400.68991,"KWT","Kuwait",443,650984.93101378,883108.815174731,869201.589738909,0,0,1,0,0,0,0,1,0,0,0,3,2,"Middle East","Developing"
2017,998480.20757,"KWT","Kuwait",443,1023767.25886394,1351442.96094599,1385668.98487234,0,0,1,0,0,0,0,1,0,0,0,3,2,"Middle East","Developing"
2018,1199152.91479,"KWT","Kuwait",443,1217414.12669036,1643858.77323987,1668892.15557347,0,0,1,0,0,0,0,1,0,0,0,3,2,"Middle East","Developing"
2019,1229832.371891,"KWT","Kuwait",443,1270159.95031345,1661269.86627408,1715744.76248291,0,0,1,0,0,0,0,1,0,0,0,3,2,"Middle East","Developing"
2020,788919.76869,"KWT","Kuwait",443,895278.902280981,1050336.22324312,1191938.51934081,0,0,1,0,0,0,0,1,0,0,0,3,2,"Middle East","Developing"
2021,716244.88091,"KWT","Kuwait",443,784753.896033746,1016129.45009821,1113322.50476412,0,0,1,0,0,0,0,1,0,0,0,3,2,"Middle East","Developing"
2022,1117016.124645,"KWT","Kuwait",443,1214147.96157065,1475220.85549616,1603500.92988713,0,0,1,0,0,0,0,1,0,0,0,3,2,"Middle East","Developing"
1987,2806135,"LBN","Lebanon",446,2195723.78716745,3813902.26255,2984274.0708529,0,0,0,1,0,0,0,0,0,0,0,8,3,"OFC","OFC"
1988,3159646,"LBN","Lebanon",446,2100828.45744681,4310294.28382,2865887.15679521,0,0,0,1,0,0,0,0,0,0,0,8,3,"OFC","OFC"
1989,3512304,"LBN","Lebanon",446,2271130.94083414,4686221.36592,3030211.03518914,0,0,0,1,0,0,0,0,0,0,0,8,3,"OFC","OFC"
1990,3262026,"LBN","Lebanon",446,2517966.80818217,4570294.14756,3527822.57627171,0,0,0,1,0,0,0,0,0,0,0,8,3,"OFC","OFC"
1991,3060277,"LBN","Lebanon",446,2257673.92106234,4372309.55821,3225606.4612394,0,0,0,1,0,0,0,0,0,0,0,8,3,"OFC","OFC"
1992,2903366,"LBN","Lebanon",446,1994070.05494505,4190660.41708,2878200.83590659,0,0,0,1,0,0,0,0,0,0,0,8,3,"OFC","OFC"
1993,2587397,"LBN","Lebanon",446,1748832.03785063,3870694.16406,2616217.75198378,0,0,0,1,0,0,0,0,0,0,0,8,3,"OFC","OFC"
1994,2291078,"LBN","Lebanon",446,1746914.22035837,3510206.42536,2676482.21529546,0,0,0,1,0,0,0,0,0,0,0,8,3,"OFC","OFC"
1995,2141481,"LBN","Lebanon",446,1861348.1095176,3406689.38961,2961051.18610169,0,0,0,1,0,0,0,0,0,0,0,8,3,"OFC","OFC"
1996,2705953,"LBN","Lebanon",446,2009769.01366607,4273051.56089,3173686.5425505,0,0,0,1,0,0,0,0,0,0,0,8,3,"OFC","OFC"
1997,2811843,"LBN","Lebanon",446,1932139.76499691,4364880.12576,2999299.2,0,0,0,1,0,0,0,0,0,0,0,8,3,"OFC","OFC"
1998,2805872,"LBN","Lebanon",446,2038410.46131493,4434203.69776,3221361.20432982,0,0,0,1,0,0,0,0,0,0,0,8,3,"OFC","OFC"
1999,3687798,"LBN","Lebanon",446,2305450.11252813,4984759.67862,3116253.86260315,0,0,0,1,0,0,0,0,0,0,0,8,3,"OFC","OFC"
2000,4015790,"LBN","Lebanon",446,2453889.39810571,5476694.2441,3346589.82224259,0,0,0,1,0,0,0,0,0,0,0,8,3,"OFC","OFC"
2001,4337715,"LBN","Lebanon",446,2586129.49382937,6043521.42375,3603124.91727777,0,0,0,1,0,0,0,0,0,0,0,8,3,"OFC","OFC"
2002,4150925,"LBN","Lebanon",446,2993167.72425728,5892072.0005,4248681.85787424,0,0,0,1,0,0,0,0,0,0,0,8,3,"OFC","OFC"
2003,3891108,"LBN","Lebanon",446,3145854.9599806,5382336.22992,4351472.41484356,0,0,0,1,0,0,0,0,0,0,0,8,3,"OFC","OFC"
2004,3859726,"LBN","Lebanon",446,3410857.19335454,5470891.42418,4834651.31157653,0,0,0,1,0,0,0,0,0,0,0,8,3,"OFC","OFC"
2005,5128318,"LBN","Lebanon",446,3901938.67457962,7430932.782,5653909.13946588,0,0,0,1,0,0,0,0,0,0,0,8,3,"OFC","OFC"
2006,6142080,"LBN","Lebanon",446,5033254.11783988,9234862.9632,7567698.89633697,0,0,0,1,0,0,0,0,0,0,0,8,3,"OFC","OFC"
2007,6346585,"LBN","Lebanon",446,5638902.70990671,9970485.035,8858716.15726344,0,0,0,1,0,0,0,0,0,0,0,8,3,"OFC","OFC"
2008,4354384,"LBN","Lebanon",446,4093620.38168657,7143366.952,6715584.23615681,0,0,0,1,0,0,0,0,0,0,0,8,3,"OFC","OFC"
2009,2818571,"LBN","Lebanon",446,2735148.95681708,4718456.96826,4578803.4626492,0,0,0,1,0,0,0,0,0,0,0,8,3,"OFC","OFC"
2010,2394367,"LBN","Lebanon",446,2548283.31204768,3932197.09309,4184969.23487654,0,0,0,1,0,0,0,0,0,0,0,8,3,"OFC","OFC"
2011,2001193,"LBN","Lebanon",446,2126892.33712403,3414315.42502,3628776.09206079,0,0,0,1,0,0,0,0,0,0,0,8,3,"OFC","OFC"
2012,1895781,"LBN","Lebanon",446,2068275.14728344,3280724.85174,3579232.87337988,0,0,0,1,0,0,0,0,0,0,0,8,3,"OFC","OFC"
2013,1768863,"LBN","Lebanon",446,1984142.45653393,2800145.50626,3140937.19154234,0,0,0,1,0,0,0,0,0,0,0,8,3,"OFC","OFC"
2014,1522423,"LBN","Lebanon",446,1539200.28308563,2320507.58506,2346079.85548478,0,0,0,1,0,0,0,0,0,0,0,8,3,"OFC","OFC"
2015,1731743.77655,"LBN","Lebanon",446,1745533.49112993,2326718.98585928,2345246.43267744,0,0,0,1,0,0,0,0,0,0,0,8,3,"OFC","OFC"
2016,2078611.06893,"LBN","Lebanon",446,2045877.03634843,2775382.28534603,2731675.47770278,0,0,0,1,0,0,0,0,0,0,0,8,3,"OFC","OFC"
2017,2371395.65418,"LBN","Lebanon",446,2431452.53171332,3209684.01793263,3290971.00167398,0,0,0,1,0,0,0,0,0,0,0,8,3,"OFC","OFC"
2018,3335622.70037,"LBN","Lebanon",446,3386418.98514721,4572638.37880221,4642272.46578905,0,0,0,1,0,0,0,0,0,0,0,8,3,"OFC","OFC"
2019,5352826.56244,"LBN","Lebanon",446,5528351.72986315,7230651.64880958,7467752.80021645,0,0,0,1,0,0,0,0,0,0,0,8,3,"OFC","OFC"
2020,2514815.75526,"LBN","Lebanon",446,2853853.55794371,3348125.10392295,3799506.47290394,0,0,0,1,0,0,0,0,0,0,0,8,3,"OFC","OFC"
2021,1745823.132627,"LBN","Lebanon",446,1912811.58390161,2476781.8200266,2713686.66596538,0,0,0,1,0,0,0,0,0,0,0,8,3,"OFC","OFC"
2022,4067691.907893,"LBN","Lebanon",446,4421404.24770978,5372119.34891613,5839260.16186536,0,0,0,1,0,0,0,0,0,0,0,8,3,"OFC","OFC"
1987,1104541,"OMN","Oman",449,864273.082942097,1501214.80933,1174659.47521909,0,0,1,0,0,0,0,1,0,0,0,3,2,"Middle East","Developing"
1988,1306336,"OMN","Oman",449,868574.468085106,1782064.38112,1184883.23212766,0,0,1,0,0,0,0,1,0,0,0,3,2,"Middle East","Developing"
1989,1304160,"OMN","Oman",449,843297.769156159,1740049.3968,1125153.18254122,0,0,1,0,0,0,0,1,0,0,0,3,2,"Middle East","Developing"
1990,540711,"OMN","Oman",449,417376.302585874,757568.55366,584769.242500965,0,0,1,0,0,0,0,1,0,0,0,3,2,"Middle East","Developing"
1991,524972,"OMN","Oman",449,387290.298782737,750043.24556,553333.26857986,0,0,1,0,0,0,0,1,0,0,0,3,2,"Middle East","Developing"
1992,504649,"OMN","Oman",449,346599.587912088,728400.27362,500274.91320055,0,0,1,0,0,0,0,1,0,0,0,3,2,"Middle East","Developing"
1993,447566,"OMN","Oman",449,302511.659344373,669549.78468,452551.392145995,0,0,1,0,0,0,0,1,0,0,0,3,2,"Middle East","Developing"
1994,340024,"OMN","Oman",449,259263.438810522,520957.57088,397222.699870377,0,0,1,0,0,0,0,1,0,0,0,3,2,"Middle East","Developing"
1995,310392,"OMN","Oman",449,269788.787483703,493774.69752,429182.701016949,0,0,1,0,0,0,0,1,0,0,0,3,2,"Middle East","Developing"
1996,387863,"OMN","Oman",449,288074.12358883,612486.09919,454906.490782828,0,0,1,0,0,0,0,1,0,0,0,3,2,"Middle East","Developing"
1997,310891,"OMN","Oman",449,213626.743626744,482602.31712,331617.066666667,0,0,1,0,0,0,0,1,0,0,0,3,2,"Middle East","Developing"
1998,303470,"OMN","Oman",449,220464.947330185,479582.7451,348407.370214312,0,0,1,0,0,0,0,1,0,0,0,3,2,"Middle East","Developing"
1999,349093,"OMN","Oman",449,218237.684421105,471865.51717,294989.695655164,0,0,1,0,0,0,0,1,0,0,0,3,2,"Middle East","Developing"
2000,274634,"OMN","Oman",449,167817.90406355,374543.10286,228868.379382829,0,0,1,0,0,0,0,1,0,0,0,3,2,"Middle East","Developing"
2001,297996,"OMN","Oman",449,177664.103022715,415182.927,247530.511536398,0,0,1,0,0,0,0,1,0,0,0,3,2,"Middle East","Developing"
2002,284411,"OMN","Oman",449,205084.366887799,403710.03806,291109.055422556,0,0,1,0,0,0,0,1,0,0,0,3,2,"Middle East","Developing"
2003,249628,"OMN","Oman",449,201817.446842914,345295.43472,279161.965170992,0,0,1,0,0,0,0,1,0,0,0,3,2,"Middle East","Developing"
2004,246070,"OMN","Oman",449,217453.163662071,348787.0001,308224.63776953,0,0,1,0,0,0,0,1,0,0,0,3,2,"Middle East","Developing"
2005,631071,"OMN","Oman",449,480157.498288062,914421.879,695748.215019402,0,0,1,0,0,0,0,1,0,0,0,3,2,"Middle East","Developing"
2006,306239,"OMN","Oman",449,250953.863803983,460442.58606,377319.17238384,0,0,1,0,0,0,0,1,0,0,0,3,2,"Middle East","Developing"
2007,235458,"OMN","Oman",449,209203.020879609,369904.518,328657.945801866,0,0,1,0,0,0,0,1,0,0,0,3,2,"Middle East","Developing"
2008,209479,"OMN","Oman",449,196934.28598289,343650.2995,323070.696154931,0,0,1,0,0,0,0,1,0,0,0,3,2,"Middle East","Developing"
2009,164662,"OMN","Oman",449,159788.452207666,275654.06772,267495.456302766,0,0,1,0,0,0,0,1,0,0,0,3,2,"Middle East","Developing"
2010,121714,"OMN","Oman",449,129538.101319711,199887.25078,212736.537654321,0,0,1,0,0,0,0,1,0,0,0,3,2,"Middle East","Developing"
2011,177682,"OMN","Oman",449,188842.597513019,303150.36748,322191.909320863,0,0,1,0,0,0,0,1,0,0,0,3,2,"Middle East","Developing"
2012,292288,"OMN","Oman",449,318882.827842025,505816.07552,551839.488893738,0,0,1,0,0,0,0,1,0,0,0,3,2,"Middle East","Developing"
2013,148419,"OMN","Oman",449,166482.333146383,234950.24538,263544.863017386,0,0,1,0,0,0,0,1,0,0,0,3,2,"Middle East","Developing"
2014,330977,"OMN","Oman",449,334624.40602568,504481.76294,510041.212152462,0,0,1,0,0,0,0,1,0,0,0,3,2,"Middle East","Developing"
2015,1559560.87672,"OMN","Oman",449,1571979.51488761,2095379.20713469,2112064.51681755,0,0,1,0,0,0,0,1,0,0,0,3,2,"Middle East","Developing"
2016,1345199.9101,"OMN","Oman",449,1324015.65954724,1796124.37196462,1767838.94878408,0,0,1,0,0,0,0,1,0,0,0,3,2,"Middle East","Developing"
2017,1589970.96596,"OMN","Oman",449,1630237.8406234,2152025.70242686,2206526.91728377,0,0,1,0,0,0,0,1,0,0,0,3,2,"Middle East","Developing"
2018,2014311.90425,"OMN","Oman",449,2044986.70482233,2761319.47394111,2803370.0243057,0,0,1,0,0,0,0,1,0,0,0,3,2,"Middle East","Developing"
2019,283857.76542,"OMN","Oman",449,293165.778900077,383437.90810699,396011.265796014,0,0,1,0,0,0,0,1,0,0,0,3,2,"Middle East","Developing"
2020,334913.75789,"OMN","Oman",449,380065.544586927,445890.78070443,506004.063441251,0,0,1,0,0,0,0,1,0,0,0,3,2,"Middle East","Developing"
2021,498487.282221,"OMN","Oman",449,546167.724576531,707198.92241411,774842.689179479,0,0,1,0,0,0,0,1,0,0,0,3,2,"Middle East","Developing"
2022,468755.128149,"OMN","Oman",449,509516.443640217,619075.522643821,672908.176786762,0,0,1,0,0,0,0,1,0,0,0,3,2,"Middle East","Developing"
1987,254427,"QAT","Qatar",453,199082.159624413,345799.36851,270578.535610329,0,0,1,0,0,0,0,1,0,0,0,3,2,"Middle East","Developing"
1988,338951,"QAT","Qatar",453,225366.356382979,462386.78567,307438.022386968,0,0,1,0,0,0,0,1,0,0,0,3,2,"Middle East","Developing"
1989,335035,"QAT","Qatar",453,216640.80181054,447013.74805,289048.656999677,0,0,1,0,0,0,0,1,0,0,0,3,2,"Middle East","Developing"
1990,382642,"QAT","Qatar",453,295362.40833655,536104.40052,413820.455824006,0,0,1,0,0,0,0,1,0,0,0,3,2,"Middle East","Developing"
1991,372444,"QAT","Qatar",453,274765.031353744,532121.91612,392565.043246035,0,0,1,0,0,0,0,1,0,0,0,3,2,"Middle East","Developing"
1992,359081,"QAT","Qatar",453,246621.565934066,518290.33378,355968.635837912,0,0,1,0,0,0,0,1,0,0,0,3,2,"Middle East","Developing"
1993,300872,"QAT","Qatar",453,203360.594795539,450098.49456,304223.38260223,0,0,1,0,0,0,0,1,0,0,0,3,2,"Middle East","Developing"
1994,328660,"QAT","Qatar",453,250598.551277164,503546.5592,383947.052382768,0,0,1,0,0,0,0,1,0,0,0,3,2,"Middle East","Developing"
1995,364678,"QAT","Qatar",453,316973.489787049,580133.40918,504244.597288136,0,0,1,0,0,0,0,1,0,0,0,3,2,"Middle East","Developing"
1996,422522,"QAT","Qatar",453,313816.102198455,667217.16586,495556.421464646,0,0,1,0,0,0,0,1,0,0,0,3,2,"Middle East","Developing"
1997,455748,"QAT","Qatar",453,313164.296021439,707466.73536,486131.2,0,0,1,0,0,0,0,1,0,0,0,3,2,"Middle East","Developing"
1998,330089,"QAT","Qatar",453,239803.123864875,521649.54937,378968.070737377,0,0,1,0,0,0,0,1,0,0,0,3,2,"Middle East","Developing"
1999,449927,"QAT","Qatar",453,281274.693673418,608161.82663,380196.190691423,0,0,1,0,0,0,0,1,0,0,0,3,2,"Middle East","Developing"
2000,466052,"QAT","Qatar",453,284785.823403605,635597.05708,388388.058099603,0,0,1,0,0,0,0,1,0,0,0,3,2,"Middle East","Developing"
2001,322373,"QAT","Qatar",453,192197.579443153,449146.18225,267779.277559172,0,0,1,0,0,0,0,1,0,0,0,3,2,"Middle East","Developing"
2002,197722,"QAT","Qatar",453,142574.271704644,280658.47012,202378.475713874,0,0,1,0,0,0,0,1,0,0,0,3,2,"Middle East","Developing"
2003,153488,"QAT","Qatar",453,124090.872342146,212310.74112,171647.45825855,0,0,1,0,0,0,0,1,0,0,0,3,2,"Middle East","Developing"
2004,153975,"QAT","Qatar",453,136068.398727466,218248.78425,192867.430408271,0,0,1,0,0,0,0,1,0,0,0,3,2,"Middle East","Developing"
2005,197139,"QAT","Qatar",453,149995.43483223,285654.411,217343.385071901,0,0,1,0,0,0,0,1,0,0,0,3,2,"Middle East","Developing"
2006,230163,"QAT","Qatar",453,188611.816766369,346059.27702,283585.410980906,0,0,1,0,0,0,0,1,0,0,0,3,2,"Middle East","Developing"
2007,290070,"QAT","Qatar",453,257725.455353176,455699.97,404886.69035984,0,0,1,0,0,0,0,1,0,0,0,3,2,"Middle East","Developing"
2008,172919,"QAT","Qatar",453,162563.692770518,283673.6195,266685.737990035,0,0,1,0,0,0,0,1,0,0,0,3,2,"Middle East","Developing"
2009,311542,"QAT","Qatar",453,302321.203299369,521540.00052,506103.833595342,0,0,1,0,0,0,0,1,0,0,0,3,2,"Middle East","Developing"
2010,256873,"QAT","Qatar",453,273385.483184334,421854.82171,448972.777469136,0,0,1,0,0,0,0,1,0,0,0,3,2,"Middle East","Developing"
2011,136299,"QAT","Qatar",453,144860.240195557,232545.17586,247151.850207248,0,0,1,0,0,0,0,1,0,0,0,3,2,"Middle East","Developing"
2012,116117,"QAT","Qatar",453,126682.304167576,200945.11318,219228.794654157,0,0,1,0,0,0,0,1,0,0,0,3,2,"Middle East","Developing"
2013,191044,"QAT","Qatar",453,214295.008412787,302426.47288,339233.284217611,0,0,1,0,0,0,0,1,0,0,0,3,2,"Middle East","Developing"
2014,52219,"QAT","Qatar",453,52794.4596097462,79593.24418,80470.3712263674,0,0,1,0,0,0,0,1,0,0,0,3,2,"Middle East","Developing"
2015,628423.37429,"QAT","Qatar",453,633427.451154117,844330.792994815,851054.120547138,0,0,1,0,0,0,0,1,0,0,0,3,2,"Middle East","Developing"
2016,591164.46882,"QAT","Qatar",453,581854.792145669,789328.710413152,776898.337020819,0,0,1,0,0,0,0,1,0,0,0,3,2,"Middle East","Developing"
2017,2020144.5868,"QAT","Qatar",453,2071305.84107454,2734265.6982338,2803512.45589439,0,0,1,0,0,0,0,1,0,0,0,3,2,"Middle East","Developing"
2018,2310694.093,"QAT","Qatar",453,2345882.32791878,3167614.99738905,3215852.78922746,0,0,1,0,0,0,0,1,0,0,0,3,2,"Middle East","Developing"
2019,2368665.66127,"QAT","Qatar",453,2446336.85646269,3199617.26190013,3304536.28907837,0,0,1,0,0,0,0,1,0,0,0,3,2,"Middle East","Developing"
2020,2024081.38201,"QAT","Qatar",453,2296960.26101907,2694780.98875283,3058081.01311034,0,0,1,0,0,0,0,1,0,0,0,3,2,"Middle East","Developing"
2021,1910783.828661,"QAT","Qatar",453,2093550.81479237,2710809.90988307,2970099.60543779,0,0,1,0,0,0,0,1,0,0,0,3,2,"Middle East","Developing"
2022,2777460.359342,"QAT","Qatar",453,3018978.6514587,3668136.34737579,3987104.72540847,0,0,1,0,0,0,0,1,0,0,0,3,2,"Middle East","Developing"
1987,9615802,"SAU","Saudi Arabia",456,7524101.72143975,13069124.97226,10226232.3726604,0,0,1,0,0,0,0,1,0,0,0,3,2,"Middle East","Developing"
1988,11292639,"SAU","Saudi Arabia",456,7508403.59042553,15405079.34463,10242738.9259508,0,0,1,0,0,0,0,1,0,0,0,3,2,"Middle East","Developing"
1989,13172997,"SAU","Saudi Arabia",456,8517941.80407372,17575807.78731,11364893.4932493,0,0,1,0,0,0,0,1,0,0,0,3,2,"Middle East","Developing"
1990,13175923,"SAU","Saudi Arabia",456,10170531.0690853,18460258.67838,14249524.2596526,0,0,1,0,0,0,0,1,0,0,0,3,2,"Middle East","Developing"
1991,13777399,"SAU","Saudi Arabia",456,10164071.5603098,19684183.27327,14521713.9603615,0,0,1,0,0,0,0,1,0,0,0,3,2,"Middle East","Developing"
1992,13934472,"SAU","Saudi Arabia",456,9570379.12087912,20112738.19536,13813693.8154945,0,0,1,0,0,0,0,1,0,0,0,3,2,"Middle East","Developing"
1993,13604990,"SAU","Saudi Arabia",456,9195667.45522136,20352792.9402,13756534.599662,0,0,1,0,0,0,0,1,0,0,0,3,2,"Middle East","Developing"
1994,12366944,"SAU","Saudi Arabia",456,9429617.9946626,18947642.24128,14447306.3219825,0,0,1,0,0,0,0,1,0,0,0,3,2,"Middle East","Developing"
1995,10445211,"SAU","Saudi Arabia",456,9078844.85006519,16616346.11091,14442717.1759322,0,0,1,0,0,0,0,1,0,0,0,3,2,"Middle East","Developing"
1996,12620053,"SAU","Saudi Arabia",456,9373182.56090315,19928704.29389,14801473.777399,0,0,1,0,0,0,0,1,0,0,0,3,2,"Middle East","Developing"
1997,12967272,"SAU","Saudi Arabia",456,8910377.24180581,20129355.67104,13831756.8,0,0,1,0,0,0,0,1,0,0,0,3,2,"Middle East","Developing"
1998,11623104,"SAU","Saudi Arabia",456,8443954.95822739,18368339.94432,13344235.3391355,0,0,1,0,0,0,0,1,0,0,0,3,2,"Middle East","Developing"
1999,14413481,"SAU","Saudi Arabia",456,9010678.29457364,19482558.13289,12179643.7439922,0,0,1,0,0,0,0,1,0,0,0,3,2,"Middle East","Developing"
2000,14842584,"SAU","Saudi Arabia",456,9069712.19065078,20242167.63336,12369182.7884876,0,0,1,0,0,0,0,1,0,0,0,3,2,"Middle East","Developing"
2001,13229942,"SAU","Saudi Arabia",456,7887642.04376081,18432616.6915,10989457.2774697,0,0,1,0,0,0,0,1,0,0,0,3,2,"Middle East","Developing"
2002,10300454,"SAU","Saudi Arabia",456,7427497.83674647,14621082.43484,10543036.0793481,0,0,1,0,0,0,0,1,0,0,0,3,2,"Middle East","Developing"
2003,9811144,"SAU","Saudi Arabia",456,7932043.01075269,13571166.82656,10971919.1741935,0,0,1,0,0,0,0,1,0,0,0,3,2,"Middle East","Developing"
2004,8786696,"SAU","Saudi Arabia",456,7764842.70060092,12454526.51128,11006120.9891128,0,0,1,0,0,0,0,1,0,0,0,3,2,"Middle East","Developing"
2005,12941717,"SAU","Saudi Arabia",456,9846851.55596135,18752547.933,14268087.904588,0,0,1,0,0,0,0,1,0,0,0,3,2,"Middle East","Developing"
2006,11392030,"SAU","Saudi Arabia",456,9335433.90969434,17128372.7862,14036198.3005818,0,0,1,0,0,0,0,1,0,0,0,3,2,"Middle East","Developing"
2007,9813034,"SAU","Saudi Arabia",456,8718821.85695247,15416276.414,13697269.1372723,0,0,1,0,0,0,0,1,0,0,0,3,2,"Middle East","Developing"
2008,6714362,"SAU","Saudi Arabia",456,6312270.37698599,11014910.861,10355279.5534455,0,0,1,0,0,0,0,1,0,0,0,3,2,"Middle East","Developing"
2009,6361939,"SAU","Saudi Arabia",456,6173642.8918001,10650267.60234,10335048.6194469,0,0,1,0,0,0,0,1,0,0,0,3,2,"Middle East","Developing"
2010,4837151,"SAU","Saudi Arabia",456,5148095.99829715,7943907.97277,8454563.61512346,0,0,1,0,0,0,0,1,0,0,0,3,2,"Middle East","Developing"
2011,5961871,"SAU","Saudi Arabia",456,6336349.24008928,10171786.58794,10810698.8924859,0,0,1,0,0,0,0,1,0,0,0,3,2,"Middle East","Developing"
2012,5184880,"SAU","Saudi Arabia",456,5656644.11957233,8972642.2352,9789048.9146847,0,0,1,0,0,0,0,1,0,0,0,3,2,"Middle East","Developing"
2013,4738732,"SAU","Saudi Arabia",456,5315459.33819406,7501507.53064,8414478.44154795,0,0,1,0,0,0,0,1,0,0,0,3,2,"Middle East","Developing"
2014,7041611,"SAU","Saudi Arabia",456,7119210.39328683,10732964.31842,10851242.8656556,0,0,1,0,0,0,0,1,0,0,0,3,2,"Middle East","Developing"
2015,6776207.42323,"SAU","Saudi Arabia",456,6830165.73251688,9104309.00762913,9176805.77323771,0,0,1,0,0,0,0,1,0,0,0,3,2,"Middle East","Developing"
2016,7891093.575629,"SAU","Saudi Arabia",456,7766824.38546161,10536267.0531156,10370341.5877122,0,0,1,0,0,0,0,1,0,0,0,3,2,"Middle East","Developing"
2017,9314469.578435,"SAU","Saudi Arabia",456,9550363.55832564,12607134.5744118,12926417.0761938,0,0,1,0,0,0,0,1,0,0,0,3,2,"Middle East","Developing"
2018,5329261.0298,"SAU","Saudi Arabia",456,5410417.28913706,7305617.48270133,7416870.54081353,0,0,1,0,0,0,0,1,0,0,0,3,2,"Middle East","Developing"
2019,7109554.540654,"SAU","Saudi Arabia",456,7342684.78249832,9603657.36906083,9918572.03104656,0,0,1,0,0,0,0,1,0,0,0,3,2,"Middle East","Developing"
2020,3333683.580923,"SAU","Saudi Arabia",456,3783117.99923173,4438332.97229765,5036691.97945715,0,0,1,0,0,0,0,1,0,0,0,3,2,"Middle East","Developing"
2021,2778643.815673,"SAU","Saudi Arabia",456,3044421.84252547,3942034.19485713,4319090.82377246,0,0,1,0,0,0,0,1,0,0,0,3,2,"Middle East","Developing"
2022,5229354.804748,"SAU","Saudi Arabia",456,5684081.3095087,6906304.30353459,7506852.50384194,0,0,1,0,0,0,0,1,0,0,0,3,2,"Middle East","Developing"
1987,869766,"SYR","Syrian Arab Republic",463,680568.075117371,1182125.06358,924980.487934272,0,0,1,0,0,0,0,1,0,0,0,3,2,"Middle East","Developing"
1988,807858,"SYR","Syrian Arab Republic",463,537139.627659575,1102055.64786,732749.765864362,0,0,1,0,0,0,0,1,0,0,0,3,2,"Middle East","Developing"
1989,787910,"SYR","Syrian Arab Republic",463,509479.469770449,1051253.1593,679762.792951827,0,0,1,0,0,0,0,1,0,0,0,3,2,"Middle East","Developing"
1990,617131,"SYR","Syrian Arab Republic",463,476365.10999614,864637.55886,667416.101011193,0,0,1,0,0,0,0,1,0,0,0,3,2,"Middle East","Developing"
1991,578929,"SYR","Syrian Arab Republic",463,427096.274437477,827133.23017,610205.260177056,0,0,1,0,0,0,0,1,0,0,0,3,2,"Middle East","Developing"
1992,1120786,"SYR","Syrian Arab Republic",463,769770.604395604,1617720.09668,1111071.49497253,0,0,1,0,0,0,0,1,0,0,0,3,2,"Middle East","Developing"
1993,1060725,"SYR","Syrian Arab Republic",463,716948.293342345,1586823.3855,1072540.30787428,0,0,1,0,0,0,0,1,0,0,0,3,2,"Middle East","Developing"
1994,530314,"SYR","Syrian Arab Republic",463,404356.843309188,812504.68568,619523.206770873,0,0,1,0,0,0,0,1,0,0,0,3,2,"Middle East","Developing"
1995,420386,"SYR","Syrian Arab Republic",463,365394.176445024,668754.25266,581272.709830508,0,0,1,0,0,0,0,1,0,0,0,3,2,"Middle East","Developing"
1996,438192,"SYR","Syrian Arab Republic",463,325454.545454545,691962.13296,513935.036363636,0,0,1,0,0,0,0,1,0,0,0,3,2,"Middle East","Developing"
1997,487181,"SYR","Syrian Arab Republic",463,334763.279048993,756260.80992,519659.733333333,0,0,1,0,0,0,0,1,0,0,0,3,2,"Middle East","Developing"
1998,494766,"SYR","Syrian Arab Republic",463,359437.704322557,781893.55278,568030.187272067,0,0,1,0,0,0,0,1,0,0,0,3,2,"Middle East","Developing"
1999,558640,"SYR","Syrian Arab Republic",463,349237.309327332,755108.1016,472060.578644661,0,0,1,0,0,0,0,1,0,0,0,3,2,"Middle East","Developing"
2000,660658,"SYR","Syrian Arab Republic",463,403701.802627559,900998.77382,550564.481405438,0,0,1,0,0,0,0,1,0,0,0,3,2,"Middle East","Developing"
2001,726221,"SYR","Syrian Arab Republic",463,432970.249806236,1011807.40825,603235.800542539,0,0,1,0,0,0,0,1,0,0,0,3,2,"Middle East","Developing"
2002,688710,"SYR","Syrian Arab Republic",463,496618.113642919,977596.2966,704929.547591578,0,0,1,0,0,0,0,1,0,0,0,3,2,"Middle East","Developing"
2003,612382,"SYR","Syrian Arab Republic",463,495094.187080605,847071.27768,684834.083337376,0,0,1,0,0,0,0,1,0,0,0,3,2,"Middle East","Developing"
2004,618916,"SYR","Syrian Arab Republic",463,546938.847649346,877270.10588,775247.530823613,0,0,1,0,0,0,0,1,0,0,0,3,2,"Middle East","Developing"
2005,776896,"SYR","Syrian Arab Republic",463,591110.096629384,1125722.304,856518.530015978,0,0,1,0,0,0,0,1,0,0,0,3,2,"Middle East","Developing"
2006,837030,"SYR","Syrian Arab Republic",463,685921.494714414,1258508.0862,1031310.40416291,0,0,1,0,0,0,0,1,0,0,0,3,2,"Middle East","Developing"
2007,677079,"SYR","Syrian Arab Republic",463,601580.630830742,1063691.109,945083.171035095,0,0,1,0,0,0,0,1,0,0,0,3,2,"Middle East","Developing"
2008,418589,"SYR","Syrian Arab Republic",463,393521.669643697,686695.2545,645572.299050484,0,0,1,0,0,0,0,1,0,0,0,3,2,"Middle East","Developing"
2009,331181,"SYR","Syrian Arab Republic",463,321378.942261038,554416.86486,538007.632081514,0,0,1,0,0,0,0,1,0,0,0,3,2,"Middle East","Developing"
2010,275595,"SYR","Syrian Arab Republic",463,293310.98339719,452601.40065,481695.828703704,0,0,1,0,0,0,0,1,0,0,0,3,2,"Middle East","Developing"
2011,173549,"SYR","Syrian Arab Republic",463,184449.994685939,296098.89086,314697.513933468,0,0,1,0,0,0,0,1,0,0,0,3,2,"Middle East","Developing"
2012,178619,"SYR","Syrian Arab Republic",463,194871.263364608,309107.32426,337232.516102989,0,0,1,0,0,0,0,1,0,0,0,3,2,"Middle East","Developing"
2013,90968,"SYR","Syrian Arab Republic",463,102039.259674706,144004.16336,161530.188850252,0,0,1,0,0,0,0,1,0,0,0,3,2,"Middle East","Developing"
2014,41127,"SYR","Syrian Arab Republic",463,41580.2244464665,62686.59594,63377.4097057931,0,0,1,0,0,0,0,1,0,0,0,3,2,"Middle East","Developing"
2015,26813.2585,"SYR","Syrian Arab Republic",463,27026.7699828646,36025.489722845,36312.3573458774,0,0,1,0,0,0,0,1,0,0,0,3,2,"Middle East","Developing"
2016,23894.10339,"SYR","Syrian Arab Republic",463,23517.8182972441,31903.6457873619,31401.2261686633,0,0,1,0,0,0,0,1,0,0,0,3,2,"Middle East","Developing"
2017,11168.99269,"SYR","Syrian Arab Republic",463,11451.853470727,15117.231605915,15500.0836726289,0,0,1,0,0,0,0,1,0,0,0,3,2,"Middle East","Developing"
2018,15769.47918,"SYR","Syrian Arab Republic",463,16009.6235329949,21617.590533903,21946.7924202061,0,0,1,0,0,0,0,1,0,0,0,3,2,"Middle East","Developing"
2019,3860.72748,"SYR","Syrian Arab Republic",463,3987.32505034857,5215.1092872588,5386.11855126135,0,0,1,0,0,0,0,1,0,0,0,3,2,"Middle East","Developing"
2020,46.96385,"SYR","Syrian Arab Republic",463,53.2953359055833,62.525791336,70.9552784112574,0,0,1,0,0,0,0,1,0,0,0,3,2,"Middle East","Developing"
2021,0,"SYR","Syrian Arab Republic",463,0,0,0,0,0,1,0,0,0,0,1,0,0,0,3,2,"Middle East","Developing"
2022,0,"SYR","Syrian Arab Republic",463,0,0,0,0,0,1,0,0,0,0,1,0,0,0,3,2,"Middle East","Developing"
1987,6284940,"ARE","United Arab Emirates",466,4917793.42723005,8542050.5022,6683920.58075117,0,0,1,0,0,0,0,1,0,0,0,3,2,"Middle East","Developing"
1988,7242182,"ARE","United Arab Emirates",466,4815280.58510638,9879567.41894,6568861.31578457,0,0,1,0,0,0,0,1,0,0,0,3,2,"Middle East","Developing"
1989,8226592,"ARE","United Arab Emirates",466,5319490.4623343,10976165.84416,7097423.7595603,0,0,1,0,0,0,0,1,0,0,0,3,2,"Middle East","Developing"
1990,8953382,"ARE","United Arab Emirates",466,6911140.10034736,12544225.38492,9682921.94899267,0,0,1,0,0,0,0,1,0,0,0,3,2,"Middle East","Developing"
1991,9817457,"ARE","United Arab Emirates",466,7242683.14275175,14026495.33961,10347838.6865437,0,0,1,0,0,0,0,1,0,0,0,3,2,"Middle East","Developing"
1992,9356741,"ARE","United Arab Emirates",466,6426333.1043956,13505332.82458,9275640.67622253,0,0,1,0,0,0,0,1,0,0,0,3,2,"Middle East","Developing"
1993,8985388,"ARE","United Arab Emirates",466,6073259.88509632,13441960.74024,9085475.32290639,0,0,1,0,0,0,0,1,0,0,0,3,2,"Middle East","Developing"
1994,8801925,"ARE","United Arab Emirates",466,6711341.97483797,13485605.331,10282581.2664888,0,0,1,0,0,0,0,1,0,0,0,3,2,"Middle East","Developing"
1995,8056226,"ARE","United Arab Emirates",466,7002369.40460669,12815924.88306,11139439.2725424,0,0,1,0,0,0,0,1,0,0,0,3,2,"Middle East","Developing"
1996,9317502,"ARE","United Arab Emirates",466,6920307.48663102,14713546.93326,10928065.1613636,0,0,1,0,0,0,0,1,0,0,0,3,2,"Middle East","Developing"
1997,10631386,"ARE","United Arab Emirates",466,7305288.25671683,16503313.11552,11340145.0666667,0,0,1,0,0,0,0,1,0,0,0,3,2,"Middle East","Developing"
1998,9645951,"ARE","United Arab Emirates",466,7007592.44460588,15243785.74383,11074308.567984,0,0,1,0,0,0,0,1,0,0,0,3,2,"Middle East","Developing"
1999,10750548,"ARE","United Arab Emirates",466,6720772.69317329,14531408.22612,9084401.24163541,0,0,1,0,0,0,0,1,0,0,0,3,2,"Middle East","Developing"
2000,10428170,"ARE","United Arab Emirates",466,6372239.53559426,14221833.9643,8690396.55624809,0,0,1,0,0,0,0,1,0,0,0,3,2,"Middle East","Developing"
2001,9897210,"ARE","United Arab Emirates",466,5900679.6637453,13789287.8325,8221121.94151315,0,0,1,0,0,0,0,1,0,0,0,3,2,"Middle East","Developing"
2002,8075375,"ARE","United Arab Emirates",466,5823027.83386213,11462671.7975,8265555.08905394,0,0,1,0,0,0,0,1,0,0,0,3,2,"Middle East","Developing"
2003,7824001,"ARE","United Arab Emirates",466,6325491.95569569,10822471.14324,8749673.49279651,0,0,1,0,0,0,0,1,0,0,0,3,2,"Middle East","Developing"
2004,7365427,"ARE","United Arab Emirates",466,6508860.9049134,10439977.19261,9225854.7124514,0,0,1,0,0,0,0,1,0,0,0,3,2,"Middle East","Developing"
2005,8988974,"ARE","United Arab Emirates",466,6839362.3982348,13025023.326,9910236.11504223,0,0,1,0,0,0,0,1,0,0,0,3,2,"Middle East","Developing"
2006,11341644,"ARE","United Arab Emirates",466,9294144.06293534,17052615.41976,13974117.3643858,0,0,1,0,0,0,0,1,0,0,0,3,2,"Middle East","Developing"
2007,9893511,"ARE","United Arab Emirates",466,8790325.18880498,15542705.781,13809600.8716126,0,0,1,0,0,0,0,1,0,0,0,3,2,"Middle East","Developing"
2008,7190572,"ARE","United Arab Emirates",466,6759962.39541224,11796133.366,11089718.3096738,0,0,1,0,0,0,0,1,0,0,0,3,2,"Middle East","Developing"
2009,4594861,"ARE","United Arab Emirates",466,4458865.59922368,7692073.00566,7464408.54503639,0,0,1,0,0,0,0,1,0,0,0,3,2,"Middle East","Developing"
2010,2985183,"ARE","United Arab Emirates",466,3177078.5440613,4902476.48541,5217620.78055555,0,0,1,0,0,0,0,1,0,0,0,3,2,"Middle East","Developing"
2011,4042727,"ARE","United Arab Emirates",466,4296659.58125199,6897458.24378,7330702.77795728,0,0,1,0,0,0,0,1,0,0,0,3,2,"Middle East","Developing"
2012,3473950,"ARE","United Arab Emirates",466,3790039.27558368,6011809.433,6558814.56796858,0,0,1,0,0,0,0,1,0,0,0,3,2,"Middle East","Developing"
2013,3377143,"ARE","United Arab Emirates",466,3788158.16040381,5346084.91186,5996730.13108245,0,0,1,0,0,0,0,1,0,0,0,3,2,"Middle East","Developing"
2014,3585130,"ARE","United Arab Emirates",466,3624638.56030735,5464526.8486,5524746.58639167,0,0,1,0,0,0,0,1,0,0,0,3,2,"Middle East","Developing"
2015,3715579.04398,"ARE","United Arab Emirates",466,3745165.8542284,4992140.53612021,5031892.48676566,0,0,1,0,0,0,0,1,0,0,0,3,2,"Middle East","Developing"
2016,4836070.148316,"ARE","United Arab Emirates",466,4759911.56330315,6457169.22273301,6355481.518438,0,0,1,0,0,0,0,1,0,0,0,3,2,"Middle East","Developing"
2017,6354838.578278,"ARE","United Arab Emirates",466,6515778.30234594,8601274.01569927,8819105.93222523,0,0,1,0,0,0,0,1,0,0,0,3,2,"Middle East","Developing"
2018,7417862.376671,"ARE","United Arab Emirates",466,7530824.74788934,10168776.6390594,10323631.1056441,0,0,1,0,0,0,0,1,0,0,0,3,2,"Middle East","Developing"
2019,6347930.895465,"ARE","United Arab Emirates",466,6556086.64649109,8574848.53290308,8856027.40294663,0,0,1,0,0,0,0,1,0,0,0,3,2,"Middle East","Developing"
2020,3536893.157945,"ARE","United Arab Emirates",466,4013723.51105878,4708878.07476166,5343710.93368322,0,0,1,0,0,0,0,1,0,0,0,3,2,"Middle East","Developing"
2021,3060850.835233,"ARE","United Arab Emirates",466,3353622.03926044,4342398.4714367,4757750.05087839,0,0,1,0,0,0,0,1,0,0,0,3,2,"Middle East","Developing"
2022,8718928.677373,"ARE","United Arab Emirates",466,9477096.38844891,11514914.725633,12516211.6582967,0,0,1,0,0,0,0,1,0,0,0,3,2,"Middle East","Developing"
1987,1166235,"EGY","Egypt",469,912546.948356807,1585064.97555,1240269.93392019,0,0,1,0,0,0,0,1,0,0,0,3,2,"Middle East","Developing"
1988,1468734,"EGY","Egypt",469,976551.861702128,2003602.86078,1332182.75317819,0,0,1,0,0,0,0,1,0,0,0,3,2,"Middle East","Developing"
1989,1693591,"EGY","Egypt",469,1095112.18881345,2259639.91993,1461131.53568057,0,0,1,0,0,0,0,1,0,0,0,3,2,"Middle East","Developing"
1990,1628496,"EGY","Egypt",469,1257040.52489386,2281620.60576,1761189.1978078,0,0,1,0,0,0,0,1,0,0,0,3,2,"Middle East","Developing"
1991,1661802,"EGY","Egypt",469,1225969.75285872,2374266.37146,1751579.76500184,0,0,1,0,0,0,0,1,0,0,0,3,2,"Middle East","Developing"
1992,1548319,"EGY","Egypt",469,1063405.90659341,2234812.67822,1534898.81745879,0,0,1,0,0,0,0,1,0,0,0,3,2,"Middle East","Developing"
1993,1468101,"EGY","Egypt",469,992295.370057452,2196249.73398,1484454.02769855,0,0,1,0,0,0,0,1,0,0,0,3,2,"Middle East","Developing"
1994,1349889,"EGY","Egypt",469,1029271.06366756,2068191.93468,1576966.78206634,0,0,1,0,0,0,0,1,0,0,0,3,2,"Middle East","Developing"
1995,1342708,"EGY","Egypt",469,1167064.75445458,2135993.31348,1856578.2820339,0,0,1,0,0,0,0,1,0,0,0,3,2,"Middle East","Developing"
1996,1571373,"EGY","Egypt",469,1167092.2459893,2481402.24549,1842990.37840909,0,0,1,0,0,0,0,1,0,0,0,3,2,"Middle East","Developing"
1997,1838379,"EGY","Egypt",469,1263230.26180169,2853752.48928,1960937.6,0,0,1,0,0,0,0,1,0,0,0,3,2,"Middle East","Developing"
1998,1935845,"EGY","Egypt",469,1406353.06937886,3059273.92885,2222501.94613149,0,0,1,0,0,0,0,1,0,0,0,3,2,"Middle East","Developing"
1999,2326131,"EGY","Egypt",469,1454195.42385596,3144208.01139,1965621.41247187,0,0,1,0,0,0,0,1,0,0,0,3,2,"Middle East","Developing"
2000,2308921,"EGY","Egypt",469,1410889.70363581,3148883.37059,1924157.26892148,0,0,1,0,0,0,0,1,0,0,0,3,2,"Middle East","Developing"
2001,2394803,"EGY","Egypt",469,1427772.61074346,3336559.27975,1989244.18991832,0,0,1,0,0,0,0,1,0,0,0,3,2,"Middle East","Developing"
2002,2305119,"EGY","Egypt",469,1662185.60715316,3272024.21574,2359405.98192962,0,0,1,0,0,0,0,1,0,0,0,3,2,"Middle East","Developing"
2003,1710347,"EGY","Egypt",469,1382769.0193225,2365820.38428,1912701.41828765,0,0,1,0,0,0,0,1,0,0,0,3,2,"Middle East","Developing"
2004,1987418,"EGY","Egypt",469,1756290.20855426,2817025.89574,2489418.43031106,0,0,1,0,0,0,0,1,0,0,0,3,2,"Middle East","Developing"
2005,2431643,"EGY","Egypt",469,1850143.04192346,3523450.707,2680857.26774709,0,0,1,0,0,0,0,1,0,0,0,3,2,"Middle East","Developing"
2006,2545505,"EGY","Egypt",469,2085966.56559862,3827268.5877,3136334.17004015,0,0,1,0,0,0,0,1,0,0,0,3,2,"Middle East","Developing"
2007,2795480,"EGY","Egypt",469,2483767.2145713,4391699.08,3901998.29409152,0,0,1,0,0,0,0,1,0,0,0,3,2,"Middle East","Developing"
2008,1981503,"EGY","Egypt",469,1862840.08649055,3250655.6715,3055989.16188775,0,0,1,0,0,0,0,1,0,0,0,3,2,"Middle East","Developing"
2009,1217111,"EGY","Egypt",469,1181087.8214459,2037516.84066,1977211.87836972,0,0,1,0,0,0,0,1,0,0,0,3,2,"Middle East","Developing"
2010,991517,"EGY","Egypt",469,1055254.36355896,1628338.62359,1733012.58364198,0,0,1,0,0,0,0,1,0,0,0,3,2,"Middle East","Developing"
2011,846775,"EGY","Egypt",469,899962.801572962,1444716.6985,1535462.53427569,0,0,1,0,0,0,0,1,0,0,0,3,2,"Middle East","Developing"
2012,713593,"EGY","Egypt",469,778521.710669867,1234901.23022,1347262.96118263,0,0,1,0,0,0,0,1,0,0,0,3,2,"Middle East","Developing"
2013,758880,"EGY","Egypt",469,851239.484015704,1201322.2176,1347529.12798654,0,0,1,0,0,0,0,1,0,0,0,3,2,"Middle East","Developing"
2014,751406,"EGY","Egypt",469,759686.583763017,1145308.05332,1157929.48470327,0,0,1,0,0,0,0,1,0,0,0,3,2,"Middle East","Developing"
2015,708032.66748,"EGY","Egypt",469,713670.665739341,951291.451046103,958866.496367406,0,0,1,0,0,0,0,1,0,0,0,3,2,"Middle East","Developing"
2016,827401.696159,"EGY","Egypt",469,814371.748187992,1104755.01872846,1087357.30189809,0,0,1,0,0,0,0,1,0,0,0,3,2,"Middle East","Developing"
2017,1432112.63953,"EGY","Egypt",469,1468381.66669743,1938364.45760386,1987454.58587497,0,0,1,0,0,0,0,1,0,0,0,3,2,"Middle East","Developing"
2018,970521.132349,"EGY","Egypt",469,985300.64197868,1330438.89428063,1350699.38505647,0,0,1,0,0,0,0,1,0,0,0,3,2,"Middle East","Developing"
2019,1337189.633463,"EGY","Egypt",469,1381037.57651743,1806289.12877815,1865519.36873551,0,0,1,0,0,0,0,1,0,0,0,3,2,"Middle East","Developing"
2020,786478.108294,"EGY","Egypt",469,892508.0666069,1047085.4942583,1188249.53955776,0,0,1,0,0,0,0,1,0,0,0,3,2,"Middle East","Developing"
2021,693721.196631,"EGY","Egypt",469,760075.81530733,984175.324448433,1078311.95841836,0,0,1,0,0,0,0,1,0,0,0,3,2,"Middle East","Developing"
2022,1593340.075412,"EGY","Egypt",469,1731891.38631739,2104292.37079512,2287274.31608165,0,0,1,0,0,0,0,1,0,0,0,3,2,"Middle East","Developing"
1987,166114,"YEM","Yemen",474,129979.65571205,225770.52082,176659.249467919,0,0,1,0,0,0,0,1,0,0,0,3,2,"Middle East","Developing"
1988,220574,"YEM","Yemen",474,146658.244680851,300900.43358,200066.777646277,0,0,1,0,0,0,0,1,0,0,0,3,2,"Middle East","Developing"
1989,284086,"YEM","Yemen",474,183696.087940511,379036.06378,245092.831412868,0,0,1,0,0,0,0,1,0,0,0,3,2,"Middle East","Developing"
1990,333513,"YEM","Yemen",474,257439.598610575,467271.72378,360688.324029332,0,0,1,0,0,0,0,1,0,0,0,3,2,"Middle East","Developing"
1991,347183,"YEM","Yemen",474,256129.103651789,496030.76759,365939.33426042,0,0,1,0,0,0,0,1,0,0,0,3,2,"Middle East","Developing"
1992,344857,"YEM","Yemen",474,236852.335164835,497759.69666,341867.92353022,0,0,1,0,0,0,0,1,0,0,0,3,2,"Middle East","Developing"
1993,359671,"YEM","Yemen",474,243103.075363298,538060.62258,363677.338681987,0,0,1,0,0,0,0,1,0,0,0,3,2,"Middle East","Developing"
1994,334517,"YEM","Yemen",474,255064.430041937,512520.18604,390789.314555852,0,0,1,0,0,0,0,1,0,0,0,3,2,"Middle East","Developing"
1995,333375,"YEM","Yemen",474,289765.319426336,530336.28375,460961.56779661,0,0,1,0,0,0,0,1,0,0,0,3,2,"Middle East","Developing"
1996,407073,"YEM","Yemen",474,302341.800356506,642821.18649,477437.00719697,0,0,1,0,0,0,0,1,0,0,0,3,2,"Middle East","Developing"
1997,454387,"YEM","Yemen",474,312229.093657665,705354.02784,484679.466666667,0,0,1,0,0,0,0,1,0,0,0,3,2,"Middle East","Developing"
1998,516623,"YEM","Yemen",474,375316.382128587,816434.82559,593123.73816927,0,0,1,0,0,0,0,1,0,0,0,3,2,"Middle East","Developing"
1999,616913,"YEM","Yemen",474,385667.04176044,833875.13297,521302.283677169,0,0,1,0,0,0,0,1,0,0,0,3,2,"Middle East","Developing"
2000,851828,"YEM","Yemen",474,520518.179040635,1161714.50812,709877.487393828,0,0,1,0,0,0,0,1,0,0,0,3,2,"Middle East","Developing"
2001,685401,"YEM","Yemen",474,408633.518154176,954934.94325,569328.649168306,0,0,1,0,0,0,0,1,0,0,0,3,2,"Middle East","Developing"
2002,483508,"YEM","Yemen",474,348650.129795212,686320.26568,494894.913239112,0,0,1,0,0,0,0,1,0,0,0,3,2,"Middle East","Developing"
2003,450228,"YEM","Yemen",474,363997.089497938,622773.37872,503495.334077128,0,0,1,0,0,0,0,1,0,0,0,3,2,"Middle East","Developing"
2004,402028,"YEM","Yemen",474,355273.948391658,569846.54804,503575.952668788,0,0,1,0,0,0,0,1,0,0,0,3,2,"Middle East","Developing"
2005,490163,"YEM","Yemen",474,372946.054934185,710246.187,540398.833599635,0,0,1,0,0,0,0,1,0,0,0,3,2,"Middle East","Developing"
2006,448406,"YEM","Yemen",474,367455.543718758,674196.35724,552484.108202901,0,0,1,0,0,0,0,1,0,0,0,3,2,"Middle East","Developing"
2007,444578,"YEM","Yemen",474,395004.886717015,698432.038,620552.67703243,0,0,1,0,0,0,0,1,0,0,0,3,2,"Middle East","Developing"
2008,316281,"YEM","Yemen",474,297340.415530695,518858.9805,487786.951678105,0,0,1,0,0,0,0,1,0,0,0,3,2,"Middle East","Developing"
2009,308624,"YEM","Yemen",474,299489.568170791,516655.09344,501363.506491994,0,0,1,0,0,0,0,1,0,0,0,3,2,"Middle East","Developing"
2010,182763,"YEM","Yemen",474,194511.494252874,300146.19201,319440.391666667,0,0,1,0,0,0,0,1,0,0,0,3,2,"Middle East","Developing"
2011,326936,"YEM","Yemen",474,347471.569773621,557798.58704,592835.144053566,0,0,1,0,0,0,0,1,0,0,0,3,2,"Middle East","Developing"
2012,323667,"YEM","Yemen",474,353116.953960288,560118.69018,611083.013506437,0,0,1,0,0,0,0,1,0,0,0,3,2,"Middle East","Developing"
2013,258798,"YEM","Yemen",474,290295.008412787,409682.40996,459542.804217611,0,0,1,0,0,0,0,1,0,0,0,3,2,"Middle East","Developing"
2014,195351,"YEM","Yemen",474,197503.791325447,297757.90122,301039.228814073,0,0,1,0,0,0,0,1,0,0,0,3,2,"Middle East","Developing"
2015,201345.79786,"YEM","Yemen",474,202949.095716158,270522.17363076,272676.316531358,0,0,1,0,0,0,0,1,0,0,0,3,2,"Middle East","Developing"
2016,18484.34508,"YEM","Yemen",474,18193.2530314961,24680.4823942668,24291.8133801839,0,0,1,0,0,0,0,1,0,0,0,3,2,"Middle East","Developing"
2017,40662.38078,"YEM","Yemen",474,41692.1775658772,55036.53238573,56430.3623354147,0,0,1,0,0,0,0,1,0,0,0,3,2,"Middle East","Developing"
2018,41794.33438,"YEM","Yemen",474,42430.7963248731,57293.763284823,58166.2571419523,0,0,1,0,0,0,0,1,0,0,0,3,2,"Middle East","Developing"
2019,34559.38126,"YEM","Yemen",474,35692.6220087787,46683.1577998206,48213.9507356784,0,0,1,0,0,0,0,1,0,0,0,3,2,"Middle East","Developing"
2020,15874.79498,"YEM","Yemen",474,18014.973876532,21135.0670445728,23984.4156202596,0,0,1,0,0,0,0,1,0,0,0,3,2,"Middle East","Developing"
2021,3479.94999,"YEM","Yemen",474,3812.8081406815,4936.9702513131,5409.19278110343,0,0,1,0,0,0,0,1,0,0,0,3,2,"Middle East","Developing"
2022,14927.43729,"YEM","Yemen",474,16225.4753152174,19714.3678801572,21428.6607393013,0,0,1,0,0,0,0,1,0,0,0,3,2,"Middle East","Developing"
1987,9747,"AFG","Afghanistan",512,7626.76056338028,13247.44011,10365.759084507,0,0,1,0,0,0,0,0,1,0,0,4,2,"Asia","Developing"
1988,8819,"AFG","Afghanistan",512,5863.69680851064,12030.61523,7999.07927526596,0,0,1,0,0,0,0,0,1,0,0,4,2,"Asia","Developing"
1989,7210,"AFG","Afghanistan",512,4662.14031684449,9619.7983,6220.36747494342,0,0,1,0,0,0,0,0,1,0,0,4,2,"Asia","Developing"
1990,1341,"AFG","Afghanistan",512,1035.12157468159,1878.82146,1450.26743342339,0,0,1,0,0,0,0,0,1,0,0,4,2,"Asia","Developing"
1991,1129,"AFG","Afghanistan",512,832.90298782737,1613.03617,1189.9934857986,0,0,1,0,0,0,0,0,1,0,0,4,2,"Asia","Developing"
1992,4515,"AFG","Afghanistan",512,3100.96153846154,6516.8607,4475.86586538462,0,0,1,0,0,0,0,0,1,0,0,4,2,"Asia","Developing"
1993,3750,"AFG","Afghanistan",512,2534.64008110848,5609.925,3791.77086853667,0,0,1,0,0,0,0,0,1,0,0,4,2,"Asia","Developing"
1994,2084,"AFG","Afghanistan",512,1589.02020587114,3192.93808,2434.56963781929,0,0,1,0,0,0,0,0,1,0,0,4,2,"Asia","Developing"
1995,844,"AFG","Afghanistan",512,733.594089526293,1342.64364,1167.00881355932,0,0,1,0,0,0,0,0,1,0,0,4,2,"Asia","Developing"
1996,753,"AFG","Afghanistan",512,559.269162210339,1189.08489,883.158712121212,0,0,1,0,0,0,0,0,1,0,0,4,2,"Asia","Developing"
1997,3938,"AFG","Afghanistan",512,2705.97127739985,6113.03616,4200.53333333333,0,0,1,0,0,0,0,0,1,0,0,4,2,"Asia","Developing"
1998,819,"AFG","Afghanistan",512,594.98728659644,1294.29027,940.276258626952,0,0,1,0,0,0,0,0,1,0,0,4,2,"Asia","Developing"
1999,623,"AFG","Afghanistan",512,389.472368092023,842.10287,526.445905226307,0,0,1,0,0,0,0,0,1,0,0,4,2,"Asia","Developing"
2000,668,"AFG","Afghanistan",512,408.188206538344,911.01172,556.682994194928,0,0,1,0,0,0,0,0,1,0,0,4,2,"Asia","Developing"
2001,516,"AFG","Afghanistan",512,307.637274190664,718.917,428.615632266142,0,0,1,0,0,0,0,0,1,0,0,4,2,"Asia","Developing"
2002,539,"AFG","Afghanistan",512,388.664551485434,765.08894,551.693784251514,0,0,1,0,0,0,0,0,1,0,0,4,2,"Asia","Developing"
2003,487,"AFG","Afghanistan",512,393.72625111165,673.63788,544.617899587679,0,0,1,0,0,0,0,0,1,0,0,4,2,"Asia","Developing"
2004,1034,"AFG","Afghanistan",512,913.750441852245,1465.62262,1295.17728879463,0,0,1,0,0,0,0,0,1,0,0,4,2,"Asia","Developing"
2005,1057,"AFG","Afghanistan",512,804.230388800122,1531.593,1165.32983337138,0,0,1,0,0,0,0,0,1,0,0,4,2,"Asia","Developing"
2006,2702,"AFG","Afghanistan",512,2214.2096205851,4062.56508,3329.15273293452,0,0,1,0,0,0,0,0,1,0,0,4,2,"Asia","Developing"
2007,73710,"AFG","Afghanistan",512,65490.8929364727,115798.41,102886.192803199,0,0,1,0,0,0,0,0,1,0,0,4,2,"Asia","Developing"
2008,14877,"AFG","Afghanistan",512,13986.0863025289,24405.7185,22944.1745792987,0,0,1,0,0,0,0,0,1,0,0,4,2,"Asia","Developing"
2009,15378,"AFG","Afghanistan",512,14922.8529839884,25743.69468,24981.7512663755,0,0,1,0,0,0,0,0,1,0,0,4,2,"Asia","Developing"
2010,5870,"AFG","Afghanistan",512,6247.3392933163,9640.1249,10259.8179012346,0,0,1,0,0,0,0,0,1,0,0,4,2,"Asia","Developing"
2011,53030,"AFG","Afghanistan",512,56360.9310234881,90476.6042,96159.6388564141,0,0,1,0,0,0,0,0,1,0,0,4,2,"Asia","Developing"
2012,7032,"AFG","Afghanistan",512,7671.83067859481,12169.15728,13276.4098625355,0,0,1,0,0,0,0,0,1,0,0,4,2,"Asia","Developing"
2013,0,"AFG","Afghanistan",512,0,0,0,0,0,1,0,0,0,0,0,1,0,0,4,2,"Asia","Developing"
2014,24841,"AFG","Afghanistan",512,25114.7507835406,37863.14902,38280.4054392882,0,0,1,0,0,0,0,0,1,0,0,4,2,"Asia","Developing"
2015,26020.61916,"AFG","Afghanistan",512,26227.8189295434,34960.5232848012,35238.9106791666,0,0,1,0,0,0,0,0,1,0,0,4,2,"Asia","Developing"
2016,6895.2408,"AFG","Afghanistan",512,6786.65433070866,9206.594468568,9061.60872890551,0,0,1,0,0,0,0,0,1,0,0,4,2,"Asia","Developing"
2017,0,"AFG","Afghanistan",512,0,0,0,0,0,1,0,0,0,0,0,1,0,0,4,2,"Asia","Developing"
2018,3368.703,"AFG","Afghanistan",512,3420.00304568528,4617.98650755,4688.31117517766,0,0,1,0,0,0,0,0,1,0,0,4,2,"Asia","Developing"
2019,2421,"AFG","Afghanistan",512,2500.38729666925,3270.31101,3377.54816421379,0,0,1,0,0,0,0,0,1,0,0,4,2,"Asia","Developing"
2020,30396.92639,"AFG","Afghanistan",512,34494.9232750794,40469.2519185904,45925.1610515098,0,0,1,0,0,0,0,0,1,0,0,4,2,"Asia","Developing"
2021,2699.16666,"AFG","Afghanistan",512,2957.34267557796,3829.2807488754,4195.55248041569,0,0,1,0,0,0,0,0,1,0,0,4,2,"Asia","Developing"
2022,2941.33894,"AFG","Afghanistan",512,3197.10754347826,3884.5675112792,4222.35599052087,0,0,1,0,0,0,0,0,1,0,0,4,2,"Asia","Developing"
1987,6145,"BGD","Bangladesh",513,4808.29420970266,8351.85385,6535.09690923318,0,0,1,0,0,0,0,0,1,0,0,4,2,"Asia","Developing"
1988,14923,"BGD","Bangladesh",513,9922.20744680851,20357.50891,13535.5777327128,0,0,1,0,0,0,0,0,1,0,0,4,2,"Asia","Developing"
1989,15881,"BGD","Bangladesh",513,10268.9945037181,21188.90663,13701.2005366958,0,0,1,0,0,0,0,0,1,0,0,4,2,"Asia","Developing"
1990,6870,"BGD","Bangladesh",513,5302.97182554998,9625.2822,7429.78170590505,0,0,1,0,0,0,0,0,1,0,0,4,2,"Asia","Developing"
1991,7484,"BGD","Bangladesh",513,5521.20988565105,10692.61532,7888.31819992623,0,0,1,0,0,0,0,0,1,0,0,4,2,"Asia","Developing"
1992,8831,"BGD","Bangladesh",513,6065.24725274725,12746.48878,8754.45657967033,0,0,1,0,0,0,0,0,1,0,0,4,2,"Asia","Developing"
1993,7427,"BGD","Bangladesh",513,5019.93916863805,11110.64346,7509.72859749916,0,0,1,0,0,0,0,0,1,0,0,4,2,"Asia","Developing"
1994,13036,"BGD","Bangladesh",513,9939.76362943195,19972.71632,15228.9106519253,0,0,1,0,0,0,0,0,1,0,0,4,2,"Asia","Developing"
1995,7652,"BGD","Bangladesh",513,6651.02129508909,12172.87812,10580.5111864407,0,0,1,0,0,0,0,0,1,0,0,4,2,"Asia","Developing"
1996,7964,"BGD","Bangladesh",513,5915.03267973856,12576.19132,9340.60555555556,0,0,1,0,0,0,0,0,1,0,0,4,2,"Asia","Developing"
1997,4727,"BGD","Bangladesh",513,3248.12753384182,7337.81664,5042.13333333333,0,0,1,0,0,0,0,0,1,0,0,4,2,"Asia","Developing"
1998,7562,"BGD","Bangladesh",513,5493.64329822012,11950.45546,8681.76931347621,0,0,1,0,0,0,0,0,1,0,0,4,2,"Asia","Developing"
1999,11084,"BGD","Bangladesh",513,6929.23230807702,14982.13196,9366.17401850463,0,0,1,0,0,0,0,0,1,0,0,4,2,"Asia","Developing"
2000,42947,"BGD","Bangladesh",513,26243.2019553926,58570.68913,35790.2163947449,0,0,1,0,0,0,0,0,1,0,0,4,2,"Asia","Developing"
2001,61655,"BGD","Bangladesh",513,36758.4808919096,85900.82875,51213.7535026531,0,0,1,0,0,0,0,0,1,0,0,4,2,"Asia","Developing"
2002,56732,"BGD","Bangladesh",513,40908.5664839919,80528.80472,58068.0737813672,0,0,1,0,0,0,0,0,1,0,0,4,2,"Asia","Developing"
2003,48408,"BGD","Bangladesh",513,39136.551055057,66959.88192,54135.242881397,0,0,1,0,0,0,0,0,1,0,0,4,2,"Asia","Developing"
2004,61822,"BGD","Bangladesh",513,54632.378932485,87628.35746,77437.5728702722,0,0,1,0,0,0,0,0,1,0,0,4,2,"Asia","Developing"
2005,47808,"BGD","Bangladesh",513,36375.2567906871,69273.792,52707.7470897055,0,0,1,0,0,0,0,0,1,0,0,4,2,"Asia","Developing"
2006,36057,"BGD","Bangladesh",513,29547.652216668,54213.14178,44426.0770138491,0,0,1,0,0,0,0,0,1,0,0,4,2,"Asia","Developing"
2007,16917,"BGD","Bangladesh",513,15030.653043092,26576.607,23613.1559306975,0,0,1,0,0,0,0,0,1,0,0,4,2,"Asia","Developing"
2008,28102,"BGD","Bangladesh",513,26419.1031305819,46101.331,43340.5386857196,0,0,1,0,0,0,0,0,1,0,0,4,2,"Asia","Developing"
2009,25176,"BGD","Bangladesh",513,24430.8588064047,42146.13456,40898.7234934498,0,0,1,0,0,0,0,0,1,0,0,4,2,"Asia","Developing"
2010,8403,"BGD","Bangladesh",513,8943.16730523627,13799.99481,14687.0953703704,0,0,1,0,0,0,0,0,1,0,0,4,2,"Asia","Developing"
2011,10289,"BGD","Bangladesh",513,10935.274736954,17554.47446,18657.1096397067,0,0,1,0,0,0,0,0,1,0,0,4,2,"Asia","Developing"
2012,1711,"BGD","Bangladesh",513,1866.68121317914,2960.95394,3230.36650665503,0,0,1,0,0,0,0,0,1,0,0,4,2,"Asia","Developing"
2013,2272,"BGD","Bangladesh",513,2548.51374088615,3596.62144,4034.34822209759,0,0,1,0,0,0,0,0,1,0,0,4,2,"Asia","Developing"
2014,1886,"BGD","Bangladesh",513,1906.78394500051,2874.67892,2906.35822464867,0,0,1,0,0,0,0,0,1,0,0,4,2,"Asia","Developing"
2015,8406.77404,"BGD","Bangladesh",513,8473.7163995565,11295.0893969228,11385.0311429521,0,0,1,0,0,0,0,0,1,0,0,4,2,"Asia","Developing"
2016,5550.23675,"BGD","Bangladesh",513,5462.83144685039,7410.7316109675,7294.02717614911,0,0,1,0,0,0,0,0,1,0,0,4,2,"Asia","Developing"
2017,1949,"BGD","Bangladesh",513,1998.35947913463,2637.9715,2704.77955500871,0,0,1,0,0,0,0,0,1,0,0,4,2,"Asia","Developing"
2018,4830.96511,"BGD","Bangladesh",513,4904.53310659898,6622.5285210435,6723.37920918122,0,0,1,0,0,0,0,0,1,0,0,4,2,"Asia","Developing"
2019,10243.86561,"BGD","Bangladesh",513,10579.7734159566,13837.5161046441,14291.2637280084,0,0,1,0,0,0,0,0,1,0,0,4,2,"Asia","Developing"
2020,7487.31,"BGD","Bangladesh",513,8496.72038129823,9968.3050416,11312.1936468452,0,0,1,0,0,0,0,0,1,0,0,4,2,"Asia","Developing"
2021,656.0208,"BGD","Bangladesh",513,718.769365618495,930.690148752,1019.7109113093,0,0,1,0,0,0,0,0,1,0,0,4,2,"Asia","Developing"
2022,3118.7814,"BGD","Bangladesh",513,3389.9797826087,4118.912219352,4477.07849929565,0,0,1,0,0,0,0,0,1,0,0,4,2,"Asia","Developing"
1987,0,"BTN","Bhutan",514,0,0,0,0,0,1,0,0,0,0,0,1,0,0,4,2,"Asia","Developing"
1988,0,"BTN","Bhutan",514,0,0,0,0,0,1,0,0,0,0,0,1,0,0,4,2,"Asia","Developing"
1989,2147,"BTN","Bhutan",514,1388.29615260265,2864.59181,1852.30637568704,0,0,1,0,0,0,0,0,1,0,0,4,2,"Asia","Developing"
1990,0,"BTN","Bhutan",514,0,0,0,0,0,1,0,0,0,0,0,1,0,0,4,2,"Asia","Developing"
1991,0,"BTN","Bhutan",514,0,0,0,0,0,1,0,0,0,0,0,1,0,0,4,2,"Asia","Developing"
1992,0,"BTN","Bhutan",514,0,0,0,0,0,1,0,0,0,0,0,1,0,0,4,2,"Asia","Developing"
1993,93,"BTN","Bhutan",514,62.8590740114904,139.12614,94.0359175397094,0,0,1,0,0,0,0,0,1,0,0,4,2,"Asia","Developing"
1994,316,"BTN","Bhutan",514,240.945482272207,484.14992,369.157392298894,0,0,1,0,0,0,0,0,1,0,0,4,2,"Asia","Developing"
1995,240,"BTN","Bhutan",514,208.604954367666,381.7944,331.850847457627,0,0,1,0,0,0,0,0,1,0,0,4,2,"Asia","Developing"
1996,14269,"BTN","Bhutan",514,10597.8906714201,22532.60597,16735.4470959596,0,0,1,0,0,0,0,0,1,0,0,4,2,"Asia","Developing"
1997,7124,"BTN","Bhutan",514,4895.21060949632,11058.72768,7598.93333333333,0,0,1,0,0,0,0,0,1,0,0,4,2,"Asia","Developing"
1998,34188,"BTN","Bhutan",514,24836.9051943335,54028.32204,39250.506385761,0,0,1,0,0,0,0,0,1,0,0,4,2,"Asia","Developing"
1999,88,"BTN","Bhutan",514,55.0137534383596,118.94872,74.3615403850963,0,0,1,0,0,0,0,0,1,0,0,4,2,"Asia","Developing"
2000,875,"BTN","Bhutan",514,534.677665750076,1193.31625,729.188053773297,0,0,1,0,0,0,0,0,1,0,0,4,2,"Asia","Developing"
2001,317,"BTN","Bhutan",514,188.994216896202,441.66025,263.316192690634,0,0,1,0,0,0,0,0,1,0,0,4,2,"Asia","Developing"
2002,2924,"BTN","Bhutan",514,2108.45111047015,4150.50104,2992.86201326795,0,0,1,0,0,0,0,0,1,0,0,4,2,"Asia","Developing"
2003,7566,"BTN","Bhutan",514,6116.90516614116,10465.59384,8461.1479020131,0,0,1,0,0,0,0,0,1,0,0,4,2,"Asia","Developing"
2004,0,"BTN","Bhutan",514,0,0,0,0,0,1,0,0,0,0,0,1,0,0,4,2,"Asia","Developing"
2005,0,"BTN","Bhutan",514,0,0,0,0,0,1,0,0,0,0,0,1,0,0,4,2,"Asia","Developing"
2006,0,"BTN","Bhutan",514,0,0,0,0,0,1,0,0,0,0,0,1,0,0,4,2,"Asia","Developing"
2007,0,"BTN","Bhutan",514,0,0,0,0,0,1,0,0,0,0,0,1,0,0,4,2,"Asia","Developing"
2008,0,"BTN","Bhutan",514,0,0,0,0,0,1,0,0,0,0,0,1,0,0,4,2,"Asia","Developing"
2009,312,"BTN","Bhutan",514,302.765647743814,522.30672,506.847860262009,0,0,1,0,0,0,0,0,1,0,0,4,2,"Asia","Developing"
2010,250,"BTN","Bhutan",514,266.070668369519,410.5675,436.95987654321,0,0,1,0,0,0,0,0,1,0,0,4,2,"Asia","Developing"
2011,122,"BTN","Bhutan",514,129.663088532256,208.14908,221.223381868424,0,0,1,0,0,0,0,0,1,0,0,4,2,"Asia","Developing"
2012,0,"BTN","Bhutan",514,0,0,0,0,0,1,0,0,0,0,0,1,0,0,4,2,"Asia","Developing"
2013,0,"BTN","Bhutan",514,0,0,0,0,0,1,0,0,0,0,0,1,0,0,4,2,"Asia","Developing"
2014,0,"BTN","Bhutan",514,0,0,0,0,0,1,0,0,0,0,0,1,0,0,4,2,"Asia","Developing"
2015,0,"BTN","Bhutan",514,0,0,0,0,0,1,0,0,0,0,0,1,0,0,4,2,"Asia","Developing"
2016,0,"BTN","Bhutan",514,0,0,0,0,0,1,0,0,0,0,0,1,0,0,4,2,"Asia","Developing"
2017,0,"BTN","Bhutan",514,0,0,0,0,0,1,0,0,0,0,0,1,0,0,4,2,"Asia","Developing"
2018,0,"BTN","Bhutan",514,0,0,0,0,0,1,0,0,0,0,0,1,0,0,4,2,"Asia","Developing"
2019,0,"BTN","Bhutan",514,0,0,0,0,0,1,0,0,0,0,0,1,0,0,4,2,"Asia","Developing"
2020,0,"BTN","Bhutan",514,0,0,0,0,0,1,0,0,0,0,0,1,0,0,4,2,"Asia","Developing"
2021,0,"BTN","Bhutan",514,0,0,0,0,0,1,0,0,0,0,0,1,0,0,4,2,"Asia","Developing"
2022,0,"BTN","Bhutan",514,0,0,0,0,0,1,0,0,0,0,0,1,0,0,4,2,"Asia","Developing"
1987,413763,"BRN","Brunei Darussalam",516,323758.215962441,562357.70619,440029.504061033,0,0,1,0,0,0,0,0,1,0,0,4,2,"Asia","Developing"
1988,866537,"BRN","Brunei Darussalam",516,576154.920212766,1182103.77929,785973.257506649,0,0,1,0,0,0,0,0,1,0,0,4,2,"Asia","Developing"
1989,67437,"BRN","Brunei Darussalam",516,43606.2075654704,89976.46851,58180.7103200776,0,0,1,0,0,0,0,0,1,0,0,4,2,"Asia","Developing"
1990,73598,"BRN","Brunei Darussalam",516,56810.4978772675,103115.21388,79594.9161559244,0,0,1,0,0,0,0,0,1,0,0,4,2,"Asia","Developing"
1991,74238,"BRN","Brunei Darussalam",516,54767.9822943563,106066.05774,78248.6593434157,0,0,1,0,0,0,0,0,1,0,0,4,2,"Asia","Developing"
1992,77144,"BRN","Brunei Darussalam",516,52983.5164835165,111348.10672,76475.348021978,0,0,1,0,0,0,0,0,1,0,0,4,2,"Asia","Developing"
1993,91519,"BRN","Brunei Darussalam",516,61858.0601554579,136910.59362,92538.420831362,0,0,1,0,0,0,0,0,1,0,0,4,2,"Asia","Developing"
1994,88349,"BRN","Brunei Darussalam",516,67364.8494090736,135361.26988,103211.03307663,0,0,1,0,0,0,0,0,1,0,0,4,2,"Asia","Developing"
1995,41215,"BRN","Brunei Darussalam",516,35823.5549760973,65565.23415,56988.4694915254,0,0,1,0,0,0,0,0,1,0,0,4,2,"Asia","Developing"
1996,43245,"BRN","Brunei Darussalam",516,32118.9839572193,68289.47685,50720.0511363636,0,0,1,0,0,0,0,0,1,0,0,4,2,"Asia","Developing"
1997,62732,"BRN","Brunei Darussalam",516,43105.8888201745,97380.13824,66914.1333333333,0,0,1,0,0,0,0,0,1,0,0,4,2,"Asia","Developing"
1998,55535,"BRN","Brunei Darussalam",516,40345.0780966219,87763.62655,63758.5372684344,0,0,1,0,0,0,0,0,1,0,0,4,2,"Asia","Developing"
1999,96761,"BRN","Brunei Darussalam",516,60490.7476869217,130790.87609,81764.7387409352,0,0,1,0,0,0,0,0,1,0,0,4,2,"Asia","Developing"
2000,61231,"BRN","Brunei Darussalam",516,37415.8264589062,83506.22549,51027.3299663917,0,0,1,0,0,0,0,0,1,0,0,4,2,"Asia","Developing"
2001,7692,"BRN","Brunei Darussalam",516,4585.94169200501,10716.879,6389.36326238598,0,0,1,0,0,0,0,0,1,0,0,4,2,"Asia","Developing"
2002,40635,"BRN","Brunei Darussalam",516,29301.2691087395,57679.7571,41591.9794490914,0,0,1,0,0,0,0,0,1,0,0,4,2,"Asia","Developing"
2003,62385,"BRN","Brunei Darussalam",516,50436.5753092408,86293.4274,69765.8884307543,0,0,1,0,0,0,0,0,1,0,0,4,2,"Asia","Developing"
2004,64057,"BRN","Brunei Darussalam",516,56607.458465889,90796.31351,80237.109853305,0,0,1,0,0,0,0,0,1,0,0,4,2,"Asia","Developing"
2005,42709,"BRN","Brunei Darussalam",516,32495.6250475538,61885.341,47086.1606939055,0,0,1,0,0,0,0,0,1,0,0,4,2,"Asia","Developing"
2006,37987,"BRN","Brunei Darussalam",516,31129.230517086,57114.97398,46804.0432516594,0,0,1,0,0,0,0,0,1,0,0,4,2,"Asia","Developing"
2007,34111,"BRN","Brunei Darussalam",516,30307.4189249223,53588.381,47612.9551310529,0,0,1,0,0,0,0,0,1,0,0,4,2,"Asia","Developing"
2008,19363,"BRN","Brunei Darussalam",516,18203.44081978,31765.0015,29862.7446648491,0,0,1,0,0,0,0,0,1,0,0,4,2,"Asia","Developing"
2009,23962,"BRN","Brunei Darussalam",516,23252.7899078117,40113.82572,38926.5654730713,0,0,1,0,0,0,0,0,1,0,0,4,2,"Asia","Developing"
2010,16824,"BRN","Brunei Darussalam",516,17905.4916985951,27629.55048,29405.6518518518,0,0,1,0,0,0,0,0,1,0,0,4,2,"Asia","Developing"
2011,14982,"BRN","Brunei Darussalam",516,15923.0523966415,25561.38948,27166.956616006,0,0,1,0,0,0,0,0,1,0,0,4,2,"Asia","Developing"
2012,23100,"BRN","Brunei Darussalam",516,25201.8328605717,39975.474,43612.7798385337,0,0,1,0,0,0,0,0,1,0,0,4,2,"Asia","Developing"
2013,8781,"BRN","Brunei Darussalam",516,9849.69153112731,13900.49862,15592.2586876052,0,0,1,0,0,0,0,0,1,0,0,4,2,"Asia","Developing"
2014,7253,"BRN","Brunei Darussalam",516,7332.92892528561,11055.16766,11176.9969264988,0,0,1,0,0,0,0,0,1,0,0,4,2,"Asia","Developing"
2015,7212.2157,"BRN","Brunei Darussalam",516,7269.64590263078,9690.116648049,9767.27814539764,0,0,1,0,0,0,0,0,1,0,0,4,2,"Asia","Developing"
2016,0,"BRN","Brunei Darussalam",516,0,0,0,0,0,1,0,0,0,0,0,1,0,0,4,2,"Asia","Developing"
2017,2279.33196,"BRN","Brunei Darussalam",516,2337.05727468471,3085.07580786,3163.20702128576,0,0,1,0,0,0,0,0,1,0,0,4,2,"Asia","Developing"
2018,0,"BRN","Brunei Darussalam",516,0,0,0,0,0,1,0,0,0,0,0,1,0,0,4,2,"Asia","Developing"
2019,2383.062,"BRN","Brunei Darussalam",516,2461.2052672347,3219.06398022,3324.62068703331,0,0,1,0,0,0,0,0,1,0,0,4,2,"Asia","Developing"
2020,4099.494,"BRN","Brunei Darussalam",516,4652.17203812982,5457.90233184,6193.71576468452,0,0,1,0,0,0,0,0,1,0,0,4,2,"Asia","Developing"
2021,36486,"BRN","Brunei Darussalam",516,39975.8956940944,51762.32334,56713.4034622549,0,0,1,0,0,0,0,0,1,0,0,4,2,"Asia","Developing"
2022,68360.5938,"BRN","Brunei Darussalam",516,74304.9932608696,90282.469019784,98133.1184997652,0,0,1,0,0,0,0,0,1,0,0,4,2,"Asia","Developing"
1987,7217,"MMR","Myanmar",518,5647.1048513302,9808.84121,7675.14961658842,0,0,1,0,0,0,0,0,1,0,0,4,2,"Asia","Developing"
1988,4311,"MMR","Myanmar",518,2866.35638297872,5880.93687,3910.19738696809,0,0,1,0,0,0,0,0,1,0,0,4,2,"Asia","Developing"
1989,4882,"MMR","Myanmar",518,3156.80569026835,6513.71086,4211.90485612674,0,0,1,0,0,0,0,0,1,0,0,4,2,"Asia","Developing"
1990,0,"MMR","Myanmar",518,0,0,0,0,0,1,0,0,0,0,0,1,0,0,4,2,"Asia","Developing"
1991,5267,"MMR","Myanmar",518,3885.65105127259,7525.12091,5551.54622648469,0,0,1,0,0,0,0,0,1,0,0,4,2,"Asia","Developing"
1992,10688,"MMR","Myanmar",518,7340.65934065934,15426.84544,10595.3608791209,0,0,1,0,0,0,0,0,1,0,0,4,2,"Asia","Developing"
1993,5804,"MMR","Myanmar",518,3922.9469415343,8682.66792,5868.65016559648,0,0,1,0,0,0,0,0,1,0,0,4,2,"Asia","Developing"
1994,3528,"MMR","Myanmar",518,2690.04956157072,5405.31936,4121.47873427373,0,0,1,0,0,0,0,0,1,0,0,4,2,"Asia","Developing"
1995,4415,"MMR","Myanmar",518,3837.46197305519,7023.42615,6104.67288135593,0,0,1,0,0,0,0,0,1,0,0,4,2,"Asia","Developing"
1996,5894,"MMR","Myanmar",518,4377.59952465835,9307.39222,6912.79873737374,0,0,1,0,0,0,0,0,1,0,0,4,2,"Asia","Developing"
1997,6666,"MMR","Myanmar",518,4580.49886621315,10347.76512,7110.4,0,0,1,0,0,0,0,0,1,0,0,4,2,"Asia","Developing"
1998,6678,"MMR","Myanmar",518,4851.43479840174,10553.44374,7666.86795495823,0,0,1,0,0,0,0,0,1,0,0,4,2,"Asia","Developing"
1999,5082,"MMR","Myanmar",518,3177.04426106527,6869.28858,4294.37895723931,0,0,1,0,0,0,0,0,1,0,0,4,2,"Asia","Developing"
2000,11167,"MMR","Myanmar",518,6823.70913534983,15229.44293,9306.10628169875,0,0,1,0,0,0,0,0,1,0,0,4,2,"Asia","Developing"
2001,10668,"MMR","Myanmar",518,6360.22178501163,14863.191,8861.37900196745,0,0,1,0,0,0,0,0,1,0,0,4,2,"Asia","Developing"
2002,4519,"MMR","Myanmar",518,3258.58090568215,6414.53974,4625.42525237958,0,0,1,0,0,0,0,0,1,0,0,4,2,"Asia","Developing"
2003,9495,"MMR","Myanmar",518,7676.44918748484,13133.8638,10618.3715740965,0,0,1,0,0,0,0,0,1,0,0,4,2,"Asia","Developing"
2004,9012,"MMR","Myanmar",518,7963.94485683987,12773.87916,11288.3343584305,0,0,1,0,0,0,0,0,1,0,0,4,2,"Asia","Developing"
2005,10121,"MMR","Myanmar",518,7700.67716655254,14665.329,11158.2812143346,0,0,1,0,0,0,0,0,1,0,0,4,2,"Asia","Developing"
2006,10386,"MMR","Myanmar",518,8511.02187986561,15615.76644,12796.6618372531,0,0,1,0,0,0,0,0,1,0,0,4,2,"Asia","Developing"
2007,11500,"MMR","Myanmar",518,10217.681030653,18066.5,16051.9768991559,0,0,1,0,0,0,0,0,1,0,0,4,2,"Asia","Developing"
2008,2579,"MMR","Myanmar",518,2424.55579580709,4230.8495,3977.48378302153,0,0,1,0,0,0,0,0,1,0,0,4,2,"Asia","Developing"
2009,2015,"MMR","Myanmar",518,1955.36147501213,3373.2309,3273.39243085881,0,0,1,0,0,0,0,0,1,0,0,4,2,"Asia","Developing"
2010,406,"MMR","Myanmar",518,432.098765432099,666.76162,709.622839506173,0,0,1,0,0,0,0,0,1,0,0,4,2,"Asia","Developing"
2011,1399,"MMR","Myanmar",518,1486.87426931661,2386.88986,2536.81566585184,0,0,1,0,0,0,0,0,1,0,0,4,2,"Asia","Developing"
2012,1,"MMR","Myanmar",518,1.09098843552258,1.73054,1.88799912720925,0,0,1,0,0,0,0,0,1,0,0,4,2,"Asia","Developing"
2013,0,"MMR","Myanmar",518,0,0,0,0,0,1,0,0,0,0,0,1,0,0,4,2,"Asia","Developing"
2014,0,"MMR","Myanmar",518,0,0,0,0,0,1,0,0,0,0,0,1,0,0,4,2,"Asia","Developing"
2015,0,"MMR","Myanmar",518,0,0,0,0,0,1,0,0,0,0,0,1,0,0,4,2,"Asia","Developing"
2016,0,"MMR","Myanmar",518,0,0,0,0,0,1,0,0,0,0,0,1,0,0,4,2,"Asia","Developing"
2017,116.94,"MMR","Myanmar",518,119.901568748078,158.27829,162.286773300523,0,0,1,0,0,0,0,0,1,0,0,4,2,"Asia","Developing"
2018,0,"MMR","Myanmar",518,0,0,0,0,0,1,0,0,0,0,0,1,0,0,4,2,"Asia","Developing"
2019,0,"MMR","Myanmar",518,0,0,0,0,0,1,0,0,0,0,0,1,0,0,4,2,"Asia","Developing"
2020,0,"MMR","Myanmar",518,0,0,0,0,0,1,0,0,0,0,0,1,0,0,4,2,"Asia","Developing"
2021,0,"MMR","Myanmar",518,0,0,0,0,0,1,0,0,0,0,0,1,0,0,4,2,"Asia","Developing"
2022,319.909,"MMR","Myanmar",518,347.727173913043,422.49741812,459.236324043478,0,0,1,0,0,0,0,0,1,0,0,4,2,"Asia","Developing"
1987,447,"KHM","Cambodia",522,349.765258215962,607.53111,475.376455399061,0,0,1,0,0,0,0,0,1,0,0,4,2,"Asia","Developing"
1988,468,"KHM","Cambodia",522,311.170212765957,638.43156,424.489069148936,0,0,1,0,0,0,0,0,1,0,0,4,2,"Asia","Developing"
1989,1513,"KHM","Cambodia",522,978.338182993857,2018.68999,1305.32815389589,0,0,1,0,0,0,0,0,1,0,0,4,2,"Asia","Developing"
1990,17337,"KHM","Cambodia",522,13382.4778077962,24290.17722,18749.654357391,0,0,1,0,0,0,0,0,1,0,0,4,2,"Asia","Developing"
1991,18998,"KHM","Cambodia",522,14015.4924382147,27143.01254,20024.3545112505,0,0,1,0,0,0,0,0,1,0,0,4,2,"Asia","Developing"
1992,18245,"KHM","Cambodia",522,12530.9065934066,26334.4681,18086.8599587912,0,0,1,0,0,0,0,0,1,0,0,4,2,"Asia","Developing"
1993,162,"KHM","Cambodia",522,109.496451503886,242.34876,163.804501520784,0,0,1,0,0,0,0,0,1,0,0,4,2,"Asia","Developing"
1994,6274,"KHM","Cambodia",522,4783.83530308807,9612.52088,7329.40974456729,0,0,1,0,0,0,0,0,1,0,0,4,2,"Asia","Developing"
1995,2594,"KHM","Cambodia",522,2254.67188179053,4126.56114,3586.75457627119,0,0,1,0,0,0,0,0,1,0,0,4,2,"Asia","Developing"
1996,3304,"KHM","Cambodia",522,2453.95127748069,5217.44552,3875.10808080808,0,0,1,0,0,0,0,0,1,0,0,4,2,"Asia","Developing"
1997,3456,"KHM","Cambodia",522,2374.7680890538,5364.81792,3686.4,0,0,1,0,0,0,0,0,1,0,0,4,2,"Asia","Developing"
1998,5671,"KHM","Cambodia",522,4119.86923356339,8962.05143,6510.75294587722,0,0,1,0,0,0,0,0,1,0,0,4,2,"Asia","Developing"
1999,5947,"KHM","Cambodia",522,3717.80445111278,8038.50043,5025.31909852463,0,0,1,0,0,0,0,0,1,0,0,4,2,"Asia","Developing"
2000,2184,"KHM","Cambodia",522,1334.55545371219,2978.51736,1820.05338221815,0,0,1,0,0,0,0,0,1,0,0,4,2,"Asia","Developing"
2001,1697,"KHM","Cambodia",522,1011.74506647588,2364.34525,1409.61381386753,0,0,1,0,0,0,0,0,1,0,0,4,2,"Asia","Developing"
2002,2387,"KHM","Cambodia",522,1721.22872800692,3388.25102,2443.21533025671,0,0,1,0,0,0,0,0,1,0,0,4,2,"Asia","Developing"
2003,2446,"KHM","Cambodia",522,1977.52445630205,3383.40504,2735.39092893524,0,0,1,0,0,0,0,0,1,0,0,4,2,"Asia","Developing"
2004,1952,"KHM","Cambodia",522,1724.99116295511,2766.82336,2445.05422410746,0,0,1,0,0,0,0,0,1,0,0,4,2,"Asia","Developing"
2005,842,"KHM","Cambodia",522,640.645210378148,1220.058,928.294909837937,0,0,1,0,0,0,0,0,1,0,0,4,2,"Asia","Developing"
2006,525,"KHM","Cambodia",522,430.222076538556,789.3585,646.856100958781,0,0,1,0,0,0,0,0,1,0,0,4,2,"Asia","Developing"
2007,911,"KHM","Cambodia",522,809.418036428254,1431.181,1271.59573522879,0,0,1,0,0,0,0,0,1,0,0,4,2,"Asia","Developing"
2008,7256,"KHM","Cambodia",522,6821.47221961079,11903.468,11190.6251762715,0,0,1,0,0,0,0,0,1,0,0,4,2,"Asia","Developing"
2009,5762,"KHM","Cambodia",522,5591.46045608928,9645.93372,9360.44029112082,0,0,1,0,0,0,0,0,1,0,0,4,2,"Asia","Developing"
2010,5107,"KHM","Cambodia",522,5435.29161345253,8387.07289,8926.21635802469,0,0,1,0,0,0,0,0,1,0,0,4,2,"Asia","Developing"
2011,3728,"KHM","Cambodia",522,3962.16388564141,6360.48992,6760.00629184823,0,0,1,0,0,0,0,0,1,0,0,4,2,"Asia","Developing"
2012,3527,"KHM","Cambodia",522,3847.91621208815,6103.61458,6658.97292166703,0,0,1,0,0,0,0,0,1,0,0,4,2,"Asia","Developing"
2013,5544,"KHM","Cambodia",522,6218.73247335951,8776.26288,9844.37787997757,0,0,1,0,0,0,0,0,1,0,0,4,2,"Asia","Developing"
2014,240,"KHM","Cambodia",522,242.64482863209,365.8128,369.844100697604,0,0,1,0,0,0,0,0,1,0,0,4,2,"Asia","Developing"
2015,0,"KHM","Cambodia",522,0,0,0,0,0,1,0,0,0,0,0,1,0,0,4,2,"Asia","Developing"
2016,0,"KHM","Cambodia",522,0,0,0,0,0,1,0,0,0,0,0,1,0,0,4,2,"Asia","Developing"
2017,0,"KHM","Cambodia",522,0,0,0,0,0,1,0,0,0,0,0,1,0,0,4,2,"Asia","Developing"
2018,3679.59816,"KHM","Cambodia",522,3735.63264974619,5044.177137636,5120.99201790457,0,0,1,0,0,0,0,0,1,0,0,4,2,"Asia","Developing"
2019,1225.69505,"KHM","Cambodia",522,1265.88696101214,1655.6811304905,1709.9727658048,0,0,1,0,0,0,0,0,1,0,0,4,2,"Asia","Developing"
2020,1166.99753,"KHM","Cambodia",522,1324.32765546981,1553.6938315408,1763.15686738629,0,0,1,0,0,0,0,0,1,0,0,4,2,"Asia","Developing"
2021,592.2475,"KHM","Cambodia",522,648.896132354552,840.215605775,920.58245401008,0,0,1,0,0,0,0,0,1,0,0,4,2,"Asia","Developing"
2022,104.854663,"KHM","Cambodia",522,113.972459782609,138.47945633084,150.521148185696,0,0,1,0,0,0,0,0,1,0,0,4,2,"Asia","Developing"
1987,18170,"LKA","Sri Lanka",524,14217.5273865415,24695.3921,19323.4679968701,0,0,1,0,0,0,0,0,1,0,0,4,2,"Asia","Developing"
1988,21215,"LKA","Sri Lanka",524,14105.7180851064,28940.86655,19242.5974401596,0,0,1,0,0,0,0,0,1,0,0,4,2,"Asia","Developing"
1989,44112,"LKA","Sri Lanka",524,28523.7633365664,58855.55376,38057.260756547,0,0,1,0,0,0,0,0,1,0,0,4,2,"Asia","Developing"
1990,38731,"LKA","Sri Lanka",524,29896.5650328059,54264.45486,41886.881404863,0,0,1,0,0,0,0,0,1,0,0,4,2,"Asia","Developing"
1991,49732,"LKA","Sri Lanka",524,36689.0446329768,71053.60036,52418.7387384729,0,0,1,0,0,0,0,0,1,0,0,4,2,"Asia","Developing"
1992,41061,"LKA","Sri Lanka",524,28201.2362637363,59266.62618,40705.1003983517,0,0,1,0,0,0,0,0,1,0,0,4,2,"Asia","Developing"
1993,18559,"LKA","Sri Lanka",524,12544.1027374113,27763.89282,18765.7268131125,0,0,1,0,0,0,0,0,1,0,0,4,2,"Asia","Developing"
1994,21759,"LKA","Sri Lanka",524,16590.9264201296,33337.39908,25419.290186809,0,0,1,0,0,0,0,0,1,0,0,4,2,"Asia","Developing"
1995,21304,"LKA","Sri Lanka",524,18517.1664493698,33890.61624,29457.293559322,0,0,1,0,0,0,0,0,1,0,0,4,2,"Asia","Developing"
1996,21602,"LKA","Sri Lanka",524,16044.266191325,34112.36626,25335.9820707071,0,0,1,0,0,0,0,0,1,0,0,4,2,"Asia","Developing"
1997,24449,"LKA","Sri Lanka",524,16799.9725142582,37952.67168,26078.9333333333,0,0,1,0,0,0,0,0,1,0,0,4,2,"Asia","Developing"
1998,25164,"LKA","Sri Lanka",524,18281.1478387214,39767.42412,28890.2463639666,0,0,1,0,0,0,0,0,1,0,0,4,2,"Asia","Developing"
1999,37498,"LKA","Sri Lanka",524,23442.1105276319,50685.67162,31686.4663790948,0,0,1,0,0,0,0,0,1,0,0,4,2,"Asia","Developing"
2000,33683,"LKA","Sri Lanka",524,20582.3403605255,45936.53857,28069.9899602811,0,0,1,0,0,0,0,0,1,0,0,4,2,"Asia","Developing"
2001,51294,"LKA","Sri Lanka",524,30581.2913611161,71465.3655,42607.384188875,0,0,1,0,0,0,0,0,1,0,0,4,2,"Asia","Developing"
2002,33543,"LKA","Sri Lanka",524,24187.337755985,47612.94678,34332.9584511105,0,0,1,0,0,0,0,0,1,0,0,4,2,"Asia","Developing"
2003,24365,"LKA","Sri Lanka",524,19698.4396475059,33702.6426,27247.669658016,0,0,1,0,0,0,0,0,1,0,0,4,2,"Asia","Developing"
2004,25475,"LKA","Sri Lanka",524,22512.3718628491,36109.02925,31909.7112495581,0,0,1,0,0,0,0,0,1,0,0,4,2,"Asia","Developing"
2005,69245,"LKA","Sri Lanka",524,52685.8403713003,100336.005,76341.7826980142,0,0,1,0,0,0,0,0,1,0,0,4,2,"Asia","Developing"
2006,59550,"LKA","Sri Lanka",524,48799.4755388019,89535.807,73371.9634516103,0,0,1,0,0,0,0,0,1,0,0,4,2,"Asia","Developing"
2007,67137,"LKA","Sri Lanka",524,59650.8218569525,105472.227,93711.4411372723,0,0,1,0,0,0,0,0,1,0,0,4,2,"Asia","Developing"
2008,36097,"LKA","Sri Lanka",524,33935.3201090533,59217.1285,55670.8926389019,0,0,1,0,0,0,0,0,1,0,0,4,2,"Asia","Developing"
2009,8223,"LKA","Sri Lanka",524,7979.62154294032,13765.79538,13358.3652401747,0,0,1,0,0,0,0,0,1,0,0,4,2,"Asia","Developing"
2010,6189,"LKA","Sri Lanka",524,6586.84546615581,10164.00903,10817.3787037037,0,0,1,0,0,0,0,0,1,0,0,4,2,"Asia","Developing"
2011,9028,"LKA","Sri Lanka",524,9595.06855138697,15403.03192,16370.5302582634,0,0,1,0,0,0,0,0,1,0,0,4,2,"Asia","Developing"
2012,11888,"LKA","Sri Lanka",524,12969.6705214925,20572.65952,22444.5336242636,0,0,1,0,0,0,0,0,1,0,0,4,2,"Asia","Developing"
2013,9784,"LKA","Sri Lanka",524,10974.7616376893,15488.26768,17373.2671676949,0,0,1,0,0,0,0,0,1,0,0,4,2,"Asia","Developing"
2014,7136,"LKA","Sri Lanka",524,7214.63957132747,10876.83392,10996.6979274088,0,0,1,0,0,0,0,0,1,0,0,4,2,"Asia","Developing"
2015,1232.88423,"LKA","Sri Lanka",524,1242.70157242213,1656.4662649011,1669.65655165921,0,0,1,0,0,0,0,0,1,0,0,4,2,"Asia","Developing"
2016,1602.02592,"LKA","Sri Lanka",524,1576.79716535433,2139.0410286432,2105.35534315276,0,0,1,0,0,0,0,0,1,0,0,4,2,"Asia","Developing"
2017,2550.132,"LKA","Sri Lanka",524,2614.71547216241,3451.603662,3539.01739157182,0,0,1,0,0,0,0,0,1,0,0,4,2,"Asia","Developing"
2018,6164.01812,"LKA","Sri Lanka",524,6257.88641624365,8449.944239802,8578.62359370761,0,0,1,0,0,0,0,0,1,0,0,4,2,"Asia","Developing"
2019,8303.613361,"LKA","Sri Lanka",524,8575.89812651691,11216.6039641724,11584.4089482803,0,0,1,0,0,0,0,0,1,0,0,4,2,"Asia","Developing"
2020,2045.60481,"LKA","Sri Lanka",524,2321.38539491602,2723.4364198416,3090.5996593754,0,0,1,0,0,0,0,0,1,0,0,4,2,"Asia","Developing"
2021,12.585178,"LKA","Sri Lanka",524,13.7889536539936,17.85446617682,19.5622506593842,0,0,1,0,0,0,0,0,1,0,0,4,2,"Asia","Developing"
2022,11250.55226,"LKA","Sri Lanka",524,12228.8611521739,14858.3793587368,16150.412346453,0,0,1,0,0,0,0,0,1,0,0,4,2,"Asia","Developing"
1987,160334,"TWN","Taiwan",528,125456.96400626,217914.74942,170512.323489828,0,0,1,0,0,0,0,0,1,0,0,4,2,"Asia","Developing"
1988,216109,"TWN","Taiwan",528,143689.494680851,294809.41453,196016.897958777,0,0,1,0,0,0,0,0,1,0,0,4,2,"Asia","Developing"
1989,288959,"TWN","Taiwan",528,186847.074038151,385537.76657,249296.971593922,0,0,1,0,0,0,0,0,1,0,0,4,2,"Asia","Developing"
1990,296506,"TWN","Taiwan",528,228873.793901968,415422.69636,320665.917684292,0,0,1,0,0,0,0,0,1,0,0,4,2,"Asia","Developing"
1991,585293,"TWN","Taiwan",528,431791.220951678,836225.66789,616913.071110292,0,0,1,0,0,0,0,0,1,0,0,4,2,"Asia","Developing"
1992,645874,"TWN","Taiwan",528,443594.78021978,932241.61412,640275.833873626,0,0,1,0,0,0,0,0,1,0,0,4,2,"Asia","Developing"
1993,603944,"TWN","Taiwan",528,408208.178438662,903488.14512,610671.270780669,0,0,1,0,0,0,0,0,1,0,0,4,2,"Asia","Developing"
1994,641329,"TWN","Taiwan",528,489004.193671369,982592.98748,749213.105207777,0,0,1,0,0,0,0,0,1,0,0,4,2,"Asia","Developing"
1995,824968,"TWN","Taiwan",528,717051.716644937,1312367.34408,1140693.04135593,0,0,1,0,0,0,0,0,1,0,0,4,2,"Asia","Developing"
1996,1149027,"TWN","Taiwan",528,853406.862745098,1814463.00651,1347640.37916667,0,0,1,0,0,0,0,0,1,0,0,4,2,"Asia","Developing"
1997,1539496,"TWN","Taiwan",528,1057854.73785474,2389790.43072,1642129.06666667,0,0,1,0,0,0,0,0,1,0,0,4,2,"Asia","Developing"
1998,1218637,"TWN","Taiwan",528,885315.655648384,1925848.61021,1399090.89009081,0,0,1,0,0,0,0,0,1,0,0,4,2,"Asia","Developing"
1999,1966244,"TWN","Taiwan",528,1229209.80245061,2657752.35236,1661510.59787447,0,0,1,0,0,0,0,0,1,0,0,4,2,"Asia","Developing"
2000,2003376,"TWN","Taiwan",528,1224183.31805683,2732184.15504,1669528.96733272,0,0,1,0,0,0,0,0,1,0,0,4,2,"Asia","Developing"
2001,1953169,"TWN","Taiwan",528,1164472.06820485,2721252.70925,1622400.70902641,0,0,1,0,0,0,0,0,1,0,0,4,2,"Asia","Developing"
2002,1427077,"TWN","Taiwan",528,1029043.12085376,2025678.71842,1460685.54832708,0,0,1,0,0,0,0,0,1,0,0,4,2,"Asia","Developing"
2003,1180899,"TWN","Taiwan",528,954724.71501334,1633466.73276,1320613.41479505,0,0,1,0,0,0,0,0,1,0,0,4,2,"Asia","Developing"
2004,926747,"TWN","Taiwan",528,818970.48427006,1313599.00021,1160833.33351891,0,0,1,0,0,0,0,0,1,0,0,4,2,"Asia","Developing"
2005,960282,"TWN","Taiwan",528,730641.406071673,1391448.618,1058699.39739785,0,0,1,0,0,0,0,0,1,0,0,4,2,"Asia","Developing"
2006,1090209,"TWN","Taiwan",528,893394.247316234,1639172.83986,1343253.98660985,0,0,1,0,0,0,0,0,1,0,0,4,2,"Asia","Developing"
2007,1059406,"TWN","Taiwan",528,941275.877387828,1664326.826,1478744.40337628,0,0,1,0,0,0,0,0,1,0,0,4,2,"Asia","Developing"
2008,787156,"TWN","Taiwan",528,740016.922064492,1291329.418,1213997.7606468,0,0,1,0,0,0,0,0,1,0,0,4,2,"Asia","Developing"
2009,643403,"TWN","Taiwan",528,624360.019408054,1077095.22618,1045216.13409025,0,0,1,0,0,0,0,0,1,0,0,4,2,"Asia","Developing"
2010,512353,"TWN","Taiwan",528,545288.420604513,841421.96131,895510.814506173,0,0,1,0,0,0,0,0,1,0,0,4,2,"Asia","Developing"
2011,433202,"TWN","Taiwan",528,460412.371134021,739103.26028,785527.962886598,0,0,1,0,0,0,0,0,1,0,0,4,2,"Asia","Developing"
2012,390135,"TWN","Taiwan",528,425632.773292603,675144.2229,736574.539493781,0,0,1,0,0,0,0,0,1,0,0,4,2,"Asia","Developing"
2013,433041,"TWN","Taiwan",528,485744.251261918,685512.56382,768942.864632642,0,0,1,0,0,0,0,0,1,0,0,4,2,"Asia","Developing"
2014,332092,"TWN","Taiwan",528,335751.6934587,506181.26824,511759.446203619,0,0,1,0,0,0,0,0,1,0,0,4,2,"Asia","Developing"
2015,187970.0629,"TWN","Taiwan",528,189466.851023082,252550.937410553,254561.977029083,0,0,1,0,0,0,0,0,1,0,0,4,2,"Asia","Developing"
2016,278064.51901,"TWN","Taiwan",528,273685.550206693,371274.526427342,365427.683491478,0,0,1,0,0,0,0,0,1,0,0,4,2,"Asia","Developing"
2017,392385.32843,"TWN","Taiwan",528,402322.699097714,531093.542030005,544543.773228755,0,0,1,0,0,0,0,0,1,0,0,4,2,"Asia","Developing"
2018,287969.59664,"TWN","Taiwan",528,292354.920446701,394763.121553944,400774.742694359,0,0,1,0,0,0,0,0,1,0,0,4,2,"Asia","Developing"
2019,351304.329346,"TWN","Taiwan",528,362823.991062226,474545.40112387,490106.275366765,0,0,1,0,0,0,0,0,1,0,0,4,2,"Asia","Developing"
2020,152100.59615,"TWN","Taiwan",528,172606.214423513,202500.649690264,229801.009634889,0,0,1,0,0,0,0,0,1,0,0,4,2,"Asia","Developing"
2021,153206.41874,"TWN","Taiwan",528,167860.653818341,217352.414202251,238142.230965542,0,0,1,0,0,0,0,0,1,0,0,4,2,"Asia","Developing"
2022,474693.21303,"TWN","Taiwan",528,515970.883728261,626917.83258446,681432.42672224,0,0,1,0,0,0,0,0,1,0,0,4,2,"Asia","Developing"
1987,,"CUW","Curacao",531,,,,0,0,0,1,0,0,0,0,0,0,0,8,3,"OFC","OFC"
1988,,"CUW","Curacao",531,,,,0,0,0,1,0,0,0,0,0,0,0,8,3,"OFC","OFC"
1989,,"CUW","Curacao",531,,,,0,0,0,1,0,0,0,0,0,0,0,8,3,"OFC","OFC"
1990,,"CUW","Curacao",531,,,,0,0,0,1,0,0,0,0,0,0,0,8,3,"OFC","OFC"
1991,,"CUW","Curacao",531,,,,0,0,0,1,0,0,0,0,0,0,0,8,3,"OFC","OFC"
1992,,"CUW","Curacao",531,,,,0,0,0,1,0,0,0,0,0,0,0,8,3,"OFC","OFC"
1993,,"CUW","Curacao",531,,,,0,0,0,1,0,0,0,0,0,0,0,8,3,"OFC","OFC"
1994,,"CUW","Curacao",531,,,,0,0,0,1,0,0,0,0,0,0,0,8,3,"OFC","OFC"
1995,,"CUW","Curacao",531,,,,0,0,0,1,0,0,0,0,0,0,0,8,3,"OFC","OFC"
1996,,"CUW","Curacao",531,,,,0,0,0,1,0,0,0,0,0,0,0,8,3,"OFC","OFC"
1997,,"CUW","Curacao",531,,,,0,0,0,1,0,0,0,0,0,0,0,8,3,"OFC","OFC"
1998,,"CUW","Curacao",531,,,,0,0,0,1,0,0,0,0,0,0,0,8,3,"OFC","OFC"
1999,,"CUW","Curacao",531,,,,0,0,0,1,0,0,0,0,0,0,0,8,3,"OFC","OFC"
2000,,"CUW","Curacao",531,,,,0,0,0,1,0,0,0,0,0,0,0,8,3,"OFC","OFC"
2001,,"CUW","Curacao",531,,,,0,0,0,1,0,0,0,0,0,0,0,8,3,"OFC","OFC"
2002,,"CUW","Curacao",531,,,,0,0,0,1,0,0,0,0,0,0,0,8,3,"OFC","OFC"
2003,,"CUW","Curacao",531,,,,0,0,0,1,0,0,0,0,0,0,0,8,3,"OFC","OFC"
2004,,"CUW","Curacao",531,,,,0,0,0,1,0,0,0,0,0,0,0,8,3,"OFC","OFC"
2005,,"CUW","Curacao",531,,,,0,0,0,1,0,0,0,0,0,0,0,8,3,"OFC","OFC"
2006,,"CUW","Curacao",531,,,,0,0,0,1,0,0,0,0,0,0,0,8,3,"OFC","OFC"
2007,,"CUW","Curacao",531,,,,0,0,0,1,0,0,0,0,0,0,0,8,3,"OFC","OFC"
2008,,"CUW","Curacao",531,,,,0,0,0,1,0,0,0,0,0,0,0,8,3,"OFC","OFC"
2009,,"CUW","Curacao",531,,,,0,0,0,1,0,0,0,0,0,0,0,8,3,"OFC","OFC"
2010,,"CUW","Curacao",531,,,,0,0,0,1,0,0,0,0,0,0,0,8,3,"OFC","OFC"
2011,,"CUW","Curacao",531,,,,0,0,0,1,0,0,0,0,0,0,0,8,3,"OFC","OFC"
2012,338747,"CUW","Curacao",531,369569.059567969,586215.23338,639554.040344752,0,0,0,1,0,0,0,0,0,0,0,8,3,"OFC","OFC"
2013,112681,"CUW","Curacao",531,126394.840157039,178376.27662,200085.559865395,0,0,0,1,0,0,0,0,0,0,0,8,3,"OFC","OFC"
2014,695595,"CUW","Curacao",531,703260.539884744,1060239.8109,1071923.78010312,0,0,0,1,0,0,0,0,0,0,0,8,3,"OFC","OFC"
2015,201230.8845,"CUW","Curacao",531,202833.267311763,270367.779487665,272520.692962065,0,0,0,1,0,0,0,0,0,0,0,8,3,"OFC","OFC"
2016,109589.57857,"CUW","Curacao",531,107863.758435039,146325.10120245,144020.768900049,0,0,0,1,0,0,0,0,0,0,0,8,3,"OFC","OFC"
2017,119194.85408,"CUW","Curacao",531,122213.528227212,161330.23499728,165416.010455532,0,0,0,1,0,0,0,0,0,0,0,8,3,"OFC","OFC"
2018,152522.71241,"CUW","Curacao",531,154845.393309645,209085.760307249,212269.807418526,0,0,0,1,0,0,0,0,0,0,0,8,3,"OFC","OFC"
2019,196090.650805,"CUW","Curacao",531,202520.682473535,264881.212013902,273566.963092075,0,0,0,1,0,0,0,0,0,0,0,8,3,"OFC","OFC"
2020,69444.39122,"CUW","Curacao",531,78806.6173626872,92455.4846946592,104919.978091987,0,0,0,1,0,0,0,0,0,0,0,8,3,"OFC","OFC"
2021,52752.48367,"CUW","Curacao",531,57798.2728936124,74839.4210577923,81997.8317714389,0,0,0,1,0,0,0,0,0,0,0,8,3,"OFC","OFC"
2022,163654.67355,"CUW","Curacao",531,177885.514728261,216135.454264014,234929.84159132,0,0,0,1,0,0,0,0,0,0,0,8,3,"OFC","OFC"
1987,1890334,"HKG","China, Hong Kong Special Administrative Region",532,1479134.58528951,2569209.64942,2010336.18890454,0,0,0,1,0,0,0,0,0,0,0,8,3,"OFC","OFC"
1988,2703366,"HKG","China, Hong Kong Special Administrative Region",532,1797450.79787234,3687850.79622,2452028.45493351,0,0,0,1,0,0,0,0,0,0,0,8,3,"OFC","OFC"
1989,3519810,"HKG","China, Hong Kong Special Administrative Region",532,2275984.48108632,4696236.0963,3036686.77419981,0,0,0,1,0,0,0,0,0,0,0,8,3,"OFC","OFC"
1990,3121940,"HKG","China, Hong Kong Special Administrative Region",532,2409834.04091085,4374025.2564,3376322.08135855,0,0,0,1,0,0,0,0,0,0,0,8,3,"OFC","OFC"
1991,3072512,"HKG","China, Hong Kong Special Administrative Region",532,2266700.11066027,4389790.06976,3238502.44910365,0,0,0,1,0,0,0,0,0,0,0,8,3,"OFC","OFC"
1992,2517586,"HKG","China, Hong Kong Special Administrative Region",532,1729111.26373626,3633833.28068,2495764.61585165,0,0,0,1,0,0,0,0,0,0,0,8,3,"OFC","OFC"
1993,2295638,"HKG","China, Hong Kong Special Administrative Region",532,1551630.95640419,3434228.53524,2321208.87816154,0,0,0,1,0,0,0,0,0,0,0,8,3,"OFC","OFC"
1994,2059041,"HKG","China, Hong Kong Special Administrative Region",532,1569989.32520015,3154697.89692,2405412.04492566,0,0,0,1,0,0,0,0,0,0,0,8,3,"OFC","OFC"
1995,2195543,"HKG","China, Hong Kong Special Administrative Region",532,1908338.11386354,3492691.75983,3035803.35491525,0,0,0,1,0,0,0,0,0,0,0,8,3,"OFC","OFC"
1996,3001898,"HKG","China, Hong Kong Special Administrative Region",532,2229573.67795603,4740387.18874,3520786.68207071,0,0,0,1,0,0,0,0,0,0,0,8,3,"OFC","OFC"
1997,4116179,"HKG","China, Hong Kong Special Administrative Region",532,2828405.82697726,6389626.98528,4390590.93333333,0,0,0,1,0,0,0,0,0,0,0,8,3,"OFC","OFC"
1998,4151556,"HKG","China, Hong Kong Special Administrative Region",532,3016023.24736651,6560828.49348,4766312.01851072,0,0,0,1,0,0,0,0,0,0,0,8,3,"OFC","OFC"
1999,5461821,"HKG","China, Hong Kong Special Administrative Region",532,3414491.74793698,7382688.82749,4615334.35076894,0,0,0,1,0,0,0,0,0,0,0,8,3,"OFC","OFC"
2000,5510256,"HKG","China, Hong Kong Special Administrative Region",532,3367098.0751604,7514832.03024,4592014.68392301,0,0,0,1,0,0,0,0,0,0,0,8,3,"OFC","OFC"
2001,6799474,"HKG","China, Hong Kong Special Administrative Region",532,4053821.0218804,9473367.1505,5647986.13873487,0,0,0,1,0,0,0,0,0,0,0,8,3,"OFC","OFC"
2002,4584679,"HKG","China, Hong Kong Special Administrative Region",532,3305941.01528699,6507768.45334,4692651.03355927,0,0,0,1,0,0,0,0,0,0,0,8,3,"OFC","OFC"
2003,4427576,"HKG","China, Hong Kong Special Administrative Region",532,3579574.74330989,6124400.22624,4951410.96793597,0,0,0,1,0,0,0,0,0,0,0,8,3,"OFC","OFC"
2004,4342320,"HKG","China, Hong Kong Special Administrative Region",532,3837327.6776246,6154934.6376,5439143.37009544,0,0,0,1,0,0,0,0,0,0,0,8,3,"OFC","OFC"
2005,4142516,"HKG","China, Hong Kong Special Administrative Region",532,3151880.08825991,6002505.684,4567074.24788861,0,0,0,1,0,0,0,0,0,0,0,8,3,"OFC","OFC"
2006,4370238,"HKG","China, Hong Kong Special Administrative Region",532,3581281.65205277,6570827.64252,5384600.21512743,0,0,0,1,0,0,0,0,0,0,0,8,3,"OFC","OFC"
2007,4275842,"HKG","China, Hong Kong Special Administrative Region",532,3799059.97334518,6717347.782,5968323.21812528,0,0,0,1,0,0,0,0,0,0,0,8,3,"OFC","OFC"
2008,3073481,"HKG","China, Hong Kong Special Administrative Region",532,2889424.64980728,5042045.5805,4740101.13800884,0,0,0,1,0,0,0,0,0,0,0,8,3,"OFC","OFC"
2009,1835685,"HKG","China, Hong Kong Special Administrative Region",532,1781353.71179039,3073046.8311,2982092.99475983,0,0,0,1,0,0,0,0,0,0,0,8,3,"OFC","OFC"
2010,1547418,"HKG","China, Hong Kong Special Administrative Region",532,1646890.1660281,2541278.15886,2704638.31296296,0,0,0,1,0,0,0,0,0,0,0,8,3,"OFC","OFC"
2011,1299787,"HKG","China, Hong Kong Special Administrative Region",532,1381429.48241046,2217618.59218,2356912.09711978,0,0,0,1,0,0,0,0,0,0,0,8,3,"OFC","OFC"
2012,1197558,"HKG","China, Hong Kong Special Administrative Region",532,1306521.92886755,2072422.02132,2260988.45878246,0,0,0,1,0,0,0,0,0,0,0,8,3,"OFC","OFC"
2013,1051320,"HKG","China, Hong Kong Special Administrative Region",532,1179270.89175547,1664260.5864,1866809.40706674,0,0,0,1,0,0,0,0,0,0,0,8,3,"OFC","OFC"
2014,1198231,"HKG","China, Hong Kong Special Administrative Region",532,1211435.64856941,1826367.65482,1846494.44426246,0,0,0,1,0,0,0,0,0,0,0,8,3,"OFC","OFC"
2015,1129202.46241,"HKG","China, Hong Kong Special Administrative Region",532,1138194.19656285,1517162.5524202,1529243.57667594,0,0,0,1,0,0,0,0,0,0,0,8,3,"OFC","OFC"
2016,1298516.563774,"HKG","China, Hong Kong Special Administrative Region",532,1278067.48402953,1733792.30111668,1706488.48535107,0,0,0,1,0,0,0,0,0,0,0,8,3,"OFC","OFC"
2017,2333427.694071,"HKG","China, Hong Kong Special Administrative Region",532,2392523.01247924,3158294.3839251,3238279.89739065,0,0,0,1,0,0,0,0,0,0,0,8,3,"OFC","OFC"
2018,2380248.089497,"HKG","China, Hong Kong Special Administrative Region",532,2416495.52233198,3262963.09348696,3312652.88678879,0,0,0,1,0,0,0,0,0,0,0,8,3,"OFC","OFC"
2019,3047290.313376,"HKG","China, Hong Kong Special Administrative Region",532,3147214.36961115,4116310.22821144,4251288.64261444,0,0,0,1,0,0,0,0,0,0,0,8,3,"OFC","OFC"
2020,1802736.657153,"HKG","China, Hong Kong Special Administrative Region",532,2045774.69036882,2400091.47586722,2723662.59176943,0,0,0,1,0,0,0,0,0,0,0,8,3,"OFC","OFC"
2021,1097505.376002,"HKG","China, Hong Kong Special Administrative Region",532,1202482.0598247,1557019.90188028,1705949.2734527,0,0,0,1,0,0,0,0,0,0,0,8,3,"OFC","OFC"
2022,2676798.015354,"HKG","China, Hong Kong Special Administrative Region",532,2909563.06016739,3535193.60291772,3842601.74230187,0,0,0,1,0,0,0,0,0,0,0,8,3,"OFC","OFC"
1987,1582787,"IND","India",534,1238487.48043818,2151213.29531,1683265.48928795,0,0,1,0,0,0,0,0,1,0,0,4,2,"Asia","Developing"
1987,,"SXM","Sint Maarten (Dutch part)",534,,,,0,0,0,1,0,0,0,0,0,0,0,8,3,"OFC","OFC"
1988,1215496,"IND","India",534,808175.531914894,1658143.17832,1102488.81537234,0,0,1,0,0,0,0,0,1,0,0,4,2,"Asia","Developing"
1988,,"SXM","Sint Maarten (Dutch part)",534,,,,0,0,0,1,0,0,0,0,0,0,0,8,3,"OFC","OFC"
1989,1581443,"IND","India",534,1022594.89169091,2110008.69389,1364376.78234077,0,0,1,0,0,0,0,0,1,0,0,4,2,"Asia","Developing"
1989,,"SXM","Sint Maarten (Dutch part)",534,,,,0,0,0,1,0,0,0,0,0,0,0,8,3,"OFC","OFC"
1990,1410068,"IND","India",534,1088435.3531455,1975589.87208,1524963.23587804,0,0,1,0,0,0,0,0,1,0,0,4,2,"Asia","Developing"
1990,,"SXM","Sint Maarten (Dutch part)",534,,,,0,0,0,1,0,0,0,0,0,0,0,8,3,"OFC","OFC"
1991,1255275,"IND","India",534,926060.494282553,1793449.05075,1323090.40999631,0,0,1,0,0,0,0,0,1,0,0,4,2,"Asia","Developing"
1991,,"SXM","Sint Maarten (Dutch part)",534,,,,0,0,0,1,0,0,0,0,0,0,0,8,3,"OFC","OFC"
1992,1229276,"IND","India",534,844282.967032967,1774312.39288,1218621.14895604,0,0,1,0,0,0,0,0,1,0,0,4,2,"Asia","Developing"
1992,,"SXM","Sint Maarten (Dutch part)",534,,,,0,0,0,1,0,0,0,0,0,0,0,8,3,"OFC","OFC"
1993,1091946,"IND","India",534,738050.692801622,1633529.37708,1104109.07541737,0,0,1,0,0,0,0,0,1,0,0,4,2,"Asia","Developing"
1993,,"SXM","Sint Maarten (Dutch part)",534,,,,0,0,0,1,0,0,0,0,0,0,0,8,3,"OFC","OFC"
1994,916082,"IND","India",534,698499.428135722,1403547.55384,1070184.9438353,0,0,1,0,0,0,0,0,1,0,0,4,2,"Asia","Developing"
1994,,"SXM","Sint Maarten (Dutch part)",534,,,,0,0,0,1,0,0,0,0,0,0,0,8,3,"OFC","OFC"
1995,723372,"IND","India",534,628745.762711864,1150747.41132,1000215.04677966,0,0,1,0,0,0,0,0,1,0,0,4,2,"Asia","Developing"
1995,,"SXM","Sint Maarten (Dutch part)",534,,,,0,0,0,1,0,0,0,0,0,0,0,8,3,"OFC","OFC"
1996,980087,"IND","India",534,727931.521093286,1547684.78431,1149498.50290404,0,0,1,0,0,0,0,0,1,0,0,4,2,"Asia","Developing"
1996,,"SXM","Sint Maarten (Dutch part)",534,,,,0,0,0,1,0,0,0,0,0,0,0,8,3,"OFC","OFC"
1997,954299,"IND","India",534,655740.397168969,1481377.42368,1017918.93333333,0,0,1,0,0,0,0,0,1,0,0,4,2,"Asia","Developing"
1997,,"SXM","Sint Maarten (Dutch part)",534,,,,0,0,0,1,0,0,0,0,0,0,0,8,3,"OFC","OFC"
1998,1108592,"IND","India",534,805370.14166364,1751941.19536,1272750.5959753,0,0,1,0,0,0,0,0,1,0,0,4,2,"Asia","Developing"
1998,,"SXM","Sint Maarten (Dutch part)",534,,,,0,0,0,1,0,0,0,0,0,0,0,8,3,"OFC","OFC"
1999,1449957,"IND","India",534,906449.737434359,1959892.37733,1225239.04559265,0,0,1,0,0,0,0,0,1,0,0,4,2,"Asia","Developing"
1999,,"SXM","Sint Maarten (Dutch part)",534,,,,0,0,0,1,0,0,0,0,0,0,0,8,3,"OFC","OFC"
2000,1519218,"IND","India",534,928333.638863428,2071894.31622,1266052.13334555,0,0,1,0,0,0,0,0,1,0,0,4,2,"Asia","Developing"
2000,,"SXM","Sint Maarten (Dutch part)",534,,,,0,0,0,1,0,0,0,0,0,0,0,8,3,"OFC","OFC"
2001,1312998,"IND","India",534,782804.507243785,1829334.4635,1090642.3797174,0,0,1,0,0,0,0,0,1,0,0,4,2,"Asia","Developing"
2001,,"SXM","Sint Maarten (Dutch part)",534,,,,0,0,0,1,0,0,0,0,0,0,0,8,3,"OFC","OFC"
2002,1086067,"IND","India",534,783146.09172195,1541628.66382,1111644.55135564,0,0,1,0,0,0,0,0,1,0,0,4,2,"Asia","Developing"
2002,,"SXM","Sint Maarten (Dutch part)",534,,,,0,0,0,1,0,0,0,0,0,0,0,8,3,"OFC","OFC"
2003,916984,"IND","India",534,741356.617349826,1268408.94816,1025474.12738297,0,0,1,0,0,0,0,0,1,0,0,4,2,"Asia","Developing"
2003,,"SXM","Sint Maarten (Dutch part)",534,,,,0,0,0,1,0,0,0,0,0,0,0,8,3,"OFC","OFC"
2004,918785,"IND","India",534,811934.4291269,1302313.42255,1150860.21787734,0,0,1,0,0,0,0,0,1,0,0,4,2,"Asia","Developing"
2004,,"SXM","Sint Maarten (Dutch part)",534,,,,0,0,0,1,0,0,0,0,0,0,0,8,3,"OFC","OFC"
2005,1150884,"IND","India",534,875663.09061858,1667630.916,1268835.81830632,0,0,1,0,0,0,0,0,1,0,0,4,2,"Asia","Developing"
2005,,"SXM","Sint Maarten (Dutch part)",534,,,,0,0,0,1,0,0,0,0,0,0,0,8,3,"OFC","OFC"
2006,1473852,"IND","India",534,1207778.41514382,2215995.43608,1815943.15830534,0,0,1,0,0,0,0,0,1,0,0,4,2,"Asia","Developing"
2006,,"SXM","Sint Maarten (Dutch part)",534,,,,0,0,0,1,0,0,0,0,0,0,0,8,3,"OFC","OFC"
2007,1383387,"IND","India",534,1229131.05286539,2173300.977,1930964.88405153,0,0,1,0,0,0,0,0,1,0,0,4,2,"Asia","Developing"
2007,,"SXM","Sint Maarten (Dutch part)",534,,,,0,0,0,1,0,0,0,0,0,0,0,8,3,"OFC","OFC"
2008,815163,"IND","India",534,766346.714299144,1337274.9015,1257191.78480775,0,0,1,0,0,0,0,0,1,0,0,4,2,"Asia","Developing"
2008,,"SXM","Sint Maarten (Dutch part)",534,,,,0,0,0,1,0,0,0,0,0,0,0,8,3,"OFC","OFC"
2009,573578,"IND","India",534,556601.649684619,960203.98668,931784.557671034,0,0,1,0,0,0,0,0,1,0,0,4,2,"Asia","Developing"
2009,,"SXM","Sint Maarten (Dutch part)",534,,,,0,0,0,1,0,0,0,0,0,0,0,8,3,"OFC","OFC"
2010,287252,"IND","India",534,305717.326521924,471745.34204,502070.39382716,0,0,1,0,0,0,0,0,1,0,0,4,2,"Asia","Developing"
2010,,"SXM","Sint Maarten (Dutch part)",534,,,,0,0,0,1,0,0,0,0,0,0,0,8,3,"OFC","OFC"
2011,157758,"IND","India",534,167667.12721862,269157.23412,286063.592432777,0,0,1,0,0,0,0,0,1,0,0,4,2,"Asia","Developing"
2011,,"SXM","Sint Maarten (Dutch part)",534,,,,0,0,0,1,0,0,0,0,0,0,0,8,3,"OFC","OFC"
2012,77428,"IND","India",534,84473.0525856426,133992.25112,146183.996421558,0,0,1,0,0,0,0,0,1,0,0,4,2,"Asia","Developing"
2012,69737,"SXM","Sint Maarten (Dutch part)",534,76082.2605280384,120682.66798,131663.395134192,0,0,0,1,0,0,0,0,0,0,0,8,3,"OFC","OFC"
2013,77327,"IND","India",534,86738.0818844644,122410.18754,137308.118384745,0,0,1,0,0,0,0,0,1,0,0,4,2,"Asia","Developing"
2013,24479,"SXM","Sint Maarten (Dutch part)",534,27458.2164890634,38750.74658,43466.9058665171,0,0,0,1,0,0,0,0,0,0,0,8,3,"OFC","OFC"
2014,37921,"IND","India",534,38338.8939439895,57799.94662,58436.9089273077,0,0,1,0,0,0,0,0,1,0,0,4,2,"Asia","Developing"
2014,10600,"SXM","Sint Maarten (Dutch part)",534,10716.813264584,16156.732,16334.7811141442,0,0,0,1,0,0,0,0,0,0,0,8,3,"OFC","OFC"
2015,10887.61086,"IND","India",534,10974.3078923496,14628.2673231702,14744.7508549241,0,0,1,0,0,0,0,0,1,0,0,4,2,"Asia","Developing"
2015,1491.15733,"SXM","Sint Maarten (Dutch part)",534,1503.031277089,2003.4742538681,2019.42773295847,0,0,0,1,0,0,0,0,0,0,0,8,3,"OFC","OFC"
2016,10895.64604,"IND","India",534,10724.0610629921,14547.9755490684,14318.8735719177,0,0,1,0,0,0,0,0,1,0,0,4,2,"Asia","Developing"
2016,773.52344,"SXM","Sint Maarten (Dutch part)",534,761.341968503937,1032.8162323224,1016.55140976614,0,0,0,1,0,0,0,0,0,0,0,8,3,"OFC","OFC"
2017,16245.59775,"IND","India",534,16657.0262996001,21988.416554625,22545.2850965088,0,0,1,0,0,0,0,0,1,0,0,4,2,"Asia","Developing"
2017,0,"SXM","Sint Maarten (Dutch part)",534,0,0,0,0,0,0,1,0,0,0,0,0,0,0,8,3,"OFC","OFC"
2018,15153.58578,"IND","India",534,15384.3510456853,20773.293066513,21089.6376309777,0,0,1,0,0,0,0,0,1,0,0,4,2,"Asia","Developing"
2018,887.22,"SXM","Sint Maarten (Dutch part)",534,900.730964467005,1216.245537,1234.76704263959,0,0,0,1,0,0,0,0,0,0,0,8,3,"OFC","OFC"
2019,7426.834976,"IND","India",534,7670.3691980377,10032.2429539306,10361.2114164013,0,0,1,0,0,0,0,0,1,0,0,4,2,"Asia","Developing"
2019,726.2625,"SXM","Sint Maarten (Dutch part)",534,750.07745933385,981.042647625,1013.21213284276,0,0,0,1,0,0,0,0,0,0,0,8,3,"OFC","OFC"
2020,2043.68563,"IND","India",534,2319.20747843849,2720.8813003568,3087.70006849387,0,0,1,0,0,0,0,0,1,0,0,4,2,"Asia","Developing"
2020,0,"SXM","Sint Maarten (Dutch part)",534,0,0,0,0,0,0,1,0,0,0,0,0,0,0,8,3,"OFC","OFC"
2021,2998.49891,"IND","India",534,3285.3061356415,4253.9404186279,4660.83096157324,0,0,1,0,0,0,0,0,1,0,0,4,2,"Asia","Developing"
2021,0,"SXM","Sint Maarten (Dutch part)",534,0,0,0,0,0,0,1,0,0,0,0,0,0,0,8,3,"OFC","OFC"
2022,23672.21493,"IND","India",534,25730.6684021739,31263.4208137524,33981.979145383,0,0,1,0,0,0,0,0,1,0,0,4,2,"Asia","Developing"
2022,490.356,"SXM","Sint Maarten (Dutch part)",534,532.995652173913,647.60336208,703.916697913043,0,0,0,1,0,0,0,0,0,0,0,8,3,"OFC","OFC"
1987,,"BES","Bonaire, Sint Eustatius and Saba",535,,,,0,0,0,1,0,0,0,0,0,0,0,8,3,"OFC","OFC"
1988,,"BES","Bonaire, Sint Eustatius and Saba",535,,,,0,0,0,1,0,0,0,0,0,0,0,8,3,"OFC","OFC"
1989,,"BES","Bonaire, Sint Eustatius and Saba",535,,,,0,0,0,1,0,0,0,0,0,0,0,8,3,"OFC","OFC"
1990,,"BES","Bonaire, Sint Eustatius and Saba",535,,,,0,0,0,1,0,0,0,0,0,0,0,8,3,"OFC","OFC"
1991,,"BES","Bonaire, Sint Eustatius and Saba",535,,,,0,0,0,1,0,0,0,0,0,0,0,8,3,"OFC","OFC"
1992,,"BES","Bonaire, Sint Eustatius and Saba",535,,,,0,0,0,1,0,0,0,0,0,0,0,8,3,"OFC","OFC"
1993,,"BES","Bonaire, Sint Eustatius and Saba",535,,,,0,0,0,1,0,0,0,0,0,0,0,8,3,"OFC","OFC"
1994,,"BES","Bonaire, Sint Eustatius and Saba",535,,,,0,0,0,1,0,0,0,0,0,0,0,8,3,"OFC","OFC"
1995,,"BES","Bonaire, Sint Eustatius and Saba",535,,,,0,0,0,1,0,0,0,0,0,0,0,8,3,"OFC","OFC"
1996,,"BES","Bonaire, Sint Eustatius and Saba",535,,,,0,0,0,1,0,0,0,0,0,0,0,8,3,"OFC","OFC"
1997,,"BES","Bonaire, Sint Eustatius and Saba",535,,,,0,0,0,1,0,0,0,0,0,0,0,8,3,"OFC","OFC"
1998,,"BES","Bonaire, Sint Eustatius and Saba",535,,,,0,0,0,1,0,0,0,0,0,0,0,8,3,"OFC","OFC"
1999,,"BES","Bonaire, Sint Eustatius and Saba",535,,,,0,0,0,1,0,0,0,0,0,0,0,8,3,"OFC","OFC"
2000,,"BES","Bonaire, Sint Eustatius and Saba",535,,,,0,0,0,1,0,0,0,0,0,0,0,8,3,"OFC","OFC"
2001,,"BES","Bonaire, Sint Eustatius and Saba",535,,,,0,0,0,1,0,0,0,0,0,0,0,8,3,"OFC","OFC"
2002,,"BES","Bonaire, Sint Eustatius and Saba",535,,,,0,0,0,1,0,0,0,0,0,0,0,8,3,"OFC","OFC"
2003,,"BES","Bonaire, Sint Eustatius and Saba",535,,,,0,0,0,1,0,0,0,0,0,0,0,8,3,"OFC","OFC"
2004,,"BES","Bonaire, Sint Eustatius and Saba",535,,,,0,0,0,1,0,0,0,0,0,0,0,8,3,"OFC","OFC"
2005,,"BES","Bonaire, Sint Eustatius and Saba",535,,,,0,0,0,1,0,0,0,0,0,0,0,8,3,"OFC","OFC"
2006,,"BES","Bonaire, Sint Eustatius and Saba",535,,,,0,0,0,1,0,0,0,0,0,0,0,8,3,"OFC","OFC"
2007,,"BES","Bonaire, Sint Eustatius and Saba",535,,,,0,0,0,1,0,0,0,0,0,0,0,8,3,"OFC","OFC"
2008,,"BES","Bonaire, Sint Eustatius and Saba",535,,,,0,0,0,1,0,0,0,0,0,0,0,8,3,"OFC","OFC"
2009,,"BES","Bonaire, Sint Eustatius and Saba",535,,,,0,0,0,1,0,0,0,0,0,0,0,8,3,"OFC","OFC"
2010,,"BES","Bonaire, Sint Eustatius and Saba",535,,,,0,0,0,1,0,0,0,0,0,0,0,8,3,"OFC","OFC"
2011,,"BES","Bonaire, Sint Eustatius and Saba",535,,,,0,0,0,1,0,0,0,0,0,0,0,8,3,"OFC","OFC"
2012,3148,"BES","Bonaire, Sint Eustatius and Saba",535,3434.43159502509,5447.73992,5943.42125245472,0,0,0,1,0,0,0,0,0,0,0,8,3,"OFC","OFC"
2013,23882,"BES","Bonaire, Sint Eustatius and Saba",535,26788.5586090858,37805.68364,42406.824049355,0,0,0,1,0,0,0,0,0,0,0,8,3,"OFC","OFC"
2014,8204,"BES","Bonaire, Sint Eustatius and Saba",535,8294.40905874027,12504.70088,12642.5041755131,0,0,0,1,0,0,0,0,0,0,0,8,3,"OFC","OFC"
2015,9695.96325,"BES","Bonaire, Sint Eustatius and Saba",535,9773.17130329604,13027.2053438025,13130.9397679695,0,0,0,1,0,0,0,0,0,0,0,8,3,"OFC","OFC"
2016,1983.80229,"BES","Bonaire, Sint Eustatius and Saba",535,1952.56130905512,2648.7926556309,2607.07938546348,0,0,0,1,0,0,0,0,0,0,0,8,3,"OFC","OFC"
2017,3145.2205,"BES","Bonaire, Sint Eustatius and Saba",535,3224.87491028402,4257.05594675,4364.86819106941,0,0,0,1,0,0,0,0,0,0,0,8,3,"OFC","OFC"
2018,2634.08736,"BES","Bonaire, Sint Eustatius and Saba",535,2674.20036548223,3610.938657456,3665.92757102132,0,0,0,1,0,0,0,0,0,0,0,8,3,"OFC","OFC"
2019,3279.5024,"BES","Bonaire, Sint Eustatius and Saba",535,3387.04095016783,4429.984636944,4575.2487858962,0,0,0,1,0,0,0,0,0,0,0,8,3,"OFC","OFC"
2020,0,"BES","Bonaire, Sint Eustatius and Saba",535,0,0,0,0,0,0,1,0,0,0,0,0,0,0,8,3,"OFC","OFC"
2021,0,"BES","Bonaire, Sint Eustatius and Saba",535,0,0,0,0,0,0,1,0,0,0,0,0,0,0,8,3,"OFC","OFC"
2022,1387.04994,"BES","Bonaire, Sint Eustatius and Saba",535,1507.66297826087,1831.8491147592,1991.14034212957,0,0,0,1,0,0,0,0,0,0,0,8,3,"OFC","OFC"
1987,632469,"IDN","Indonesia",536,494889.671361502,859607.59197,672619.399037559,0,0,1,0,0,0,0,0,1,0,0,4,2,"Asia","Developing"
1988,742580,"IDN","Indonesia",536,493736.70212766,1013005.3586,673540.796941489,0,0,1,0,0,0,0,0,1,0,0,4,2,"Asia","Developing"
1989,743975,"IDN","Indonesia",536,481070.158422244,992633.76425,641858.23747171,0,0,1,0,0,0,0,0,1,0,0,4,2,"Asia","Developing"
1990,655577,"IDN","Indonesia",536,506041.682747974,918502.71162,708994.760030876,0,0,1,0,0,0,0,0,1,0,0,4,2,"Asia","Developing"
1991,653615,"IDN","Indonesia",536,482194.762080413,933839.35895,688926.122427149,0,0,1,0,0,0,0,0,1,0,0,4,2,"Asia","Developing"
1992,624088,"IDN","Indonesia",536,428631.868131868,900796.13744,618678.665824176,0,0,1,0,0,0,0,0,1,0,0,4,2,"Asia","Developing"
1993,514363,"IDN","Indonesia",536,347660.020277121,769476.76074,520092.437134167,0,0,1,0,0,0,0,0,1,0,0,4,2,"Asia","Developing"
1994,473153,"IDN","Indonesia",536,360772.398017537,724927.17436,552746.606450629,0,0,1,0,0,0,0,0,1,0,0,4,2,"Asia","Developing"
1995,420528,"IDN","Indonesia",536,365517.601043025,668980.14768,581469.054915254,0,0,1,0,0,0,0,0,1,0,0,4,2,"Asia","Developing"
1996,606144,"IDN","Indonesia",536,450196.078431373,957180.17472,710918.133333333,0,0,1,0,0,0,0,0,1,0,0,4,2,"Asia","Developing"
1997,612329,"IDN","Indonesia",536,420757.919329348,950530.55328,653150.933333333,0,0,1,0,0,0,0,0,1,0,0,4,2,"Asia","Developing"
1998,488684,"IDN","Indonesia",536,355019.25172539,772281.98572,561047.574079186,0,0,1,0,0,0,0,0,1,0,0,4,2,"Asia","Developing"
1999,951747,"IDN","Indonesia",536,594990.622655664,1286466.90243,804242.874737434,0,0,1,0,0,0,0,0,1,0,0,4,2,"Asia","Developing"
2000,1129714,"IDN","Indonesia",536,690323.250840208,1540692.65606,941455.946263367,0,0,1,0,0,0,0,0,1,0,0,4,2,"Asia","Developing"
2001,836991,"IDN","Indonesia",536,499010.910391701,1166137.71075,695246.950903237,0,0,1,0,0,0,0,0,1,0,0,4,2,"Asia","Developing"
2002,634619,"IDN","Indonesia",536,457613.931352755,900816.28574,649564.670997981,0,0,1,0,0,0,0,0,1,0,0,4,2,"Asia","Developing"
2003,507352,"IDN","Indonesia",536,410180.28943326,701789.58048,567377.783555663,0,0,1,0,0,0,0,0,1,0,0,4,2,"Asia","Developing"
2004,462078,"IDN","Indonesia",536,408340.402969247,654963.21954,578793.9373807,0,0,1,0,0,0,0,0,1,0,0,4,2,"Asia","Developing"
2005,618739,"IDN","Indonesia",536,470774.556798296,896552.811,682152.33280073,0,0,1,0,0,0,0,0,1,0,0,4,2,"Asia","Developing"
2006,525018,"IDN","Indonesia",536,430236.827009752,789385.56372,646878.278882242,0,0,1,0,0,0,0,0,1,0,0,4,2,"Asia","Developing"
2007,447346,"IDN","Indonesia",536,397464.238116393,702780.566,624416.318080853,0,0,1,0,0,0,0,0,1,0,0,4,2,"Asia","Developing"
2008,356942,"IDN","Indonesia",536,335566.419103131,585563.351,550496.710538686,0,0,1,0,0,0,0,0,1,0,0,4,2,"Asia","Developing"
2009,233179,"IDN","Indonesia",536,226277.535177098,390355.63674,378802.170538574,0,0,1,0,0,0,0,0,1,0,0,4,2,"Asia","Developing"
2010,302042,"IDN","Indonesia",536,321458.067262665,496034.51534,527920.940123457,0,0,1,0,0,0,0,0,1,0,0,4,2,"Asia","Developing"
2011,230689,"IDN","Indonesia",536,245179.083855883,393587.73046,418309.842129876,0,0,1,0,0,0,0,0,1,0,0,4,2,"Asia","Developing"
2012,127326,"IDN","Indonesia",536,138911.193541348,220342.73604,240391.376871045,0,0,1,0,0,0,0,0,1,0,0,4,2,"Asia","Developing"
2013,99039,"IDN","Indonesia",536,111092.540661806,156780.71778,175861.713718452,0,0,1,0,0,0,0,0,1,0,0,4,2,"Asia","Developing"
2014,98257,"IDN","Indonesia",536,99339.8038620969,149765.28454,151415.715842685,0,0,1,0,0,0,0,0,1,0,0,4,2,"Asia","Developing"
2015,55181.01231,"IDN","Indonesia",536,55620.4135772604,74139.5527093467,74729.9190699997,0,0,1,0,0,0,0,0,1,0,0,4,2,"Asia","Developing"
2016,48960.275168,"IDN","Indonesia",536,48189.2472125984,65372.2490070653,64342.7647707335,0,0,1,0,0,0,0,0,1,0,0,4,2,"Asia","Developing"
2017,54571.67963,"IDN","Indonesia",536,55953.736932226,73862.768379205,75733.3829377679,0,0,1,0,0,0,0,0,1,0,0,4,2,"Asia","Developing"
2018,34228.94938,"IDN","Indonesia",536,34750.2024162437,46922.755257573,47637.3149823076,0,0,1,0,0,0,0,0,1,0,0,4,2,"Asia","Developing"
2019,53475.908064,"IDN","Indonesia",536,55229.4428752905,72235.7913719318,74604.4837303711,0,0,1,0,0,0,0,0,1,0,0,4,2,"Asia","Developing"
2020,36054.55136,"IDN","Indonesia",536,40915.2875170222,48001.5874986496,54472.9771886627,0,0,1,0,0,0,0,0,1,0,0,4,2,"Asia","Developing"
2021,46506.598345,"IDN","Indonesia",536,50954.9669606662,65978.446006068,72289.3020774275,0,0,1,0,0,0,0,0,1,0,0,4,2,"Asia","Developing"
2022,94357.78952,"IDN","Indonesia",536,102562.814695652,124616.445463274,135452.658112254,0,0,1,0,0,0,0,0,1,0,0,4,2,"Asia","Developing"
1987,,"TLS","Timor-Leste",537,,,,0,0,1,0,0,0,0,0,1,0,0,4,2,"Asia","Developing"
1988,,"TLS","Timor-Leste",537,,,,0,0,1,0,0,0,0,0,1,0,0,4,2,"Asia","Developing"
1989,,"TLS","Timor-Leste",537,,,,0,0,1,0,0,0,0,0,1,0,0,4,2,"Asia","Developing"
1990,,"TLS","Timor-Leste",537,,,,0,0,1,0,0,0,0,0,1,0,0,4,2,"Asia","Developing"
1991,,"TLS","Timor-Leste",537,,,,0,0,1,0,0,0,0,0,1,0,0,4,2,"Asia","Developing"
1992,,"TLS","Timor-Leste",537,,,,0,0,1,0,0,0,0,0,1,0,0,4,2,"Asia","Developing"
1993,,"TLS","Timor-Leste",537,,,,0,0,1,0,0,0,0,0,1,0,0,4,2,"Asia","Developing"
1994,,"TLS","Timor-Leste",537,,,,0,0,1,0,0,0,0,0,1,0,0,4,2,"Asia","Developing"
1995,,"TLS","Timor-Leste",537,,,,0,0,1,0,0,0,0,0,1,0,0,4,2,"Asia","Developing"
1996,,"TLS","Timor-Leste",537,,,,0,0,1,0,0,0,0,0,1,0,0,4,2,"Asia","Developing"
1997,,"TLS","Timor-Leste",537,,,,0,0,1,0,0,0,0,0,1,0,0,4,2,"Asia","Developing"
1998,,"TLS","Timor-Leste",537,,,,0,0,1,0,0,0,0,0,1,0,0,4,2,"Asia","Developing"
1999,,"TLS","Timor-Leste",537,,,,0,0,1,0,0,0,0,0,1,0,0,4,2,"Asia","Developing"
2000,,"TLS","Timor-Leste",537,,,,0,0,1,0,0,0,0,0,1,0,0,4,2,"Asia","Developing"
2001,,"TLS","Timor-Leste",537,,,,0,0,1,0,0,0,0,0,1,0,0,4,2,"Asia","Developing"
2002,,"TLS","Timor-Leste",537,,,,0,0,1,0,0,0,0,0,1,0,0,4,2,"Asia","Developing"
2003,,"TLS","Timor-Leste",537,,,,0,0,1,0,0,0,0,0,1,0,0,4,2,"Asia","Developing"
2004,,"TLS","Timor-Leste",537,,,,0,0,1,0,0,0,0,0,1,0,0,4,2,"Asia","Developing"
2005,0,"TLS","Timor-Leste",537,0,0,0,0,0,1,0,0,0,0,0,1,0,0,4,2,"Asia","Developing"
2006,2897,"TLS","Timor-Leste",537,2374.00639187085,4355.75538,3569.4135704335,0,0,1,0,0,0,0,0,1,0,0,4,2,"Asia","Developing"
2007,847,"TLS","Timor-Leste",537,752.554420257663,1330.637,1182.26299422479,0,0,1,0,0,0,0,0,1,0,0,4,2,"Asia","Developing"
2008,245,"TLS","Timor-Leste",537,230.328100028203,401.9225,377.853248096268,0,0,1,0,0,0,0,0,1,0,0,4,2,"Asia","Developing"
2009,238,"TLS","Timor-Leste",537,230.955846676371,398.42628,386.633944687045,0,0,1,0,0,0,0,0,1,0,0,4,2,"Asia","Developing"
2010,0,"TLS","Timor-Leste",537,0,0,0,0,0,1,0,0,0,0,0,1,0,0,4,2,"Asia","Developing"
2011,0,"TLS","Timor-Leste",537,0,0,0,0,0,1,0,0,0,0,0,1,0,0,4,2,"Asia","Developing"
2012,0,"TLS","Timor-Leste",537,0,0,0,0,0,1,0,0,0,0,0,1,0,0,4,2,"Asia","Developing"
2013,0,"TLS","Timor-Leste",537,0,0,0,0,0,1,0,0,0,0,0,1,0,0,4,2,"Asia","Developing"
2014,0,"TLS","Timor-Leste",537,0,0,0,0,0,1,0,0,0,0,0,1,0,0,4,2,"Asia","Developing"
2015,0,"TLS","Timor-Leste",537,0,0,0,0,0,1,0,0,0,0,0,1,0,0,4,2,"Asia","Developing"
2016,0,"TLS","Timor-Leste",537,0,0,0,0,0,1,0,0,0,0,0,1,0,0,4,2,"Asia","Developing"
2017,0,"TLS","Timor-Leste",537,0,0,0,0,0,1,0,0,0,0,0,1,0,0,4,2,"Asia","Developing"
2018,0,"TLS","Timor-Leste",537,0,0,0,0,0,1,0,0,0,0,0,1,0,0,4,2,"Asia","Developing"
2019,0,"TLS","Timor-Leste",537,0,0,0,0,0,1,0,0,0,0,0,1,0,0,4,2,"Asia","Developing"
2020,0,"TLS","Timor-Leste",537,0,0,0,0,0,1,0,0,0,0,0,1,0,0,4,2,"Asia","Developing"
2021,0,"TLS","Timor-Leste",537,0,0,0,0,0,1,0,0,0,0,0,1,0,0,4,2,"Asia","Developing"
2022,0,"TLS","Timor-Leste",537,0,0,0,0,0,1,0,0,0,0,0,1,0,0,4,2,"Asia","Developing"
1987,72984,"KOR","Korea (Republic of)",542,57107.9812206573,99194.74392,77617.1705164319,0,0,1,0,0,0,0,0,1,0,0,4,2,"Asia","Developing"
1988,103024,"KOR","Korea (Republic of)",542,68500,140542.25008,93445.645,0,0,1,0,0,0,0,0,1,0,0,4,2,"Asia","Developing"
1989,142783,"KOR","Korea (Republic of)",542,92326.5438086001,190505.36209,123184.844545748,0,0,1,0,0,0,0,0,1,0,0,4,2,"Asia","Developing"
1990,125106,"KOR","Korea (Republic of)",542,96569.664222308,175281.01236,135299.893755307,0,0,1,0,0,0,0,0,1,0,0,4,2,"Asia","Developing"
1991,133237,"KOR","Korea (Republic of)",542,98293.6185909259,190359.69901,140435.041689414,0,0,1,0,0,0,0,0,1,0,0,4,2,"Asia","Developing"
1992,139733,"KOR","Korea (Republic of)",542,95970.467032967,201687.81754,138521.852706044,0,0,1,0,0,0,0,0,1,0,0,4,2,"Asia","Developing"
1993,135981,"KOR","Korea (Republic of)",542,91910.1047651234,203424.85638,137495.678526529,0,0,1,0,0,0,0,0,1,0,0,4,2,"Asia","Developing"
1994,132254,"KOR","Korea (Republic of)",542,100841.784216546,202628.99848,154501.714433854,0,0,1,0,0,0,0,0,1,0,0,4,2,"Asia","Developing"
1995,97604,"KOR","Korea (Republic of)",542,84836.1581920904,155269.41924,134958.208813559,0,0,1,0,0,0,0,0,1,0,0,4,2,"Asia","Developing"
1996,124734,"KOR","Korea (Republic of)",542,92642.6024955437,196971.20142,146294.712878788,0,0,1,0,0,0,0,0,1,0,0,4,2,"Asia","Developing"
1997,312386,"KOR","Korea (Republic of)",542,214654.023225452,484923.03552,333211.733333333,0,0,1,0,0,0,0,0,1,0,0,4,2,"Asia","Developing"
1998,293697,"KOR","Korea (Republic of)",542,213365.056302216,464138.18001,337187.199426081,0,0,1,0,0,0,0,0,1,0,0,4,2,"Asia","Developing"
1999,196641,"KOR","Korea (Republic of)",542,122931.35783946,265797.67329,166165.08707802,0,0,1,0,0,0,0,0,1,0,0,4,2,"Asia","Developing"
2000,213590,"KOR","Korea (Republic of)",542,130516.345860067,291291.9061,177996.887320501,0,0,1,0,0,0,0,0,1,0,0,4,2,"Asia","Developing"
2001,233482,"KOR","Korea (Republic of)",542,139201.097001133,325298.7965,193941.928396828,0,0,1,0,0,0,0,0,1,0,0,4,2,"Asia","Developing"
2002,243832,"KOR","Korea (Republic of)",542,175823.478511682,346109.77072,249574.394808191,0,0,1,0,0,0,0,0,1,0,0,4,2,"Asia","Developing"
2003,125412,"KOR","Korea (Republic of)",542,101392.190152801,173474.89488,140249.733106961,0,0,1,0,0,0,0,0,1,0,0,4,2,"Asia","Developing"
2004,120504,"KOR","Korea (Republic of)",542,106489.925768823,170805.98472,150942.015482503,0,0,1,0,0,0,0,0,1,0,0,4,2,"Asia","Developing"
2005,128805,"KOR","Korea (Republic of)",542,98002.7391006619,186638.445,142005.968956859,0,0,1,0,0,0,0,0,1,0,0,4,2,"Asia","Developing"
2006,138981,"KOR","Korea (Republic of)",542,113890.846513153,208963.49274,171239.443366385,0,0,1,0,0,0,0,0,1,0,0,4,2,"Asia","Developing"
2007,123997,"KOR","Korea (Republic of)",542,110170.590848512,194799.287,173077.998223012,0,0,1,0,0,0,0,0,1,0,0,4,2,"Asia","Developing"
2008,57680,"KOR","Korea (Republic of)",542,54225.815549497,94624.04,88957.4504089499,0,0,1,0,0,0,0,0,1,0,0,4,2,"Asia","Developing"
2009,81017,"KOR","Korea (Republic of)",542,78619.1169335274,135627.31902,131613.118893741,0,0,1,0,0,0,0,0,1,0,0,4,2,"Asia","Developing"
2010,91763,"KOR","Korea (Republic of)",542,97661.7709663687,150699.62201,160386.996604938,0,0,1,0,0,0,0,0,1,0,0,4,2,"Asia","Developing"
2011,19623,"KOR","Korea (Republic of)",542,20855.5638218727,33479.58522,35582.5116590499,0,0,1,0,0,0,0,0,1,0,0,4,2,"Asia","Developing"
2012,23175,"KOR","Korea (Republic of)",542,25283.6569932359,40105.2645,43754.3797730744,0,0,1,0,0,0,0,0,1,0,0,4,2,"Asia","Developing"
2013,55714,"KOR","Korea (Republic of)",542,62494.67190129,88196.37628,98930.31551318,0,0,1,0,0,0,0,0,1,0,0,4,2,"Asia","Developing"
2014,14177,"KOR","Korea (Republic of)",542,14333.2322313214,21608.86694,21846.9992316247,0,0,1,0,0,0,0,0,1,0,0,4,2,"Asia","Developing"
2015,46642.59081,"KOR","Korea (Republic of)",542,47014.0014212277,62667.5857345917,63166.6018895189,0,0,1,0,0,0,0,0,1,0,0,4,2,"Asia","Developing"
2016,46258.79328,"KOR","Korea (Republic of)",542,45530.3083464567,61765.2033753888,60792.5230072724,0,0,1,0,0,0,0,0,1,0,0,4,2,"Asia","Developing"
2017,9081.46884,"KOR","Korea (Republic of)",542,9311.46195016918,12291.76807494,12603.063749554,0,0,1,0,0,0,0,0,1,0,0,4,2,"Asia","Developing"
2018,9631.6855,"KOR","Korea (Republic of)",542,9778.36091370558,13203.596067675,13404.6660585533,0,0,1,0,0,0,0,0,1,0,0,4,2,"Asia","Developing"
2019,39477.77515,"KOR","Korea (Republic of)",542,40772.2955331784,53326.9734503715,55075.6245291727,0,0,1,0,0,0,0,0,1,0,0,4,2,"Asia","Developing"
2020,1531.09651,"KOR","Korea (Republic of)",542,1737.513061734,2038.4406495536,2313.25538987018,0,0,1,0,0,0,0,0,1,0,0,4,2,"Asia","Developing"
2021,0,"KOR","Korea (Republic of)",542,0,0,0,0,0,1,0,0,0,0,0,1,0,0,4,2,"Asia","Developing"
2022,2825.0719,"KOR","Korea (Republic of)",542,3070.73032608696,3731.015956892,4055.45212705652,0,0,1,0,0,0,0,0,1,0,0,4,2,"Asia","Developing"
1987,8589,"LAO","Lao People's Democratic Republic",544,6720.6572769953,11673.56757,9134.24692488263,0,0,1,0,0,0,0,0,1,0,0,4,2,"Asia","Developing"
1988,8619,"LAO","Lao People's Democratic Republic",544,5730.71808510638,11757.78123,7817.67369015958,0,0,1,0,0,0,0,0,1,0,0,4,2,"Asia","Developing"
1989,9776,"LAO","Lao People's Democratic Republic",544,6321.37083737472,13043.43248,8434.16261235047,0,0,1,0,0,0,0,0,1,0,0,4,2,"Asia","Developing"
1990,4489,"LAO","Lao People's Democratic Republic",544,3465.07140100347,6289.35834,4854.77293708993,0,0,1,0,0,0,0,0,1,0,0,4,2,"Asia","Developing"
1991,3785,"LAO","Lao People's Democratic Republic",544,2792.32755440797,5407.74305,3989.4821468093,0,0,1,0,0,0,0,0,1,0,0,4,2,"Asia","Developing"
1992,1569,"LAO","Lao People's Democratic Republic",544,1077.60989010989,2264.66322,1555.40056318681,0,0,1,0,0,0,0,0,1,0,0,4,2,"Asia","Developing"
1993,1513,"LAO","Lao People's Democratic Republic",544,1022.64278472457,2263.41774,1529.85315309226,0,0,1,0,0,0,0,0,1,0,0,4,2,"Asia","Developing"
1994,1273,"LAO","Lao People's Democratic Republic",544,970.644300419367,1950.38876,1487.14354555852,0,0,1,0,0,0,0,0,1,0,0,4,2,"Asia","Developing"
1995,450,"LAO","Lao People's Democratic Republic",544,391.134289439374,715.8645,622.220338983051,0,0,1,0,0,0,0,0,1,0,0,4,2,"Asia","Developing"
1996,97,"LAO","Lao People's Democratic Republic",544,72.0439691027926,153.17561,113.766792929293,0,0,1,0,0,0,0,0,1,0,0,4,2,"Asia","Developing"
1997,196,"LAO","Lao People's Democratic Republic",544,134.680134680135,304.25472,209.066666666667,0,0,1,0,0,0,0,0,1,0,0,4,2,"Asia","Developing"
1998,192,"LAO","Lao People's Democratic Republic",544,139.484199055576,303.42336,220.431064293498,0,0,1,0,0,0,0,0,1,0,0,4,2,"Asia","Developing"
1999,234,"LAO","Lao People's Democratic Republic",544,146.286571642911,316.29546,197.734096024006,0,0,1,0,0,0,0,0,1,0,0,4,2,"Asia","Developing"
2000,253,"LAO","Lao People's Democratic Republic",544,154.598227925451,345.03887,210.83951726245,0,0,1,0,0,0,0,0,1,0,0,4,2,"Asia","Developing"
2001,280,"LAO","Lao People's Democratic Republic",544,166.934954987182,390.11,232.582126035891,0,0,1,0,0,0,0,0,1,0,0,4,2,"Asia","Developing"
2002,233,"LAO","Lao People's Democratic Republic",544,168.012691087395,330.73418,238.487294490914,0,0,1,0,0,0,0,0,1,0,0,4,2,"Asia","Developing"
2003,362,"LAO","Lao People's Democratic Republic",544,292.667151750344,500.73288,404.828910987145,0,0,1,0,0,0,0,0,1,0,0,4,2,"Asia","Developing"
2004,398,"LAO","Lao People's Democratic Republic",544,351.714386709085,564.13714,498.530523153058,0,0,1,0,0,0,0,0,1,0,0,4,2,"Asia","Developing"
2005,399,"LAO","Lao People's Democratic Republic",544,303.583656699384,578.151,439.892718557407,0,0,1,0,0,0,0,0,1,0,0,4,2,"Asia","Developing"
2006,543,"LAO","Lao People's Democratic Republic",544,444.972547734164,816.42222,669.034024420225,0,0,1,0,0,0,0,0,1,0,0,4,2,"Asia","Developing"
2007,651,"LAO","Lao People's Democratic Republic",544,578.409595735229,1022.721,908.681474900044,0,0,1,0,0,0,0,0,1,0,0,4,2,"Asia","Developing"
2008,541,"LAO","Lao People's Democratic Republic",544,508.602049450033,887.5105,834.361662122779,0,0,1,0,0,0,0,0,1,0,0,4,2,"Asia","Developing"
2009,0,"LAO","Lao People's Democratic Republic",544,0,0,0,0,0,1,0,0,0,0,0,1,0,0,4,2,"Asia","Developing"
2010,0,"LAO","Lao People's Democratic Republic",544,0,0,0,0,0,1,0,0,0,0,0,1,0,0,4,2,"Asia","Developing"
2011,0,"LAO","Lao People's Democratic Republic",544,0,0,0,0,0,1,0,0,0,0,0,1,0,0,4,2,"Asia","Developing"
2012,3468,"LAO","Lao People's Democratic Republic",544,3783.54789439232,6001.51272,6547.58097316168,0,0,1,0,0,0,0,0,1,0,0,4,2,"Asia","Developing"
2013,2057,"LAO","Lao People's Democratic Republic",544,2307.3471676949,3256.27214,3652.57671340437,0,0,1,0,0,0,0,0,1,0,0,4,2,"Asia","Developing"
2014,0,"LAO","Lao People's Democratic Republic",544,0,0,0,0,0,1,0,0,0,0,0,1,0,0,4,2,"Asia","Developing"
2015,0,"LAO","Lao People's Democratic Republic",544,0,0,0,0,0,1,0,0,0,0,0,1,0,0,4,2,"Asia","Developing"
2016,0,"LAO","Lao People's Democratic Republic",544,0,0,0,0,0,1,0,0,0,0,0,1,0,0,4,2,"Asia","Developing"
2017,0,"LAO","Lao People's Democratic Republic",544,0,0,0,0,0,1,0,0,0,0,0,1,0,0,4,2,"Asia","Developing"
2018,5347.55425,"LAO","Lao People's Democratic Republic",544,5428.98908629442,7330.6947436125,7442.3296889467,0,0,1,0,0,0,0,0,1,0,0,4,2,"Asia","Developing"
2019,6335.27259,"LAO","Lao People's Democratic Republic",544,6543.01326103795,8557.7495672979,8838.36774314268,0,0,1,0,0,0,0,0,1,0,0,4,2,"Asia","Developing"
2020,198.84375,"LAO","Lao People's Democratic Republic",544,225.651100771675,264.732615,300.422849523377,0,0,1,0,0,0,0,0,1,0,0,4,2,"Asia","Developing"
2021,0,"LAO","Lao People's Democratic Republic",544,0,0,0,0,0,1,0,0,0,0,0,1,0,0,4,2,"Asia","Developing"
2022,218.3944,"LAO","Lao People's Democratic Republic",544,237.385217391304,288.429116192,313.509908904348,0,0,1,0,0,0,0,0,1,0,0,4,2,"Asia","Developing"
1987,10362,"MAC","Macao",546,8107.98122065728,14083.30506,11019.8005164319,0,0,0,1,0,0,0,0,0,0,0,8,3,"OFC","OFC"
1988,13824,"MAC","Macao",546,9191.48936170213,18858.28608,12538.7540425532,0,0,0,1,0,0,0,0,0,0,0,8,3,"OFC","OFC"
1989,26037,"MAC","Macao",546,16836.0814742968,34739.34651,22463.204985451,0,0,0,1,0,0,0,0,0,0,0,8,3,"OFC","OFC"
1990,13073,"MAC","Macao",546,10091.0845233501,18316.05738,14138.2148822848,0,0,0,1,0,0,0,0,0,0,0,8,3,"OFC","OFC"
1991,26278,"MAC","Macao",546,19386.2043526374,37544.16694,27697.6517447436,0,0,0,1,0,0,0,0,0,0,0,8,3,"OFC","OFC"
1992,15738,"MAC","Macao",546,10809.0659340659,22715.91444,15601.5895879121,0,0,0,1,0,0,0,0,0,0,0,8,3,"OFC","OFC"
1993,13260,"MAC","Macao",546,8962.48732679959,19836.6948,13407.7017911457,0,0,0,1,0,0,0,0,0,0,0,8,3,"OFC","OFC"
1994,14572,"MAC","Macao",546,11110.9416698437,22326.05264,17023.2959512009,0,0,0,1,0,0,0,0,0,0,0,8,3,"OFC","OFC"
1995,9199,"MAC","Macao",546,7995.65406345067,14633.86119,12719.566440678,0,0,0,1,0,0,0,0,0,0,0,8,3,"OFC","OFC"
1996,18984,"MAC","Macao",546,14099.8217468806,29978.20392,22265.4515151515,0,0,0,1,0,0,0,0,0,0,0,8,3,"OFC","OFC"
1997,25069,"MAC","Macao",546,17226.0015117158,38915.11008,26740.2666666667,0,0,0,1,0,0,0,0,0,0,0,8,3,"OFC","OFC"
1998,23898,"MAC","Macao",546,17361.4239011987,37766.72634,27436.7790337813,0,0,0,1,0,0,0,0,0,0,0,8,3,"OFC","OFC"
1999,24544,"MAC","Macao",546,15343.8359589897,33175.87936,20740.1096274069,0,0,0,1,0,0,0,0,0,0,0,8,3,"OFC","OFC"
2000,22763,"MAC","Macao",546,13909.5630919646,31043.95177,18969.7230491903,0,0,0,1,0,0,0,0,0,0,0,8,3,"OFC","OFC"
2001,21208,"MAC","Macao",546,12644.1304477434,29548.046,17616.4347463185,0,0,0,1,0,0,0,0,0,0,0,8,3,"OFC","OFC"
2002,15252,"MAC","Macao",546,10997.9809633689,21649.60392,15611.1940582636,0,0,0,1,0,0,0,0,0,0,0,8,3,"OFC","OFC"
2003,12917,"MAC","Macao",546,10443.0430916,17867.31108,14445.2349260247,0,0,0,1,0,0,0,0,0,0,0,8,3,"OFC","OFC"
2004,10421,"MAC","Macao",546,9209.08448214917,14771.03803,13053.2326175327,0,0,0,1,0,0,0,0,0,0,0,8,3,"OFC","OFC"
2005,13891,"MAC","Macao",546,10569.1242486495,20128.059,15314.6610362931,0,0,0,1,0,0,0,0,0,0,0,8,3,"OFC","OFC"
2006,9477,"MAC","Macao",546,7766.12308448742,14249.04858,11676.6767024502,0,0,0,1,0,0,0,0,0,0,0,8,3,"OFC","OFC"
2007,10601,"MAC","Macao",546,9418.92492225678,16654.171,14797.1310528654,0,0,0,1,0,0,0,0,0,0,0,8,3,"OFC","OFC"
2008,21288,"MAC","Macao",546,20013.1616057159,34922.964,32831.5916141769,0,0,0,1,0,0,0,0,0,0,0,8,3,"OFC","OFC"
2009,17162,"MAC","Macao",546,16654.051431344,28730.21772,27879.8813391558,0,0,0,1,0,0,0,0,0,0,0,8,3,"OFC","OFC"
2010,10546,"MAC","Macao",546,11223.9250744998,17319.37942,18432.7154320988,0,0,0,1,0,0,0,0,0,0,0,8,3,"OFC","OFC"
2011,10182,"MAC","Macao",546,10821.553831438,17371.91748,18463.0858539696,0,0,0,1,0,0,0,0,0,0,0,8,3,"OFC","OFC"
2012,10162,"MAC","Macao",546,11086.6244817805,17585.74748,19185.8471307004,0,0,0,1,0,0,0,0,0,0,0,8,3,"OFC","OFC"
2013,9056,"MAC","Macao",546,10158.1604038138,14335.82912,16080.5710824453,0,0,0,1,0,0,0,0,0,0,0,8,3,"OFC","OFC"
2014,6951,"MAC","Macao",546,7027.6008492569,10594.85322,10711.6097664544,0,0,0,1,0,0,0,0,0,0,0,8,3,"OFC","OFC"
2015,13111.13473,"MAC","Macao",546,13215.5374760609,17615.7272891861,17755.9996867111,0,0,0,1,0,0,0,0,0,0,0,8,3,"OFC","OFC"
2016,12508.08479,"MAC","Macao",546,12311.1070767717,16700.9198924559,16437.9132799763,0,0,0,1,0,0,0,0,0,0,0,8,3,"OFC","OFC"
2017,12940.11882,"MAC","Macao",546,13267.8343278991,17514.45082287,17958.0137628114,0,0,0,1,0,0,0,0,0,0,0,8,3,"OFC","OFC"
2018,13813.93114,"MAC","Macao",546,14024.2955736041,18936.827503269,19225.2055870751,0,0,0,1,0,0,0,0,0,0,0,8,3,"OFC","OFC"
2019,22921.59949,"MAC","Macao",546,23673.2243635425,30962.7258070869,31978.0282025168,0,0,0,1,0,0,0,0,0,0,0,8,3,"OFC","OFC"
2020,4736.48251,"MAC","Macao",546,5375.03689287335,6305.9633545136,7156.10911769587,0,0,0,1,0,0,0,0,0,0,0,8,3,"OFC","OFC"
2021,7832.83645,"MAC","Macao",546,8582.04935904459,11112.3667432505,12175.267605183,0,0,0,1,0,0,0,0,0,0,0,8,3,"OFC","OFC"
2022,16601.01612,"MAC","Macao",546,18044.5827391304,21924.6299693616,23831.1195319148,0,0,0,1,0,0,0,0,0,0,0,8,3,"OFC","OFC"
1987,124136,"MYS","Malaysia",548,97133.0203442879,168716.96168,132016.401940532,0,0,0,1,0,0,0,0,0,0,0,8,3,"OFC","OFC"
1988,143891,"MYS","Malaysia",548,95672.2074468085,196291.78547,130513.155232713,0,0,0,1,0,0,0,0,0,0,0,8,3,"OFC","OFC"
1989,164196,"MYS","Malaysia",548,106172.647914646,219075.22908,141658.732027158,0,0,0,1,0,0,0,0,0,0,0,8,3,"OFC","OFC"
1990,162760,"MYS","Malaysia",548,125634.89000386,228036.5256,176022.018988807,0,0,0,1,0,0,0,0,0,0,0,8,3,"OFC","OFC"
1991,216686,"MYS","Malaysia",548,159856.879380302,309585.78878,228392.31927702,0,0,0,1,0,0,0,0,0,0,0,8,3,"OFC","OFC"
1992,174013,"MYS","Malaysia",548,119514.423076923,251166.88394,172504.727980769,0,0,0,1,0,0,0,0,0,0,0,8,3,"OFC","OFC"
1993,205023,"MYS","Malaysia",548,138575.870226428,306710.30754,207306.730341332,0,0,0,1,0,0,0,0,0,0,0,8,3,"OFC","OFC"
1994,137048,"MYS","Malaysia",548,104497.140678612,209973.98176,160102.159176515,0,0,0,1,0,0,0,0,0,0,0,8,3,"OFC","OFC"
1995,171807,"MYS","Malaysia",548,149332.464146023,273312.29367,237559.577288136,0,0,0,1,0,0,0,0,0,0,0,8,3,"OFC","OFC"
1996,212502,"MYS","Malaysia",548,157829.768270945,335568.28326,249233.721969697,0,0,0,1,0,0,0,0,0,0,0,8,3,"OFC","OFC"
1997,197659,"MYS","Malaysia",548,135820.105820106,306830.01888,210836.266666667,0,0,0,1,0,0,0,0,0,0,0,8,3,"OFC","OFC"
1998,217516,"MYS","Malaysia",548,158021.067925899,343747.06028,249725.434275336,0,0,0,1,0,0,0,0,0,0,0,8,3,"OFC","OFC"
1999,287752,"MYS","Malaysia",548,179889.972493123,388951.50088,243155.47691923,0,0,0,1,0,0,0,0,0,0,0,8,3,"OFC","OFC"
2000,359148,"MYS","Malaysia",548,219461.044912924,489802.45092,299298.778441797,0,0,0,1,0,0,0,0,0,0,0,8,3,"OFC","OFC"
2001,661172,"MYS","Malaysia",548,394188.278781375,921177.889,549202.819412151,0,0,0,1,0,0,0,0,0,0,0,8,3,"OFC","OFC"
2002,434724,"MYS","Malaysia",548,313472.74300548,617073.32904,444962.019786559,0,0,0,1,0,0,0,0,0,0,0,8,3,"OFC","OFC"
2003,283465,"MYS","Malaysia",548,229173.740803622,392100.1266,317002.285229202,0,0,0,1,0,0,0,0,0,0,0,8,3,"OFC","OFC"
2004,353575,"MYS","Malaysia",548,312455.814775539,501167.81225,442884.245537292,0,0,0,1,0,0,0,0,0,0,0,8,3,"OFC","OFC"
2005,296286,"MYS","Malaysia",548,225432.5496462,429318.414,326651.764437343,0,0,0,1,0,0,0,0,0,0,0,8,3,"OFC","OFC"
2006,374593,"MYS","Malaysia",548,306967.958698681,563215.55922,461538.604621814,0,0,0,1,0,0,0,0,0,0,0,8,3,"OFC","OFC"
2007,275827,"MYS","Malaysia",548,245070.635273212,433324.217,385005.968014216,0,0,0,1,0,0,0,0,0,0,0,8,3,"OFC","OFC"
2008,331666,"MYS","Malaysia",548,311804.080097772,544098.073,511514.593400395,0,0,0,1,0,0,0,0,0,0,0,8,3,"OFC","OFC"
2009,379414,"MYS","Malaysia",548,368184.376516254,635161.80084,616362.737350801,0,0,0,1,0,0,0,0,0,0,0,8,3,"OFC","OFC"
2010,379445,"MYS","Malaysia",548,403836.739037888,623151.14015,663208.961419753,0,0,0,1,0,0,0,0,0,0,0,8,3,"OFC","OFC"
2011,855204,"MYS","Malaysia",548,908921.2456159,1459097.75256,1550746.89399511,0,0,0,1,0,0,0,0,0,0,0,8,3,"OFC","OFC"
2012,235794,"MYS","Malaysia",548,257248.527165612,408050.94876,445178.866201178,0,0,0,1,0,0,0,0,0,0,0,8,3,"OFC","OFC"
2013,98603,"MYS","Malaysia",548,110603.477285474,156090.52106,175087.516612451,0,0,0,1,0,0,0,0,0,0,0,8,3,"OFC","OFC"
2014,78392,"MYS","Malaysia",548,79255.8891921949,119486.65424,120803.411424527,0,0,0,1,0,0,0,0,0,0,0,8,3,"OFC","OFC"
2015,76162.00223,"MYS","Malaysia",548,76768.4731680274,102328.981336161,103143.817494367,0,0,0,1,0,0,0,0,0,0,0,8,3,"OFC","OFC"
2016,367000.39721,"MYS","Malaysia",548,361220.863395669,490022.600358764,482305.709014532,0,0,0,1,0,0,0,0,0,0,0,8,3,"OFC","OFC"
2017,560951.01121,"MYS","Malaysia",548,575157.398964421,759247.193672735,778475.539498344,0,0,0,1,0,0,0,0,0,0,0,8,3,"OFC","OFC"
2018,857576.92225,"MYS","Malaysia",548,870636.46928934,1175609.32386641,1193512.00392529,0,0,0,1,0,0,0,0,0,0,0,8,3,"OFC","OFC"
2019,451945.266842,"MYS","Malaysia",548,466765.057414924,610492.185902842,630510.907206653,0,0,0,1,0,0,0,0,0,0,0,8,3,"OFC","OFC"
2020,185237.26065,"MYS","Malaysia",548,210210.236779392,246617.479338984,279865.500838611,0,0,0,1,0,0,0,0,0,0,0,8,3,"OFC","OFC"
2021,69180.42707,"MYS","Malaysia",548,75797.5534896461,98145.5800799383,107533.231160226,0,0,0,1,0,0,0,0,0,0,0,8,3,"OFC","OFC"
2022,208692.854441,"MYS","Malaysia",548,226840.059175,275616.47900314,299583.129351239,0,0,0,1,0,0,0,0,0,0,0,8,3,"OFC","OFC"
1987,51,"MDV","Maldives",556,39.906103286385,69.31563,54.2375821596244,0,0,1,0,0,0,0,0,1,0,0,4,2,"Asia","Developing"
1988,0,"MDV","Maldives",556,0,0,0,0,0,1,0,0,0,0,0,1,0,0,4,2,"Asia","Developing"
1989,156,"MDV","Maldives",556,100.872938894277,208.13988,134.587701260912,0,0,1,0,0,0,0,0,1,0,0,4,2,"Asia","Developing"
1990,626,"MDV","Maldives",556,483.21111539946,877.06356,677.007765341567,0,0,1,0,0,0,0,0,1,0,0,4,2,"Asia","Developing"
1991,332,"MDV","Maldives",556,244.928070822575,474.33836,349.936082626337,0,0,1,0,0,0,0,0,1,0,0,4,2,"Asia","Developing"
1992,165,"MDV","Maldives",556,113.324175824176,238.1577,163.569848901099,0,0,1,0,0,0,0,0,1,0,0,4,2,"Asia","Developing"
1993,0,"MDV","Maldives",556,0,0,0,0,0,1,0,0,0,0,0,1,0,0,4,2,"Asia","Developing"
1994,0,"MDV","Maldives",556,0,0,0,0,0,1,0,0,0,0,0,1,0,0,4,2,"Asia","Developing"
1995,1256,"MDV","Maldives",556,1091.69926119079,1998.05736,1736.68610169492,0,0,1,0,0,0,0,0,1,0,0,4,2,"Asia","Developing"
1996,1458,"MDV","Maldives",556,1082.88770053476,2302.37154,1710.02045454545,0,0,1,0,0,0,0,0,1,0,0,4,2,"Asia","Developing"
1997,0,"MDV","Maldives",556,0,0,0,0,0,1,0,0,0,0,0,1,0,0,4,2,"Asia","Developing"
1998,0,"MDV","Maldives",556,0,0,0,0,0,1,0,0,0,0,0,1,0,0,4,2,"Asia","Developing"
1999,5578,"MDV","Maldives",556,3487.12178044511,7539.72682,4713.50763940985,0,0,1,0,0,0,0,0,1,0,0,4,2,"Asia","Developing"
2000,10404,"MDV","Maldives",556,6357.47021081577,14188.87116,8670.25429880843,0,0,1,0,0,0,0,0,1,0,0,4,2,"Asia","Developing"
2001,13842,"MDV","Maldives",556,8252.54873904489,19285.3665,11497.8635306743,0,0,1,0,0,0,0,0,1,0,0,4,2,"Asia","Developing"
2002,19049,"MDV","Maldives",556,13735.9388520335,27039.29354,19497.6157629074,0,0,1,0,0,0,0,0,1,0,0,4,2,"Asia","Developing"
2003,15086,"MDV","Maldives",556,12196.6205837174,20867.55864,16870.8534562212,0,0,1,0,0,0,0,0,1,0,0,4,2,"Asia","Developing"
2004,9848,"MDV","Maldives",556,8702.7218098268,13958.85064,12335.4989749028,0,0,1,0,0,0,0,0,1,0,0,4,2,"Asia","Developing"
2005,12330,"MDV","Maldives",556,9381.41976717644,17866.17,13593.6772426387,0,0,1,0,0,0,0,0,1,0,0,4,2,"Asia","Developing"
2006,9510,"MDV","Maldives",556,7793.1656150127,14298.6654,11717.3362287962,0,0,1,0,0,0,0,0,1,0,0,4,2,"Asia","Developing"
2007,14536,"MDV","Maldives",556,12915.1488227454,22836.056,20289.6988005331,0,0,1,0,0,0,0,0,1,0,0,4,2,"Asia","Developing"
2008,15668,"MDV","Maldives",556,14729.7170254771,25703.354,24164.1007802952,0,0,1,0,0,0,0,0,1,0,0,4,2,"Asia","Developing"
2009,9961,"MDV","Maldives",556,9666.1814653081,16675.31166,16181.7677438137,0,0,1,0,0,0,0,0,1,0,0,4,2,"Asia","Developing"
2010,24089,"MDV","Maldives",556,25637.5053214134,39560.64203,42103.7058641975,0,0,1,0,0,0,0,0,1,0,0,4,2,"Asia","Developing"
2011,14192,"MDV","Maldives",556,15083.4307577851,24213.53888,25734.4445530875,0,0,1,0,0,0,0,0,1,0,0,4,2,"Asia","Developing"
2012,11252,"MDV","Maldives",556,12275.8018765001,19472.03608,21243.7661793585,0,0,1,0,0,0,0,0,1,0,0,4,2,"Asia","Developing"
2013,14616,"MDV","Maldives",556,16394.8401570387,23137.42032,25953.3598653954,0,0,1,0,0,0,0,0,1,0,0,4,2,"Asia","Developing"
2014,13320,"MDV","Maldives",556,13466.787989081,20302.6104,20526.347588717,0,0,1,0,0,0,0,0,1,0,0,4,2,"Asia","Developing"
2015,9986.99415,"MDV","Maldives",556,10066.5196552767,13418.2257301155,13525.0738132401,0,0,1,0,0,0,0,0,1,0,0,4,2,"Asia","Developing"
2016,3341.87154,"MDV","Maldives",556,3289.24364173228,4462.1002989234,4391.83100287736,0,0,1,0,0,0,0,0,1,0,0,4,2,"Asia","Developing"
2017,3344.56274,"MDV","Maldives",556,3429.2656003281,4526.86566859,4641.51099004409,0,0,1,0,0,0,0,0,1,0,0,4,2,"Asia","Developing"
2018,1145.89063,"MDV","Maldives",556,1163.34074111675,1570.8441701355,1594.7656549599,0,0,1,0,0,0,0,0,1,0,0,4,2,"Asia","Developing"
2019,310.19069,"MDV","Maldives",556,320.36218951717,419.0086859589,432.748449221689,0,0,1,0,0,0,0,0,1,0,0,4,2,"Asia","Developing"
2020,62.36715,"MDV","Maldives",556,70.7752496595552,83.033128824,94.2273363867454,0,0,1,0,0,0,0,0,1,0,0,4,2,"Asia","Developing"
2021,64.84736,"MDV","Maldives",556,71.0500273912567,91.9983011584,100.797963359702,0,0,1,0,0,0,0,0,1,0,0,4,2,"Asia","Developing"
2022,4537.08985,"MDV","Maldives",556,4931.61940217391,5992.043823098,6513.09111206304,0,0,1,0,0,0,0,0,1,0,0,4,2,"Asia","Developing"
1987,4140,"NPL","Nepal",558,3239.43661971831,5626.7982,4402.81549295775,0,0,1,0,0,0,0,0,1,0,0,4,2,"Asia","Developing"
1988,10479,"NPL","Nepal",558,6967.42021276596,14295.13743,9504.74563164894,0,0,1,0,0,0,0,0,1,0,0,4,2,"Asia","Developing"
1989,18511,"NPL","Nepal",558,11969.6087940511,24697.93153,15970.2111412868,0,0,1,0,0,0,0,0,1,0,0,4,2,"Asia","Developing"
1990,18434,"NPL","Nepal",558,14229.2551138557,25827.14004,19936.0401698186,0,0,1,0,0,0,0,0,1,0,0,4,2,"Asia","Developing"
1991,12988,"NPL","Nepal",558,9581.70416820362,18556.34524,13689.6681962376,0,0,1,0,0,0,0,0,1,0,0,4,2,"Asia","Developing"
1992,13647,"NPL","Nepal",558,9372.93956043956,19697.80686,13528.7135027473,0,0,1,0,0,0,0,0,1,0,0,4,2,"Asia","Developing"
1993,6047,"NPL","Nepal",558,4087.19161879013,9046.19106,6114.35691787766,0,0,1,0,0,0,0,0,1,0,0,4,2,"Asia","Developing"
1994,5234,"NPL","Nepal",558,3990.85017155928,8019.11608,6114.46136484941,0,0,1,0,0,0,0,0,1,0,0,4,2,"Asia","Developing"
1995,4316,"NPL","Nepal",558,3751.41242937853,6865.93596,5967.78440677966,0,0,1,0,0,0,0,0,1,0,0,4,2,"Asia","Developing"
1996,7032,"NPL","Nepal",558,5222.81639928699,11104.44216,8247.50606060606,0,0,1,0,0,0,0,0,1,0,0,4,2,"Asia","Developing"
1997,7469,"NPL","Nepal",558,5132.27513227513,11594.27808,7966.93333333333,0,0,1,0,0,0,0,0,1,0,0,4,2,"Asia","Developing"
1998,9141,"NPL","Nepal",558,6640.75553941155,14445.79653,10494.5852015983,0,0,1,0,0,0,0,0,1,0,0,4,2,"Asia","Developing"
1999,5602,"NPL","Nepal",558,3502.12553138285,7572.16738,4733.78805951488,0,0,1,0,0,0,0,0,1,0,0,4,2,"Asia","Developing"
2000,8286,"NPL","Nepal",558,5063.24472960587,11300.36394,6905.20252978919,0,0,1,0,0,0,0,0,1,0,0,4,2,"Asia","Developing"
2001,15339,"NPL","Nepal",558,9145.0545519585,21371.06175,12741.3472545162,0,0,1,0,0,0,0,0,1,0,0,4,2,"Asia","Developing"
2002,12666,"NPL","Nepal",558,9133.25641765215,17978.88036,12964.2921546005,0,0,1,0,0,0,0,0,1,0,0,4,2,"Asia","Developing"
2003,15493,"NPL","Nepal",558,12525.6690112378,21430.53732,17326.0064031045,0,0,1,0,0,0,0,0,1,0,0,4,2,"Asia","Developing"
2004,15651,"NPL","Nepal",558,13830.8589607635,22184.19693,19604.274416755,0,0,1,0,0,0,0,0,1,0,0,4,2,"Asia","Developing"
2005,19810,"NPL","Nepal",558,15072.6622536712,28704.69,21840.2876055695,0,0,1,0,0,0,0,0,1,0,0,4,2,"Asia","Developing"
2006,12091,"NPL","Nepal",558,9908.21929033844,18179.30214,14897.4040317955,0,0,1,0,0,0,0,0,1,0,0,4,2,"Asia","Developing"
2007,9825,"NPL","Nepal",558,8729.45357618836,15435.075,13713.9715681919,0,0,1,0,0,0,0,0,1,0,0,4,2,"Asia","Developing"
2008,7550,"NPL","Nepal",558,7097.86593964464,12385.775,11644.049073987,0,0,1,0,0,0,0,0,1,0,0,4,2,"Asia","Developing"
2009,2973,"NPL","Nepal",558,2885.00727802038,4976.98038,4829.67528384279,0,0,1,0,0,0,0,0,1,0,0,4,2,"Asia","Developing"
2010,2606,"NPL","Nepal",558,2773.52064708387,4279.75562,4554.86975308642,0,0,1,0,0,0,0,0,1,0,0,4,2,"Asia","Developing"
2011,914,"NPL","Nepal",558,971.410351790839,1559.41196,1657.36205760442,0,0,1,0,0,0,0,0,1,0,0,4,2,"Asia","Developing"
2012,671,"NPL","Nepal",558,732.053240235654,1161.19234,1266.84741435741,0,0,1,0,0,0,0,0,1,0,0,4,2,"Asia","Developing"
2013,368,"NPL","Nepal",558,412.787436904094,582.55136,653.450768367919,0,0,1,0,0,0,0,0,1,0,0,4,2,"Asia","Developing"
2014,0,"NPL","Nepal",558,0,0,0,0,0,1,0,0,0,0,0,1,0,0,4,2,"Asia","Developing"
2015,0,"NPL","Nepal",558,0,0,0,0,0,1,0,0,0,0,0,1,0,0,4,2,"Asia","Developing"
2016,1255.222,"NPL","Nepal",558,1235.45472440945,1675.98496662,1649.59150257874,0,0,1,0,0,0,0,0,1,0,0,4,2,"Asia","Developing"
2017,272.86,"NPL","Nepal",558,279.770327078848,369.31601,378.66913770122,0,0,1,0,0,0,0,0,1,0,0,4,2,"Asia","Developing"
2018,0,"NPL","Nepal",558,0,0,0,0,0,1,0,0,0,0,0,1,0,0,4,2,"Asia","Developing"
2019,290.505,"NPL","Nepal",558,300.03098373354,392.41705905,405.284853137103,0,0,1,0,0,0,0,0,1,0,0,4,2,"Asia","Developing"
2020,163.53075,"NPL","Nepal",558,185.577337721289,217.71829932,247.070244348616,0,0,1,0,0,0,0,0,1,0,0,4,2,"Asia","Developing"
2021,0,"NPL","Nepal",558,0,0,0,0,0,1,0,0,0,0,0,1,0,0,4,2,"Asia","Developing"
2022,0,"NPL","Nepal",558,0,0,0,0,0,1,0,0,0,0,0,1,0,0,4,2,"Asia","Developing"
1987,512466,"PAK","Pakistan",564,400990.610328639,696507.91458,544998.368215962,0,0,1,0,0,0,0,0,1,0,0,4,2,"Asia","Developing"
1988,744449,"PAK","Pakistan",564,494979.388297872,1015554.99233,675236.032134308,0,0,1,0,0,0,0,0,1,0,0,4,2,"Asia","Developing"
1989,910480,"PAK","Pakistan",564,588735.855156806,1214789.7304,785509.040025865,0,0,1,0,0,0,0,0,1,0,0,4,2,"Asia","Developing"
1990,926984,"PAK","Pakistan",564,715541.489772289,1298760.20304,1002516.55966036,0,0,1,0,0,0,0,0,1,0,0,4,2,"Asia","Developing"
1991,992527,"PAK","Pakistan",564,732222.058281077,1418053.10071,1046147.62132792,0,0,1,0,0,0,0,0,1,0,0,4,2,"Asia","Developing"
1992,966583,"PAK","Pakistan",564,663861.950549451,1395146.57054,958205.062184066,0,0,1,0,0,0,0,0,1,0,0,4,2,"Asia","Developing"
1993,841454,"PAK","Pakistan",564,568742.142615749,1258798.35492,850826.870510308,0,0,1,0,0,0,0,0,1,0,0,4,2,"Asia","Developing"
1994,820805,"PAK","Pakistan",564,625852.077773542,1257571.7566,958880.485398399,0,0,1,0,0,0,0,0,1,0,0,4,2,"Asia","Developing"
1995,824371,"PAK","Pakistan",564,716532.811820947,1311417.63051,1139867.56237288,0,0,1,0,0,0,0,0,1,0,0,4,2,"Asia","Developing"
1996,935118,"PAK","Pakistan",564,694532.085561497,1476672.88734,1096756.45227273,0,0,1,0,0,0,0,0,1,0,0,4,2,"Asia","Developing"
1997,956799,"PAK","Pakistan",564,657458.256029685,1485258.22368,1020585.6,0,0,1,0,0,0,0,0,1,0,0,4,2,"Asia","Developing"
1998,1041917,"PAK","Pakistan",564,756932.074100981,1646572.69261,1196202.464664,0,0,1,0,0,0,0,0,1,0,0,4,2,"Asia","Developing"
1999,1300948,"PAK","Pakistan",564,813295.823955989,1758478.40212,1099323.83228307,0,0,1,0,0,0,0,0,1,0,0,4,2,"Asia","Developing"
2000,1492544,"PAK","Pakistan",564,912034.219370608,2035516.58176,1243823.14803544,0,0,1,0,0,0,0,0,1,0,0,4,2,"Asia","Developing"
2001,1472031,"PAK","Pakistan",564,877619.388302629,2050907.19075,1222743.21275264,0,0,1,0,0,0,0,0,1,0,0,4,2,"Asia","Developing"
2002,1035619,"PAK","Pakistan",564,746768.82030574,1470019.74574,1060008.46967119,0,0,1,0,0,0,0,0,1,0,0,4,2,"Asia","Developing"
2003,969827,"PAK","Pakistan",564,784078.745250222,1341503.49948,1084569.08357992,0,0,1,0,0,0,0,0,1,0,0,4,2,"Asia","Developing"
2004,946414,"PAK","Pakistan",564,836350.300459526,1341475.59602,1185468.00638035,0,0,1,0,0,0,0,0,1,0,0,4,2,"Asia","Developing"
2005,925781,"PAK","Pakistan",564,704390.930533364,1341456.669,1020662.45834284,0,0,1,0,0,0,0,0,1,0,0,4,2,"Asia","Developing"
2006,881864,"PAK","Pakistan",564,722661.640580185,1325917.79856,1086550.68307793,0,0,1,0,0,0,0,0,1,0,0,4,2,"Asia","Developing"
2007,831300,"PAK","Pakistan",564,738605.064415815,1305972.3,1160348.55619725,0,0,1,0,0,0,0,0,1,0,0,4,2,"Asia","Developing"
2008,831932,"PAK","Pakistan",564,782111.497602707,1364784.446,1283053.91181724,0,0,1,0,0,0,0,0,1,0,0,4,2,"Asia","Developing"
2009,497605,"PAK","Pakistan",564,482877.244056283,833020.6263,808365.479184862,0,0,1,0,0,0,0,0,1,0,0,4,2,"Asia","Developing"
2010,306490,"PAK","Pakistan",564,326191.996594295,503339.3323,535695.330246913,0,0,1,0,0,0,0,0,1,0,0,4,2,"Asia","Developing"
2011,355086,"PAK","Pakistan",564,377389.733234138,605826.42804,643879.719460091,0,0,1,0,0,0,0,0,1,0,0,4,2,"Asia","Developing"
2012,270743,"PAK","Pakistan",564,295377.481998691,468531.59122,511162.547698014,0,0,1,0,0,0,0,0,1,0,0,4,2,"Asia","Developing"
2013,213900,"PAK","Pakistan",564,239932.697700505,338607.978,379818.259113853,0,0,1,0,0,0,0,0,1,0,0,4,2,"Asia","Developing"
2014,64981,"PAK","Pakistan",564,65697.0983722576,99045.33982,100136.831280962,0,0,1,0,0,0,0,0,1,0,0,4,2,"Asia","Developing"
2015,36082.76613,"PAK","Pakistan",564,36370.0898397339,48479.7220892841,48865.7616059713,0,0,1,0,0,0,0,0,1,0,0,4,2,"Asia","Developing"
2016,29306.45185,"PAK","Pakistan",564,28844.9329232283,39130.2675746385,38514.0428884237,0,0,1,0,0,0,0,0,1,0,0,4,2,"Asia","Developing"
2017,14840.58437,"PAK","Pakistan",564,15216.4301958372,20086.730944795,20595.4382700656,0,0,1,0,0,0,0,0,1,0,0,4,2,"Asia","Developing"
2018,20013.48975,"PAK","Pakistan",564,20318.2637055838,27435.4924237875,27853.2918007995,0,0,1,0,0,0,0,0,1,0,0,4,2,"Asia","Developing"
2019,50604.873425,"PAK","Pakistan",564,52264.2638006713,68357.5690712243,70599.0901845848,0,0,1,0,0,0,0,0,1,0,0,4,2,"Asia","Developing"
2020,6623.59577,"PAK","Pakistan",564,7516.56351566046,8818.3904643472,10007.2520022097,0,0,1,0,0,0,0,0,1,0,0,4,2,"Asia","Developing"
2021,6203.537458,"PAK","Pakistan",564,6796.90748110003,8800.89655629002,9642.7046743618,0,0,1,0,0,0,0,0,1,0,0,4,2,"Asia","Developing"
2022,38477.764589,"PAK","Pakistan",564,41823.6571619565,50816.8141374005,55235.6675406527,0,0,1,0,0,0,0,0,1,0,0,4,2,"Asia","Developing"
1987,,"PLW","Palau",565,,,,0,0,0,1,0,0,0,0,0,0,0,8,3,"OFC","OFC"
1988,,"PLW","Palau",565,,,,0,0,0,1,0,0,0,0,0,0,0,8,3,"OFC","OFC"
1989,,"PLW","Palau",565,,,,0,0,0,1,0,0,0,0,0,0,0,8,3,"OFC","OFC"
1990,,"PLW","Palau",565,,,,0,0,0,1,0,0,0,0,0,0,0,8,3,"OFC","OFC"
1991,,"PLW","Palau",565,,,,0,0,0,1,0,0,0,0,0,0,0,8,3,"OFC","OFC"
1992,,"PLW","Palau",565,,,,0,0,0,1,0,0,0,0,0,0,0,8,3,"OFC","OFC"
1993,,"PLW","Palau",565,,,,0,0,0,1,0,0,0,0,0,0,0,8,3,"OFC","OFC"
1994,,"PLW","Palau",565,,,,0,0,0,1,0,0,0,0,0,0,0,8,3,"OFC","OFC"
1995,,"PLW","Palau",565,,,,0,0,0,1,0,0,0,0,0,0,0,8,3,"OFC","OFC"
1996,,"PLW","Palau",565,,,,0,0,0,1,0,0,0,0,0,0,0,8,3,"OFC","OFC"
1997,,"PLW","Palau",565,,,,0,0,0,1,0,0,0,0,0,0,0,8,3,"OFC","OFC"
1998,,"PLW","Palau",565,,,,0,0,0,1,0,0,0,0,0,0,0,8,3,"OFC","OFC"
1999,0,"PLW","Palau",565,0,0,0,0,0,0,1,0,0,0,0,0,0,0,8,3,"OFC","OFC"
2000,0,"PLW","Palau",565,0,0,0,0,0,0,1,0,0,0,0,0,0,0,8,3,"OFC","OFC"
2001,0,"PLW","Palau",565,0,0,0,0,0,0,1,0,0,0,0,0,0,0,8,3,"OFC","OFC"
2002,0,"PLW","Palau",565,0,0,0,0,0,0,1,0,0,0,0,0,0,0,8,3,"OFC","OFC"
2003,0,"PLW","Palau",565,0,0,0,0,0,0,1,0,0,0,0,0,0,0,8,3,"OFC","OFC"
2004,0,"PLW","Palau",565,0,0,0,0,0,0,1,0,0,0,0,0,0,0,8,3,"OFC","OFC"
2005,0,"PLW","Palau",565,0,0,0,0,0,0,1,0,0,0,0,0,0,0,8,3,"OFC","OFC"
2006,0,"PLW","Palau",565,0,0,0,0,0,0,1,0,0,0,0,0,0,0,8,3,"OFC","OFC"
2007,0,"PLW","Palau",565,0,0,0,0,0,0,1,0,0,0,0,0,0,0,8,3,"OFC","OFC"
2008,0,"PLW","Palau",565,0,0,0,0,0,0,1,0,0,0,0,0,0,0,8,3,"OFC","OFC"
2009,0,"PLW","Palau",565,0,0,0,0,0,0,1,0,0,0,0,0,0,0,8,3,"OFC","OFC"
2010,0,"PLW","Palau",565,0,0,0,0,0,0,1,0,0,0,0,0,0,0,8,3,"OFC","OFC"
2011,0,"PLW","Palau",565,0,0,0,0,0,0,1,0,0,0,0,0,0,0,8,3,"OFC","OFC"
2012,0,"PLW","Palau",565,0,0,0,0,0,0,1,0,0,0,0,0,0,0,8,3,"OFC","OFC"
2013,0,"PLW","Palau",565,0,0,0,0,0,0,1,0,0,0,0,0,0,0,8,3,"OFC","OFC"
2014,0,"PLW","Palau",565,0,0,0,0,0,0,1,0,0,0,0,0,0,0,8,3,"OFC","OFC"
2015,0,"PLW","Palau",565,0,0,0,0,0,0,1,0,0,0,0,0,0,0,8,3,"OFC","OFC"
2016,0,"PLW","Palau",565,0,0,0,0,0,0,1,0,0,0,0,0,0,0,8,3,"OFC","OFC"
2017,0,"PLW","Palau",565,0,0,0,0,0,0,1,0,0,0,0,0,0,0,8,3,"OFC","OFC"
2018,0,"PLW","Palau",565,0,0,0,0,0,0,1,0,0,0,0,0,0,0,8,3,"OFC","OFC"
2019,0,"PLW","Palau",565,0,0,0,0,0,0,1,0,0,0,0,0,0,0,8,3,"OFC","OFC"
2020,0,"PLW","Palau",565,0,0,0,0,0,0,1,0,0,0,0,0,0,0,8,3,"OFC","OFC"
2021,0,"PLW","Palau",565,0,0,0,0,0,0,1,0,0,0,0,0,0,0,8,3,"OFC","OFC"
2022,0,"PLW","Palau",565,0,0,0,0,0,0,1,0,0,0,0,0,0,0,8,3,"OFC","OFC"
1987,413331,"PHL","Philippines",566,323420.187793427,561770.56203,439570.079835681,0,0,1,0,0,0,0,0,1,0,0,4,2,"Asia","Developing"
1988,467458,"PHL","Philippines",566,310809.840425532,637692.17986,423997.460013298,0,0,1,0,0,0,0,0,1,0,0,4,2,"Asia","Developing"
1989,510652,"PHL","Philippines",566,330198.512770773,681327.21796,440560.761694148,0,0,1,0,0,0,0,0,1,0,0,4,2,"Asia","Developing"
1990,358395,"PHL","Philippines",566,276646.082593593,502132.8987,387597.76047858,0,0,1,0,0,0,0,0,1,0,0,4,2,"Asia","Developing"
1991,295332,"PHL","Philippines",566,217876.798229436,421949.68836,311287.117934342,0,0,1,0,0,0,0,0,1,0,0,4,2,"Asia","Developing"
1992,295035,"PHL","Philippines",566,202633.928571429,425847.6183,292477.759821429,0,0,1,0,0,0,0,0,1,0,0,4,2,"Asia","Developing"
1993,193198,"PHL","Philippines",566,130583.305170666,289020.34404,195350.012869213,0,0,1,0,0,0,0,0,1,0,0,4,2,"Asia","Developing"
1994,222344,"PHL","Philippines",566,169534.121235227,340657.68928,259746.617826916,0,0,1,0,0,0,0,0,1,0,0,4,2,"Asia","Developing"
1995,116209,"PHL","Philippines",566,101007.388092134,184866.43929,160683.563050847,0,0,1,0,0,0,0,0,1,0,0,4,2,"Asia","Developing"
1996,303444,"PHL","Philippines",566,225374.331550802,479177.52372,355895.368181818,0,0,1,0,0,0,0,0,1,0,0,4,2,"Asia","Developing"
1997,414917,"PHL","Philippines",566,285107.537964681,644083.95744,442578.133333333,0,0,1,0,0,0,0,0,1,0,0,4,2,"Asia","Developing"
1998,399164,"PHL","Philippines",566,289984.743915728,630810.84412,458271.590352343,0,0,1,0,0,0,0,0,1,0,0,4,2,"Asia","Developing"
1999,542799,"PHL","Philippines",566,339334.208552138,733695.98031,458674.65635784,0,0,1,0,0,0,0,0,1,0,0,4,2,"Asia","Developing"
2000,642307,"PHL","Philippines",566,392488.237091353,875971.86353,535271.532862817,0,0,1,0,0,0,0,0,1,0,0,4,2,"Asia","Developing"
2001,635204,"PHL","Philippines",566,378706.254098849,884997.973,527632.488523222,0,0,1,0,0,0,0,0,1,0,0,4,2,"Asia","Developing"
2002,553580,"PHL","Philippines",566,399177.963657341,785784.6668,566617.152293049,0,0,1,0,0,0,0,0,1,0,0,4,2,"Asia","Developing"
2003,476417,"PHL","Philippines",566,385170.183523324,658999.05108,532782.804656803,0,0,1,0,0,0,0,0,1,0,0,4,2,"Asia","Developing"
2004,381167,"PHL","Philippines",566,336838.989042064,540277.54081,477445.688237893,0,0,1,0,0,0,0,0,1,0,0,4,2,"Asia","Developing"
2005,319753,"PHL","Philippines",566,243287.681655634,463322.097,352523.850719014,0,0,1,0,0,0,0,0,1,0,0,4,2,"Asia","Developing"
2006,369640,"PHL","Philippines",566,302909.120708023,555768.5256,455435.97934934,0,0,1,0,0,0,0,0,1,0,0,4,2,"Asia","Developing"
2007,368227,"PHL","Philippines",566,327167.481119502,578484.617,513980.112838738,0,0,1,0,0,0,0,0,1,0,0,4,2,"Asia","Developing"
2008,244058,"PHL","Philippines",566,229442.511986462,400377.149,376400.440913791,0,0,1,0,0,0,0,0,1,0,0,4,2,"Asia","Developing"
2009,127173,"PHL","Philippines",566,123409.024745269,212895.23238,206594.111965066,0,0,1,0,0,0,0,0,1,0,0,4,2,"Asia","Developing"
2010,90105,"PHL","Philippines",566,95897.190293742,147976.73835,157489.078703704,0,0,1,0,0,0,0,0,1,0,0,4,2,"Asia","Developing"
2011,81838,"PHL","Philippines",566,86978.424912318,139627.08532,148397.369879902,0,0,1,0,0,0,0,0,1,0,0,4,2,"Asia","Developing"
2012,63211,"PHL","Philippines",566,68962.469997818,109389.16394,119342.312830024,0,0,1,0,0,0,0,0,1,0,0,4,2,"Asia","Developing"
2013,49554,"PHL","Philippines",566,55584.9691531127,78444.97308,87992.1178687605,0,0,1,0,0,0,0,0,1,0,0,4,2,"Asia","Developing"
2014,46518,"PHL","Philippines",566,47030.6339096148,70903.66596,71685.0328177131,0,0,1,0,0,0,0,0,1,0,0,4,2,"Asia","Developing"
2015,38377.88835,"PHL","Philippines",566,38683.4879044451,51563.3794504095,51973.9738437753,0,0,1,0,0,0,0,0,1,0,0,4,2,"Asia","Developing"
2016,40173.97368,"PHL","Philippines",566,39541.3126771654,53640.6913972728,52795.956099678,0,0,1,0,0,0,0,0,1,0,0,4,2,"Asia","Developing"
2017,48488.09841,"PHL","Philippines",566,49716.0857274685,65628.641197935,67290.7220321286,0,0,1,0,0,0,0,0,1,0,0,4,2,"Asia","Developing"
2018,49372.0018,"PHL","Philippines",566,50123.8596954315,67681.60866753,68712.2930634822,0,0,1,0,0,0,0,0,1,0,0,4,2,"Asia","Developing"
2019,75282.110091,"PHL","Philippines",566,77750.6946460108,101691.827132024,105026.415834778,0,0,1,0,0,0,0,0,1,0,0,4,2,"Asia","Developing"
2020,23154.34354,"PHL","Philippines",566,26275.9232183386,30826.7668154144,34982.7131359673,0,0,1,0,0,0,0,0,1,0,0,4,2,"Asia","Developing"
2021,26472.93917,"PHL","Philippines",566,29005.0829078558,37556.8940710873,41149.221070546,0,0,1,0,0,0,0,0,1,0,0,4,2,"Asia","Developing"
2022,56002.046,"PHL","Philippines",566,60871.7891304348,73960.78211128,80392.1544687826,0,0,1,0,0,0,0,0,1,0,0,4,2,"Asia","Developing"
1987,445360,"SGP","Singapore",576,348482.00312989,605302.1368,473632.344913928,0,0,0,1,0,0,0,0,0,0,0,8,3,"OFC","OFC"
1988,512741,"SGP","Singapore",576,340918.218085106,699465.88997,465070.40556516,0,0,0,1,0,0,0,0,0,0,0,8,3,"OFC","OFC"
1989,705802,"SGP","Singapore",576,456386.679599095,941702.20246,608924.7995215,0,0,0,1,0,0,0,0,0,0,0,8,3,"OFC","OFC"
1990,689436,"SGP","Singapore",576,532177.537630259,965941.20216,745612.66087225,0,0,0,1,0,0,0,0,0,0,0,8,3,"OFC","OFC"
1991,657916,"SGP","Singapore",576,485367.76097381,939984.32668,693459.481136112,0,0,0,1,0,0,0,0,0,0,0,8,3,"OFC","OFC"
1992,549641,"SGP","Singapore",576,377500.686813187,793340.82658,544876.941332418,0,0,0,1,0,0,0,0,0,0,0,8,3,"OFC","OFC"
1993,523129,"SGP","Singapore",576,353584.99493072,782590.52142,528956.080716458,0,0,0,1,0,0,0,0,0,0,0,8,3,"OFC","OFC"
1994,532767,"SGP","Singapore",576,406227.220739611,816262.97604,622388.849439573,0,0,0,1,0,0,0,0,0,0,0,8,3,"OFC","OFC"
1995,429185,"SGP","Singapore",576,373042.155584528,682751.78985,593439.191525424,0,0,0,1,0,0,0,0,0,0,0,8,3,"OFC","OFC"
1996,1076511,"SGP","Singapore",576,799547.682709447,1699950.81543,1262589.73219697,0,0,0,1,0,0,0,0,0,0,0,8,3,"OFC","OFC"
1997,1003777,"SGP","Singapore",576,689738.885453171,1558183.11264,1070695.46666667,0,0,0,1,0,0,0,0,0,0,0,8,3,"OFC","OFC"
1998,1208067,"SGP","Singapore",576,877636.759898293,1909144.52211,1386955.70077007,0,0,0,1,0,0,0,0,0,0,0,8,3,"OFC","OFC"
1999,1476536,"SGP","Singapore",576,923065.76644161,1995818.94584,1247698.76584146,0,0,0,1,0,0,0,0,0,0,0,8,3,"OFC","OFC"
2000,1572838,"SGP","Singapore",576,961098.686220593,2145020.73602,1310736.77728078,0,0,0,1,0,0,0,0,0,0,0,8,3,"OFC","OFC"
2001,1532143,"SGP","Singapore",576,913457.938353306,2134658.23475,1272675.27261074,0,0,0,1,0,0,0,0,0,0,0,8,3,"OFC","OFC"
2002,1348336,"SGP","Singapore",576,972264.205364869,1913909.01856,1380090.14894722,0,0,0,1,0,0,0,0,0,0,0,8,3,"OFC","OFC"
2003,1233791,"SGP","Singapore",576,997486.458080685,1706629.06284,1379763.16827553,0,0,0,1,0,0,0,0,0,0,0,8,3,"OFC","OFC"
2004,1244079,"SGP","Singapore",576,1099398.19724284,1763394.89697,1558319.98671792,0,0,0,1,0,0,0,0,0,0,0,8,3,"OFC","OFC"
2005,1815594,"SGP","Singapore",576,1381415.20200867,2630795.706,2001670.62771057,0,0,0,1,0,0,0,0,0,0,0,8,3,"OFC","OFC"
2006,2971109,"SGP","Singapore",576,2434736.54019503,4467181.22586,3660723.77764484,0,0,0,1,0,0,0,0,0,0,0,8,3,"OFC","OFC"
2007,3255334,"SGP","Singapore",576,2892344.73567303,5114129.714,4543873.57974234,0,0,0,1,0,0,0,0,0,0,0,8,3,"OFC","OFC"
2008,2085377,"SGP","Singapore",576,1960493.56021435,3421060.9685,3216189.68553163,0,0,0,1,0,0,0,0,0,0,0,8,3,"OFC","OFC"
2009,2404208,"SGP","Singapore",576,2333049.97573993,4024788.44448,3905665.64238719,0,0,0,1,0,0,0,0,0,0,0,8,3,"OFC","OFC"
2010,1856150,"SGP","Singapore",576,1975468.28437633,3048299.4605,3244252.29938272,0,0,0,1,0,0,0,0,0,0,0,8,3,"OFC","OFC"
2011,1783335,"SGP","Singapore",576,1895350.19662026,3042619.1769,3233732.78446169,0,0,0,1,0,0,0,0,0,0,0,8,3,"OFC","OFC"
2012,1647145,"SGP","Singapore",576,1797016.14662885,2850450.3083,3109808.32238708,0,0,0,1,0,0,0,0,0,0,0,8,3,"OFC","OFC"
2013,2361457,"SGP","Singapore",576,2648858.10431856,3738233.66014,4193195.35629837,0,0,0,1,0,0,0,0,0,0,0,8,3,"OFC","OFC"
2014,2354952,"SGP","Singapore",576,2380903.85198665,3589464.93744,3629021.2692751,0,0,0,1,0,0,0,0,0,0,0,8,3,"OFC","OFC"
2015,2571072.97404,"SGP","Singapore",576,2591546.18893257,3454416.51573092,3481923.71306413,0,0,0,1,0,0,0,0,0,0,0,8,3,"OFC","OFC"
2016,2985775.845586,"SGP","Singapore",576,2938755.75352953,3986637.76678488,3923856.06967016,0,0,0,1,0,0,0,0,0,0,0,8,3,"OFC","OFC"
2017,2449411.816738,"SGP","Singapore",576,2511444.49578386,3315278.89395488,3399240.12504346,0,0,0,1,0,0,0,0,0,0,0,8,3,"OFC","OFC"
2018,2353220.62169,"SGP","Singapore",576,2389056.46872081,3225912.48924374,3275038.06014592,0,0,0,1,0,0,0,0,0,0,0,8,3,"OFC","OFC"
2019,3102397.60159,"SGP","Singapore",576,3204128.68741544,4190749.70420379,4328169.07224765,0,0,0,1,0,0,0,0,0,0,0,8,3,"OFC","OFC"
2020,2183876.167285,"SGP","Singapore",576,2478297.96559805,2907525.37407656,3299506.77947862,0,0,0,1,0,0,0,0,0,0,0,8,3,"OFC","OFC"
2021,2194027.869992,"SGP","Singapore",576,2403887.22470911,3112645.39887895,3410370.76682256,0,0,0,1,0,0,0,0,0,0,0,8,3,"OFC","OFC"
2022,5101194.157648,"SGP","Singapore",576,5544776.25831304,6737045.10012256,7322875.10882887,0,0,0,1,0,0,0,0,0,0,0,8,3,"OFC","OFC"
1987,213354,"THA","Thailand",578,166943.661971831,289975.82202,226898.139295775,0,0,1,0,0,0,0,0,1,0,0,4,2,"Asia","Developing"
1988,289593,"THA","Thailand",578,192548.537234043,395054.08281,262668.938038564,0,0,1,0,0,0,0,0,1,0,0,4,2,"Asia","Developing"
1989,341817,"THA","Thailand",578,221026.188166828,456062.49591,294899.771037827,0,0,1,0,0,0,0,0,1,0,0,4,2,"Asia","Developing"
1990,306877,"THA","Thailand",578,236879.19722115,429953.08962,331881.968058665,0,0,1,0,0,0,0,0,1,0,0,4,2,"Asia","Developing"
1991,401783,"THA","Thailand",578,296409.443009959,574039.42559,423489.063511619,0,0,1,0,0,0,0,0,1,0,0,4,2,"Asia","Developing"
1992,463861,"THA","Thailand",578,318585.851648352,669527.69018,459840.446552198,0,0,1,0,0,0,0,0,1,0,0,4,2,"Asia","Developing"
1993,458878,"THA","Thailand",578,310157.48563704,686472.31044,463989.395363298,0,0,1,0,0,0,0,0,1,0,0,4,2,"Asia","Developing"
1994,518388,"THA","Thailand",578,395263.438810522,794232.62256,605591.019870377,0,0,1,0,0,0,0,0,1,0,0,4,2,"Asia","Developing"
1995,487517,"THA","Thailand",578,423743.58974359,775546.91877,674095.54,0,0,1,0,0,0,0,0,1,0,0,4,2,"Asia","Developing"
1996,514732,"THA","Thailand",578,382302.436125965,812828.74316,603705.245959596,0,0,1,0,0,0,0,0,1,0,0,4,2,"Asia","Developing"
1997,597831,"THA","Thailand",578,410795.712224284,928025.01792,637686.4,0,0,1,0,0,0,0,0,1,0,0,4,2,"Asia","Developing"
1998,603239,"THA","Thailand",578,438241.191427534,953316.68887,692565.702048674,0,0,1,0,0,0,0,0,1,0,0,4,2,"Asia","Developing"
1999,754514,"THA","Thailand",578,471689.172293073,1019869.02866,637577.537296824,0,0,1,0,0,0,0,0,1,0,0,4,2,"Asia","Developing"
2000,898515,"THA","Thailand",578,549046.746104491,1225385.77185,748784.461869844,0,0,1,0,0,0,0,0,1,0,0,4,2,"Asia","Developing"
2001,846351,"THA","Thailand",578,504591.307458415,1179178.53075,703021.839116437,0,0,1,0,0,0,0,0,1,0,0,4,2,"Asia","Developing"
2002,716425,"THA","Thailand",578,516602.970868186,1016936.6305,733297.253028555,0,0,1,0,0,0,0,0,1,0,0,4,2,"Asia","Developing"
2003,640051,"THA","Thailand",578,517463.820842429,885344.14524,715776.655542081,0,0,1,0,0,0,0,0,1,0,0,4,2,"Asia","Developing"
2004,578245,"THA","Thailand",578,510997.702368328,819621.81035,724303.473267939,0,0,1,0,0,0,0,0,1,0,0,4,2,"Asia","Developing"
2005,608384,"THA","Thailand",578,462895.838088716,881548.416,670736.06939055,0,0,1,0,0,0,0,0,1,0,0,4,2,"Asia","Developing"
2006,649723,"THA","Thailand",578,532428.910923543,976884.51942,800528.164729984,0,0,1,0,0,0,0,0,1,0,0,4,2,"Asia","Developing"
2007,716204,"THA","Thailand",578,636342.958685029,1125156.484,999694.78809418,0,0,1,0,0,0,0,0,1,0,0,4,2,"Asia","Developing"
2008,583872,"THA","Thailand",578,548906.646610886,957842.016,900481.353765159,0,0,1,0,0,0,0,0,1,0,0,4,2,"Asia","Developing"
2009,358911,"THA","Thailand",578,348288.209606987,600838.54866,583055.360174673,0,0,1,0,0,0,0,0,1,0,0,4,2,"Asia","Developing"
2010,264943,"THA","Thailand",578,281974.244359302,435107.94061,463077.842283951,0,0,1,0,0,0,0,0,1,0,0,4,2,"Asia","Developing"
2011,201791,"THA","Thailand",578,214465.936868955,344283.69674,365908.913529599,0,0,1,0,0,0,0,0,1,0,0,4,2,"Asia","Developing"
2012,169211,"THA","Thailand",578,184607.244163212,292826.40394,319470.220314205,0,0,1,0,0,0,0,0,1,0,0,4,2,"Asia","Developing"
2013,255024,"THA","Thailand",578,286061.693774537,403708.09248,452841.382478968,0,0,1,0,0,0,0,0,1,0,0,4,2,"Asia","Developing"
2014,265546,"THA","Thailand",578,268472.348599737,404750.52412,409210.923182691,0,0,1,0,0,0,0,0,1,0,0,4,2,"Asia","Developing"
2015,343769.23256,"THA","Thailand",578,346506.634976313,461878.027790639,465555.919555125,0,0,1,0,0,0,0,0,1,0,0,4,2,"Asia","Developing"
2016,176578.56547,"THA","Thailand",578,173797.800659449,235769.466401199,232056.561418503,0,0,1,0,0,0,0,0,1,0,0,4,2,"Asia","Developing"
2017,94356.12614,"THA","Thailand",578,96745.7460678765,127711.01673049,130945.367302871,0,0,1,0,0,0,0,0,1,0,0,4,2,"Asia","Developing"
2018,315435.37772,"THA","Thailand",578,320238.962152284,432414.587547462,438999.581266459,0,0,1,0,0,0,0,0,1,0,0,4,2,"Asia","Developing"
2019,292064.357659,"THA","Thailand",578,301641.474473535,394523.454969354,407460.320133595,0,0,1,0,0,0,0,0,1,0,0,4,2,"Asia","Developing"
2020,59307.40352,"THA","Thailand",578,67302.9999092147,78959.5047503872,89604.5219591321,0,0,1,0,0,0,0,0,1,0,0,4,2,"Asia","Developing"
2021,53720.732487,"THA","Thailand",578,58859.1349698696,76213.065971982,83502.8661904043,0,0,1,0,0,0,0,0,1,0,0,4,2,"Asia","Developing"
2022,371073.07518,"THA","Thailand",578,403340.299108696,490068.788928722,532683.466226872,0,0,1,0,0,0,0,0,1,0,0,4,2,"Asia","Developing"
1987,8979,"VNM","Viet Nam",582,7025.82159624413,12203.62827,9549.00490610329,0,0,1,0,0,0,0,0,1,0,0,4,2,"Asia","Developing"
1988,8208,"VNM","Viet Nam",582,5457.44680851064,11197.10736,7444.88521276596,0,0,1,0,0,0,0,0,1,0,0,4,2,"Asia","Developing"
1989,8443,"VNM","Viet Nam",582,5459.42450695118,11264.90389,7284.12795990947,0,0,1,0,0,0,0,0,1,0,0,4,2,"Asia","Developing"
1990,2847,"VNM","Viet Nam",582,2197.60710150521,3988.81782,3078.97940563489,0,0,1,0,0,0,0,0,1,0,0,4,2,"Asia","Developing"
1991,3132,"VNM","Viet Nam",582,2310.5864994467,4474.78236,3301.20424935448,0,0,1,0,0,0,0,0,1,0,0,4,2,"Asia","Developing"
1992,5176,"VNM","Viet Nam",582,3554.94505494505,7470.93488,5131.13659340659,0,0,1,0,0,0,0,0,1,0,0,4,2,"Asia","Developing"
1993,1910,"VNM","Viet Nam",582,1290.97668131125,2857.3218,1931.27529570801,0,0,1,0,0,0,0,0,1,0,0,4,2,"Asia","Developing"
1994,1857,"VNM","Viet Nam",582,1415.93595120091,2845.14684,2169.38378955395,0,0,1,0,0,0,0,0,1,0,0,4,2,"Asia","Developing"
1995,2377,"VNM","Viet Nam",582,2066.05823554976,3781.35537,3286.70610169492,0,0,1,0,0,0,0,0,1,0,0,4,2,"Asia","Developing"
1996,881,"VNM","Viet Nam",582,654.337492572787,1391.21353,1033.28396464646,0,0,1,0,0,0,0,0,1,0,0,4,2,"Asia","Developing"
1997,2260,"VNM","Viet Nam",582,1552.94441008727,3508.2432,2410.66666666667,0,0,1,0,0,0,0,0,1,0,0,4,2,"Asia","Developing"
1998,2389,"VNM","Viet Nam",582,1735.56120595714,3775.40837,2742.75944061024,0,0,1,0,0,0,0,0,1,0,0,4,2,"Asia","Developing"
1999,39372,"VNM","Viet Nam",582,24613.6534133533,53218.73868,33270.0291822956,0,0,1,0,0,0,0,0,1,0,0,4,2,"Asia","Developing"
2000,6069,"VNM","Viet Nam",582,3708.52428964253,8276.84151,5057.64834097159,0,0,1,0,0,0,0,0,1,0,0,4,2,"Asia","Developing"
2001,8823,"VNM","Viet Nam",582,5260.23967089966,12292.64475,7328.82892148095,0,0,1,0,0,0,0,0,1,0,0,4,2,"Asia","Developing"
2002,8972,"VNM","Viet Nam",582,6469.57023363138,12735.39512,9183.2961638304,0,0,1,0,0,0,0,0,1,0,0,4,2,"Asia","Developing"
2003,9677,"VNM","Viet Nam",582,7823.5912361549,13385.61348,10821.9043414989,0,0,1,0,0,0,0,0,1,0,0,4,2,"Asia","Developing"
2004,11181,"VNM","Viet Nam",582,9880.69989395546,15848.28483,14005.2004506893,0,0,1,0,0,0,0,0,1,0,0,4,2,"Asia","Developing"
2005,15360,"VNM","Viet Nam",582,11686.8294909838,22256.64,16934.2159324355,0,0,1,0,0,0,0,0,1,0,0,4,2,"Asia","Developing"
2006,14400,"VNM","Viet Nam",582,11800.3769564861,21650.976,17742.3387691551,0,0,1,0,0,0,0,0,1,0,0,4,2,"Asia","Developing"
2007,29347,"VNM","Viet Nam",582,26074.6334962239,46104.137,40963.2492225677,0,0,1,0,0,0,0,0,1,0,0,4,2,"Asia","Developing"
2008,41209,"VNM","Viet Nam",582,38741.1864247438,67603.3645,63554.9163297922,0,0,1,0,0,0,0,0,1,0,0,4,2,"Asia","Developing"
2009,22683,"VNM","Viet Nam",582,22011.6448326055,37972.70298,36848.8141484716,0,0,1,0,0,0,0,0,1,0,0,4,2,"Asia","Developing"
2010,16050,"VNM","Viet Nam",582,17081.7369093231,26358.4335,28052.8240740741,0,0,1,0,0,0,0,0,1,0,0,4,2,"Asia","Developing"
2011,11025,"VNM","Viet Nam",582,11717.5045169519,18810.1935,19991.7031565522,0,0,1,0,0,0,0,0,1,0,0,4,2,"Asia","Developing"
2012,6886,"VNM","Viet Nam",582,7512.54636700851,11916.49844,13000.7619899629,0,0,1,0,0,0,0,0,1,0,0,4,2,"Asia","Developing"
2013,3010,"VNM","Viet Nam",582,3376.33202467751,4764.8902,5344.80112170499,0,0,1,0,0,0,0,0,1,0,0,4,2,"Asia","Developing"
2014,1579,"VNM","Viet Nam",582,1596.40076837529,2406.74338,2433.26597917299,0,0,1,0,0,0,0,0,1,0,0,4,2,"Asia","Developing"
2015,1634.00386,"VNM","Viet Nam",582,1647.01528071767,2195.3985661802,2212.88032071384,0,0,1,0,0,0,0,0,1,0,0,4,2,"Asia","Developing"
2016,6645.42294,"VNM","Viet Nam",582,6540.77061023622,8873.0351637174,8733.3023264935,0,0,1,0,0,0,0,0,1,0,0,4,2,"Asia","Developing"
2017,8268.10078,"VNM","Viet Nam",582,8477.49490413206,11190.87440573,11474.2893527427,0,0,1,0,0,0,0,0,1,0,0,4,2,"Asia","Developing"
2018,20881.29511,"VNM","Viet Nam",582,21199.2843756345,28625.1234015435,29061.0389863386,0,0,1,0,0,0,0,0,1,0,0,4,2,"Asia","Developing"
2019,14653.42191,"VNM","Viet Nam",582,15133.9239969016,19793.9888502471,20443.0558742547,0,0,1,0,0,0,0,0,1,0,0,4,2,"Asia","Developing"
2020,154.65625,"VNM","Viet Nam",582,175.506411711303,205.903145,233.66221629596,0,0,1,0,0,0,0,0,1,0,0,4,2,"Asia","Developing"
2021,4706.10231,"VNM","Viet Nam",582,5156.24225923085,6676.5002861739,7315.10933074822,0,0,1,0,0,0,0,0,1,0,0,4,2,"Asia","Developing"
2022,4275.12768,"VNM","Viet Nam",582,4646.87791304348,5646.0756244224,6137.03872219826,0,0,1,0,0,0,0,0,1,0,0,4,2,"Asia","Developing"
1987,,"FSM","Micronesia (Federated States of)",583,,,,0,0,1,0,0,0,0,0,1,0,0,4,2,"Asia","Developing"
1988,,"FSM","Micronesia (Federated States of)",583,,,,0,0,1,0,0,0,0,0,1,0,0,4,2,"Asia","Developing"
1989,,"FSM","Micronesia (Federated States of)",583,,,,0,0,1,0,0,0,0,0,1,0,0,4,2,"Asia","Developing"
1990,,"FSM","Micronesia (Federated States of)",583,,,,0,0,1,0,0,0,0,0,1,0,0,4,2,"Asia","Developing"
1991,,"FSM","Micronesia (Federated States of)",583,,,,0,0,1,0,0,0,0,0,1,0,0,4,2,"Asia","Developing"
1992,,"FSM","Micronesia (Federated States of)",583,,,,0,0,1,0,0,0,0,0,1,0,0,4,2,"Asia","Developing"
1993,,"FSM","Micronesia (Federated States of)",583,,,,0,0,1,0,0,0,0,0,1,0,0,4,2,"Asia","Developing"
1994,,"FSM","Micronesia (Federated States of)",583,,,,0,0,1,0,0,0,0,0,1,0,0,4,2,"Asia","Developing"
1995,,"FSM","Micronesia (Federated States of)",583,,,,0,0,1,0,0,0,0,0,1,0,0,4,2,"Asia","Developing"
1996,,"FSM","Micronesia (Federated States of)",583,,,,0,0,1,0,0,0,0,0,1,0,0,4,2,"Asia","Developing"
1997,,"FSM","Micronesia (Federated States of)",583,,,,0,0,1,0,0,0,0,0,1,0,0,4,2,"Asia","Developing"
1998,,"FSM","Micronesia (Federated States of)",583,,,,0,0,1,0,0,0,0,0,1,0,0,4,2,"Asia","Developing"
1999,0,"FSM","Micronesia (Federated States of)",583,0,0,0,0,0,1,0,0,0,0,0,1,0,0,4,2,"Asia","Developing"
2000,0,"FSM","Micronesia (Federated States of)",583,0,0,0,0,0,1,0,0,0,0,0,1,0,0,4,2,"Asia","Developing"
2001,0,"FSM","Micronesia (Federated States of)",583,0,0,0,0,0,1,0,0,0,0,0,1,0,0,4,2,"Asia","Developing"
2002,0,"FSM","Micronesia (Federated States of)",583,0,0,0,0,0,1,0,0,0,0,0,1,0,0,4,2,"Asia","Developing"
2003,0,"FSM","Micronesia (Federated States of)",583,0,0,0,0,0,1,0,0,0,0,0,1,0,0,4,2,"Asia","Developing"
2004,260,"FSM","Micronesia (Federated States of)",583,229.763167196889,368.5318,325.673206079887,0,0,1,0,0,0,0,0,1,0,0,4,2,"Asia","Developing"
2005,3282,"FSM","Micronesia (Federated States of)",583,2497.1467701438,4755.618,3618.36566993837,0,0,1,0,0,0,0,0,1,0,0,4,2,"Asia","Developing"
2006,9712,"FSM","Micronesia (Federated States of)",583,7958.6986806523,14602.38048,11966.221814308,0,0,1,0,0,0,0,0,1,0,0,4,2,"Asia","Developing"
2007,12648,"FSM","Micronesia (Federated States of)",583,11237.672145713,19870.008,17654.3829409151,0,0,1,0,0,0,0,0,1,0,0,4,2,"Asia","Developing"
2008,19991,"FSM","Micronesia (Federated States of)",583,18793.8328476074,32795.2355,30831.2827865,0,0,1,0,0,0,0,0,1,0,0,4,2,"Asia","Developing"
2009,16660,"FSM","Micronesia (Federated States of)",583,16166.909267346,27889.8396,27064.3761280932,0,0,1,0,0,0,0,0,1,0,0,4,2,"Asia","Developing"
2010,10787,"FSM","Micronesia (Federated States of)",583,11480.417198808,17715.16649,18853.9447530864,0,0,1,0,0,0,0,0,1,0,0,4,2,"Asia","Developing"
2011,2069,"FSM","Micronesia (Federated States of)",583,2198.95844404294,3530.00366,3751.73095971942,0,0,1,0,0,0,0,0,1,0,0,4,2,"Asia","Developing"
2012,0,"FSM","Micronesia (Federated States of)",583,0,0,0,0,0,1,0,0,0,0,0,1,0,0,4,2,"Asia","Developing"
2013,0,"FSM","Micronesia (Federated States of)",583,0,0,0,0,0,1,0,0,0,0,0,1,0,0,4,2,"Asia","Developing"
2014,8029,"FSM","Micronesia (Federated States of)",583,8117.4805378627,12237.96238,12372.8261854211,0,0,1,0,0,0,0,0,1,0,0,4,2,"Asia","Developing"
2015,8009.19984,"FSM","Micronesia (Federated States of)",583,8072.9763531902,10760.9206290288,10846.6088388558,0,0,1,0,0,0,0,0,1,0,0,4,2,"Asia","Developing"
2016,3922.01496,"FSM","Micronesia (Federated States of)",583,3860.25094488189,5236.7135947416,5154.24566411575,0,0,1,0,0,0,0,0,1,0,0,4,2,"Asia","Developing"
2017,20190.56387,"FSM","Micronesia (Federated States of)",583,20701.9008202604,27327.928198045,28020.0227602225,0,0,1,0,0,0,0,0,1,0,0,4,2,"Asia","Developing"
2018,394.32,"FSM","Micronesia (Federated States of)",583,400.324873096447,540.553572,548.785352284264,0,0,1,0,0,0,0,0,1,0,0,4,2,"Asia","Developing"
2019,0,"FSM","Micronesia (Federated States of)",583,0,0,0,0,0,1,0,0,0,0,0,1,0,0,4,2,"Asia","Developing"
2020,0,"FSM","Micronesia (Federated States of)",583,0,0,0,0,0,1,0,0,0,0,0,1,0,0,4,2,"Asia","Developing"
2021,0,"FSM","Micronesia (Federated States of)",583,0,0,0,0,0,1,0,0,0,0,0,1,0,0,4,2,"Asia","Developing"
2022,0,"FSM","Micronesia (Federated States of)",583,0,0,0,0,0,1,0,0,0,0,0,1,0,0,4,2,"Asia","Developing"
1987,111874,"DJI","Djibouti",611,87538.3411580595,152051.30962,118975.985618153,0,0,1,0,0,0,0,0,0,1,0,1,2,"Africa","Developing"
1988,71986,"DJI","Djibouti",611,47863.0319148936,98201.14162,65293.3122473404,0,0,1,0,0,0,0,0,0,1,0,1,2,"Africa","Developing"
1989,88527,"DJI","Djibouti",611,57243.4529582929,118115.37921,76375.9322405432,0,0,1,0,0,0,0,0,0,1,0,1,2,"Africa","Developing"
1990,89517,"DJI","Djibouti",611,69098.4175993825,125418.68802,96811.0289617908,0,0,1,0,0,0,0,0,0,1,0,1,2,"Africa","Developing"
1991,96552,"DJI","Djibouti",611,71229.8045001844,137946.73896,101768.158583549,0,0,1,0,0,0,0,0,0,1,0,1,2,"Africa","Developing"
1992,77639,"DJI","Djibouti",611,53323.489010989,112062.57982,76966.0575686813,0,0,1,0,0,0,0,0,0,1,0,1,2,"Africa","Developing"
1993,80157,"DJI","Djibouti",611,54178.43866171,119913.26886,81049.860669145,0,0,1,0,0,0,0,0,0,1,0,1,2,"Africa","Developing"
1994,64455,"DJI","Djibouti",611,49146.0160121998,98752.7946,75297.5940526115,0,0,1,0,0,0,0,0,0,1,0,1,2,"Africa","Developing"
1995,38576,"DJI","Djibouti",611,33529.7696653629,61367.08656,53339.4928813559,0,0,1,0,0,0,0,0,0,1,0,1,2,"Africa","Developing"
1996,50750,"DJI","Djibouti",611,37693.1075460487,80140.8475,59522.3169191919,0,0,1,0,0,0,0,0,0,1,0,1,2,"Africa","Developing"
1997,50518,"DJI","Djibouti",611,34713.1175702604,78420.10176,53885.8666666667,0,0,1,0,0,0,0,0,0,1,0,1,2,"Africa","Developing"
1998,40717,"DJI","Djibouti",611,29580.0944424264,64346.29661,46746.3106501998,0,0,1,0,0,0,0,0,0,1,0,1,2,"Africa","Developing"
1999,60412,"DJI","Djibouti",611,37766.9417354339,81658.29628,51049.1974743686,0,0,1,0,0,0,0,0,0,1,0,1,2,"Africa","Developing"
2000,53834,"DJI","Djibouti",611,32895.8142377024,73418.27086,44862.9824992362,0,0,1,0,0,0,0,0,0,1,0,1,2,"Africa","Developing"
2001,62203,"DJI","Djibouti",611,37085.1964466702,86664.32975,51668.9499493233,0,0,1,0,0,0,0,0,0,1,0,1,2,"Africa","Developing"
2002,50417,"DJI","Djibouti",611,36354.9177963657,71564.91482,51604.3516152293,0,0,1,0,0,0,0,0,0,1,0,1,2,"Africa","Developing"
2003,50244,"DJI","Djibouti",611,40620.9071064759,69499.51056,56188.4635459617,0,0,1,0,0,0,0,0,0,1,0,1,2,"Africa","Developing"
2004,47020,"DJI","Djibouti",611,41551.7850830682,66647.5586,58896.7467302934,0,0,1,0,0,0,0,0,0,1,0,1,2,"Africa","Developing"
2005,39385,"DJI","Djibouti",611,29966.5221030206,57068.865,43421.4905272769,0,0,1,0,0,0,0,0,0,1,0,1,2,"Africa","Developing"
2006,31990,"DJI","Djibouti",611,26214.8651970827,48098.2446,39415.0984184217,0,0,1,0,0,0,0,0,0,1,0,1,2,"Africa","Developing"
2007,37379,"DJI","Djibouti",611,33211.017325633,58722.409,52174.5082185695,0,0,1,0,0,0,0,0,0,1,0,1,2,"Africa","Developing"
2008,29061,"DJI","Djibouti",611,27320.6731221209,47674.5705,44819.5642568393,0,0,1,0,0,0,0,0,0,1,0,1,2,"Africa","Developing"
2009,11413,"DJI","Djibouti",611,11075.2062105774,19106.04678,18540.5597088792,0,0,1,0,0,0,0,0,0,1,0,1,2,"Africa","Developing"
2010,5533,"DJI","Djibouti",611,5888.67603235419,9086.67991,9670.79598765432,0,0,1,0,0,0,0,0,0,1,0,1,2,"Africa","Developing"
2011,7720,"DJI","Djibouti",611,8204.91019236901,13171.4008,13998.7254756085,0,0,1,0,0,0,0,0,0,1,0,1,2,"Africa","Developing"
2012,6373,"DJI","Djibouti",611,6952.86929958542,11028.73142,12032.2184377046,0,0,1,0,0,0,0,0,0,1,0,1,2,"Africa","Developing"
2013,11183,"DJI","Djibouti",611,12544.0269209198,17702.91266,19857.4454963545,0,0,1,0,0,0,0,0,0,1,0,1,2,"Africa","Developing"
2014,8093,"DJI","Djibouti",611,8182.18582549793,12335.51246,12471.4512789405,0,0,1,0,0,0,0,0,0,1,0,1,2,"Africa","Developing"
2015,10115.2283,"DJI","Djibouti",611,10195.7749218829,13590.517287031,13698.7373117942,0,0,1,0,0,0,0,0,0,1,0,1,2,"Africa","Developing"
2016,345.491,"DJI","Djibouti",611,340.050196850394,461.30303811,454.038423336614,0,0,1,0,0,0,0,0,0,1,0,1,2,"Africa","Developing"
2017,13362.81511,"DJI","Djibouti",611,13701.2356300625,18086.570251385,18544.6224252897,0,0,1,0,0,0,0,0,0,1,0,1,2,"Africa","Developing"
2018,21661.96754,"DJI","Djibouti",611,21991.8452182741,29695.308202209,30147.5210174711,0,0,1,0,0,0,0,0,0,1,0,1,2,"Africa","Developing"
2019,17592.27194,"DJI","Djibouti",611,18169.142205009,23763.8168592714,24543.0589819483,0,0,1,0,0,0,0,0,0,1,0,1,2,"Africa","Developing"
2020,7031.04122,"DJI","Djibouti",611,7978.93919655016,9360.8470386592,10622.840488719,0,0,1,0,0,0,0,0,0,1,0,1,2,"Africa","Developing"
2021,6350.674614,"DJI","Djibouti",611,6958.1183455681,9009.63856813566,9871.412915674,0,0,1,0,0,0,0,0,0,1,0,1,2,"Africa","Developing"
2022,21841.589417,"DJI","Djibouti",611,23740.8580619565,28845.7503112436,31354.0764252647,0,0,1,0,0,0,0,0,0,1,0,1,2,"Africa","Developing"
1987,348696,"DZA","Algeria",612,272845.070422535,473923.19448,370831.92056338,0,0,1,0,0,0,0,0,0,1,0,1,2,"Africa","Developing"
1988,385034,"DZA","Algeria",612,256006.64893617,525251.83178,349236.590279255,0,0,1,0,0,0,0,0,0,1,0,1,2,"Africa","Developing"
1989,457709,"DZA","Algeria",612,295964.435822826,610689.07907,394884.629207889,0,0,1,0,0,0,0,0,0,1,0,1,2,"Africa","Developing"
1990,440663,"DZA","Algeria",612,340148.977228869,617395.30278,476569.126036279,0,0,1,0,0,0,0,0,0,1,0,1,2,"Africa","Developing"
1991,425587,"DZA","Algeria",612,313970.490593877,608048.91451,448579.05902619,0,0,1,0,0,0,0,0,0,1,0,1,2,"Africa","Developing"
1992,427157,"DZA","Algeria",612,293377.06043956,616549.87066,423454.581497253,0,0,1,0,0,0,0,0,0,1,0,1,2,"Africa","Developing"
1993,333660,"DZA","Algeria",612,225522.135856708,499148.6868,337376.604798919,0,0,1,0,0,0,0,0,0,1,0,1,2,"Africa","Developing"
1994,312494,"DZA","Algeria",612,238272.207396111,478778.30728,365061.61439573,0,0,1,0,0,0,0,0,0,1,0,1,2,"Africa","Developing"
1995,309381,"DZA","Algeria",612,268910.039113429,492166.38861,427784.779322034,0,0,1,0,0,0,0,0,0,1,0,1,2,"Africa","Developing"
1996,392123,"DZA","Algeria",612,291238.116458705,619213.19299,459902.846843434,0,0,1,0,0,0,0,0,0,1,0,1,2,"Africa","Developing"
1997,408035,"DZA","Algeria",612,280378.616092902,633400.8912,435237.333333333,0,0,1,0,0,0,0,0,0,1,0,1,2,"Africa","Developing"
1998,576708,"DZA","Algeria",612,418966.945150745,911388.95364,662106.032430076,0,0,1,0,0,0,0,0,0,1,0,1,2,"Africa","Developing"
1999,249192,"DZA","Algeria",612,155783.945986497,336830.33448,210571.601950488,0,0,1,0,0,0,0,0,0,1,0,1,2,"Africa","Developing"
2000,248730,"DZA","Algeria",612,151989.00091659,339215.4867,207281.079560037,0,0,1,0,0,0,0,0,0,1,0,1,2,"Africa","Developing"
2001,278099,"DZA","Algeria",612,165801.585882072,387461.43175,231003.059530197,0,0,1,0,0,0,0,0,0,1,0,1,2,"Africa","Developing"
2002,271987,"DZA","Algeria",612,196125.612921834,386074.66702,278392.462518027,0,0,1,0,0,0,0,0,0,1,0,1,2,"Africa","Developing"
2003,257192,"DZA","Algeria",612,207932.735063465,355758.26208,287620.876449187,0,0,1,0,0,0,0,0,0,1,0,1,2,"Africa","Developing"
2004,244041,"DZA","Algeria",612,215660.127253446,345911.03463,305683.134172853,0,0,1,0,0,0,0,0,0,1,0,1,2,"Africa","Developing"
2005,401072,"DZA","Algeria",612,305160.161302595,581153.328,442177.07372746,0,0,1,0,0,0,0,0,0,1,0,1,2,"Africa","Developing"
2006,482866,"DZA","Algeria",612,395694.501352127,726008.34564,594942.510562976,0,0,1,0,0,0,0,0,0,1,0,1,2,"Africa","Developing"
2007,278654,"DZA","Algeria",612,247582.407818747,437765.434,388951.962683252,0,0,1,0,0,0,0,0,0,1,0,1,2,"Africa","Developing"
2008,266317,"DZA","Algeria",612,250368.524960045,436893.0385,410729.565196954,0,0,1,0,0,0,0,0,0,1,0,1,2,"Africa","Developing"
2009,140851,"DZA","Algeria",612,136682.193110141,235793.02506,228814.192197962,0,0,1,0,0,0,0,0,0,1,0,1,2,"Africa","Developing"
2010,153617,"DZA","Algeria",612,163491.911451682,252280.59059,268497.861419753,0,0,1,0,0,0,0,0,0,1,0,1,2,"Africa","Developing"
2011,243678,"DZA","Algeria",612,258983.951535764,415748.78292,441862.879073228,0,0,1,0,0,0,0,0,0,1,0,1,2,"Africa","Developing"
2012,76053,"DZA","Algeria",612,82972.943486799,131612.75862,143587.997621645,0,0,1,0,0,0,0,0,0,1,0,1,2,"Africa","Developing"
2013,23929,"DZA","Algeria",612,26841.2787436904,37880.08558,42490.2810768368,0,0,1,0,0,0,0,0,0,1,0,1,2,"Africa","Developing"
2014,32515,"DZA","Algeria",612,32873.3191790517,49560.0133,50106.1705590941,0,0,1,0,0,0,0,0,0,1,0,1,2,"Africa","Developing"
2015,48295.84813,"DZA","Algeria",612,48680.4234754561,64888.8526720241,65405.5565689185,0,0,1,0,0,0,0,0,0,1,0,1,2,"Africa","Developing"
2016,31298.15657,"DZA","Algeria",612,30805.2722145669,41789.6116338297,41131.5075136119,0,0,1,0,0,0,0,0,0,1,0,1,2,"Africa","Developing"
2017,64799.53657,"DZA","Algeria",612,66440.6198810622,87706.172747495,89927.3790090177,0,0,1,0,0,0,0,0,0,1,0,1,2,"Africa","Developing"
2018,76556.55267,"DZA","Algeria",612,77722.3884974619,104947.55022767,106545.736271746,0,0,1,0,0,0,0,0,0,1,0,1,2,"Africa","Developing"
2019,82152.52769,"DZA","Algeria",612,84846.4009191841,110972.455928929,114611.366825643,0,0,1,0,0,0,0,0,0,1,0,1,2,"Africa","Developing"
2020,30217.01824,"DZA","Algeria",612,34290.7605991829,40229.7294040064,45653.3470313282,0,0,1,0,0,0,0,0,0,1,0,1,2,"Africa","Developing"
2021,9209.02693,"DZA","Algeria",612,10089.8728278733,13064.7544153217,14314.4016821756,0,0,1,0,0,0,0,0,0,1,0,1,2,"Africa","Developing"
2022,39050.313189,"DZA","Algeria",612,42445.9925967391,51572.9676224485,56057.5735026614,0,0,1,0,0,0,0,0,0,1,0,1,2,"Africa","Developing"
1987,26669,"AGO","Angola",614,20867.7621283255,36246.63797,28362.001541471,0,0,1,0,0,0,0,0,0,1,0,1,2,"Africa","Developing"
1988,26463,"AGO","Angola",614,17595.079787234,36100.03071,24002.6799933511,0,0,1,0,0,0,0,0,0,1,0,1,2,"Africa","Developing"
1989,35558,"AGO","Angola",614,22992.5638538636,47442.55034,30677.3684707404,0,0,1,0,0,0,0,0,0,1,0,1,2,"Africa","Developing"
1990,70165,"AGO","Angola",614,54160.555769973,98305.3749,75882.1882670783,0,0,1,0,0,0,0,0,0,1,0,1,2,"Africa","Developing"
1991,78794,"AGO","Angola",614,58129.103651789,112575.35162,83050.7942604205,0,0,1,0,0,0,0,0,0,1,0,1,2,"Africa","Developing"
1992,74567,"AGO","Angola",614,51213.5989010989,107628.51646,73920.6843818681,0,0,1,0,0,0,0,0,0,1,0,1,2,"Africa","Developing"
1993,22697,"AGO","Angola",614,15340.9935789118,33954.25806,22949.8195741805,0,0,1,0,0,0,0,0,0,1,0,1,2,"Africa","Developing"
1994,17193,"AGO","Angola",614,13109.4166984369,26341.73916,20085.1995120091,0,0,1,0,0,0,0,0,0,1,0,1,2,"Africa","Developing"
1995,10045,"AGO","Angola",614,8730.9865275967,15979.68645,13889.3406779661,0,0,1,0,0,0,0,0,0,1,0,1,2,"Africa","Developing"
1996,13018,"AGO","Angola",614,9668.74628639335,20557.11434,15268.2073232323,0,0,1,0,0,0,0,0,0,1,0,1,2,"Africa","Developing"
1997,120362,"AGO","Angola",614,82705.9712773998,186840.33984,128386.133333333,0,0,1,0,0,0,0,0,0,1,0,1,2,"Africa","Developing"
1998,61990,"AGO","Angola",614,45034.5078096622,97964.6567,71169.3837268434,0,0,1,0,0,0,0,0,0,1,0,1,2,"Africa","Developing"
1999,111063,"AGO","Angola",614,69431.7329332333,150122.74647,93850.1790885221,0,0,1,0,0,0,0,0,0,1,0,1,2,"Africa","Developing"
2000,194529,"AGO","Angola",614,118868.927589368,265296.70491,162112.254757104,0,0,1,0,0,0,0,0,0,1,0,1,2,"Africa","Developing"
2001,569086,"AGO","Angola",614,339286.949263698,792879.0695,472711.542061647,0,0,1,0,0,0,0,0,0,1,0,1,2,"Africa","Developing"
2002,611273,"AGO","Angola",614,440779.492356504,867677.57258,625668.858220363,0,0,1,0,0,0,0,0,0,1,0,1,2,"Africa","Developing"
2003,428726,"AGO","Angola",614,346613.307462204,593030.95224,479449.391414019,0,0,1,0,0,0,0,0,0,1,0,1,2,"Africa","Developing"
2004,205791,"AGO","Angola",614,181858.430540827,291694.33713,257771.595201485,0,0,1,0,0,0,0,0,0,1,0,1,2,"Africa","Developing"
2005,219692,"AGO","Angola",614,167155.139618048,318333.708,242207.797306551,0,0,1,0,0,0,0,0,0,1,0,1,2,"Africa","Developing"
2006,101419,"AGO","Angola",614,83109.8910104073,152487.52326,124959.045529788,0,0,1,0,0,0,0,0,0,1,0,1,2,"Africa","Developing"
2007,179254,"AGO","Angola",614,159266.103953798,281608.034,250207.049311417,0,0,1,0,0,0,0,0,0,1,0,1,2,"Africa","Developing"
2008,120672,"AGO","Angola",614,113445.520353483,197962.416,186107.376139889,0,0,1,0,0,0,0,0,0,1,0,1,2,"Africa","Developing"
2009,111237,"AGO","Angola",614,107944.687045124,186217.41222,180705.88279476,0,0,1,0,0,0,0,0,0,1,0,1,2,"Africa","Developing"
2010,50244,"AGO","Angola",614,53473.8186462324,82514.21388,87818.4481481481,0,0,1,0,0,0,0,0,0,1,0,1,2,"Africa","Developing"
2011,108420,"AGO","Angola",614,115230.098841535,184979.6988,196598.680837496,0,0,1,0,0,0,0,0,0,1,0,1,2,"Africa","Developing"
2012,90379,"AGO","Angola",614,98602.4438140956,156404.47466,170635.473118045,0,0,1,0,0,0,0,0,0,1,0,1,2,"Africa","Developing"
2013,124325,"AGO","Angola",614,139455.97307908,196808.9615,220761.594503646,0,0,1,0,0,0,0,0,0,1,0,1,2,"Africa","Developing"
2014,72491,"AGO","Angola",614,73289.8594682034,110492.23202,111709.869598625,0,0,1,0,0,0,0,0,0,1,0,1,2,"Africa","Developing"
2015,74587.42308,"AGO","Angola",614,75181.3557907469,100213.424027596,101011.414199774,0,0,1,0,0,0,0,0,0,1,0,1,2,"Africa","Developing"
2016,84341.68742,"AGO","Angola",614,83013.4718700787,112613.864460058,110840.417775648,0,0,1,0,0,0,0,0,0,1,0,1,2,"Africa","Developing"
2017,52495.25043,"AGO","Angola",614,53824.7210396801,71052.321457005,72851.759927207,0,0,1,0,0,0,0,0,0,1,0,1,2,"Africa","Developing"
2018,54311.28631,"AGO","Angola",614,55138.3617360406,74452.6268380635,75586.4231858513,0,0,1,0,0,0,0,0,0,1,0,1,2,"Africa","Developing"
2019,68870.81957,"AGO","Angola",614,71129.1707410276,93031.3917833517,96081.9951286875,0,0,1,0,0,0,0,0,0,1,0,1,2,"Africa","Developing"
2020,17757.91725,"AGO","Angola",614,20151.9714593736,23642.18070996,26829.5287221516,0,0,1,0,0,0,0,0,0,1,0,1,2,"Africa","Developing"
2021,75096.704076,"AGO","Angola",614,82279.7239794018,106538.94310558,116729.421612337,0,0,1,0,0,0,0,0,0,1,0,1,2,"Africa","Developing"
2022,45733.862109,"AGO","Angola",614,49710.7196836957,60399.7970101141,65651.9532718632,0,0,1,0,0,0,0,0,0,1,0,1,2,"Africa","Developing"
1987,2235,"BWA","Botswana",616,1748.82629107981,3037.65555,2376.8822769953,0,0,1,0,0,0,0,0,0,1,0,1,2,"Africa","Developing"
1988,2838,"BWA","Botswana",616,1886.96808510638,3871.51446,2574.14525265957,0,0,1,0,0,0,0,0,0,1,0,1,2,"Africa","Developing"
1989,7367,"BWA","Botswana",616,4763.65987714193,9829.27241,6355.81791787908,0,0,1,0,0,0,0,0,0,1,0,1,2,"Africa","Developing"
1990,8234,"BWA","Botswana",616,6355.84716325743,11536.32804,8904.92322655345,0,0,1,0,0,0,0,0,0,1,0,1,2,"Africa","Developing"
1991,6910,"BWA","Botswana",616,5097.74990778311,9872.5243,7283.30822574696,0,0,1,0,0,0,0,0,0,1,0,1,2,"Africa","Developing"
1992,7672,"BWA","Botswana",616,5269.23076923077,11073.61136,7605.50230769231,0,0,1,0,0,0,0,0,0,1,0,1,2,"Africa","Developing"
1993,6671,"BWA","Botswana",616,4508.95572828658,9979.68258,6745.30759040216,0,0,1,0,0,0,0,0,0,1,0,1,2,"Africa","Developing"
1994,3838,"BWA","Botswana",616,2926.42012962257,5880.27656,4483.62680899733,0,0,1,0,0,0,0,0,0,1,0,1,2,"Africa","Developing"
1995,1440,"BWA","Botswana",616,1251.629726206,2290.7664,1991.10508474576,0,0,1,0,0,0,0,0,0,1,0,1,2,"Africa","Developing"
1996,1177,"BWA","Botswana",616,874.183006535948,1858.63601,1380.44861111111,0,0,1,0,0,0,0,0,0,1,0,1,2,"Africa","Developing"
1997,4256,"BWA","Botswana",616,2924.48292448292,6606.67392,4539.73333333333,0,0,1,0,0,0,0,0,0,1,0,1,2,"Africa","Developing"
1998,5408,"BWA","Botswana",616,3928.80494006538,8546.42464,6208.80831093353,0,0,1,0,0,0,0,0,0,1,0,1,2,"Africa","Developing"
1999,5387,"BWA","Botswana",616,3367.71692923231,7281.55403,4552.10929607402,0,0,1,0,0,0,0,0,0,1,0,1,2,"Africa","Developing"
2000,7165,"BWA","Botswana",616,4378.24625725634,9771.55535,5971.00846318362,0,0,1,0,0,0,0,0,0,1,0,1,2,"Africa","Developing"
2001,2023,"BWA","Botswana",616,1206.10504978239,2818.54475,1680.40586060931,0,0,1,0,0,0,0,0,0,1,0,1,2,"Africa","Developing"
2002,3160,"BWA","Botswana",616,2278.62705509086,4485.4936,3234.41995961927,0,0,1,0,0,0,0,0,0,1,0,1,2,"Africa","Developing"
2003,1791,"BWA","Botswana",616,1447.9747756488,2477.38284,2002.89662866845,0,0,1,0,0,0,0,0,0,1,0,1,2,"Africa","Developing"
2004,2688,"BWA","Botswana",616,2375.39766702015,3810.05184,3366.95991516437,0,0,1,0,0,0,0,0,0,1,0,1,2,"Africa","Developing"
2005,4136,"BWA","Botswana",616,3146.92231606178,5993.064,4559.89043597352,0,0,1,0,0,0,0,0,0,1,0,1,2,"Africa","Developing"
2006,2486,"BWA","Botswana",616,2037.20396623781,3737.80044,3063.0176513972,0,0,1,0,0,0,0,0,0,1,0,1,2,"Africa","Developing"
2007,2479,"BWA","Botswana",616,2202.57663260773,3894.509,3460.24788982674,0,0,1,0,0,0,0,0,0,1,0,1,2,"Africa","Developing"
2008,3245,"BWA","Botswana",616,3050.6721820062,5323.4225,5004.62771458118,0,0,1,0,0,0,0,0,0,1,0,1,2,"Africa","Developing"
2009,2690,"BWA","Botswana",616,2610.38330907327,4503.2214,4369.93828238719,0,0,1,0,0,0,0,0,0,1,0,1,2,"Africa","Developing"
2010,2726,"BWA","Botswana",616,2901.23456790123,4476.82802,4764.61049382716,0,0,1,0,0,0,0,0,0,1,0,1,2,"Africa","Developing"
2011,2418,"BWA","Botswana",616,2569.87990222128,4125.44652,4384.57489637581,0,0,1,0,0,0,0,0,0,1,0,1,2,"Africa","Developing"
2012,3695,"BWA","Botswana",616,4031.20226925595,6394.3453,6976.15677503818,0,0,1,0,0,0,0,0,0,1,0,1,2,"Africa","Developing"
2013,4039,"BWA","Botswana",616,4530.56646102075,6393.81778,7171.97731912507,0,0,1,0,0,0,0,0,0,1,0,1,2,"Africa","Developing"
2014,0,"BWA","Botswana",616,0,0,0,0,0,1,0,0,0,0,0,0,1,0,1,2,"Africa","Developing"
2015,0,"BWA","Botswana",616,0,0,0,0,0,1,0,0,0,0,0,0,1,0,1,2,"Africa","Developing"
2016,0,"BWA","Botswana",616,0,0,0,0,0,1,0,0,0,0,0,0,1,0,1,2,"Africa","Developing"
2017,1570.0256,"BWA","Botswana",616,1609.78734748283,2125.0296496,2178.847174818,0,0,1,0,0,0,0,0,0,1,0,1,2,"Africa","Developing"
2018,13389.2918,"BWA","Botswana",616,13593.1896446701,18354.71066403,18634.2240243959,0,0,1,0,0,0,0,0,0,1,0,1,2,"Africa","Developing"
2019,8497.89185,"BWA","Botswana",616,8776.54722437387,11479.0372898985,11855.4477561565,0,0,1,0,0,0,0,0,0,1,0,1,2,"Africa","Developing"
2020,240.43168,"BWA","Botswana",616,272.845755787562,320.1011214848,363.255925425329,0,0,1,0,0,0,0,0,0,1,0,1,2,"Africa","Developing"
2021,0,"BWA","Botswana",616,0,0,0,0,0,1,0,0,0,0,0,0,1,0,1,2,"Africa","Developing"
2022,2089.20244,"BWA","Botswana",616,2270.8722173913,2759.1678784592,2999.09552006435,0,0,1,0,0,0,0,0,0,1,0,1,2,"Africa","Developing"
1987,10825,"BDI","Burundi",618,8470.26604068858,14712.58225,11512.1926838811,0,0,1,0,0,0,0,0,0,1,0,1,2,"Africa","Developing"
1988,8247,"BDI","Burundi",618,5483.37765957447,11250.30999,7480.2593018617,0,0,1,0,0,0,0,0,0,1,0,1,2,"Africa","Developing"
1989,11641,"BDI","Burundi",618,7527.31975428387,15531.77143,10043.1758357582,0,0,1,0,0,0,0,0,0,1,0,1,2,"Africa","Developing"
1990,10653,"BDI","Burundi",618,8223.07989193362,14925.49218,11521.0283133925,0,0,1,0,0,0,0,0,0,1,0,1,2,"Africa","Developing"
1991,7337,"BDI","Burundi",618,5412.76281814829,10482.59201,7733.376621173,0,0,1,0,0,0,0,0,0,1,0,1,2,"Africa","Developing"
1992,8037,"BDI","Burundi",618,5519.91758241758,11600.44506,7967.33864010989,0,0,1,0,0,0,0,0,0,1,0,1,2,"Africa","Developing"
1993,5584,"BDI","Burundi",618,3774.24805677594,8353.55232,5646.19960797567,0,0,1,0,0,0,0,0,0,1,0,1,2,"Africa","Developing"
1994,5341,"BDI","Burundi",618,4072.43614182234,8183.05292,6239.46086160884,0,0,1,0,0,0,0,0,0,1,0,1,2,"Africa","Developing"
1995,3160,"BDI","Burundi",618,2746.63189917427,5026.9596,4369.36949152542,0,0,1,0,0,0,0,0,0,1,0,1,2,"Africa","Developing"
1996,2892,"BDI","Burundi",618,2147.95008912656,4566.84396,3391.89242424242,0,0,1,0,0,0,0,0,0,1,0,1,2,"Africa","Developing"
1997,4122,"BDI","Burundi",618,2832.40568954855,6398.66304,4396.8,0,0,1,0,0,0,0,0,0,1,0,1,2,"Africa","Developing"
1998,3738,"BDI","Burundi",618,2715.58300036324,5907.27354,4291.51728296404,0,0,1,0,0,0,0,0,0,1,0,1,2,"Africa","Developing"
1999,10260,"BDI","Burundi",618,6414.10352588147,13868.3394,8669.87959489873,0,0,1,0,0,0,0,0,0,1,0,1,2,"Africa","Developing"
2000,9888,"BDI","Burundi",618,6042.16315307058,13485.15552,8240.24168652612,0,0,1,0,0,0,0,0,0,1,0,1,2,"Africa","Developing"
2001,10648,"BDI","Burundi",618,6348.2978596554,14835.326,8844.76599296489,0,0,1,0,0,0,0,0,0,1,0,1,2,"Africa","Developing"
2002,8589,"BDI","Burundi",618,6193.39486587828,12191.74194,8791.27627631958,0,0,1,0,0,0,0,0,0,1,0,1,2,"Africa","Developing"
2003,4727,"BDI","Burundi",618,3821.65090144717,6538.57548,5286.26039291778,0,0,1,0,0,0,0,0,0,1,0,1,2,"Africa","Developing"
2004,4875,"BDI","Burundi",618,4308.05938494168,6909.97125,6106.37261399788,0,0,1,0,0,0,0,0,0,1,0,1,2,"Africa","Developing"
2005,5493,"BDI","Burundi",618,4179.41109335768,7959.357,6055.96667427528,0,0,1,0,0,0,0,0,0,1,0,1,2,"Africa","Developing"
2006,16913,"BDI","Burundi",618,13859.7066295173,25429.37202,20838.6233057445,0,0,1,0,0,0,0,0,0,1,0,1,2,"Africa","Developing"
2007,19277,"BDI","Burundi",618,17127.4988893825,30284.167,26907.3007552199,0,0,1,0,0,0,0,0,0,1,0,1,2,"Africa","Developing"
2008,20606,"BDI","Burundi",618,19372.0033844129,33804.143,31779.7715521294,0,0,1,0,0,0,0,0,0,1,0,1,2,"Africa","Developing"
2009,16511,"BDI","Burundi",618,16022.3192624939,27640.40466,26822.3237845706,0,0,1,0,0,0,0,0,0,1,0,1,2,"Africa","Developing"
2010,10471,"BDI","Burundi",618,11144.1038739889,17196.20917,18301.6274691358,0,0,1,0,0,0,0,0,0,1,0,1,2,"Africa","Developing"
2011,13002,"BDI","Burundi",618,13818.6842384951,22183.23228,23576.609926666,0,0,1,0,0,0,0,0,0,1,0,1,2,"Africa","Developing"
2012,540,"BDI","Burundi",618,589.133755182195,934.4916,1019.519528693,0,0,1,0,0,0,0,0,0,1,0,1,2,"Africa","Developing"
2013,540,"BDI","Burundi",618,605.720695457095,854.8308,958.86797532249,0,0,1,0,0,0,0,0,0,1,0,1,2,"Africa","Developing"
2014,497,"BDI","Burundi",618,502.476999292286,757.53734,765.885491861288,0,0,1,0,0,0,0,0,0,1,0,1,2,"Africa","Developing"
2015,0,"BDI","Burundi",618,0,0,0,0,0,1,0,0,0,0,0,0,1,0,1,2,"Africa","Developing"
2016,2037.6,"BDI","Burundi",618,2005.51181102362,2720.623896,2677.77942519685,0,0,1,0,0,0,0,0,0,1,0,1,2,"Africa","Developing"
2017,2439.34,"BDI","Burundi",618,2501.11760483954,3301.64669,3385.26267815031,0,0,1,0,0,0,0,0,0,1,0,1,2,"Africa","Developing"
2018,2952.59988,"BDI","Burundi",618,2997.56332994924,4047.571545498,4109.20969086091,0,0,1,0,0,0,0,0,0,1,0,1,2,"Africa","Developing"
2019,5057.92168,"BDI","Burundi",618,5223.77658662535,6832.2911845608,7056.3296509794,0,0,1,0,0,0,0,0,0,1,0,1,2,"Africa","Developing"
2020,3.96134,"BDI","Burundi",618,4.49539264639128,5.2739696224,5.9849859536995,0,0,1,0,0,0,0,0,0,1,0,1,2,"Africa","Developing"
2021,0,"BDI","Burundi",618,0,0,0,0,0,1,0,0,0,0,0,0,1,0,1,2,"Africa","Developing"
2022,6203.39332,"BDI","Burundi",618,6742.81882608696,8192.6974898576,8905.10596723652,0,0,1,0,0,0,0,0,0,1,0,1,2,"Africa","Developing"
1987,101940,"CMR","Cameroon",622,79765.2582159624,138549.7122,108411.355399061,0,0,1,0,0,0,0,0,0,1,0,1,2,"Africa","Developing"
1988,117547,"CMR","Cameroon",622,78156.25,160354.09099,106618.4115625,0,0,1,0,0,0,0,0,0,1,0,1,2,"Africa","Developing"
1989,132148,"CMR","Cameroon",622,85449.7251859036,176315.82604,114009.586834788,0,0,1,0,0,0,0,0,0,1,0,1,2,"Africa","Developing"
1990,192804,"CMR","Cameroon",622,148825.935932073,270129.97224,208514.06579699,0,0,1,0,0,0,0,0,0,1,0,1,2,"Africa","Developing"
1991,168130,"CMR","Cameroon",622,124035.411287348,240212.3749,177213.113168572,0,0,1,0,0,0,0,0,0,1,0,1,2,"Africa","Developing"
1992,120282,"CMR","Cameroon",622,82611.2637362637,173612.63316,119239.445851648,0,0,1,0,0,0,0,0,0,1,0,1,2,"Africa","Developing"
1993,79810,"CMR","Cameroon",622,53943.8999662048,119394.1638,80698.9954714431,0,0,1,0,0,0,0,0,0,1,0,1,2,"Africa","Developing"
1994,92009,"CMR","Cameroon",622,70155.5470834922,140968.82908,107486.71679756,0,0,1,0,0,0,0,0,0,1,0,1,2,"Africa","Developing"
1995,65566,"CMR","Cameroon",622,56989.1351586267,104303.04846,90658.8861016949,0,0,1,0,0,0,0,0,0,1,0,1,2,"Africa","Developing"
1996,72902,"CMR","Cameroon",622,54145.8704693999,115121.73526,85503.3684343434,0,0,1,0,0,0,0,0,0,1,0,1,2,"Africa","Developing"
1997,144912,"CMR","Cameroon",622,99575.345289631,224949.79584,154572.8,0,0,1,0,0,0,0,0,0,1,0,1,2,"Africa","Developing"
1998,122212,"CMR","Cameroon",622,88784.5986196876,193135.28996,140308.964736651,0,0,1,0,0,0,0,0,0,1,0,1,2,"Africa","Developing"
1999,176849,"CMR","Cameroon",622,110558.264566142,239045.02481,149440.500631408,0,0,1,0,0,0,0,0,0,1,0,1,2,"Africa","Developing"
2000,139105,"CMR","Cameroon",622,85001.5276504736,189710.00795,115924.233394439,0,0,1,0,0,0,0,0,0,1,0,1,2,"Africa","Developing"
2001,119616,"CMR","Cameroon",622,71314.612770524,166654.992,99359.0842425326,0,0,1,0,0,0,0,0,0,1,0,1,2,"Africa","Developing"
2002,96068,"CMR","Cameroon",622,69273.1468128065,136364.68328,98330.4609749063,0,0,1,0,0,0,0,0,0,1,0,1,2,"Africa","Developing"
2003,75837,"CMR","Cameroon",622,61312.1513461072,104900.77188,84809.4202279893,0,0,1,0,0,0,0,0,0,1,0,1,2,"Africa","Developing"
2004,93867,"CMR","Cameroon",622,82950.6892895016,133049.90181,117576.795519618,0,0,1,0,0,0,0,0,0,1,0,1,2,"Africa","Developing"
2005,75900,"CMR","Cameroon",622,57749.3722894316,109979.1,83678.8404473865,0,0,1,0,0,0,0,0,0,1,0,1,2,"Africa","Developing"
2006,52872,"CMR","Cameroon",622,43327.0507252315,79495.16688,65143.9538474146,0,0,1,0,0,0,0,0,0,1,0,1,2,"Africa","Developing"
2007,61973,"CMR","Cameroon",622,55062.6388271879,97359.583,86503.4055975122,0,0,1,0,0,0,0,0,0,1,0,1,2,"Africa","Developing"
2008,71369,"CMR","Cameroon",622,67095.0455955627,117080.8445,110069.422299521,0,0,1,0,0,0,0,0,0,1,0,1,2,"Africa","Developing"
2009,53192,"CMR","Cameroon",622,51617.6613294517,89046.59952,86411.062125182,0,0,1,0,0,0,0,0,0,1,0,1,2,"Africa","Developing"
2010,21433,"CMR","Cameroon",622,22810.7705406556,35198.77291,37461.4441358025,0,0,1,0,0,0,0,0,0,1,0,1,2,"Africa","Developing"
2011,18786,"CMR","Cameroon",622,19965.9900095653,32051.54604,34064.7741949198,0,0,1,0,0,0,0,0,0,1,0,1,2,"Africa","Developing"
2012,8262,"CMR","Cameroon",622,9013.74645428758,14297.72148,15598.6487890028,0,0,1,0,0,0,0,0,0,1,0,1,2,"Africa","Developing"
2013,7311,"CMR","Cameroon",622,8200.78519349411,11573.45922,12982.006977005,0,0,1,0,0,0,0,0,0,1,0,1,2,"Africa","Developing"
2014,9162,"CMR","Cameroon",622,9262.96633303003,13964.90364,14118.798544131,0,0,1,0,0,0,0,0,0,1,0,1,2,"Africa","Developing"
2015,6321.86803,"CMR","Cameroon",622,6372.20847696805,8493.8722290671,8561.50814339996,0,0,1,0,0,0,0,0,0,1,0,1,2,"Africa","Developing"
2016,1573.504,"CMR","Cameroon",622,1548.72440944882,2100.95827584,2067.87231874016,0,0,1,0,0,0,0,0,0,1,0,1,2,"Africa","Developing"
2017,13729.1668,"CMR","Cameroon",622,14076.8653747565,18582.4272638,19053.0372847329,0,0,1,0,0,0,0,0,0,1,0,1,2,"Africa","Developing"
2018,1660.89012,"CMR","Cameroon",622,1686.18286294416,2276.831221002,2311.503777667,0,0,1,0,0,0,0,0,0,1,0,1,2,"Africa","Developing"
2019,977.60059,"CMR","Cameroon",622,1009.65720630003,1320.5526529779,1363.85505084214,0,0,1,0,0,0,0,0,0,1,0,1,2,"Africa","Developing"
2020,538.94517,"CMR","Cameroon",622,611.603688152519,717.5300415312,814.264686258738,0,0,1,0,0,0,0,0,0,1,0,1,2,"Africa","Developing"
2021,5125.78992,"CMR","Cameroon",622,5616.07310178591,7271.9069016048,7967.46674877265,0,0,1,0,0,0,0,0,0,1,0,1,2,"Africa","Developing"
2022,9928.3167,"CMR","Cameroon",622,10791.6485869565,13112.129299356,14252.3144558217,0,0,1,0,0,0,0,0,0,1,0,1,2,"Africa","Developing"
1987,32,"CPV","Cabo Verde",624,25.0391236306729,43.49216,34.0314241001565,0,0,1,0,0,0,0,0,0,1,0,1,2,"Africa","Developing"
1988,39,"CPV","Cabo Verde",624,25.9308510638298,53.20263,35.3740890957447,0,0,1,0,0,0,0,0,0,1,0,1,2,"Africa","Developing"
1989,0,"CPV","Cabo Verde",624,0,0,0,0,0,1,0,0,0,0,0,0,1,0,1,2,"Africa","Developing"
1990,192,"CPV","Cabo Verde",624,148.205326128908,269.00352,207.644554226167,0,0,1,0,0,0,0,0,0,1,0,1,2,"Africa","Developing"
1991,752,"CPV","Cabo Verde",624,554.776835116193,1074.40496,792.626307635559,0,0,1,0,0,0,0,0,0,1,0,1,2,"Africa","Developing"
1992,0,"CPV","Cabo Verde",624,0,0,0,0,0,1,0,0,0,0,0,0,1,0,1,2,"Africa","Developing"
1993,0,"CPV","Cabo Verde",624,0,0,0,0,0,1,0,0,0,0,0,0,1,0,1,2,"Africa","Developing"
1994,0,"CPV","Cabo Verde",624,0,0,0,0,0,1,0,0,0,0,0,0,1,0,1,2,"Africa","Developing"
1995,0,"CPV","Cabo Verde",624,0,0,0,0,0,1,0,0,0,0,0,0,1,0,1,2,"Africa","Developing"
1996,2424,"CPV","Cabo Verde",624,1800.35650623886,3827.81112,2842.99696969697,0,0,1,0,0,0,0,0,0,1,0,1,2,"Africa","Developing"
1997,1296,"CPV","Cabo Verde",624,890.538033395176,2011.80672,1382.4,0,0,1,0,0,0,0,0,0,1,0,1,2,"Africa","Developing"
1998,675,"CPV","Cabo Verde",624,490.374137304758,1066.72275,774.952960406829,0,0,1,0,0,0,0,0,0,1,0,1,2,"Africa","Developing"
1999,122282,"CPV","Cabo Verde",624,76445.3613403351,165287.35658,103330.430470118,0,0,1,0,0,0,0,0,0,1,0,1,2,"Africa","Developing"
2000,0,"CPV","Cabo Verde",624,0,0,0,0,0,1,0,0,0,0,0,0,1,0,1,2,"Africa","Developing"
2001,184,"CPV","Cabo Verde",624,109.700113277291,256.358,152.839682823586,0,0,1,0,0,0,0,0,0,1,0,1,2,"Africa","Developing"
2002,3576,"CPV","Cabo Verde",624,2578.59821171041,5075.98896,3660.21701759446,0,0,1,0,0,0,0,0,0,1,0,1,2,"Africa","Developing"
2003,3006,"CPV","Cabo Verde",624,2430.2692214407,4158.01944,3361.64559786563,0,0,1,0,0,0,0,0,0,1,0,1,2,"Africa","Developing"
2004,4852,"CPV","Cabo Verde",624,4287.73418168964,6877.37036,6077.56306115235,0,0,1,0,0,0,0,0,0,1,0,1,2,"Africa","Developing"
2005,5199,"CPV","Cabo Verde",624,3955.71787263182,7533.351,5731.83519744351,0,0,1,0,0,0,0,0,0,1,0,1,2,"Africa","Developing"
2006,6307,"CPV","Cabo Verde",624,5168.40121281652,9482.82678,7770.89795951815,0,0,1,0,0,0,0,0,0,1,0,1,2,"Africa","Developing"
2007,14308,"CPV","Cabo Verde",624,12712.5721901377,22477.868,19971.4509107064,0,0,1,0,0,0,0,0,0,1,0,1,2,"Africa","Developing"
2008,8730,"CPV","Cabo Verde",624,8207.20127855598,14321.565,13463.9136974711,0,0,1,0,0,0,0,0,0,1,0,1,2,"Africa","Developing"
2009,1409,"CPV","Cabo Verde",624,1367.2974284328,2358.75054,2288.93793304221,0,0,1,0,0,0,0,0,0,1,0,1,2,"Africa","Developing"
2010,175,"CPV","Cabo Verde",624,186.249467858663,287.39725,305.871913580247,0,0,1,0,0,0,0,0,0,1,0,1,2,"Africa","Developing"
2011,662,"CPV","Cabo Verde",624,703.581677117653,1129.46468,1200.40884259751,0,0,1,0,0,0,0,0,0,1,0,1,2,"Africa","Developing"
2012,0,"CPV","Cabo Verde",624,0,0,0,0,0,1,0,0,0,0,0,0,1,0,1,2,"Africa","Developing"
2013,0,"CPV","Cabo Verde",624,0,0,0,0,0,1,0,0,0,0,0,0,1,0,1,2,"Africa","Developing"
2014,0,"CPV","Cabo Verde",624,0,0,0,0,0,1,0,0,0,0,0,0,1,0,1,2,"Africa","Developing"
2015,0,"CPV","Cabo Verde",624,0,0,0,0,0,1,0,0,0,0,0,0,1,0,1,2,"Africa","Developing"
2016,0,"CPV","Cabo Verde",624,0,0,0,0,0,1,0,0,0,0,0,0,1,0,1,2,"Africa","Developing"
2017,0,"CPV","Cabo Verde",624,0,0,0,0,0,1,0,0,0,0,0,0,1,0,1,2,"Africa","Developing"
2018,0,"CPV","Cabo Verde",624,0,0,0,0,0,1,0,0,0,0,0,0,1,0,1,2,"Africa","Developing"
2019,0,"CPV","Cabo Verde",624,0,0,0,0,0,1,0,0,0,0,0,0,1,0,1,2,"Africa","Developing"
2020,5.67792,"CPV","Cabo Verde",624,6.44339536995007,7.5593555712,8.57847885973672,0,0,1,0,0,0,0,0,0,1,0,1,2,"Africa","Developing"
2021,0,"CPV","Cabo Verde",624,0,0,0,0,0,1,0,0,0,0,0,0,1,0,1,2,"Africa","Developing"
2022,14.99313,"CPV","Cabo Verde",624,16.2968804347826,19.8011269284,21.5229640526087,0,0,1,0,0,0,0,0,0,1,0,1,2,"Africa","Developing"
1987,13055,"CAF","Central African Republic",626,10215.1799687011,17743.44215,13883.7575508607,0,0,1,0,0,0,0,0,0,1,0,1,2,"Africa","Developing"
1988,15793,"CAF","Central African Republic",626,10500.664893617,21544.33681,14324.6920279255,0,0,1,0,0,0,0,0,0,1,0,1,2,"Africa","Developing"
1989,15238,"CAF","Central African Republic",626,9853.21694148076,20330.99674,13146.4576398319,0,0,1,0,0,0,0,0,0,1,0,1,2,"Africa","Developing"
1990,18390,"CAF","Central African Republic",626,14195.2913932844,25765.4934,19888.4549594751,0,0,1,0,0,0,0,0,0,1,0,1,2,"Africa","Developing"
1991,9441,"CAF","Central African Republic",626,6964.9575802287,13488.63993,9951.04384360015,0,0,1,0,0,0,0,0,0,1,0,1,2,"Africa","Developing"
1992,20784,"CAF","Central African Republic",626,14274.7252747253,29999.20992,20603.852967033,0,0,1,0,0,0,0,0,0,1,0,1,2,"Africa","Developing"
1993,16526,"CAF","Central African Republic",626,11169.9898614397,24722.56548,16710.0814329165,0,0,1,0,0,0,0,0,0,1,0,1,2,"Africa","Developing"
1994,14926,"CAF","Central African Republic",626,11380.8616088448,22868.42312,17436.8456881433,0,0,1,0,0,0,0,0,0,1,0,1,2,"Africa","Developing"
1995,11211,"CAF","Central African Republic",626,9744.45893089961,17834.57091,15501.5827118644,0,0,1,0,0,0,0,0,0,1,0,1,2,"Africa","Developing"
1996,13281,"CAF","Central African Republic",626,9864.08199643494,20972.42553,15576.6678030303,0,0,1,0,0,0,0,0,0,1,0,1,2,"Africa","Developing"
1997,14726,"CAF","Central African Republic",626,10118.8758331615,22859.46432,15707.7333333333,0,0,1,0,0,0,0,0,0,1,0,1,2,"Africa","Developing"
1998,10731,"CAF","Central African Republic",626,7795.85906284054,16958.52123,12320.0299527788,0,0,1,0,0,0,0,0,0,1,0,1,2,"Africa","Developing"
1999,8676,"CAF","Central African Republic",626,5423.855963991,11727.26244,7331.37186796699,0,0,1,0,0,0,0,0,0,1,0,1,2,"Africa","Developing"
2000,2919,"CAF","Central African Republic",626,1783.68469294225,3980.90301,2432.57134738772,0,0,1,0,0,0,0,0,0,1,0,1,2,"Africa","Developing"
2001,1766,"CAF","Central African Republic",626,1052.88260895487,2460.4795,1466.92869492637,0,0,1,0,0,0,0,0,0,1,0,1,2,"Africa","Developing"
2002,1288,"CAF","Central African Republic",626,928.756850302855,1828.26448,1318.33319873089,0,0,1,0,0,0,0,0,0,1,0,1,2,"Africa","Developing"
2003,2390,"CAF","Central African Republic",626,1932.24997978818,3305.9436,2672.7654620422,0,0,1,0,0,0,0,0,0,1,0,1,2,"Africa","Developing"
2004,1838,"CAF","Central African Republic",626,1624.24885118416,2605.23634,2302.25904913397,0,0,1,0,0,0,0,0,0,1,0,1,2,"Africa","Developing"
2005,1135,"CAF","Central African Republic",626,863.577569809024,1644.615,1251.32389865328,0,0,1,0,0,0,0,0,0,1,0,1,2,"Africa","Developing"
2006,7889,"CAF","Central African Republic",626,6464.80373678604,11861.42706,9720.09101040728,0,0,1,0,0,0,0,0,0,1,0,1,2,"Africa","Developing"
2007,14529,"CAF","Central African Republic",626,12908.9293647268,22825.059,20279.9280319858,0,0,1,0,0,0,0,0,0,1,0,1,2,"Africa","Developing"
2008,6111,"CAF","Central African Republic",626,5745.04089498919,10025.0955,9424.73958822976,0,0,1,0,0,0,0,0,0,1,0,1,2,"Africa","Developing"
2009,1442,"CAF","Central African Republic",626,1399.32071809801,2413.99452,2342.54684133916,0,0,1,0,0,0,0,0,0,1,0,1,2,"Africa","Developing"
2010,1222,"CAF","Central African Republic",626,1300.55342699021,2006.85394,2135.85987654321,0,0,1,0,0,0,0,0,0,1,0,1,2,"Africa","Developing"
2011,752,"CAF","Central African Republic",626,799.23477521522,1283.01728,1363.60641938569,0,0,1,0,0,0,0,0,0,1,0,1,2,"Africa","Developing"
2012,0,"CAF","Central African Republic",626,0,0,0,0,0,1,0,0,0,0,0,0,1,0,1,2,"Africa","Developing"
2013,347,"CAF","Central African Republic",626,389.231632080763,549.30794,616.161458216489,0,0,1,0,0,0,0,0,0,1,0,1,2,"Africa","Developing"
2014,0,"CAF","Central African Republic",626,0,0,0,0,0,1,0,0,0,0,0,0,1,0,1,2,"Africa","Developing"
2015,0,"CAF","Central African Republic",626,0,0,0,0,0,1,0,0,0,0,0,0,1,0,1,2,"Africa","Developing"
2016,0,"CAF","Central African Republic",626,0,0,0,0,0,1,0,0,0,0,0,0,1,0,1,2,"Africa","Developing"
2017,0,"CAF","Central African Republic",626,0,0,0,0,0,1,0,0,0,0,0,0,1,0,1,2,"Africa","Developing"
2018,0,"CAF","Central African Republic",626,0,0,0,0,0,1,0,0,0,0,0,0,1,0,1,2,"Africa","Developing"
2019,0,"CAF","Central African Republic",626,0,0,0,0,0,1,0,0,0,0,0,0,1,0,1,2,"Africa","Developing"
2020,0,"CAF","Central African Republic",626,0,0,0,0,0,1,0,0,0,0,0,0,1,0,1,2,"Africa","Developing"
2021,0,"CAF","Central African Republic",626,0,0,0,0,0,1,0,0,0,0,0,0,1,0,1,2,"Africa","Developing"
2022,0,"CAF","Central African Republic",626,0,0,0,0,0,1,0,0,0,0,0,0,1,0,1,2,"Africa","Developing"
1987,3114,"TCD","Chad",628,2436.61971830986,4232.33082,3311.68295774648,0,0,1,0,0,0,0,0,0,1,0,1,2,"Africa","Developing"
1988,5309,"TCD","Chad",628,3529.92021276596,7242.37853,4815.41125664894,0,0,1,0,0,0,0,0,0,1,0,1,2,"Africa","Developing"
1989,2997,"TCD","Chad",628,1937.92434529583,3998.68731,2585.63679922405,0,0,1,0,0,0,0,0,0,1,0,1,2,"Africa","Developing"
1990,6291,"TCD","Chad",628,4856.04013894249,8814.06846,6803.60359706677,0,0,1,0,0,0,0,0,0,1,0,1,2,"Africa","Developing"
1991,6239,"TCD","Chad",628,4602.7296200664,8913.84647,6576.05789007746,0,0,1,0,0,0,0,0,0,1,0,1,2,"Africa","Developing"
1992,6186,"TCD","Chad",628,4248.62637362637,8928.74868,6132.38233516484,0,0,1,0,0,0,0,0,0,1,0,1,2,"Africa","Developing"
1993,3036,"TCD","Chad",628,2052.04460966543,4541.79528,3069.81769516729,0,0,1,0,0,0,0,0,0,1,0,1,2,"Africa","Developing"
1994,3550,"TCD","Chad",628,2706.82424704537,5439.026,4147.17956538315,0,0,1,0,0,0,0,0,0,1,0,1,2,"Africa","Developing"
1995,3304,"TCD","Chad",628,2871.79487179487,5256.03624,4568.48,0,0,1,0,0,0,0,0,0,1,0,1,2,"Africa","Developing"
1996,3362,"TCD","Chad",628,2497.02911467617,5309.03506,3943.13358585859,0,0,1,0,0,0,0,0,0,1,0,1,2,"Africa","Developing"
1997,1582,"TCD","Chad",628,1087.06108706109,2455.77024,1687.46666666667,0,0,1,0,0,0,0,0,0,1,0,1,2,"Africa","Developing"
1998,1233,"TCD","Chad",628,895.750090810025,1948.54689,1415.58074100981,0,0,1,0,0,0,0,0,0,1,0,1,2,"Africa","Developing"
1999,1234,"TCD","Chad",628,771.442860715179,1667.98546,1042.7516004001,0,0,1,0,0,0,0,0,0,1,0,1,2,"Africa","Developing"
2000,1129,"TCD","Chad",628,689.886953864956,1539.71891,940.860928811488,0,0,1,0,0,0,0,0,0,1,0,1,2,"Africa","Developing"
2001,640,"TCD","Chad",628,381.565611399273,891.68,531.616288082037,0,0,1,0,0,0,0,0,0,1,0,1,2,"Africa","Developing"
2002,906,"TCD","Chad",628,653.30256706086,1286.03076,927.336861840208,0,0,1,0,0,0,0,0,0,1,0,1,2,"Africa","Developing"
2003,2232,"TCD","Chad",628,1804.51127819549,3087.39168,2496.07218045113,0,0,1,0,0,0,0,0,0,1,0,1,2,"Africa","Developing"
2004,961,"TCD","Chad",628,849.240014139272,1362.15023,1203.73827324143,0,0,1,0,0,0,0,0,0,1,0,1,2,"Africa","Developing"
2005,1662,"TCD","Chad",628,1264.55147226661,2408.238,1832.33508331431,0,0,1,0,0,0,0,0,0,1,0,1,2,"Africa","Developing"
2006,9816,"TCD","Chad",628,8043.92362533803,14758.74864,12094.3609276407,0,0,1,0,0,0,0,0,0,1,0,1,2,"Africa","Developing"
2007,6051,"TCD","Chad",628,5376.27721012883,9506.121,8446.13149711239,0,0,1,0,0,0,0,0,0,1,0,1,2,"Africa","Developing"
2008,5065,"TCD","Chad",628,4761.68092507286,8309.1325,7811.53755758202,0,0,1,0,0,0,0,0,0,1,0,1,2,"Africa","Developing"
2009,6404,"TCD","Chad",628,6214.4590004852,10720.68024,10403.3772343523,0,0,1,0,0,0,0,0,0,1,0,1,2,"Africa","Developing"
2010,1747,"TCD","Chad",628,1859.3018305662,2869.04569,3053.47561728395,0,0,1,0,0,0,0,0,0,1,0,1,2,"Africa","Developing"
2011,0,"TCD","Chad",628,0,0,0,0,0,1,0,0,0,0,0,0,1,0,1,2,"Africa","Developing"
2012,0,"TCD","Chad",628,0,0,0,0,0,1,0,0,0,0,0,0,1,0,1,2,"Africa","Developing"
2013,0,"TCD","Chad",628,0,0,0,0,0,1,0,0,0,0,0,0,1,0,1,2,"Africa","Developing"
2014,0,"TCD","Chad",628,0,0,0,0,0,1,0,0,0,0,0,0,1,0,1,2,"Africa","Developing"
2015,0,"TCD","Chad",628,0,0,0,0,0,1,0,0,0,0,0,0,1,0,1,2,"Africa","Developing"
2016,0,"TCD","Chad",628,0,0,0,0,0,1,0,0,0,0,0,0,1,0,1,2,"Africa","Developing"
2017,0,"TCD","Chad",628,0,0,0,0,0,1,0,0,0,0,0,0,1,0,1,2,"Africa","Developing"
2018,0,"TCD","Chad",628,0,0,0,0,0,1,0,0,0,0,0,0,1,0,1,2,"Africa","Developing"
2019,0,"TCD","Chad",628,0,0,0,0,0,1,0,0,0,0,0,0,1,0,1,2,"Africa","Developing"
2020,0,"TCD","Chad",628,0,0,0,0,0,1,0,0,0,0,0,0,1,0,1,2,"Africa","Developing"
2021,0,"TCD","Chad",628,0,0,0,0,0,1,0,0,0,0,0,0,1,0,1,2,"Africa","Developing"
2022,0,"TCD","Chad",628,0,0,0,0,0,1,0,0,0,0,0,0,1,0,1,2,"Africa","Developing"
1987,3189,"COM","Comoros",632,2495.30516431925,4334.26557,3391.44410798122,0,0,1,0,0,0,0,0,0,1,0,1,2,"Africa","Developing"
1988,4318,"COM","Comoros",632,2871.01063829787,5890.48606,3916.54658244681,0,0,1,0,0,0,0,0,0,1,0,1,2,"Africa","Developing"
1989,5827,"COM","Comoros",632,3767.86291626253,7774.55821,5027.19573876495,0,0,1,0,0,0,0,0,0,1,0,1,2,"Africa","Developing"
1990,5900,"COM","Comoros",632,4554.22616750289,8266.254,6380.7441142416,0,0,1,0,0,0,0,0,0,1,0,1,2,"Africa","Developing"
1991,17544,"COM","Comoros",632,12942.8255256363,25065.63912,18491.8031132423,0,0,1,0,0,0,0,0,0,1,0,1,2,"Africa","Developing"
1992,2406,"COM","Comoros",632,1652.47252747253,3472.77228,2385.1457967033,0,0,1,0,0,0,0,0,0,1,0,1,2,"Africa","Developing"
1993,3511,"COM","Comoros",632,2373.09901993917,5252.38578,3550.1086718486,0,0,1,0,0,0,0,0,0,1,0,1,2,"Africa","Developing"
1994,3026,"COM","Comoros",632,2307.2817384674,4636.19512,3535.03249714068,0,0,1,0,0,0,0,0,0,1,0,1,2,"Africa","Developing"
1995,2315,"COM","Comoros",632,2012.16862233811,3682.72515,3200.9779661017,0,0,1,0,0,0,0,0,0,1,0,1,2,"Africa","Developing"
1996,3364,"COM","Comoros",632,2498.51455733809,5312.19332,3945.47929292929,0,0,1,0,0,0,0,0,0,1,0,1,2,"Africa","Developing"
1997,3624,"COM","Comoros",632,2490.20820449392,5625.60768,3865.6,0,0,1,0,0,0,0,0,0,1,0,1,2,"Africa","Developing"
1998,674,"COM","Comoros",632,489.647657101344,1065.14242,773.804881946967,0,0,1,0,0,0,0,0,0,1,0,1,2,"Africa","Developing"
1999,672,"COM","Comoros",632,420.105026256564,908.33568,567.851762940735,0,0,1,0,0,0,0,0,0,1,0,1,2,"Africa","Developing"
2000,99,"COM","Comoros",632,60.4949587534372,135.01521,82.5024197983501,0,0,1,0,0,0,0,0,0,1,0,1,2,"Africa","Developing"
2001,2848,"COM","Comoros",632,1697.96697072676,3967.976,2365.69248196506,0,0,1,0,0,0,0,0,0,1,0,1,2,"Africa","Developing"
2002,2484,"COM","Comoros",632,1791.17392558408,3525.93864,2542.49974040958,0,0,1,0,0,0,0,0,0,1,0,1,2,"Africa","Developing"
2003,2667,"COM","Comoros",632,2156.19694397284,3689.10108,2982.53786078098,0,0,1,0,0,0,0,0,0,1,0,1,2,"Africa","Developing"
2004,4756,"COM","Comoros",632,4202.89855072464,6741.29708,5957.31449275362,0,0,1,0,0,0,0,0,0,1,0,1,2,"Africa","Developing"
2005,6468,"COM","Comoros",632,4921.25085596896,9372.132,7130.89249029902,0,0,1,0,0,0,0,0,0,1,0,1,2,"Africa","Developing"
2006,9599,"COM","Comoros",632,7866.09850036876,14432.48046,11826.9937392444,0,0,1,0,0,0,0,0,0,1,0,1,2,"Africa","Developing"
2007,10912,"COM","Comoros",632,9695.24655708574,17142.752,15231.2323411817,0,0,1,0,0,0,0,0,0,1,0,1,2,"Africa","Developing"
2008,10962,"COM","Comoros",632,10305.5372755476,17983.161,16906.2339005359,0,0,1,0,0,0,0,0,0,1,0,1,2,"Africa","Developing"
2009,4745,"COM","Comoros",632,4604.5608927705,7943.4147,7708.31120815138,0,0,1,0,0,0,0,0,0,1,0,1,2,"Africa","Developing"
2010,2994,"COM","Comoros",632,3186.46232439336,4916.95638,5233.03148148148,0,0,1,0,0,0,0,0,0,1,0,1,2,"Africa","Developing"
2011,9684,"COM","Comoros",632,10292.2733552981,16522.25976,17560.0592624083,0,0,1,0,0,0,0,0,0,1,0,1,2,"Africa","Developing"
2012,3069,"COM","Comoros",632,3348.24350861881,5311.02726,5794.26932140519,0,0,1,0,0,0,0,0,0,1,0,1,2,"Africa","Developing"
2013,3589,"COM","Comoros",632,4025.79921480651,5681.45878,6372.920673023,0,0,1,0,0,0,0,0,0,1,0,1,2,"Africa","Developing"
2014,6462,"COM","Comoros",632,6533.21201091902,9849.50964,9958.05241128298,0,0,1,0,0,0,0,0,0,1,0,1,2,"Africa","Developing"
2015,0,"COM","Comoros",632,0,0,0,0,0,1,0,0,0,0,0,0,1,0,1,2,"Africa","Developing"
2016,0,"COM","Comoros",632,0,0,0,0,0,1,0,0,0,0,0,0,1,0,1,2,"Africa","Developing"
2017,0,"COM","Comoros",632,0,0,0,0,0,1,0,0,0,0,0,0,1,0,1,2,"Africa","Developing"
2018,107.1964,"COM","Comoros",632,108.82883248731,146.95018494,149.188005015228,0,0,1,0,0,0,0,0,0,1,0,1,2,"Africa","Developing"
2019,0,"COM","Comoros",632,0,0,0,0,0,1,0,0,0,0,0,0,1,0,1,2,"Africa","Developing"
2020,0,"COM","Comoros",632,0,0,0,0,0,1,0,0,0,0,0,0,1,0,1,2,"Africa","Developing"
2021,0,"COM","Comoros",632,0,0,0,0,0,1,0,0,0,0,0,0,1,0,1,2,"Africa","Developing"
2022,6316.97425,"COM","Comoros",632,6866.27635869565,8342.70155249,9068.15386140218,0,0,1,0,0,0,0,0,0,1,0,1,2,"Africa","Developing"
1987,42600,"COG","Congo",634,33333.3333333333,57898.938,45304.3333333333,0,0,1,0,0,0,0,0,0,1,0,1,2,"Africa","Developing"
1988,27830,"COG","Congo",634,18503.9893617021,37964.8511,25242.5871675532,0,0,1,0,0,0,0,0,0,1,0,1,2,"Africa","Developing"
1989,43200,"COG","Congo",634,27934.0446168768,57638.736,37270.4403491756,0,0,1,0,0,0,0,0,0,1,0,1,2,"Africa","Developing"
1990,47115,"COG","Congo",634,36368.1976071015,66010.9419,50954.0269394056,0,0,1,0,0,0,0,0,0,1,0,1,2,"Africa","Developing"
1991,64033,"COG","Congo",634,47239.3950571745,91485.86809,67492.3409000369,0,0,1,0,0,0,0,0,0,1,0,1,2,"Africa","Developing"
1992,47184,"COG","Congo",634,32406.5934065934,68104.44192,46775.0287912088,0,0,1,0,0,0,0,0,0,1,0,1,2,"Africa","Developing"
1993,27496,"COG","Congo",634,18584.656978709,41133.46608,27802.2751470091,0,0,1,0,0,0,0,0,0,1,0,1,2,"Africa","Developing"
1994,26382,"COG","Congo",634,20115.8978269157,40420.38984,30819.9693785741,0,0,1,0,0,0,0,0,0,1,0,1,2,"Africa","Developing"
1995,21850,"COG","Congo",634,18991.7427205563,34759.1985,30212.2542372881,0,0,1,0,0,0,0,0,0,1,0,1,2,"Africa","Developing"
1996,20434,"COG","Congo",634,15176.7676767677,32267.94242,23966.0891414141,0,0,1,0,0,0,0,0,0,1,0,1,2,"Africa","Developing"
1997,21622,"COG","Congo",634,14857.4177145606,33564.26304,23063.4666666667,0,0,1,0,0,0,0,0,0,1,0,1,2,"Africa","Developing"
1998,67802,"COG","Congo",634,49256.810751907,107149.53466,77842.0157355612,0,0,1,0,0,0,0,0,0,1,0,1,2,"Africa","Developing"
1999,28953,"COG","Congo",634,18100.1500375094,39135.48057,24465.791804201,0,0,1,0,0,0,0,0,0,1,0,1,2,"Africa","Developing"
2000,22679,"COG","Congo",634,13858.2340360526,30929.39341,18899.7209960281,0,0,1,0,0,0,0,0,0,1,0,1,2,"Africa","Developing"
2001,17307,"COG","Congo",634,10318.3688070113,24112.97775,14376.0673403685,0,0,1,0,0,0,0,0,0,1,0,1,2,"Africa","Developing"
2002,18736,"COG","Congo",634,13510.2394000577,26595.00256,19177.2444188059,0,0,1,0,0,0,0,0,0,1,0,1,2,"Africa","Developing"
2003,173051,"COG","Congo",634,139907.025628588,239371.06524,193524.994130487,0,0,1,0,0,0,0,0,0,1,0,1,2,"Africa","Developing"
2004,15431,"COG","Congo",634,13636.4439731354,21872.36233,19328.7047808413,0,0,1,0,0,0,0,0,0,1,0,1,2,"Africa","Developing"
2005,13764,"COG","Congo",634,10472.4948641863,19944.036,15174.6450582059,0,0,1,0,0,0,0,0,0,1,0,1,2,"Africa","Developing"
2006,38060,"COG","Congo",634,31189.0518724904,57224.7324,46893.9870523642,0,0,1,0,0,0,0,0,0,1,0,1,2,"Africa","Developing"
2007,44355,"COG","Congo",634,39409.1514882275,69681.705,61911.7769880053,0,0,1,0,0,0,0,0,0,1,0,1,2,"Africa","Developing"
2008,42736,"COG","Congo",634,40176.7415624706,70108.408,65909.944533233,0,0,1,0,0,0,0,0,0,1,0,1,2,"Africa","Developing"
2009,6876,"COG","Congo",634,6672.48908296943,11510.83656,11170.1470742358,0,0,1,0,0,0,0,0,0,1,0,1,2,"Africa","Developing"
2010,5220,"COG","Congo",634,5555.55555555556,8572.6494,9123.72222222222,0,0,1,0,0,0,0,0,0,1,0,1,2,"Africa","Developing"
2011,22726,"COG","Congo",634,24153.4700818365,38773.73764,41209.2014454246,0,0,1,0,0,0,0,0,0,1,0,1,2,"Africa","Developing"
2012,10766,"COG","Congo",634,11745.5814968361,18630.99364,20326.1986035348,0,0,1,0,0,0,0,0,0,1,0,1,2,"Africa","Developing"
2013,9520,"COG","Congo",634,10678.6315199103,15070.3504,16904.4872686483,0,0,1,0,0,0,0,0,0,1,0,1,2,"Africa","Developing"
2014,8135,"COG","Congo",634,8224.64867050854,12399.5297,12536.1739965625,0,0,1,0,0,0,0,0,0,1,0,1,2,"Africa","Developing"
2015,7723.98324,"COG","Congo",634,7785.48859993952,10377.7121617668,10460.3489182207,0,0,1,0,0,0,0,0,0,1,0,1,2,"Africa","Developing"
2016,18.56046,"COG","Congo",634,18.2681692913386,24.7821117966,24.3918423194882,0,0,1,0,0,0,0,0,0,1,0,1,2,"Africa","Developing"
2017,993.69274,"COG","Congo",634,1018.85854608838,1344.96312359,1379.02504213063,0,0,1,0,0,0,0,0,0,1,0,1,2,"Africa","Developing"
2018,4912.42024,"COG","Congo",634,4987.22867005076,6734.191286004,6836.74242233909,0,0,1,0,0,0,0,0,0,1,0,1,2,"Africa","Developing"
2019,17718.23715,"COG","Congo",634,18299.2379550736,23933.9719245915,24718.793622093,0,0,1,0,0,0,0,0,0,1,0,1,2,"Africa","Developing"
2020,3535.71529,"COG","Congo",634,4012.38684748071,4707.3099084944,5341.93135326192,0,0,1,0,0,0,0,0,0,1,0,1,2,"Africa","Developing"
2021,179.064211,"COG","Congo",634,196.191750849129,254.03660550359,278.335275012151,0,0,1,0,0,0,0,0,0,1,0,1,2,"Africa","Developing"
2022,19715.614948,"COG","Congo",634,21430.0162478261,26038.0183495246,28302.193858179,0,0,1,0,0,0,0,0,0,1,0,1,2,"Africa","Developing"
1987,,"COD","Congo (Democratic Republic of",636,,,,0,0,1,0,0,0,0,0,0,1,0,1,2,"Africa","Developing"
1988,,"COD","Congo (Democratic Republic of",636,,,,0,0,1,0,0,0,0,0,0,1,0,1,2,"Africa","Developing"
1989,,"COD","Congo (Democratic Republic of",636,,,,0,0,1,0,0,0,0,0,0,1,0,1,2,"Africa","Developing"
1990,,"COD","Congo (Democratic Republic of",636,,,,0,0,1,0,0,0,0,0,0,1,0,1,2,"Africa","Developing"
1991,,"COD","Congo (Democratic Republic of",636,,,,0,0,1,0,0,0,0,0,0,1,0,1,2,"Africa","Developing"
1992,,"COD","Congo (Democratic Republic of",636,,,,0,0,1,0,0,0,0,0,0,1,0,1,2,"Africa","Developing"
1993,,"COD","Congo (Democratic Republic of",636,,,,0,0,1,0,0,0,0,0,0,1,0,1,2,"Africa","Developing"
1994,,"COD","Congo (Democratic Republic of",636,,,,0,0,1,0,0,0,0,0,0,1,0,1,2,"Africa","Developing"
1995,,"COD","Congo (Democratic Republic of",636,,,,0,0,1,0,0,0,0,0,0,1,0,1,2,"Africa","Developing"
1996,,"COD","Congo (Democratic Republic of",636,,,,0,0,1,0,0,0,0,0,0,1,0,1,2,"Africa","Developing"
1997,,"COD","Congo (Democratic Republic of",636,,,,0,0,1,0,0,0,0,0,0,1,0,1,2,"Africa","Developing"
1998,,"COD","Congo (Democratic Republic of",636,,,,0,0,1,0,0,0,0,0,0,1,0,1,2,"Africa","Developing"
1999,283601,"COD","Congo (Democratic Republic of",636,177294.948737184,383340.63569,239647.809258565,0,0,1,0,0,0,0,0,0,1,0,1,2,"Africa","Developing"
2000,203736,"COD","Congo (Democratic Republic of",636,124494.958753437,277853.11944,169784.97979835,0,0,1,0,0,0,0,0,0,1,0,1,2,"Africa","Developing"
2001,230168,"COD","Congo (Democratic Republic of",636,137225.302569606,320681.566,191189.152805103,0,0,1,0,0,0,0,0,0,1,0,1,2,"Africa","Developing"
2002,174384,"COD","Congo (Democratic Republic of",636,125745.601384482,247531.11264,178490.851341217,0,0,1,0,0,0,0,0,0,1,0,1,2,"Africa","Developing"
2003,106269,"COD","Congo (Democratic Republic of",636,85915.5954402134,146995.53156,118841.888236721,0,0,1,0,0,0,0,0,0,1,0,1,2,"Africa","Developing"
2004,147945,"COD","Congo (Democratic Republic of",636,130739.660657476,209701.68135,185314.317205726,0,0,1,0,0,0,0,0,0,1,0,1,2,"Africa","Developing"
2005,186596,"COD","Congo (Democratic Republic of",636,141973.674199193,270377.604,205719.853914631,0,0,1,0,0,0,0,0,0,1,0,1,2,"Africa","Developing"
2006,247063,"COD","Congo (Democratic Republic of",636,202460.870277801,371469.10302,304408.016897484,0,0,1,0,0,0,0,0,0,1,0,1,2,"Africa","Developing"
2007,296464,"COD","Congo (Democratic Republic of",636,263406.486006219,465744.944,413811.589515771,0,0,1,0,0,0,0,0,0,1,0,1,2,"Africa","Developing"
2008,238571,"COD","Congo (Democratic Republic of",636,224284.102660525,391375.7255,367938.070414591,0,0,1,0,0,0,0,0,0,1,0,1,2,"Africa","Developing"
2009,220106,"COD","Congo (Democratic Republic of",636,213591.460456089,368470.65036,357564.920291121,0,0,1,0,0,0,0,0,0,1,0,1,2,"Africa","Developing"
2010,180960,"COD","Congo (Democratic Republic of",636,192592.592592593,297185.1792,316289.037037037,0,0,1,0,0,0,0,0,0,1,0,1,2,"Africa","Developing"
2011,130564,"COD","Congo (Democratic Republic of",636,138765.01222234,222760.46296,236752.537953024,0,0,1,0,0,0,0,0,0,1,0,1,2,"Africa","Developing"
2012,79945,"COD","Congo (Democratic Republic of",636,87219.0704778529,138348.0203,150936.090224744,0,0,1,0,0,0,0,0,0,1,0,1,2,"Africa","Developing"
2013,130083,"COD","Congo (Democratic Republic of",636,145914.750420639,205923.99066,230985.968210881,0,0,1,0,0,0,0,0,0,1,0,1,2,"Africa","Developing"
2014,12571,"COD","Congo (Democratic Republic of",636,12709.533919725,19160.96962,19372.1257911232,0,0,1,0,0,0,0,0,0,1,0,1,2,"Africa","Developing"
2015,18094.47684,"COD","Congo (Democratic Republic of",636,18238.5614756577,24311.1962479188,24504.7840418494,0,0,1,0,0,0,0,0,0,1,0,1,2,"Africa","Developing"
2016,32209.18784,"COD","Congo (Democratic Republic of",636,31701.9565354331,43006.0296958464,42328.7693856756,0,0,1,0,0,0,0,0,0,1,0,1,2,"Africa","Developing"
2017,37500.74565,"COD","Congo (Democratic Republic of",636,38450.4723162104,50757.259237275,52042.7142799908,0,0,1,0,0,0,0,0,0,1,0,1,2,"Africa","Developing"
2018,35775.17514,"COD","Congo (Democratic Republic of",636,36319.9747614213,49042.398840669,49789.2374016944,0,0,1,0,0,0,0,0,0,1,0,1,2,"Africa","Developing"
2019,43700.88882,"COD","Congo (Democratic Republic of",636,45133.8898218435,59031.5976269442,60967.3097102445,0,0,1,0,0,0,0,0,0,1,0,1,2,"Africa","Developing"
2020,39708.37932,"COD","Congo (Democratic Republic of",636,45061.710531094,52866.1478914752,59993.3589326773,0,0,1,0,0,0,0,0,0,1,0,1,2,"Africa","Developing"
2021,9646.295598,"COD","Congo (Democratic Republic of",636,10568.9663613455,13685.1031019266,14994.0868871772,0,0,1,0,0,0,0,0,0,1,0,1,2,"Africa","Developing"
2022,45642.61631,"COD","Congo (Democratic Republic of",636,49611.5394673913,60279.2905082908,65520.9679437943,0,0,1,0,0,0,0,0,0,1,0,1,2,"Africa","Developing"
1987,12689,"BEN","Benin",638,9928.79499217527,17246.00057,13494.5231377152,0,0,1,0,0,0,0,0,0,1,0,1,2,"Africa","Developing"
1988,15420,"BEN","Benin",638,10252.6595744681,21035.5014,13986.3706117021,0,0,1,0,0,0,0,0,0,1,0,1,2,"Africa","Developing"
1989,14924,"BEN","Benin",638,9650.17782088587,19912.04852,12875.5567539606,0,0,1,0,0,0,0,0,0,1,0,1,2,"Africa","Developing"
1990,16903,"BEN","Benin",638,13047.4720185257,23682.11718,18280.2911462756,0,0,1,0,0,0,0,0,0,1,0,1,2,"Africa","Developing"
1991,20336,"BEN","Benin",638,15002.5820730358,29054.65328,21434.6390852084,0,0,1,0,0,0,0,0,0,1,0,1,2,"Africa","Developing"
1992,22398,"BEN","Benin",638,15383.2417582418,32328.82524,22203.863489011,0,0,1,0,0,0,0,0,0,1,0,1,2,"Africa","Developing"
1993,17657,"BEN","Benin",638,11934.437309902,26414.51886,17853.6795268672,0,0,1,0,0,0,0,0,0,1,0,1,2,"Africa","Developing"
1994,20133,"BEN","Benin",638,15351.1246664125,30846.17196,23519.7651239039,0,0,1,0,0,0,0,0,0,1,0,1,2,"Africa","Developing"
1995,27177,"BEN","Benin",638,23621.9035202086,43233.44337,37577.960338983,0,0,1,0,0,0,0,0,0,1,0,1,2,"Africa","Developing"
1996,32795,"BEN","Benin",638,24357.5460487225,51787.56835,38463.7316919192,0,0,1,0,0,0,0,0,0,1,0,1,2,"Africa","Developing"
1997,26348,"BEN","Benin",638,18104.8581048581,40900.52736,28104.5333333333,0,0,1,0,0,0,0,0,0,1,0,1,2,"Africa","Developing"
1998,28046,"BEN","Benin",638,20374.8637849619,44321.93518,32199.0084852888,0,0,1,0,0,0,0,0,0,1,0,1,2,"Africa","Developing"
1999,79080,"BEN","Benin",638,49437.359339835,106891.6452,66823.9842460615,0,0,1,0,0,0,0,0,0,1,0,1,2,"Africa","Developing"
2000,37705,"BEN","Benin",638,23040.0244424076,51421.70195,31421.754934311,0,0,1,0,0,0,0,0,0,1,0,1,2,"Africa","Developing"
2001,21786,"BEN","Benin",638,12988.7318905384,30353.3445,18096.5507064926,0,0,1,0,0,0,0,0,0,1,0,1,2,"Africa","Developing"
2002,14649,"BEN","Benin",638,10563.1670031728,20793.66954,14993.9930343236,0,0,1,0,0,0,0,0,0,1,0,1,2,"Africa","Developing"
2003,15353,"BEN","Benin",638,12412.4828199531,21236.88372,17169.4427358719,0,0,1,0,0,0,0,0,0,1,0,1,2,"Africa","Developing"
2004,12406,"BEN","Benin",638,10963.2378932485,17584.63658,15539.6222870272,0,0,1,0,0,0,0,0,0,1,0,1,2,"Africa","Developing"
2005,18655,"BEN","Benin",638,14193.8674579624,27031.095,20566.9139465875,0,0,1,0,0,0,0,0,0,1,0,1,2,"Africa","Developing"
2006,24093,"BEN","Benin",638,19743.5056953208,36224.78922,29685.1505531427,0,0,1,0,0,0,0,0,0,1,0,1,2,"Africa","Developing"
2007,19935,"BEN","Benin",638,17712.1279431364,31317.885,27825.7529986673,0,0,1,0,0,0,0,0,0,1,0,1,2,"Africa","Developing"
2008,20617,"BEN","Benin",638,19382.3446460468,33822.1885,31796.7363918398,0,0,1,0,0,0,0,0,0,1,0,1,2,"Africa","Developing"
2009,14596,"BEN","Benin",638,14163.9980591946,24434.57976,23711.3825909753,0,0,1,0,0,0,0,0,0,1,0,1,2,"Africa","Developing"
2010,6878,"BEN","Benin",638,7320.1362281822,11295.53306,12021.6401234568,0,0,1,0,0,0,0,0,0,1,0,1,2,"Africa","Developing"
2011,19911,"BEN","Benin",638,21161.6537357849,33970.95354,36104.743904772,0,0,1,0,0,0,0,0,0,1,0,1,2,"Africa","Developing"
2012,27975,"BEN","Benin",638,30520.4014837443,48411.8565,52816.7755836788,0,0,1,0,0,0,0,0,0,1,0,1,2,"Africa","Developing"
2013,2792,"BEN","Benin",638,3131.8003365115,4419.79184,4957.70256870443,0,0,1,0,0,0,0,0,0,1,0,1,2,"Africa","Developing"
2014,813,"BEN","Benin",638,821.959356991204,1239.19086,1252.84689111313,0,0,1,0,0,0,0,0,0,1,0,1,2,"Africa","Developing"
2015,569.5375,"BEN","Benin",638,574.072674125592,765.213498875,771.306822774922,0,0,1,0,0,0,0,0,0,1,0,1,2,"Africa","Developing"
2016,1159.016,"BEN","Benin",638,1140.76377952756,1547.52975336,1523.15920606299,0,0,1,0,0,0,0,0,0,1,0,1,2,"Africa","Developing"
2017,586.32,"BEN","Benin",638,601.16887111658,793.58412,813.68206705629,0,0,1,0,0,0,0,0,0,1,0,1,2,"Africa","Developing"
2018,588.85,"BEN","Benin",638,597.817258883249,807.2250225,819.517789340102,0,0,1,0,0,0,0,0,0,1,0,1,2,"Africa","Developing"
2019,353.54425,"BEN","Benin",638,365.137361218693,477.5711083425,493.231198907823,0,0,1,0,0,0,0,0,0,1,0,1,2,"Africa","Developing"
2020,1008.745,"BEN","Benin",638,1144.74012709941,1343.0027432,1524.06121561507,0,0,1,0,0,0,0,0,0,1,0,1,2,"Africa","Developing"
2021,127.939,"BEN","Benin",638,140.176399693218,181.50577991,198.866856480771,0,0,1,0,0,0,0,0,0,1,0,1,2,"Africa","Developing"
2022,0,"BEN","Benin",638,0,0,0,0,0,1,0,0,0,0,0,0,1,0,1,2,"Africa","Developing"
1987,6055,"GNQ","Equatorial Guinea",642,4737.87167449139,8229.53215,6439.38352895149,0,0,1,0,0,0,0,0,0,1,0,1,2,"Africa","Developing"
1988,1127,"GNQ","Equatorial Guinea",642,749.335106382979,1537.41959,1022.22047207447,0,0,1,0,0,0,0,0,0,1,0,1,2,"Africa","Developing"
1989,2494,"GNQ","Equatorial Guinea",642,1612.6737795021,3327.56962,2151.67773682509,0,0,1,0,0,0,0,0,0,1,0,1,2,"Africa","Developing"
1990,518,"GNQ","Equatorial Guinea",642,399.845619451949,725.74908,560.207703589348,0,0,1,0,0,0,0,0,0,1,0,1,2,"Africa","Developing"
1991,427,"GNQ","Equatorial Guinea",642,315.012910365179,610.06771,450.068395426042,0,0,1,0,0,0,0,0,0,1,0,1,2,"Africa","Developing"
1992,146,"GNQ","Equatorial Guinea",642,100.274725274725,210.73348,144.734532967033,0,0,1,0,0,0,0,0,0,1,0,1,2,"Africa","Developing"
1993,13343,"GNQ","Equatorial Guinea",642,9018.5873605948,19960.86114,13491.6263197026,0,0,1,0,0,0,0,0,0,1,0,1,2,"Africa","Developing"
1994,3491,"GNQ","Equatorial Guinea",642,2661.83759054518,5348.63092,4078.25460922608,0,0,1,0,0,0,0,0,0,1,0,1,2,"Africa","Developing"
1995,624,"GNQ","Equatorial Guinea",642,542.372881355932,992.66544,862.81220338983,0,0,1,0,0,0,0,0,0,1,0,1,2,"Africa","Developing"
1996,1437,"GNQ","Equatorial Guinea",642,1067.29055258467,2269.20981,1685.39053030303,0,0,1,0,0,0,0,0,0,1,0,1,2,"Africa","Developing"
1997,8271,"GNQ","Equatorial Guinea",642,5683.36425479283,12839.23872,8822.4,0,0,1,0,0,0,0,0,0,1,0,1,2,"Africa","Developing"
1998,9478,"GNQ","Equatorial Guinea",642,6885.57936796222,14978.36774,10881.4876425717,0,0,1,0,0,0,0,0,0,1,0,1,2,"Africa","Developing"
1999,11972,"GNQ","Equatorial Guinea",642,7484.37109277319,16182.43268,10116.5495623906,0,0,1,0,0,0,0,0,0,1,0,1,2,"Africa","Developing"
2000,5622,"GNQ","Equatorial Guinea",642,3435.38038496792,7667.22738,4685.1374152154,0,0,1,0,0,0,0,0,0,1,0,1,2,"Africa","Developing"
2001,11047,"GNQ","Equatorial Guinea",642,6586.18017051213,15391.23275,9176.19552256603,0,0,1,0,0,0,0,0,0,1,0,1,2,"Africa","Developing"
2002,8182,"GNQ","Equatorial Guinea",642,5899.91346985867,11614.02172,8374.69117392558,0,0,1,0,0,0,0,0,0,1,0,1,2,"Africa","Developing"
2003,6188,"GNQ","Equatorial Guinea",642,5002.82965478212,8559.48912,6920.11409168081,0,0,1,0,0,0,0,0,0,1,0,1,2,"Africa","Developing"
2004,11297,"GNQ","Equatorial Guinea",642,9983.20961470484,16012.70671,14150.5008041711,0,0,1,0,0,0,0,0,0,1,0,1,2,"Africa","Developing"
2005,30757,"GNQ","Equatorial Guinea",642,23401.8108498821,44566.893,33909.2239214791,0,0,1,0,0,0,0,0,0,1,0,1,2,"Africa","Developing"
2006,11956,"GNQ","Equatorial Guinea",642,9797.59075637138,17976.32424,14731.0696058346,0,0,1,0,0,0,0,0,0,1,0,1,2,"Africa","Developing"
2007,8233,"GNQ","Equatorial Guinea",642,7314.97112394491,12934.043,11491.8196357175,0,0,1,0,0,0,0,0,0,1,0,1,2,"Africa","Developing"
2008,16268,"GNQ","Equatorial Guinea",642,15293.7858418727,26687.654,25089.4556735922,0,0,1,0,0,0,0,0,0,1,0,1,2,"Africa","Developing"
2009,1179,"GNQ","Equatorial Guinea",642,1144.10480349345,1973.71674,1915.30008733624,0,0,1,0,0,0,0,0,0,1,0,1,2,"Africa","Developing"
2010,0,"GNQ","Equatorial Guinea",642,0,0,0,0,0,1,0,0,0,0,0,0,1,0,1,2,"Africa","Developing"
2011,0,"GNQ","Equatorial Guinea",642,0,0,0,0,0,1,0,0,0,0,0,0,1,0,1,2,"Africa","Developing"
2012,0,"GNQ","Equatorial Guinea",642,0,0,0,0,0,1,0,0,0,0,0,0,1,0,1,2,"Africa","Developing"
2013,3553,"GNQ","Equatorial Guinea",642,3985.41783510937,5624.47006,6308.99614133483,0,0,1,0,0,0,0,0,0,1,0,1,2,"Africa","Developing"
2014,4506,"GNQ","Equatorial Guinea",642,4555.65665756749,6868.13532,6943.82299059751,0,0,1,0,0,0,0,0,0,1,0,1,2,"Africa","Developing"
2015,3740.72986,"GNQ","Equatorial Guinea",642,3770.51694385647,5025.9324180002,5065.95345025723,0,0,1,0,0,0,0,0,0,1,0,1,2,"Africa","Developing"
2016,8242.63665,"GNQ","Equatorial Guinea",642,8112.8313484252,11005.6508814465,10832.3335447308,0,0,1,0,0,0,0,0,0,1,0,1,2,"Africa","Developing"
2017,6324.29842,"GNQ","Equatorial Guinea",642,6484.46469804163,8559.93791147,8776.72296879934,0,0,1,0,0,0,0,0,0,1,0,1,2,"Africa","Developing"
2018,520.3275,"GNQ","Equatorial Guinea",642,528.251269035533,713.290953375,724.15325215736,0,0,1,0,0,0,0,0,0,1,0,1,2,"Africa","Developing"
2019,11561.55525,"GNQ","Equatorial Guinea",642,11940.6715724245,15617.4644472525,16129.5785667467,0,0,1,0,0,0,0,0,0,1,0,1,2,"Africa","Developing"
2020,6167,"GNQ","Equatorial Guinea",642,6998.4112573763,8210.49712,9317.40481162052,0,0,1,0,0,0,0,0,0,1,0,1,2,"Africa","Developing"
2021,6394.5,"GNQ","Equatorial Guinea",642,7006.13564150323,9071.813205,9939.53457324422,0,0,1,0,0,0,0,0,0,1,0,1,2,"Africa","Developing"
2022,6475.7,"GNQ","Equatorial Guinea",642,7038.80434782609,8552.327476,9296.00812608696,0,0,1,0,0,0,0,0,0,1,0,1,2,"Africa","Developing"
1987,,"ERI","Eritrea",643,,,,0,0,1,0,0,0,0,0,0,1,0,1,2,"Africa","Developing"
1988,,"ERI","Eritrea",643,,,,0,0,1,0,0,0,0,0,0,1,0,1,2,"Africa","Developing"
1989,,"ERI","Eritrea",643,,,,0,0,1,0,0,0,0,0,0,1,0,1,2,"Africa","Developing"
1990,,"ERI","Eritrea",643,,,,0,0,1,0,0,0,0,0,0,1,0,1,2,"Africa","Developing"
1991,,"ERI","Eritrea",643,,,,0,0,1,0,0,0,0,0,0,1,0,1,2,"Africa","Developing"
1992,,"ERI","Eritrea",643,,,,0,0,1,0,0,0,0,0,0,1,0,1,2,"Africa","Developing"
1993,,"ERI","Eritrea",643,,,,0,0,1,0,0,0,0,0,0,1,0,1,2,"Africa","Developing"
1994,0,"ERI","Eritrea",643,0,0,0,0,0,1,0,0,0,0,0,0,1,0,1,2,"Africa","Developing"
1995,114,"ERI","Eritrea",643,99.0873533246415,181.35234,157.629152542373,0,0,1,0,0,0,0,0,0,1,0,1,2,"Africa","Developing"
1996,1884,"ERI","Eritrea",643,1399.28698752228,2975.08092,2209.65606060606,0,0,1,0,0,0,0,0,0,1,0,1,2,"Africa","Developing"
1997,2136,"ERI","Eritrea",643,1467.73861059575,3315.75552,2278.4,0,0,1,0,0,0,0,0,0,1,0,1,2,"Africa","Developing"
1998,1338,"ERI","Eritrea",643,972.030512168543,2114.48154,1536.12897929531,0,0,1,0,0,0,0,0,0,1,0,1,2,"Africa","Developing"
1999,9458,"ERI","Eritrea",643,5912.72818204551,12784.28402,7992.1755563891,0,0,1,0,0,0,0,0,0,1,0,1,2,"Africa","Developing"
2000,4066,"ERI","Eritrea",643,2484.57073021693,5545.17014,3388.43271616254,0,0,1,0,0,0,0,0,0,1,0,1,2,"Africa","Developing"
2001,17365,"ERI","Eritrea",643,10352.9481905443,24193.78625,14424.2450664759,0,0,1,0,0,0,0,0,0,1,0,1,2,"Africa","Developing"
2002,13773,"ERI","Eritrea",643,9931.49697144505,19550.22258,14097.3626910874,0,0,1,0,0,0,0,0,0,1,0,1,2,"Africa","Developing"
2003,11943,"ERI","Eritrea",643,9655.59058937667,16520.03532,13355.9991268494,0,0,1,0,0,0,0,0,0,1,0,1,2,"Africa","Developing"
2004,1710,"ERI","Eritrea",643,1511.13467656416,2423.8053,2141.92762460233,0,0,1,0,0,0,0,0,0,1,0,1,2,"Africa","Developing"
2005,4750,"ERI","Eritrea",643,3614.09115118314,6882.75,5236.81807806437,0,0,1,0,0,0,0,0,0,1,0,1,2,"Africa","Developing"
2006,5003,"ERI","Eritrea",643,4099.81152175694,7522.21062,6164.23061542244,0,0,1,0,0,0,0,0,0,1,0,1,2,"Africa","Developing"
2007,6430,"ERI","Eritrea",643,5713.01643713905,10101.53,8975.14882274545,0,0,1,0,0,0,0,0,0,1,0,1,2,"Africa","Developing"
2008,12305,"ERI","Eritrea",643,11568.1113095798,20186.3525,18977.4866033656,0,0,1,0,0,0,0,0,0,1,0,1,2,"Africa","Developing"
2009,903,"ERI","Eritrea",643,876.27365356623,1511.67618,1466.93467248908,0,0,1,0,0,0,0,0,0,1,0,1,2,"Africa","Developing"
2010,882,"ERI","Eritrea",643,938.697318007663,1448.48214,1541.59444444444,0,0,1,0,0,0,0,0,0,1,0,1,2,"Africa","Developing"
2011,828,"ERI","Eritrea",643,880.008502497609,1412.68392,1501.41770645127,0,0,1,0,0,0,0,0,0,1,0,1,2,"Africa","Developing"
2012,82,"ERI","Eritrea",643,89.4610517128518,141.90428,154.815928431159,0,0,1,0,0,0,0,0,0,1,0,1,2,"Africa","Developing"
2013,0,"ERI","Eritrea",643,0,0,0,0,0,1,0,0,0,0,0,0,1,0,1,2,"Africa","Developing"
2014,922,"ERI","Eritrea",643,932.160549994945,1405.33084,1420.81775351329,0,0,1,0,0,0,0,0,0,1,0,1,2,"Africa","Developing"
2015,868.65699,"ERI","Eritrea",643,875.574024795887,1167.1014720543,1176.39499249501,0,0,1,0,0,0,0,0,0,1,0,1,2,"Africa","Developing"
2016,0,"ERI","Eritrea",643,0,0,0,0,0,1,0,0,0,0,0,0,1,0,1,2,"Africa","Developing"
2017,0,"ERI","Eritrea",643,0,0,0,0,0,1,0,0,0,0,0,0,1,0,1,2,"Africa","Developing"
2018,0,"ERI","Eritrea",643,0,0,0,0,0,1,0,0,0,0,0,0,1,0,1,2,"Africa","Developing"
2019,0,"ERI","Eritrea",643,0,0,0,0,0,1,0,0,0,0,0,0,1,0,1,2,"Africa","Developing"
2020,0,"ERI","Eritrea",643,0,0,0,0,0,1,0,0,0,0,0,0,1,0,1,2,"Africa","Developing"
2021,0,"ERI","Eritrea",643,0,0,0,0,0,1,0,0,0,0,0,0,1,0,1,2,"Africa","Developing"
2022,283.37445,"ERI","Eritrea",643,308.015706521739,374.246968626,406.79018328913,0,0,1,0,0,0,0,0,0,1,0,1,2,"Africa","Developing"
1987,13147,"ETH","Ethiopia",644,10287.1674491393,17868.48211,13981.5978951487,0,0,1,0,0,0,0,0,0,1,0,1,2,"Africa","Developing"
1988,22199,"ETH","Ethiopia",644,14759.9734042553,30283.20983,20135.112918883,0,0,1,0,0,0,0,0,0,1,0,1,2,"Africa","Developing"
1989,25974,"ETH","Ethiopia",644,16795.3443258972,34655.29002,22408.8522599418,0,0,1,0,0,0,0,0,0,1,0,1,2,"Africa","Developing"
1990,21902,"ETH","Ethiopia",644,16906.213817059,30686.01612,23686.6199305288,0,0,1,0,0,0,0,0,0,1,0,1,2,"Africa","Developing"
1991,22351,"ETH","Ethiopia",644,16489.1184064921,31933.54423,23558.4981409074,0,0,1,0,0,0,0,0,0,1,0,1,2,"Africa","Developing"
1992,18067,"ETH","Ethiopia",644,12408.6538461538,26077.54646,17910.4027884615,0,0,1,0,0,0,0,0,0,1,0,1,2,"Africa","Developing"
1993,18018,"ETH","Ethiopia",644,12178.43866171,26954.56764,18218.700669145,0,0,1,0,0,0,0,0,0,1,0,1,2,"Africa","Developing"
1994,6775,"ETH","Ethiopia",644,5165.84064048799,10380.113,7914.68776210446,0,0,1,0,0,0,0,0,0,1,0,1,2,"Africa","Developing"
1995,11478,"ETH","Ethiopia",644,9976.53194263364,18259.31718,15870.766779661,0,0,1,0,0,0,0,0,0,1,0,1,2,"Africa","Developing"
1996,17679,"ETH","Ethiopia",644,13130.5704099822,27917.43927,20734.8776515152,0,0,1,0,0,0,0,0,0,1,0,1,2,"Africa","Developing"
1997,19886,"ETH","Ethiopia",644,13664.5365216794,30869.43552,21211.7333333333,0,0,1,0,0,0,0,0,0,1,0,1,2,"Africa","Developing"
1998,24380,"ETH","Ethiopia",644,17711.5873592445,38528.4454,27990.1528514348,0,0,1,0,0,0,0,0,0,1,0,1,2,"Africa","Developing"
1999,21834,"ETH","Ethiopia",644,13649.6624156039,29512.79946,18450.1121905476,0,0,1,0,0,0,0,0,0,1,0,1,2,"Africa","Developing"
2000,23611,"ETH","Ethiopia",644,14427.7421326001,32200.44569,19676.4104430186,0,0,1,0,0,0,0,0,0,1,0,1,2,"Africa","Developing"
2001,22499,"ETH","Ethiopia",644,13413.8198294879,31346.73175,18688.804477434,0,0,1,0,0,0,0,0,0,1,0,1,2,"Africa","Developing"
2002,21115,"ETH","Ethiopia",644,15225.6994519758,29971.8979,21612.2713441015,0,0,1,0,0,0,0,0,0,1,0,1,2,"Africa","Developing"
2003,17288,"ETH","Ethiopia",644,13976.8776780661,23913.45312,19333.3762794082,0,0,1,0,0,0,0,0,0,1,0,1,2,"Africa","Developing"
2004,5926,"ETH","Ethiopia",644,5236.83280311064,8399.69018,7422.84392011311,0,0,1,0,0,0,0,0,0,1,0,1,2,"Africa","Developing"
2005,5033,"ETH","Ethiopia",644,3829.41489766416,7292.817,5548.82218671536,0,0,1,0,0,0,0,0,0,1,0,1,2,"Africa","Developing"
2006,7394,"ETH","Ethiopia",644,6059.16577890683,11117.17476,9110.19811521757,0,0,1,0,0,0,0,0,0,1,0,1,2,"Africa","Developing"
2007,7227,"ETH","Ethiopia",644,6421.14615726344,11353.617,10087.6206130609,0,0,1,0,0,0,0,0,0,1,0,1,2,"Africa","Developing"
2008,5016,"ETH","Ethiopia",644,4715.61530506722,8228.748,7735.96690796277,0,0,1,0,0,0,0,0,0,1,0,1,2,"Africa","Developing"
2009,2213,"ETH","Ethiopia",644,2147.5012130034,3704.69478,3595.04588064047,0,0,1,0,0,0,0,0,0,1,0,1,2,"Africa","Developing"
2010,1828,"ETH","Ethiopia",644,1945.50872711792,3002.06956,3195.05061728395,0,0,1,0,0,0,0,0,0,1,0,1,2,"Africa","Developing"
2011,3865,"ETH","Ethiopia",644,4107.76915718992,6594.2311,7008.42926984802,0,0,1,0,0,0,0,0,0,1,0,1,2,"Africa","Developing"
2012,69053,"ETH","Ethiopia",644,75336.024438141,119498.97862,130372.00373118,0,0,1,0,0,0,0,0,0,1,0,1,2,"Africa","Developing"
2013,5538,"ETH","Ethiopia",644,6212.00224340998,8766.76476,9833.72379136287,0,0,1,0,0,0,0,0,0,1,0,1,2,"Africa","Developing"
2014,1299,"ETH","Ethiopia",644,1313.31513497119,1979.96178,2001.78119502578,0,0,1,0,0,0,0,0,0,1,0,1,2,"Africa","Developing"
2015,823.85349,"ETH","Ethiopia",644,830.41375869368,1106.9048335593,1115.71901376807,0,0,1,0,0,0,0,0,0,1,0,1,2,"Africa","Developing"
2016,812.9925,"ETH","Ethiopia",644,800.189468503937,1085.515715925,1068.42098024114,0,0,1,0,0,0,0,0,0,1,0,1,2,"Africa","Developing"
2017,1193.76375,"ETH","Ethiopia",644,1223.99646262688,1615.759235625,1656.67921216549,0,0,1,0,0,0,0,0,0,1,0,1,2,"Africa","Developing"
2018,1113.916,"ETH","Ethiopia",644,1130.87918781726,1527.0117486,1550.26573461929,0,0,1,0,0,0,0,0,0,1,0,1,2,"Africa","Developing"
2019,1108.61755,"ETH","Ethiopia",644,1144.97035889491,1497.5316727155,1546.63741049884,0,0,1,0,0,0,0,0,0,1,0,1,2,"Africa","Developing"
2020,207.7259,"ETH","Ethiopia",644,235.730708125284,276.557954224,313.842435569678,0,0,1,0,0,0,0,0,0,1,0,1,2,"Africa","Developing"
2021,0,"ETH","Ethiopia",644,0,0,0,0,0,1,0,0,0,0,0,0,1,0,1,2,"Africa","Developing"
2022,289.354,"ETH","Ethiopia",644,314.515217391304,382.14404072,415.373957304348,0,0,1,0,0,0,0,0,0,1,0,1,2,"Africa","Developing"
1987,86788,"GAB","Gabon",646,67909.2331768388,117956.17444,92297.4760876369,0,0,1,0,0,0,0,0,0,1,0,1,2,"Africa","Developing"
1988,80649,"GAB","Gabon",646,53623.0053191489,110018.94633,73150.8951662234,0,0,1,0,0,0,0,0,0,1,0,1,2,"Africa","Developing"
1989,85350,"GAB","Gabon",646,55189.1367604268,113876.5305,73635.0019398642,0,0,1,0,0,0,0,0,0,1,0,1,2,"Africa","Developing"
1990,107368,"GAB","Gabon",646,82877.6534156696,150429.01008,116116.565094558,0,0,1,0,0,0,0,0,0,1,0,1,2,"Africa","Developing"
1991,103815,"GAB","Gabon",646,76587.9749170048,148323.60495,109423.537403172,0,0,1,0,0,0,0,0,0,1,0,1,2,"Africa","Developing"
1992,92278,"GAB","Gabon",646,63377.7472527473,133192.21964,91478.1728296703,0,0,1,0,0,0,0,0,0,1,0,1,2,"Africa","Developing"
1993,99053,"GAB","Gabon",646,66950.3210544103,148181.30694,100156.341290977,0,0,1,0,0,0,0,0,0,1,0,1,2,"Africa","Developing"
1994,112102,"GAB","Gabon",646,85476.172321769,171753.71624,130959.753137629,0,0,1,0,0,0,0,0,0,1,0,1,2,"Africa","Developing"
1995,100122,"GAB","Gabon",646,87024.7718383312,159275.07882,138439.877288136,0,0,1,0,0,0,0,0,0,1,0,1,2,"Africa","Developing"
1996,135010,"GAB","Gabon",646,100274.806892454,213198.3413,158346.955808081,0,0,1,0,0,0,0,0,0,1,0,1,2,"Africa","Developing"
1997,115907,"GAB","Gabon",646,79644.7467876039,179924.75424,123634.133333333,0,0,1,0,0,0,0,0,0,1,0,1,2,"Africa","Developing"
1998,98878,"GAB","Gabon",646,71832.9095532147,156259.86974,113519.701954232,0,0,1,0,0,0,0,0,0,1,0,1,2,"Africa","Developing"
1999,125920,"GAB","Gabon",646,78719.67991998,170204.8048,106404.604151038,0,0,1,0,0,0,0,0,0,1,0,1,2,"Africa","Developing"
2000,50077,"GAB","Gabon",646,30600.0611060189,68294.51183,41732.0573357776,0,0,1,0,0,0,0,0,0,1,0,1,2,"Africa","Developing"
2001,105377,"GAB","Gabon",646,62825.374113158,146816.50525,87531.4524831575,0,0,1,0,0,0,0,0,0,1,0,1,2,"Africa","Developing"
2002,93625,"GAB","Gabon",646,67511.5373521777,132896.9425,95829.9268099221,0,0,1,0,0,0,0,0,0,1,0,1,2,"Africa","Developing"
2003,79185,"GAB","Gabon",646,64018.9182634004,109531.8594,88553.528498666,0,0,1,0,0,0,0,0,0,1,0,1,2,"Africa","Developing"
2004,74720,"GAB","Gabon",646,66030.3994344291,105910.3696,93593.4690703429,0,0,1,0,0,0,0,0,0,1,0,1,2,"Africa","Developing"
2005,106868,"GAB","Gabon",646,81311.7248725557,154851.732,117820.689340333,0,0,1,0,0,0,0,0,0,1,0,1,2,"Africa","Developing"
2006,35929,"GAB","Gabon",646,29442.7599770548,54020.68866,44268.367335901,0,0,1,0,0,0,0,0,0,1,0,1,2,"Africa","Developing"
2007,36230,"GAB","Gabon",646,32190.1377165704,56917.33,50570.7063527321,0,0,1,0,0,0,0,0,0,1,0,1,2,"Africa","Developing"
2008,38567,"GAB","Gabon",646,36257.4034032152,63269.1635,59480.2702829745,0,0,1,0,0,0,0,0,0,1,0,1,2,"Africa","Developing"
2009,14830,"GAB","Gabon",646,14391.0722950024,24826.3098,24091.5184861718,0,0,1,0,0,0,0,0,0,1,0,1,2,"Africa","Developing"
2010,14794,"GAB","Gabon",646,15744.9978714347,24295.74238,25857.537654321,0,0,1,0,0,0,0,0,0,1,0,1,2,"Africa","Developing"
2011,17870,"GAB","Gabon",646,18992.4540333723,30488.7218,32403.7855244978,0,0,1,0,0,0,0,0,0,1,0,1,2,"Africa","Developing"
2012,4559,"GAB","Gabon",646,4973.81627754746,7889.53186,8607.38802094698,0,0,1,0,0,0,0,0,0,1,0,1,2,"Africa","Developing"
2013,4190,"GAB","Gabon",646,4699.94391475042,6632.8538,7440.10521592821,0,0,1,0,0,0,0,0,0,1,0,1,2,"Africa","Developing"
2014,755,"GAB","Gabon",646,763.320190071782,1150.7861,1163.46790011121,0,0,1,0,0,0,0,0,0,1,0,1,2,"Africa","Developing"
2015,494.2595,"GAB","Gabon",646,498.195242415079,664.072236415,669.360181851628,0,0,1,0,0,0,0,0,0,1,0,1,2,"Africa","Developing"
2016,804.525,"GAB","Gabon",646,791.85531496063,1074.20982525,1057.29313508858,0,0,1,0,0,0,0,0,0,1,0,1,2,"Africa","Developing"
2017,0,"GAB","Gabon",646,0,0,0,0,0,1,0,0,0,0,0,0,1,0,1,2,"Africa","Developing"
2018,216.854,"GAB","Gabon",646,220.156345177665,297.2743059,301.801325786802,0,0,1,0,0,0,0,0,0,1,0,1,2,"Africa","Developing"
2019,169.43325,"GAB","Gabon",646,174.989155693261,228.8721284325,236.377101402014,0,0,1,0,0,0,0,0,0,1,0,1,2,"Africa","Developing"
2020,1632.2052,"GAB","Gabon",646,1852.2528370404,2173.052715072,2466.01533712211,0,0,1,0,0,0,0,0,0,1,0,1,2,"Africa","Developing"
2021,0,"GAB","Gabon",646,0,0,0,0,0,1,0,0,0,0,0,0,1,0,1,2,"Africa","Developing"
2022,1322.16631,"GAB","Gabon",646,1437.13729347826,1746.1586022908,1897.99848075087,0,0,1,0,0,0,0,0,0,1,0,1,2,"Africa","Developing"
1987,15021,"GMB","Gambia",648,11753.5211267606,20415.49173,15974.5631690141,0,0,1,0,0,0,0,0,0,1,0,1,2,"Africa","Developing"
1988,9809,"GMB","Gambia",648,6521.9414893617,13381.14353,8897.03692154255,0,0,1,0,0,0,0,0,0,1,0,1,2,"Africa","Developing"
1989,4848,"GMB","Gambia",648,3134.82056256062,6468.34704,4182.57163918526,0,0,1,0,0,0,0,0,0,1,0,1,2,"Africa","Developing"
1990,4823,"GMB","Gambia",648,3722.88691624855,6757.31238,5215.9879428792,0,0,1,0,0,0,0,0,0,1,0,1,2,"Africa","Developing"
1991,4912,"GMB","Gambia",648,3623.75507192918,7017.92176,5177.36758391737,0,0,1,0,0,0,0,0,0,1,0,1,2,"Africa","Developing"
1992,4579,"GMB","Gambia",648,3144.91758241758,6609.23702,4539.31114010989,0,0,1,0,0,0,0,0,0,1,0,1,2,"Africa","Developing"
1993,6441,"GMB","Gambia",648,4353.49780331193,9635.60718,6512.74564379858,0,0,1,0,0,0,0,0,0,1,0,1,2,"Africa","Developing"
1994,7673,"GMB","Gambia",648,5850.55280213496,11755.95676,8963.74895920701,0,0,1,0,0,0,0,0,0,1,0,1,2,"Africa","Developing"
1995,15168,"GMB","Gambia",648,13183.8331160365,24129.40608,20972.973559322,0,0,1,0,0,0,0,0,0,1,0,1,2,"Africa","Developing"
1996,12054,"GMB","Gambia",648,8952.76292335116,19034.83302,14137.5765151515,0,0,1,0,0,0,0,0,0,1,0,1,2,"Africa","Developing"
1997,8668,"GMB","Gambia",648,5956.16024187453,13455.50976,9245.86666666666,0,0,1,0,0,0,0,0,0,1,0,1,2,"Africa","Developing"
1998,5657,"GMB","Gambia",648,4109.69851071558,8939.92681,6494.67984743916,0,0,1,0,0,0,0,0,0,1,0,1,2,"Africa","Developing"
1999,13156,"GMB","Gambia",648,8224.55613903476,17782.83364,11117.0502875719,0,0,1,0,0,0,0,0,0,1,0,1,2,"Africa","Developing"
2000,1432,"GMB","Gambia",648,875.038191261839,1952.94728,1193.36833486098,0,0,1,0,0,0,0,0,0,1,0,1,2,"Africa","Developing"
2001,876,"GMB","Gambia",648,522.267930602754,1220.487,727.649794312288,0,0,1,0,0,0,0,0,0,1,0,1,2,"Africa","Developing"
2002,5422,"GMB","Gambia",648,3909.72021920969,7696.31212,5549.69146235939,0,0,1,0,0,0,0,0,0,1,0,1,2,"Africa","Developing"
2003,7114,"GMB","Gambia",648,5751.47546285067,9840.36936,7955.67091923357,0,0,1,0,0,0,0,0,0,1,0,1,2,"Africa","Developing"
2004,6682,"GMB","Gambia",648,5904.91339696006,9471.26726,8369.80139625309,0,0,1,0,0,0,0,0,0,1,0,1,2,"Africa","Developing"
2005,8054,"GMB","Gambia",648,6127.97686981663,11670.246,8879.4384843643,0,0,1,0,0,0,0,0,0,1,0,1,2,"Africa","Developing"
2006,7267,"GMB","Gambia",648,5955.0930099156,10926.22518,8953.7205441285,0,0,1,0,0,0,0,0,0,1,0,1,2,"Africa","Developing"
2007,15355,"GMB","Gambia",648,13642.8254109285,24122.705,21432.8787205686,0,0,1,0,0,0,0,0,0,1,0,1,2,"Africa","Developing"
2008,3163,"GMB","Gambia",648,2973.58277709881,5188.9015,4878.16254583059,0,0,1,0,0,0,0,0,0,1,0,1,2,"Africa","Developing"
2009,1892,"GMB","Gambia",648,1836.00194080543,3167.32152,3073.57740902475,0,0,1,0,0,0,0,0,0,1,0,1,2,"Africa","Developing"
2010,1598,"GMB","Gambia",648,1700.72371221797,2624.34746,2793.0475308642,0,0,1,0,0,0,0,0,0,1,0,1,2,"Africa","Developing"
2011,250,"GMB","Gambia",648,265.703050271017,426.535,453.326602189393,0,0,1,0,0,0,0,0,0,1,0,1,2,"Africa","Developing"
2012,580,"GMB","Gambia",648,632.773292603098,1003.7132,1095.03949378137,0,0,1,0,0,0,0,0,0,1,0,1,2,"Africa","Developing"
2013,561,"GMB","Gambia",648,629.276500280426,888.07422,996.15728547392,0,0,1,0,0,0,0,0,0,1,0,1,2,"Africa","Developing"
2014,626,"GMB","Gambia",648,632.898594682034,954.16172,964.67669598625,0,0,1,0,0,0,0,0,0,1,0,1,2,"Africa","Developing"
2015,0,"GMB","Gambia",648,0,0,0,0,0,1,0,0,0,0,0,0,1,0,1,2,"Africa","Developing"
2016,0,"GMB","Gambia",648,0,0,0,0,0,1,0,0,0,0,0,0,1,0,1,2,"Africa","Developing"
2017,2826.92,"GMB","Gambia",648,2898.51327796575,3826.23622,3923.13772172665,0,0,1,0,0,0,0,0,0,1,0,1,2,"Africa","Developing"
2018,3103.695,"GMB","Gambia",648,3150.95939086294,4254.70029075,4319.49268096447,0,0,1,0,0,0,0,0,0,1,0,1,2,"Africa","Developing"
2019,2808.36,"GMB","Gambia",648,2900.44926413633,3793.5607716,3917.95587048799,0,0,1,0,0,0,0,0,0,1,0,1,2,"Africa","Developing"
2020,0,"GMB","Gambia",648,0,0,0,0,0,1,0,0,0,0,0,0,1,0,1,2,"Africa","Developing"
2021,0,"GMB","Gambia",648,0,0,0,0,0,1,0,0,0,0,0,0,1,0,1,2,"Africa","Developing"
2022,0,"GMB","Gambia",648,0,0,0,0,0,1,0,0,0,0,0,0,1,0,1,2,"Africa","Developing"
1987,25327,"GHA","Ghana",652,19817.6838810642,34422.68551,26934.8086932707,0,0,1,0,0,0,0,0,0,1,0,1,2,"Africa","Developing"
1988,27978,"GHA","Ghana",652,18602.3936170213,38166.74826,25376.8273005319,0,0,1,0,0,0,0,0,0,1,0,1,2,"Africa","Developing"
1989,28500,"GHA","Ghana",652,18428.7099903007,38025.555,24588.1377303589,0,0,1,0,0,0,0,0,0,1,0,1,2,"Africa","Developing"
1990,22117,"GHA","Ghana",652,17072.1729062138,30987.24402,23919.1385719799,0,0,1,0,0,0,0,0,0,1,0,1,2,"Africa","Developing"
1991,19192,"GHA","Ghana",652,14158.6130579122,27420.18616,20228.8352342309,0,0,1,0,0,0,0,0,0,1,0,1,2,"Africa","Developing"
1992,17272,"GHA","Ghana",652,11862.6373626374,24930.05936,17122.2935164835,0,0,1,0,0,0,0,0,0,1,0,1,2,"Africa","Developing"
1993,10513,"GHA","Ghana",652,7105.77897938493,15727.23774,10630.1032375803,0,0,1,0,0,0,0,0,0,1,0,1,2,"Africa","Developing"
1994,14412,"GHA","Ghana",652,10988.9439573008,22080.91344,16836.3808158597,0,0,1,0,0,0,0,0,0,1,0,1,2,"Africa","Developing"
1995,5985,"GHA","Ghana",652,5202.08604954368,9520.99785,8275.53050847458,0,0,1,0,0,0,0,0,0,1,0,1,2,"Africa","Developing"
1996,11001,"GHA","Ghana",652,8170.67736185383,17372.00913,12902.5617424242,0,0,1,0,0,0,0,0,0,1,0,1,2,"Africa","Developing"
1997,14652,"GHA","Ghana",652,10068.0272108844,22744.59264,15628.8,0,0,1,0,0,0,0,0,0,1,0,1,2,"Africa","Developing"
1998,11067,"GHA","Ghana",652,8039.9564111878,17489.51211,12705.7843152924,0,0,1,0,0,0,0,0,0,1,0,1,2,"Africa","Developing"
1999,22955,"GHA","Ghana",652,14350.4626156539,31028.04395,19397.3768129532,0,0,1,0,0,0,0,0,0,1,0,1,2,"Africa","Developing"
2000,16966,"GHA","Ghana",652,10367.2471738466,23138.06114,14138.7480232203,0,0,1,0,0,0,0,0,0,1,0,1,2,"Africa","Developing"
2001,25340,"GHA","Ghana",652,15107.61342634,35304.955,21048.6824062481,0,0,1,0,0,0,0,0,0,1,0,1,2,"Africa","Developing"
2002,23265,"GHA","Ghana",652,16776.0311508509,33023.7369,23812.9051773868,0,0,1,0,0,0,0,0,0,1,0,1,2,"Africa","Developing"
2003,14198,"GHA","Ghana",652,11478.6967418546,19639.24152,15877.792481203,0,0,1,0,0,0,0,0,0,1,0,1,2,"Africa","Developing"
2004,15955,"GHA","Ghana",652,14099.505125486,22615.09565,19985.0615500177,0,0,1,0,0,0,0,0,0,1,0,1,2,"Africa","Developing"
2005,27426,"GHA","Ghana",652,20867.381876284,39740.274,30236.8363387355,0,0,1,0,0,0,0,0,0,1,0,1,2,"Africa","Developing"
2006,40779,"GHA","Ghana",652,33417.1924936491,61312.85766,50244.0856019012,0,0,1,0,0,0,0,0,0,1,0,1,2,"Africa","Developing"
2007,41583,"GHA","Ghana",652,36946.2461128387,65326.893,58042.5526432697,0,0,1,0,0,0,0,0,0,1,0,1,2,"Africa","Developing"
2008,42457,"GHA","Ghana",652,39914.4495628467,69650.7085,65479.65450785,0,0,1,0,0,0,0,0,0,1,0,1,2,"Africa","Developing"
2009,10310,"GHA","Ghana",652,10004.8520135856,17259.5586,16748.7225618632,0,0,1,0,0,0,0,0,0,1,0,1,2,"Africa","Developing"
2010,1925,"GHA","Ghana",652,2048.7441464453,3161.36975,3364.59104938272,0,0,1,0,0,0,0,0,0,1,0,1,2,"Africa","Developing"
2011,1792,"GHA","Ghana",652,1904.55946434265,3057.40288,3249.44508449357,0,0,1,0,0,0,0,0,0,1,0,1,2,"Africa","Developing"
2012,4669,"GHA","Ghana",652,5093.82500545494,8079.89126,8815.06792494,0,0,1,0,0,0,0,0,0,1,0,1,2,"Africa","Developing"
2013,1200,"GHA","Ghana",652,1346.04598990466,1899.624,2130.81772293887,0,0,1,0,0,0,0,0,0,1,0,1,2,"Africa","Developing"
2014,811,"GHA","Ghana",652,819.937316752603,1236.14242,1249.76485694065,0,0,1,0,0,0,0,0,0,1,0,1,2,"Africa","Developing"
2015,2697.91772,"GHA","Ghana",652,2719.40098780365,3624.8413110604,3653.70558518335,0,0,1,0,0,0,0,0,0,1,0,1,2,"Africa","Developing"
2016,11916.7355,"GHA","Ghana",652,11729.0703740157,15911.344406955,15660.7720540896,0,0,1,0,0,0,0,0,0,1,0,1,2,"Africa","Developing"
2017,10548.33401,"GHA","Ghana",652,10815.476273967,14277.170082535,14638.7471368143,0,0,1,0,0,0,0,0,0,1,0,1,2,"Africa","Developing"
2018,7313.77685,"GHA","Ghana",652,7425.15416243655,10026.0909948225,10178.7725835761,0,0,1,0,0,0,0,0,0,1,0,1,2,"Africa","Developing"
2019,18597.2099,"GHA","Ghana",652,19207.0332042344,25121.297105019,25945.0525226119,0,0,1,0,0,0,0,0,0,1,0,1,2,"Africa","Developing"
2020,5278.5305,"GHA","Ghana",652,5990.16171130277,7027.62436648,7975.06169596005,0,0,1,0,0,0,0,0,0,1,0,1,2,"Africa","Developing"
2021,2642.49367,"GHA","Ghana",652,2895.24889887148,3748.8793446923,4107.46066033998,0,0,1,0,0,0,0,0,0,1,0,1,2,"Africa","Developing"
2022,27353.76081,"GHA","Ghana",652,29732.3487065217,36125.5648265508,39266.9182897291,0,0,1,0,0,0,0,0,0,1,0,1,2,"Africa","Developing"
1987,322,"GNB","Guinea-Bissau",654,251.956181533646,437.63986,342.441205007825,0,0,1,0,0,0,0,0,0,1,0,1,2,"Africa","Developing"
1988,5324,"GNB","Guinea-Bissau",654,3539.89361702128,7262.84108,4829.01667553192,0,0,1,0,0,0,0,0,0,1,0,1,2,"Africa","Developing"
1989,1199,"GNB","Guinea-Bissau",654,775.299062398965,1599.74177,1034.42726802457,0,0,1,0,0,0,0,0,0,1,0,1,2,"Africa","Developing"
1990,2384,"GNB","Guinea-Bissau",654,1840.21613276727,3340.12704,2578.25321497491,0,0,1,0,0,0,0,0,0,1,0,1,2,"Africa","Developing"
1991,3318,"GNB","Guinea-Bissau",654,2447.80523791959,4740.52614,3497.25277757285,0,0,1,0,0,0,0,0,0,1,0,1,2,"Africa","Developing"
1992,4139,"GNB","Guinea-Bissau",654,2842.71978021978,5974.14982,4103.12487637363,0,0,1,0,0,0,0,0,0,1,0,1,2,"Africa","Developing"
1993,3669,"GNB","Guinea-Bissau",654,2479.89185535654,5488.75062,3709.86861777628,0,0,1,0,0,0,0,0,0,1,0,1,2,"Africa","Developing"
1994,2956,"GNB","Guinea-Bissau",654,2253.90773922989,4528.94672,3453.2571254289,0,0,1,0,0,0,0,0,0,1,0,1,2,"Africa","Developing"
1995,4004,"GNB","Guinea-Bissau",654,3480.22598870056,6369.60324,5536.37830508475,0,0,1,0,0,0,0,0,0,1,0,1,2,"Africa","Developing"
1996,3993,"GNB","Guinea-Bissau",654,2965.6862745098,6305.46609,4683.20416666667,0,0,1,0,0,0,0,0,0,1,0,1,2,"Africa","Developing"
1997,4895,"GNB","Guinea-Bissau",654,3363.56764928193,7598.6064,5221.33333333333,0,0,1,0,0,0,0,0,0,1,0,1,2,"Africa","Developing"
1998,4353,"GNB","Guinea-Bissau",654,3162.36832546313,6879.17649,4997.58553577915,0,0,1,0,0,0,0,0,0,1,0,1,2,"Africa","Developing"
1999,3901,"GNB","Guinea-Bissau",654,2438.73468367092,5272.94269,3296.41328457114,0,0,1,0,0,0,0,0,0,1,0,1,2,"Africa","Developing"
2000,1369,"GNB","Guinea-Bissau",654,836.541399327834,1867.02851,1140.86679498931,0,0,1,0,0,0,0,0,0,1,0,1,2,"Africa","Developing"
2001,2312,"GNB","Guinea-Bissau",654,1378.40577117987,3221.194,1920.46384069636,0,0,1,0,0,0,0,0,0,1,0,1,2,"Africa","Developing"
2002,913,"GNB","Guinea-Bissau",654,658.350158638592,1295.96698,934.501716181136,0,0,1,0,0,0,0,0,0,1,0,1,2,"Africa","Developing"
2003,12422,"GNB","Guinea-Bissau",654,10042.8490581292,17182.60728,13891.6705311666,0,0,1,0,0,0,0,0,0,1,0,1,2,"Africa","Developing"
2004,9663,"GNB","Guinea-Bissau",654,8539.23647932131,13696.62609,12103.7699628844,0,0,1,0,0,0,0,0,0,1,0,1,2,"Africa","Developing"
2005,10136,"GNB","Guinea-Bissau",654,7712.09008597733,14687.064,11174.8185345811,0,0,1,0,0,0,0,0,0,1,0,1,2,"Africa","Developing"
2006,10641,"GNB","Guinea-Bissau",654,8719.98688847005,15999.16914,13110.8490862903,0,0,1,0,0,0,0,0,0,1,0,1,2,"Africa","Developing"
2007,11179,"GNB","Guinea-Bissau",654,9932.47445579742,17562.209,15603.9173700578,0,0,1,0,0,0,0,0,0,1,0,1,2,"Africa","Developing"
2008,10018,"GNB","Guinea-Bissau",654,9418.06900441854,16434.529,15450.3422017486,0,0,1,0,0,0,0,0,0,1,0,1,2,"Africa","Developing"
2009,19979,"GNB","Guinea-Bissau",654,19387.6758854925,33446.04474,32456.1326928675,0,0,1,0,0,0,0,0,0,1,0,1,2,"Africa","Developing"
2010,18512,"GNB","Guinea-Bissau",654,19702.0008514261,30401.70224,32356.0049382716,0,0,1,0,0,0,0,0,0,1,0,1,2,"Africa","Developing"
2011,18915,"GNB","Guinea-Bissau",654,20103.0927835052,32271.6381,34298.6907216495,0,0,1,0,0,0,0,0,0,1,0,1,2,"Africa","Developing"
2012,38286,"GNB","Guinea-Bissau",654,41769.5832424176,66255.45444,72283.9345843334,0,0,1,0,0,0,0,0,0,1,0,1,2,"Africa","Developing"
2013,44160,"GNB","Guinea-Bissau",654,49534.4924284913,69906.1632,78414.0922041503,0,0,1,0,0,0,0,0,0,1,0,1,2,"Africa","Developing"
2014,22507,"GNB","Guinea-Bissau",654,22755.0298250935,34305.61954,34683.671560004,0,0,1,0,0,0,0,0,0,1,0,1,2,"Africa","Developing"
2015,37062.703,"GNB","Guinea-Bissau",654,37357.8298558613,49796.33586971,50192.8594594396,0,0,1,0,0,0,0,0,0,1,0,1,2,"Africa","Developing"
2016,33566,"GNB","Guinea-Bissau",654,33037.4015748032,44817.65886,44111.8689566929,0,0,1,0,0,0,0,0,0,1,0,1,2,"Africa","Developing"
2017,37323,"GNB","Guinea-Bissau",654,38268.2251614888,50516.6805,51796.0427560751,0,0,1,0,0,0,0,0,0,1,0,1,2,"Africa","Developing"
2018,51261.6,"GNB","Guinea-Bissau",654,52042.2335025381,70271.96436,71342.0957969543,0,0,1,0,0,0,0,0,0,1,0,1,2,"Africa","Developing"
2019,33238.94265,"GNB","Guinea-Bissau",654,34328.8847405112,44899.4961210465,46371.80079633,0,0,1,0,0,0,0,0,0,1,0,1,2,"Africa","Developing"
2020,15911.1,"GNB","Guinea-Bissau",654,18056.1733999092,21183.402096,24039.2670177031,0,0,1,0,0,0,0,0,0,1,0,1,2,"Africa","Developing"
2021,0,"GNB","Guinea-Bissau",654,0,0,0,0,0,1,0,0,0,0,0,0,1,0,1,2,"Africa","Developing"
2022,0,"GNB","Guinea-Bissau",654,0,0,0,0,0,1,0,0,0,0,0,0,1,0,1,2,"Africa","Developing"
1987,9148,"GIN","Guinea",656,7158.05946791862,12433.32124,9728.73336463224,0,0,1,0,0,0,0,0,0,1,0,1,2,"Africa","Developing"
1988,9405,"GIN","Guinea",656,6253.32446808511,12830.01885,8530.59763962766,0,0,1,0,0,0,0,0,0,1,0,1,2,"Africa","Developing"
1989,15855,"GIN","Guinea",656,10252.1823472357,21154.21665,13678.7692531523,0,0,1,0,0,0,0,0,0,1,0,1,2,"Africa","Developing"
1990,30247,"GIN","Guinea",656,23347.7421844848,42377.86182,32711.5876649942,0,0,1,0,0,0,0,0,0,1,0,1,2,"Africa","Developing"
1991,17585,"GIN","Guinea",656,12973.0726669126,25124.21705,18535.018111398,0,0,1,0,0,0,0,0,0,1,0,1,2,"Africa","Developing"
1992,14028,"GIN","Guinea",656,9634.61538461538,20247.73464,13906.4111538462,0,0,1,0,0,0,0,0,0,1,0,1,2,"Africa","Developing"
1993,13024,"GIN","Guinea",656,8802.97397769517,19483.64352,13169.0730111524,0,0,1,0,0,0,0,0,0,1,0,1,2,"Africa","Developing"
1994,13332,"GIN","Guinea",656,10165.4593976363,20426.22384,15574.7036523065,0,0,1,0,0,0,0,0,0,1,0,1,2,"Africa","Developing"
1995,21017,"GIN","Guinea",656,18267.7096914385,33434.05377,29060.4552542373,0,0,1,0,0,0,0,0,0,1,0,1,2,"Africa","Developing"
1996,9098,"GIN","Guinea",656,6757.27866904337,14366.92474,10670.6214646465,0,0,1,0,0,0,0,0,0,1,0,1,2,"Africa","Developing"
1997,23754,"GIN","Guinea",656,16322.4077509792,36873.80928,25337.6,0,0,1,0,0,0,0,0,0,1,0,1,2,"Africa","Developing"
1998,14097,"GIN","Guinea",656,10241.1914275336,22277.91201,16184.4620486742,0,0,1,0,0,0,0,0,0,1,0,1,2,"Africa","Developing"
1999,8127,"GIN","Guinea",656,5080.64516129032,10985.18463,6867.45725806452,0,0,1,0,0,0,0,0,0,1,0,1,2,"Africa","Developing"
2000,31967,"GIN","Guinea",656,19533.7610754659,43596.27493,26639.9480171097,0,0,1,0,0,0,0,0,0,1,0,1,2,"Africa","Developing"
2001,37661,"GIN","Guinea",656,22453.3476420438,52471.18825,31283.1266022775,0,0,1,0,0,0,0,0,0,1,0,1,2,"Africa","Developing"
2002,32700,"GIN","Guinea",656,23579.4635131237,46416.342,33470.1052783386,0,0,1,0,0,0,0,0,0,1,0,1,2,"Africa","Developing"
2003,34386,"GIN","Guinea",656,27800.1455251031,47564.09064,38454.2732961436,0,0,1,0,0,0,0,0,0,1,0,1,2,"Africa","Developing"
2004,37040,"GIN","Guinea",656,32732.4142806645,52501.6072,46395.9059738423,0,0,1,0,0,0,0,0,0,1,0,1,2,"Africa","Developing"
2005,57879,"GIN","Guinea",656,44037.8908924903,83866.671,63810.9039032184,0,0,1,0,0,0,0,0,0,1,0,1,2,"Africa","Developing"
2006,43253,"GIN","Guinea",656,35444.5628124232,65032.61562,53292.3179709907,0,0,1,0,0,0,0,0,0,1,0,1,2,"Africa","Developing"
2007,48362,"GIN","Guinea",656,42969.346956908,75976.702,67504.8440693025,0,0,1,0,0,0,0,0,0,1,0,1,2,"Africa","Developing"
2008,43202,"GIN","Guinea",656,40614.8350098712,70872.881,66628.6368336937,0,0,1,0,0,0,0,0,0,1,0,1,2,"Africa","Developing"
2009,36886,"GIN","Guinea",656,35794.274623969,61749.37716,59921.7633770015,0,0,1,0,0,0,0,0,0,1,0,1,2,"Africa","Developing"
2010,899,"GIN","Guinea",656,956.79012345679,1476.40073,1571.30771604938,0,0,1,0,0,0,0,0,0,1,0,1,2,"Africa","Developing"
2011,9454,"GIN","Guinea",656,10047.8265490488,16129.84756,17142.9987883941,0,0,1,0,0,0,0,0,0,1,0,1,2,"Africa","Developing"
2012,8599,"GIN","Guinea",656,9381.4095570587,14880.91346,16234.9044948724,0,0,1,0,0,0,0,0,0,1,0,1,2,"Africa","Developing"
2013,3940,"GIN","Guinea",656,4419.51766685362,6237.0988,6996.18485698261,0,0,1,0,0,0,0,0,0,1,0,1,2,"Africa","Developing"
2014,2185,"GIN","Guinea",656,2209.07896067132,3330.4207,3367.12233343443,0,0,1,0,0,0,0,0,0,1,0,1,2,"Africa","Developing"
2015,1201.32,"GIN","Guinea",656,1210.88599939522,1614.0575124,1626.91010220744,0,0,1,0,0,0,0,0,0,1,0,1,2,"Africa","Developing"
2016,802.9244,"GIN","Guinea",656,790.279921259842,1072.072688124,1055.18965366535,0,0,1,0,0,0,0,0,0,1,0,1,2,"Africa","Developing"
2017,779.576,"GIN","Guinea",656,799.31918384087,1055.156116,1081.87851532862,0,0,1,0,0,0,0,0,0,1,0,1,2,"Africa","Developing"
2018,1971.6,"GIN","Guinea",656,2001.62436548223,2702.76786,2743.92676142132,0,0,1,0,0,0,0,0,0,1,0,1,2,"Africa","Developing"
2019,2008.17472,"GIN","Guinea",656,2074.02501420088,2712.6624935232,2801.61372943269,0,0,1,0,0,0,0,0,0,1,0,1,2,"Africa","Developing"
2020,0,"GIN","Guinea",656,0,0,0,0,0,1,0,0,0,0,0,0,1,0,1,2,"Africa","Developing"
2021,0,"GIN","Guinea",656,0,0,0,0,0,1,0,0,0,0,0,0,1,0,1,2,"Africa","Developing"
2022,0,"GIN","Guinea",656,0,0,0,0,0,1,0,0,0,0,0,0,1,0,1,2,"Africa","Developing"
1987,277588,"CIV","Cote d'Ivoire",662,217205.007824726,377278.17844,295209.84228482,0,0,1,0,0,0,0,0,0,1,0,1,2,"Africa","Developing"
1988,313580,"CIV","Cote d'Ivoire",662,208497.340425532,427776.4286,284425.816888298,0,0,1,0,0,0,0,0,0,1,0,1,2,"Africa","Developing"
1989,421360,"CIV","Cote d'Ivoire",662,272460.394439056,562191.1528,363524.832072422,0,0,1,0,0,0,0,0,0,1,0,1,2,"Africa","Developing"
1990,404676,"CIV","Cote d'Ivoire",662,312370.513315322,566975.35656,437649.831385565,0,0,1,0,0,0,0,0,0,1,0,1,2,"Africa","Developing"
1991,369640,"CIV","Cote d'Ivoire",662,272696.421984508,528115.7572,389609.558981925,0,0,1,0,0,0,0,0,0,1,0,1,2,"Africa","Developing"
1992,355658,"CIV","Cote d'Ivoire",662,244270.604395604,513349.64404,352575.304972527,0,0,1,0,0,0,0,0,0,1,0,1,2,"Africa","Developing"
1993,331814,"CIV","Cote d'Ivoire",662,224274.417032781,496387.10772,335510.0423927,0,0,1,0,0,0,0,0,0,1,0,1,2,"Africa","Developing"
1994,289166,"CIV","Cote d'Ivoire",662,220484.940907358,443037.01192,337809.387662981,0,0,1,0,0,0,0,0,0,1,0,1,2,"Africa","Developing"
1995,253789,"CIV","Cote d'Ivoire",662,220590.178183399,403730.07909,350917.061355932,0,0,1,0,0,0,0,0,0,1,0,1,2,"Africa","Developing"
1996,280233,"CIV","Cote d'Ivoire",662,208135.026737968,442524.33729,328672.264772727,0,0,1,0,0,0,0,0,0,1,0,1,2,"Africa","Developing"
1997,281951,"CIV","Cote d'Ivoire",662,193740.809455095,437678.17632,300747.733333333,0,0,1,0,0,0,0,0,0,1,0,1,2,"Africa","Developing"
1998,280228,"CIV","Cote d'Ivoire",662,203580.094442426,442852.71524,321723.7306502,0,0,1,0,0,0,0,0,0,1,0,1,2,"Africa","Developing"
1999,325686,"CIV","Cote d'Ivoire",662,203604.651162791,440226.50934,275210.370930233,0,0,1,0,0,0,0,0,0,1,0,1,2,"Africa","Developing"
2000,298252,"CIV","Cote d'Ivoire",662,182249.923617476,406753.09508,248550.623330278,0,0,1,0,0,0,0,0,0,1,0,1,2,"Africa","Developing"
2001,277233,"CIV","Cote d'Ivoire",662,165285.279914148,386254.87725,230283.716240386,0,0,1,0,0,0,0,0,0,1,0,1,2,"Africa","Developing"
2002,229860,"CIV","Cote d'Ivoire",662,165748.485722527,326277.0756,235273.345543698,0,0,1,0,0,0,0,0,0,1,0,1,2,"Africa","Developing"
2003,236447,"CIV","Cote d'Ivoire",662,191160.966933463,327062.94828,264421.495901043,0,0,1,0,0,0,0,0,0,1,0,1,2,"Africa","Developing"
2004,270447,"CIV","Cote d'Ivoire",662,238995.227995758,383339.69121,338759.006018028,0,0,1,0,0,0,0,0,0,1,0,1,2,"Africa","Developing"
2005,307861,"CIV","Cote d'Ivoire",662,234239.519135662,446090.589,339413.063227574,0,0,1,0,0,0,0,0,0,1,0,1,2,"Africa","Developing"
2006,237190,"CIV","Cote d'Ivoire",662,194370.23682701,356624.6526,292243.425878882,0,0,1,0,0,0,0,0,0,1,0,1,2,"Africa","Developing"
2007,234660,"CIV","Cote d'Ivoire",662,208494.002665482,368650.86,327544.078187472,0,0,1,0,0,0,0,0,0,1,0,1,2,"Africa","Developing"
2008,211083,"CIV","Cote d'Ivoire",662,198442.229952054,346281.6615,325544.478236345,0,0,1,0,0,0,0,0,0,1,0,1,2,"Africa","Developing"
2009,112119,"CIV","Cote d'Ivoire",662,108800.58224163,187693.93314,182138.702707424,0,0,1,0,0,0,0,0,0,1,0,1,2,"Africa","Developing"
2010,46425,"CIV","Cote d'Ivoire",662,49409.3231162197,76242.38475,81143.4490740741,0,0,1,0,0,0,0,0,0,1,0,1,2,"Africa","Developing"
2011,59409,"CIV","Cote d'Ivoire",662,63140.6100542034,101360.07126,107726.720437879,0,0,1,0,0,0,0,0,0,1,0,1,2,"Africa","Developing"
2012,37317,"CIV","Cote d'Ivoire",662,40712.4154483962,64578.56118,70454.4634300676,0,0,1,0,0,0,0,0,0,1,0,1,2,"Africa","Developing"
2013,23732,"CIV","Cote d'Ivoire",662,26620.3028603477,37568.23064,42140.4718339877,0,0,1,0,0,0,0,0,0,1,0,1,2,"Africa","Developing"
2014,19838,"CIV","Cote d'Ivoire",662,20056.6171266808,30237.47636,30570.6969568294,0,0,1,0,0,0,0,0,0,1,0,1,2,"Africa","Developing"
2015,13359.52471,"CIV","Cote d'Ivoire",662,13465.9053623627,17949.4566146147,18092.3864677096,0,0,1,0,0,0,0,0,0,1,0,1,2,"Africa","Developing"
2016,17591.68138,"CIV","Cote d'Ivoire",662,17314.6470275591,23488.5888953898,23118.6898576671,0,0,1,0,0,0,0,0,0,1,0,1,2,"Africa","Developing"
2017,8357.26976,"CIV","Cote d'Ivoire",662,8568.92213677843,11311.56462016,11598.0361121296,0,0,1,0,0,0,0,0,0,1,0,1,2,"Africa","Developing"
2018,14578.63005,"CIV","Cote d'Ivoire",662,14800.63964467,19985.1150040425,20289.4568568959,0,0,1,0,0,0,0,0,0,1,0,1,2,"Africa","Developing"
2019,57971.10032,"CIV","Cote d'Ivoire",662,59872.0375109734,78307.9420232592,80875.746990198,0,0,1,0,0,0,0,0,0,1,0,1,2,"Africa","Developing"
2020,20120.53894,"CIV","Cote d'Ivoire",662,22833.1127326373,26787.6807231584,30399.092967724,0,0,1,0,0,0,0,0,0,1,0,1,2,"Africa","Developing"
2021,9393.09387,"CIV","Cote d'Ivoire",662,10291.5458200942,13325.8883424303,14600.5131395095,0,0,1,0,0,0,0,0,0,1,0,1,2,"Africa","Developing"
2022,25248.53545,"CIV","Cote d'Ivoire",662,27444.0602717391,33345.235798106,36244.8215196804,0,0,1,0,0,0,0,0,0,1,0,1,2,"Africa","Developing"
1987,329112,"KEN","Kenya",664,257521.126760563,447305.99256,350004.689014084,0,0,1,0,0,0,0,0,0,1,0,1,2,"Africa","Developing"
1988,285992,"KEN","Kenya",664,190154.255319149,390141.70664,259402.730478723,0,0,1,0,0,0,0,0,0,1,0,1,2,"Africa","Developing"
1989,380156,"KEN","Kenya",664,245817.006142903,507215.53988,327976.424106046,0,0,1,0,0,0,0,0,0,1,0,1,2,"Africa","Developing"
1990,364393,"KEN","Kenya",664,281275.955229641,510536.45658,394084.489834041,0,0,1,0,0,0,0,0,0,1,0,1,2,"Africa","Developing"
1991,359014,"KEN","Kenya",664,264857.248247879,512934.07222,378409.496289192,0,0,1,0,0,0,0,0,0,1,0,1,2,"Africa","Developing"
1992,301514,"KEN","Kenya",664,207083.791208791,435199.27732,298900.602554945,0,0,1,0,0,0,0,0,0,1,0,1,2,"Africa","Developing"
1993,221804,"KEN","Kenya",664,149918.215613383,331814.34792,224274.652193309,0,0,1,0,0,0,0,0,0,1,0,1,2,"Africa","Developing"
1994,236668,"KEN","Kenya",664,180455.966450629,362603.77616,276480.195318338,0,0,1,0,0,0,0,0,0,1,0,1,2,"Africa","Developing"
1995,223067,"KEN","Kenya",664,193887.005649717,354857.21427,308437.387457627,0,0,1,0,0,0,0,0,0,1,0,1,2,"Africa","Developing"
1996,318456,"KEN","Kenya",664,236524.064171123,502883.42328,373502.245454545,0,0,1,0,0,0,0,0,0,1,0,1,2,"Africa","Developing"
1997,366012,"KEN","Kenya",664,251502.782931354,568167.74784,390412.8,0,0,1,0,0,0,0,0,0,1,0,1,2,"Africa","Developing"
1998,466710,"KEN","Kenya",664,339055.575735561,737555.8143,535819.698002179,0,0,1,0,0,0,0,0,0,1,0,1,2,"Africa","Developing"
1999,771062,"KEN","Kenya",664,482034.258564641,1042236.79478,651560.88695924,0,0,1,0,0,0,0,0,0,1,0,1,2,"Africa","Developing"
2000,788149,"KEN","Kenya",664,481606.477238008,1074869.72471,656810.097592423,0,0,1,0,0,0,0,0,0,1,0,1,2,"Africa","Developing"
2001,817190,"KEN","Kenya",664,487205.628092768,1138549.9675,678799.241340249,0,0,1,0,0,0,0,0,0,1,0,1,2,"Africa","Developing"
2002,709872,"KEN","Kenya",664,511877.704066917,1007634.90912,726589.925814825,0,0,1,0,0,0,0,0,0,1,0,1,2,"Africa","Developing"
2003,749567,"KEN","Kenya",664,606004.527447651,1036831.05708,838249.702546689,0,0,1,0,0,0,0,0,0,1,0,1,2,"Africa","Developing"
2004,711222,"KEN","Kenya",664,628510.074231177,1008107.39946,890869.034517497,0,0,1,0,0,0,0,0,0,1,0,1,2,"Africa","Developing"
2005,845116,"KEN","Kenya",664,643016.054173324,1224573.084,931730.262497147,0,0,1,0,0,0,0,0,0,1,0,1,2,"Africa","Developing"
2006,779601,"KEN","Kenya",664,638860.116364828,1172161.28754,960551.739359174,0,0,1,0,0,0,0,0,0,1,0,1,2,"Africa","Developing"
2007,760485,"KEN","Kenya",664,675686.361617059,1194721.935,1061503.2741004,0,0,1,0,0,0,0,0,0,1,0,1,2,"Africa","Developing"
2008,626745,"KEN","Kenya",664,589212.183886434,1028175.1725,966602.587665695,0,0,1,0,0,0,0,0,0,1,0,1,2,"Africa","Developing"
2009,374352,"KEN","Kenya",664,363272.197962154,626687.70912,608139.455720524,0,0,1,0,0,0,0,0,0,1,0,1,2,"Africa","Developing"
2010,269971,"KEN","Kenya",664,287325.45764155,443365.27417,471865.979320988,0,0,1,0,0,0,0,0,0,1,0,1,2,"Africa","Developing"
2011,208050,"KEN","Kenya",664,221118.07843554,354962.427,377258.398342013,0,0,1,0,0,0,0,0,0,1,0,1,2,"Africa","Developing"
2012,178079,"KEN","Kenya",664,194282.129609426,308172.83266,336212.996574296,0,0,1,0,0,0,0,0,0,1,0,1,2,"Africa","Developing"
2013,161910,"KEN","Kenya",664,181615.255187886,256306.7682,287500.581267527,0,0,1,0,0,0,0,0,0,1,0,1,2,"Africa","Developing"
2014,129871,"KEN","Kenya",664,131302.193913659,197951.97562,200133.430007077,0,0,1,0,0,0,0,0,0,1,0,1,2,"Africa","Developing"
2015,148293.91992,"KEN","Kenya",664,149474.770607802,199243.261986914,200829.817545524,0,0,1,0,0,0,0,0,0,1,0,1,2,"Africa","Developing"
2016,121656.86161,"KEN","Kenya",664,119741.005521654,162437.458190288,159879.387982567,0,0,1,0,0,0,0,0,0,1,0,1,2,"Africa","Developing"
2017,156504.88109,"KEN","Kenya",664,160468.451850713,211829.356555315,217194.04957994,0,0,1,0,0,0,0,0,0,1,0,1,2,"Africa","Developing"
2018,123963.00495,"KEN","Kenya",664,125850.766446701,169934.685335708,172522.523183459,0,0,1,0,0,0,0,0,0,1,0,1,2,"Africa","Developing"
2019,156978.817034,"KEN","Kenya",664,162126.327946295,212048.555837698,219001.865053135,0,0,1,0,0,0,0,0,0,1,0,1,2,"Africa","Developing"
2020,77536.141005,"KEN","Kenya",664,87989.2657796187,103228.516688417,117145.388888353,0,0,1,0,0,0,0,0,0,1,0,1,2,"Africa","Developing"
2021,71157.828386,"KEN","Kenya",664,77964.0937723239,100950.899552934,110606.880193858,0,0,1,0,0,0,0,0,0,1,0,1,2,"Africa","Developing"
2022,181564.203498,"KEN","Kenya",664,197352.395106522,239788.212275739,260639.361169281,0,0,1,0,0,0,0,0,0,1,0,1,2,"Africa","Developing"
1987,4095,"LSO","Lesotho",666,3204.22535211268,5565.63735,4354.9588028169,0,0,1,0,0,0,0,0,0,1,0,1,2,"Africa","Developing"
1988,654,"LSO","Lesotho",666,434.840425531915,892.16718,593.196263297872,0,0,1,0,0,0,0,0,0,1,0,1,2,"Africa","Developing"
1989,710,"LSO","Lesotho",666,459.101196249596,947.3033,612.546589072098,0,0,1,0,0,0,0,0,0,1,0,1,2,"Africa","Developing"
1990,1074,"LSO","Lesotho",666,829.023543033578,1504.73844,1161.51172520262,0,0,1,0,0,0,0,0,0,1,0,1,2,"Africa","Developing"
1991,36842,"LSO","Lesotho",666,27179.638509775,52637.27066,38832.3649280708,0,0,1,0,0,0,0,0,0,1,0,1,2,"Africa","Developing"
1992,39130,"LSO","Lesotho",666,26875,56479.4594,38790.8375,0,0,1,0,0,0,0,0,0,1,0,1,2,"Africa","Developing"
1993,29742,"LSO","Lesotho",666,20102.7374112876,44493.43716,30073.293112538,0,0,1,0,0,0,0,0,0,1,0,1,2,"Africa","Developing"
1994,25990,"LSO","Lesotho",666,19817.0034311857,39819.7988,30362.0272969882,0,0,1,0,0,0,0,0,0,1,0,1,2,"Africa","Developing"
1995,27405,"LSO","Lesotho",666,23820.0782268579,43596.14805,37893.2186440678,0,0,1,0,0,0,0,0,0,1,0,1,2,"Africa","Developing"
1996,24536,"LSO","Lesotho",666,18223.4105763518,38745.53368,28777.1343434343,0,0,1,0,0,0,0,0,0,1,0,1,2,"Africa","Developing"
1997,11653,"LSO","Lesotho",666,8007.28372156944,18089.18496,12429.8666666667,0,0,1,0,0,0,0,0,0,1,0,1,2,"Africa","Developing"
1998,5883,"LSO","Lesotho",666,4273.88303668725,9297.08139,6754.14557936796,0,0,1,0,0,0,0,0,0,1,0,1,2,"Africa","Developing"
1999,3301,"LSO","Lesotho",666,2063.64091022756,4461.92869,2789.40278194549,0,0,1,0,0,0,0,0,0,1,0,1,2,"Africa","Developing"
2000,1920,"LSO","Lesotho",666,1173.23556370302,2618.4768,1600.04692942255,0,0,1,0,0,0,0,0,0,1,0,1,2,"Africa","Developing"
2001,1197,"LSO","Lesotho",666,713.646932570202,1667.72025,994.288588803434,0,0,1,0,0,0,0,0,0,1,0,1,2,"Africa","Developing"
2002,982,"LSO","Lesotho",666,708.104989904817,1393.90972,1005.12670897029,0,0,1,0,0,0,0,0,0,1,0,1,2,"Africa","Developing"
2003,982,"LSO","Lesotho",666,793.920284582424,1358.34168,1098.18229444579,0,0,1,0,0,0,0,0,0,1,0,1,2,"Africa","Developing"
2004,917,"LSO","Lesotho",666,810.357016613644,1299.78331,1148.62434605868,0,0,1,0,0,0,0,0,0,1,0,1,2,"Africa","Developing"
2005,477,"LSO","Lesotho",666,362.930837708286,691.173,525.886783839306,0,0,1,0,0,0,0,0,0,1,0,1,2,"Africa","Developing"
2006,491,"LSO","Lesotho",666,402.360075391297,738.23814,604.964467753831,0,0,1,0,0,0,0,0,0,1,0,1,2,"Africa","Developing"
2007,379,"LSO","Lesotho",666,336.739227010218,595.409,529.017325633052,0,0,1,0,0,0,0,0,0,1,0,1,2,"Africa","Developing"
2008,128,"LSO","Lesotho",666,120.334680831061,209.984,197.409043903356,0,0,1,0,0,0,0,0,0,1,0,1,2,"Africa","Developing"
2009,0,"LSO","Lesotho",666,0,0,0,0,0,1,0,0,0,0,0,0,1,0,1,2,"Africa","Developing"
2010,0,"LSO","Lesotho",666,0,0,0,0,0,1,0,0,0,0,0,0,1,0,1,2,"Africa","Developing"
2011,0,"LSO","Lesotho",666,0,0,0,0,0,1,0,0,0,0,0,0,1,0,1,2,"Africa","Developing"
2012,0,"LSO","Lesotho",666,0,0,0,0,0,1,0,0,0,0,0,0,1,0,1,2,"Africa","Developing"
2013,0,"LSO","Lesotho",666,0,0,0,0,0,1,0,0,0,0,0,0,1,0,1,2,"Africa","Developing"
2014,0,"LSO","Lesotho",666,0,0,0,0,0,1,0,0,0,0,0,0,1,0,1,2,"Africa","Developing"
2015,0,"LSO","Lesotho",666,0,0,0,0,0,1,0,0,0,0,0,0,1,0,1,2,"Africa","Developing"
2016,0,"LSO","Lesotho",666,0,0,0,0,0,1,0,0,0,0,0,0,1,0,1,2,"Africa","Developing"
2017,0,"LSO","Lesotho",666,0,0,0,0,0,1,0,0,0,0,0,0,1,0,1,2,"Africa","Developing"
2018,0,"LSO","Lesotho",666,0,0,0,0,0,1,0,0,0,0,0,0,1,0,1,2,"Africa","Developing"
2019,0,"LSO","Lesotho",666,0,0,0,0,0,1,0,0,0,0,0,0,1,0,1,2,"Africa","Developing"
2020,0,"LSO","Lesotho",666,0,0,0,0,0,1,0,0,0,0,0,0,1,0,1,2,"Africa","Developing"
2021,0,"LSO","Lesotho",666,0,0,0,0,0,1,0,0,0,0,0,0,1,0,1,2,"Africa","Developing"
2022,0,"LSO","Lesotho",666,0,0,0,0,0,1,0,0,0,0,0,0,1,0,1,2,"Africa","Developing"
1987,2721204,"LBR","Liberia",668,2129267.6056338,3698469.99252,2893951.48084507,0,0,0,1,0,0,0,0,0,0,0,8,3,"OFC","OFC"
1988,4229000,"LBR","Liberia",668,2811835.10638298,5769074.93,3835821.09707447,0,0,0,1,0,0,0,0,0,0,0,8,3,"OFC","OFC"
1989,5893847,"LBR","Liberia",668,3811087.61720013,7863747.48281,5084867.43149693,0,0,0,1,0,0,0,0,0,0,0,8,3,"OFC","OFC"
1990,5894434,"LBR","Liberia",668,4549929.75685064,8258455.70004,6374724.58513315,0,0,0,1,0,0,0,0,0,0,0,8,3,"OFC","OFC"
1991,5821993,"LBR","Liberia",668,4295088.89708595,8318056.05889,6136522.3599336,0,0,0,1,0,0,0,0,0,0,0,8,3,"OFC","OFC"
1992,5732372,"LBR","Liberia",668,3937068.68131868,8273991.09736,5682686.19324176,0,0,0,1,0,0,0,0,0,0,0,8,3,"OFC","OFC"
1993,3944735,"LBR","Liberia",668,2666262.25076039,5901244.6653,3988675.00189253,0,0,0,1,0,0,0,0,0,0,0,8,3,"OFC","OFC"
1994,3609108,"LBR","Liberia",668,2751893.25200152,5529586.54896,4216230.68925658,0,0,0,1,0,0,0,0,0,0,0,8,3,"OFC","OFC"
1995,3645013,"LBR","Liberia",668,3168199.04389396,5798523.13053,5040002.72101695,0,0,0,1,0,0,0,0,0,0,0,8,3,"OFC","OFC"
1996,4284117,"LBR","Liberia",668,3181905.0802139,6765177.67821,5024641.76931818,0,0,0,1,0,0,0,0,0,0,0,8,3,"OFC","OFC"
1997,5105988,"LBR","Liberia",668,3508546.69140383,7926127.29216,5446387.2,0,0,0,1,0,0,0,0,0,0,0,8,3,"OFC","OFC"
1998,3715510,"LBR","Liberia",668,2699244.46058845,5871731.9183,4265696.99840174,0,0,0,1,0,0,0,0,0,0,0,8,3,"OFC","OFC"
1999,4178889,"LBR","Liberia",668,2612458.73968492,5648562.47241,3531234.35384471,0,0,0,1,0,0,0,0,0,0,0,8,3,"OFC","OFC"
2000,5137777,"LBR","Liberia",668,3139490.98686221,7006848.89483,4281606.41297281,0,0,0,1,0,0,0,0,0,0,0,8,3,"OFC","OFC"
2001,2923700,"LBR","Liberia",668,1743099.02820008,4073445.025,2428572.72103977,0,0,0,1,0,0,0,0,0,0,0,8,3,"OFC","OFC"
2002,2371690,"LBR","Liberia",668,1710188.92414191,3366519.0874,2427544.77026247,0,0,0,1,0,0,0,0,0,0,0,8,3,"OFC","OFC"
2003,3616429,"LBR","Liberia",668,2923784.46115288,5002389.24996,4044295.61804511,0,0,0,1,0,0,0,0,0,0,0,8,3,"OFC","OFC"
2004,4522541,"LBR","Liberia",668,3996589.7843761,6410385.28963,5664886.25806822,0,0,0,1,0,0,0,0,0,0,0,8,3,"OFC","OFC"
2005,6019763,"LBR","Liberia",668,4580204.67168835,8722636.587,6636716.56927642,0,0,0,1,0,0,0,0,0,0,0,8,3,"OFC","OFC"
2006,6747218,"LBR","Liberia",668,5529146.93108252,10144712.15172,8313293.57675981,0,0,0,1,0,0,0,0,0,0,0,8,3,"OFC","OFC"
2007,7491524,"LBR","Liberia",668,6656174.14482452,11769184.204,10456849.5815193,0,0,0,1,0,0,0,0,0,0,0,8,3,"OFC","OFC"
2008,6643639,"LBR","Liberia",668,6245782.64548275,10898889.7795,10246206.4299144,0,0,0,1,0,0,0,0,0,0,0,8,3,"OFC","OFC"
2009,6096073,"LBR","Liberia",668,5915645.80300825,10205191.96638,9903146.01298399,0,0,0,1,0,0,0,0,0,0,0,8,3,"OFC","OFC"
2010,5583031,"LBR","Liberia",668,5941923.15879097,9168844.32037,9758242.14598765,0,0,0,1,0,0,0,0,0,0,0,8,3,"OFC","OFC"
2011,4952102,"LBR","Liberia",668,5263154.42661282,8448979.30628,8979678.29342119,0,0,0,1,0,0,0,0,0,0,0,8,3,"OFC","OFC"
2012,2430778,"LBR","Liberia",668,2651950.68732271,4206558.56012,4589306.74243945,0,0,0,1,0,0,0,0,0,0,0,8,3,"OFC","OFC"
2013,1812131,"LBR","Liberia",668,2032676.38810993,2868639.61562,3217767.37590578,0,0,0,1,0,0,0,0,0,0,0,8,3,"OFC","OFC"
2014,2037343,"LBR","Liberia",668,2059794.76291578,3105358.94746,3139580.37353149,0,0,0,1,0,0,0,0,0,0,0,8,3,"OFC","OFC"
2015,2351329.78669,"LBR","Liberia",668,2370053.2070255,3159176.16150308,3184332.38736325,0,0,0,1,0,0,0,0,0,0,0,8,3,"OFC","OFC"
2016,1969218.50656,"LBR","Liberia",668,1938207.19149606,2629320.24214398,2587913.62415746,0,0,0,1,0,0,0,0,0,0,0,8,3,"OFC","OFC"
2017,1768593.09694,"LBR","Liberia",668,1813383.67367989,2393790.75670829,2454414.80232574,0,0,0,1,0,0,0,0,0,0,0,8,3,"OFC","OFC"
2018,1803130.66794,"LBR","Liberia",668,1830589.51059898,2471821.67614555,2509463.63060462,0,0,0,1,0,0,0,0,0,0,0,8,3,"OFC","OFC"
2019,1797762.763995,"LBR","Liberia",668,1856713.41491867,2428435.91923209,2508067.04800629,0,0,0,1,0,0,0,0,0,0,0,8,3,"OFC","OFC"
2020,1150145.63385,"LBR","Liberia",668,1305203.85139582,1531257.89108254,1737696.19959434,0,0,0,1,0,0,0,0,0,0,0,8,3,"OFC","OFC"
2021,1026158.58413,"LBR","Liberia",668,1124310.92815821,1455800.92171939,1595048.67066877,0,0,0,1,0,0,0,0,0,0,0,8,3,"OFC","OFC"
2022,3042990.1801,"LBR","Liberia",668,3307598.02184783,4018816.27105447,4368278.55549399,0,0,0,1,0,0,0,0,0,0,0,8,3,"OFC","OFC"
1987,459683,"LBY","Libya",672,359689.358372457,624768.95579,488864.597644757,0,0,1,0,0,0,0,0,0,1,0,1,2,"Africa","Developing"
1988,588379,"LBY","Libya",672,391209.441489362,802648.98043,533676.183796543,0,0,1,0,0,0,0,0,0,1,0,1,2,"Africa","Developing"
1989,708080,"LBY","Libya",672,457859.683155512,944741.5784,610890.125056579,0,0,1,0,0,0,0,0,0,1,0,1,2,"Africa","Developing"
1990,594940,"LBY","Libya",672,459235.816287148,833546.6364,643416.932767271,0,0,1,0,0,0,0,0,0,1,0,1,2,"Africa","Developing"
1991,570281,"LBY","Libya",672,420716.340833641,814777.57313,601090.057639248,0,0,1,0,0,0,0,0,0,1,0,1,2,"Africa","Developing"
1992,486154,"LBY","Libya",672,333896.978021978,701704.96052,481940.220137363,0,0,1,0,0,0,0,0,0,1,0,1,2,"Africa","Developing"
1993,446215,"LBY","Libya",672,301598.513011152,667528.7157,451185.343494424,0,0,1,0,0,0,0,0,0,1,0,1,2,"Africa","Developing"
1994,455208,"LBY","Libya",672,347089.592070149,697433.28096,531782.905802516,0,0,1,0,0,0,0,0,0,1,0,1,2,"Africa","Developing"
1995,397932,"LBY","Libya",672,345877.444589309,633034.20492,550225.297627119,0,0,1,0,0,0,0,0,0,1,0,1,2,"Africa","Developing"
1996,405973,"LBY","Libya",672,301524.806892454,641084.14349,476146.868308081,0,0,1,0,0,0,0,0,0,1,0,1,2,"Africa","Developing"
1997,437842,"LBY","Libya",672,300860.303717447,679670.89344,467031.466666667,0,0,1,0,0,0,0,0,0,1,0,1,2,"Africa","Developing"
1998,481020,"LBY","Libya",672,349451.507446422,760170.3366,552248.700762804,0,0,1,0,0,0,0,0,0,1,0,1,2,"Africa","Developing"
1999,536116,"LBY","Libya",672,335156.289072268,724662.63604,453027.404376094,0,0,1,0,0,0,0,0,0,1,0,1,2,"Africa","Developing"
2000,560769,"LBY","Libya",672,342663.61136572,764771.15451,467321.206544455,0,0,1,0,0,0,0,0,0,1,0,1,2,"Africa","Developing"
2001,532159,"LBY","Libya",672,317271.209682227,741430.52675,442038.112889763,0,0,1,0,0,0,0,0,0,1,0,1,2,"Africa","Developing"
2002,402088,"LBY","Libya",672,289939.428901067,570747.83248,411557.421747909,0,0,1,0,0,0,0,0,0,1,0,1,2,"Africa","Developing"
2003,361367,"LBY","Libya",672,292155.388471178,499857.28908,404121.019548872,0,0,1,0,0,0,0,0,0,1,0,1,2,"Africa","Developing"
2004,308312,"LBY","Libya",672,272456.698480028,437010.67816,386188.298126546,0,0,1,0,0,0,0,0,0,1,0,1,2,"Africa","Developing"
2005,401984,"LBY","Libya",672,305854.066803622,582474.816,443182.542798448,0,0,1,0,0,0,0,0,0,1,0,1,2,"Africa","Developing"
2006,352752,"LBY","Libya",672,289069.900844055,530376.74208,434628.15871507,0,0,1,0,0,0,0,0,0,1,0,1,2,"Africa","Developing"
2007,812228,"LBY","Libya",672,721659.706796979,1276010.188,1133727.39937805,0,0,1,0,0,0,0,0,0,1,0,1,2,"Africa","Developing"
2008,373068,"LBY","Libya",672,350726.708658456,612018.054,575367.165554198,0,0,1,0,0,0,0,0,0,1,0,1,2,"Africa","Developing"
2009,205477,"LBY","Libya",672,199395.43910723,343980.82662,333799.928791849,0,0,1,0,0,0,0,0,0,1,0,1,2,"Africa","Developing"
2010,86679,"LBY","Libya",672,92250.9578544061,142350.32133,151500.980555556,0,0,1,0,0,0,0,0,0,1,0,1,2,"Africa","Developing"
2011,81416,"LBY","Libya",672,86529.9181634605,138907.09424,147632.154575407,0,0,1,0,0,0,0,0,0,1,0,1,2,"Africa","Developing"
2012,41124,"LBY","Libya",672,44865.8084224307,71166.72696,77642.0761073533,0,0,1,0,0,0,0,0,0,1,0,1,2,"Africa","Developing"
2013,63788,"LBY","Libya",672,71551.3180033651,100977.67976,113267.167425687,0,0,1,0,0,0,0,0,0,1,0,1,2,"Africa","Developing"
2014,53330,"LBY","Libya",672,53917.702962289,81286.6526,82182.4412091801,0,0,1,0,0,0,0,0,0,1,0,1,2,"Africa","Developing"
2015,36094.9927,"LBY","Libya",672,36382.4137687733,48496.149341939,48882.3196673108,0,0,1,0,0,0,0,0,0,1,0,1,2,"Africa","Developing"
2016,43637.81423,"LBY","Libya",672,42950.6045570866,58265.6459380383,57348.0767106676,0,0,1,0,0,0,0,0,0,1,0,1,2,"Africa","Developing"
2017,22024.91661,"LBY","Libya",672,22582.7095355275,29810.724631635,30565.6973563365,0,0,1,0,0,0,0,0,0,1,0,1,2,"Africa","Developing"
2018,52133.89816,"LBY","Libya",672,52927.8153908629,71467.754292636,72556.0957285645,0,0,1,0,0,0,0,0,0,1,0,1,2,"Africa","Developing"
2019,66845.6648,"LBY","Libya",672,69037.6088820036,90295.792468488,93256.6924538993,0,0,1,0,0,0,0,0,0,1,0,1,2,"Africa","Developing"
2020,26141.92144,"LBY","Libya",672,29666.2748978665,34804.3085283584,39496.4917480236,0,0,1,0,0,0,0,0,0,1,0,1,2,"Africa","Developing"
2021,22460.59572,"LBY","Libya",672,24608.9577298126,31864.6225420068,34912.4822417079,0,0,1,0,0,0,0,0,0,1,0,1,2,"Africa","Developing"
2022,32124.54493,"LBY","Libya",672,34917.9836195652,42426.2439981524,46115.4826066874,0,0,1,0,0,0,0,0,0,1,0,1,2,"Africa","Developing"
1987,79412,"MDG","Madagascar",674,62137.7151799687,107931.23156,84453.2328325509,0,0,1,0,0,0,0,0,0,1,0,1,2,"Africa","Developing"
1988,88140,"MDG","Madagascar",674,58603.7234042553,120237.9438,79945.441356383,0,0,1,0,0,0,0,0,0,1,0,1,2,"Africa","Developing"
1989,132819,"MDG","Madagascar",674,85883.6081474297,177211.09437,114588.486498545,0,0,1,0,0,0,0,0,0,1,0,1,2,"Africa","Developing"
1990,230651,"MDG","Madagascar",674,178040.138942493,323155.89006,249444.91706677,0,0,1,0,0,0,0,0,0,1,0,1,2,"Africa","Developing"
1991,103297,"MDG","Madagascar",674,76205.8281077093,147583.52281,108877.552792328,0,0,1,0,0,0,0,0,0,1,0,1,2,"Africa","Developing"
1992,180984,"MDG","Madagascar",674,124302.197802198,261228.68592,179415.306263736,0,0,1,0,0,0,0,0,0,1,0,1,2,"Africa","Developing"
1993,110114,"MDG","Madagascar",674,74426.4954376479,164728.34172,111340.548644812,0,0,1,0,0,0,0,0,0,1,0,1,2,"Africa","Developing"
1994,195475,"MDG","Madagascar",674,149046.892870759,299491.157,228357.725505147,0,0,1,0,0,0,0,0,0,1,0,1,2,"Africa","Developing"
1995,162928,"MDG","Madagascar",674,141614.95002173,259187.49168,225282.478644068,0,0,1,0,0,0,0,0,0,1,0,1,2,"Africa","Developing"
1996,152579,"MDG","Madagascar",674,113323.677956031,240942.07627,178952.819570707,0,0,1,0,0,0,0,0,0,1,0,1,2,"Africa","Developing"
1997,312144,"MDG","Madagascar",674,214487.734487734,484547.37408,332953.6,0,0,1,0,0,0,0,0,0,1,0,1,2,"Africa","Developing"
1998,267786,"MDG","Madagascar",674,194541.227751544,423190.24938,307439.338452597,0,0,1,0,0,0,0,0,0,1,0,1,2,"Africa","Developing"
1999,374681,"MDG","Madagascar",674,234234.183545886,506452.56089,316612.003557139,0,0,1,0,0,0,0,0,0,1,0,1,2,"Africa","Developing"
2000,272804,"MDG","Madagascar",674,166699.663916896,372047.36716,227343.334653223,0,0,1,0,0,0,0,0,0,1,0,1,2,"Africa","Developing"
2001,126318,"MDG","Madagascar",674,75310.3201573958,175992.5535,104926.103559292,0,0,1,0,0,0,0,0,0,1,0,1,2,"Africa","Developing"
2002,47757,"MDG","Madagascar",674,34436.8329968272,67789.15122,48881.7069656764,0,0,1,0,0,0,0,0,0,1,0,1,2,"Africa","Developing"
2003,48614,"MDG","Madagascar",674,39303.0964508044,67244.82936,54365.6151346107,0,0,1,0,0,0,0,0,0,1,0,1,2,"Africa","Developing"
2004,51906,"MDG","Madagascar",674,45869.5652173913,73573.12158,65016.897826087,0,0,1,0,0,0,0,0,0,1,0,1,2,"Africa","Developing"
2005,74675,"MDG","Madagascar",674,56817.3172030739,108204.075,82328.2926272541,0,0,1,0,0,0,0,0,0,1,0,1,2,"Africa","Developing"
2006,73270,"MDG","Madagascar",674,60042.6124723429,110164.3758,90276.4695566664,0,0,1,0,0,0,0,0,0,1,0,1,2,"Africa","Developing"
2007,97586,"MDG","Madagascar",674,86704.5757441137,153307.606,136212.888494003,0,0,1,0,0,0,0,0,0,1,0,1,2,"Africa","Developing"
2008,81346,"MDG","Madagascar",674,76474.5698975275,133448.113,125456.531916894,0,0,1,0,0,0,0,0,0,1,0,1,2,"Africa","Developing"
2009,31877,"MDG","Madagascar",674,30933.5274138768,53364.01062,51784.5809024745,0,0,1,0,0,0,0,0,0,1,0,1,2,"Africa","Developing"
2010,7029,"MDG","Madagascar",674,7480.8429118774,11543.51583,12285.5638888889,0,0,1,0,0,0,0,0,0,1,0,1,2,"Africa","Developing"
2011,9954,"MDG","Madagascar",674,10579.2326495908,16982.91756,18049.6519927729,0,0,1,0,0,0,0,0,0,1,0,1,2,"Africa","Developing"
2012,7044,"MDG","Madagascar",674,7684.92253982108,12189.92376,13299.065852062,0,0,1,0,0,0,0,0,0,1,0,1,2,"Africa","Developing"
2013,13679,"MDG","Madagascar",674,15343.8025799215,21654.13058,24289.5463600673,0,0,1,0,0,0,0,0,0,1,0,1,2,"Africa","Developing"
2014,4787,"MDG","Madagascar",674,4839.75331109089,7296.44114,7376.84879183096,0,0,1,0,0,0,0,0,0,1,0,1,2,"Africa","Developing"
2015,12326.9559,"MDG","Madagascar",674,12425.1143029937,16562.128138563,16694.0108240732,0,0,1,0,0,0,0,0,0,1,0,1,2,"Africa","Developing"
2016,32030.1271,"MDG","Madagascar",674,31525.7156496063,42766.946005191,42093.4507925108,0,0,1,0,0,0,0,0,0,1,0,1,2,"Africa","Developing"
2017,36904.1734,"MDG","Madagascar",674,37838.7915513175,49949.7986969,51214.8043647083,0,0,1,0,0,0,0,0,0,1,0,1,2,"Africa","Developing"
2018,25923.30869,"MDG","Madagascar",674,26318.0798883249,35536.9677176865,36078.1398149102,0,0,1,0,0,0,0,0,0,1,0,1,2,"Africa","Developing"
2019,23181.82589,"MDG","Madagascar",674,23941.9838781306,31314.2422304709,32341.0712424177,0,0,1,0,0,0,0,0,0,1,0,1,2,"Africa","Developing"
2020,4820.77225,"MDG","Madagascar",674,5470.69025192919,6418.18334276,7283.45817380844,0,0,1,0,0,0,0,0,0,1,0,1,2,"Africa","Developing"
2021,243.443502,"MDG","Madagascar",674,266.72893831489,345.37086185238,378.405677497951,0,0,1,0,0,0,0,0,0,1,0,1,2,"Africa","Developing"
2022,23424.299006,"MDG","Madagascar",674,25461.1945717391,30936.0032112441,33626.0904470044,0,0,1,0,0,0,0,0,0,1,0,1,2,"Africa","Developing"
1987,2511,"MWI","Malawi",676,1964.78873239437,3412.77543,2670.40330985915,0,0,1,0,0,0,0,0,0,1,0,1,2,"Africa","Developing"
1988,2840,"MWI","Malawi",676,1888.29787234043,3874.2428,2575.95930851064,0,0,1,0,0,0,0,0,0,1,0,1,2,"Africa","Developing"
1989,2782,"MWI","Malawi",676,1798.90074361461,3711.82786,2400.14733915293,0,0,1,0,0,0,0,0,0,1,0,1,2,"Africa","Developing"
1990,3083,"MWI","Malawi",676,2379.77614820533,4319.46798,3334.20917020455,0,0,1,0,0,0,0,0,0,1,0,1,2,"Africa","Developing"
1991,4156,"MWI","Malawi",676,3066.02729620066,5937.80188,4380.52517890078,0,0,1,0,0,0,0,0,0,1,0,1,2,"Africa","Developing"
1992,3639,"MWI","Malawi",676,2499.31318681319,5252.45982,3607.45866758242,0,0,1,0,0,0,0,0,0,1,0,1,2,"Africa","Developing"
1993,5453,"MWI","Malawi",676,3685.70462994255,8157.57894,5513.74041230145,0,0,1,0,0,0,0,0,0,1,0,1,2,"Africa","Developing"
1994,4313,"MWI","Malawi",676,3288.60083873427,6608.03356,5038.53111704156,0,0,1,0,0,0,0,0,0,1,0,1,2,"Africa","Developing"
1995,3368,"MWI","Malawi",676,2927.42285962625,5357.84808,4656.97355932203,0,0,1,0,0,0,0,0,0,1,0,1,2,"Africa","Developing"
1996,4061,"MWI","Malawi",676,3016.19132501485,6412.84693,4762.95820707071,0,0,1,0,0,0,0,0,0,1,0,1,2,"Africa","Developing"
1997,3961,"MWI","Malawi",676,2721.77557891844,6148.73952,4225.06666666667,0,0,1,0,0,0,0,0,0,1,0,1,2,"Africa","Developing"
1998,2784,"MWI","Malawi",676,2022.52088630585,4399.63872,3196.25043225572,0,0,1,0,0,0,0,0,0,1,0,1,2,"Africa","Developing"
1999,2081,"MWI","Malawi",676,1300.95023755939,2812.86689,1758.48142660665,0,0,1,0,0,0,0,0,0,1,0,1,2,"Africa","Developing"
2000,5954,"MWI","Malawi",676,3638.25236785823,8120.00566,4961.81219676138,0,0,1,0,0,0,0,0,0,1,0,1,2,"Africa","Developing"
2001,3106,"MWI","Malawi",676,1851.7856078221,4327.4345,2580.00029809813,0,0,1,0,0,0,0,0,0,1,0,1,2,"Africa","Developing"
2002,2182,"MWI","Malawi",676,1573.40640323046,3097.26172,2233.38745312951,0,0,1,0,0,0,0,0,0,1,0,1,2,"Africa","Developing"
2003,2474,"MWI","Malawi",676,2000.16169455898,3422.13576,2766.70366238176,0,0,1,0,0,0,0,0,0,1,0,1,2,"Africa","Developing"
2004,2286,"MWI","Malawi",676,2020.14846235419,3240.24498,2863.4190349947,0,0,1,0,0,0,0,0,0,1,0,1,2,"Africa","Developing"
2005,5981,"MWI","Malawi",676,4550.71140531081,8666.469,6593.98082629537,0,0,1,0,0,0,0,0,0,1,0,1,2,"Africa","Developing"
2006,4683,"MWI","Malawi",676,3837.58092272392,7041.07782,5769.95642055232,0,0,1,0,0,0,0,0,0,1,0,1,2,"Africa","Developing"
2007,5300,"MWI","Malawi",676,4709.01821412706,8326.3,7397.8676143936,0,0,1,0,0,0,0,0,0,1,0,1,2,"Africa","Developing"
2008,2907,"MWI","Malawi",676,2732.91341543668,4768.9335,4483.34445802388,0,0,1,0,0,0,0,0,0,1,0,1,2,"Africa","Developing"
2009,2912,"MWI","Malawi",676,2825.81271227559,4874.86272,4730.58002911208,0,0,1,0,0,0,0,0,0,1,0,1,2,"Africa","Developing"
2010,0,"MWI","Malawi",676,0,0,0,0,0,1,0,0,0,0,0,0,1,0,1,2,"Africa","Developing"
2011,0,"MWI","Malawi",676,0,0,0,0,0,1,0,0,0,0,0,0,1,0,1,2,"Africa","Developing"
2012,1093,"MWI","Malawi",676,1192.45036002618,1891.48022,2063.58304603971,0,0,1,0,0,0,0,0,0,1,0,1,2,"Africa","Developing"
2013,742,"MWI","Malawi",676,832.305103757712,1174.60084,1317.55562535053,0,0,1,0,0,0,0,0,0,1,0,1,2,"Africa","Developing"
2014,449,"MWI","Malawi",676,453.948033565868,684.37478,691.916671721767,0,0,1,0,0,0,0,0,0,1,0,1,2,"Africa","Developing"
2015,413.0952,"MWI","Malawi",676,416.384638645298,555.022317864,559.441908944663,0,0,1,0,0,0,0,0,0,1,0,1,2,"Africa","Developing"
2016,3898.36855,"MWI","Malawi",676,3836.97691929134,5205.1406716455,5123.16995240699,0,0,1,0,0,0,0,0,0,1,0,1,2,"Africa","Developing"
2017,3952.11153,"MWI","Malawi",676,4052.20089203322,5349.182955855,5484.65390736696,0,0,1,0,0,0,0,0,0,1,0,1,2,"Africa","Developing"
2018,1856.02154,"MWI","Malawi",676,1884.28582741117,2544.327128109,2583.0732265066,0,0,1,0,0,0,0,0,0,1,0,1,2,"Africa","Developing"
2019,3173.8102,"MWI","Malawi",676,3277.88298476633,4287.214556262,4427.79711465221,0,0,1,0,0,0,0,0,0,1,0,1,2,"Africa","Developing"
2020,0,"MWI","Malawi",676,0,0,0,0,0,1,0,0,0,0,0,0,1,0,1,2,"Africa","Developing"
2021,0,"MWI","Malawi",676,0,0,0,0,0,1,0,0,0,0,0,0,1,0,1,2,"Africa","Developing"
2022,2885.39794,"MWI","Malawi",676,3136.30210869565,3810.6873513992,4142.05146891217,0,0,1,0,0,0,0,0,0,1,0,1,2,"Africa","Developing"
1987,6873,"MLI","Mali",678,5377.93427230047,9341.30049,7309.31180751174,0,0,1,0,0,0,0,0,0,1,0,1,2,"Africa","Developing"
1988,4112,"MLI","Mali",678,2734.04255319149,5609.46704,3729.69882978723,0,0,1,0,0,0,0,0,0,1,0,1,2,"Africa","Developing"
1989,20653,"MLI","Mali",678,13354.6718396379,27555.85219,17818.2038086001,0,0,1,0,0,0,0,0,0,1,0,1,2,"Africa","Developing"
1990,6208,"MLI","Mali",678,4791.97221150135,8697.78048,6713.84058664608,0,0,1,0,0,0,0,0,0,1,0,1,2,"Africa","Developing"
1991,7606,"MLI","Mali",678,5611.21357432682,10866.92038,8016.90917004795,0,0,1,0,0,0,0,0,0,1,0,1,2,"Africa","Developing"
1992,7701,"MLI","Mali",678,5289.14835164835,11115.46938,7634.2509478022,0,0,1,0,0,0,0,0,0,1,0,1,2,"Africa","Developing"
1993,2833,"MLI","Mali",678,1914.83609327475,4238.11134,2864.55649881717,0,0,1,0,0,0,0,0,0,1,0,1,2,"Africa","Developing"
1994,1806,"MLI","Mali",678,1377.04918032787,2767.00872,2109.80459016393,0,0,1,0,0,0,0,0,0,1,0,1,2,"Africa","Developing"
1995,2746,"MLI","Mali",678,2386.78835289005,4368.36426,3796.92677966102,0,0,1,0,0,0,0,0,0,1,0,1,2,"Africa","Developing"
1996,5366,"MLI","Mali",678,3985.44266191325,8473.61158,6293.53207070707,0,0,1,0,0,0,0,0,0,1,0,1,2,"Africa","Developing"
1997,5213,"MLI","Mali",678,3582.07929636501,8092.24416,5560.53333333333,0,0,1,0,0,0,0,0,0,1,0,1,2,"Africa","Developing"
1998,5794,"MLI","Mali",678,4209.22629858336,9156.43202,6651.96659644025,0,0,1,0,0,0,0,0,0,1,0,1,2,"Africa","Developing"
1999,11780,"MLI","Mali",678,7364.34108527132,15922.9082,9954.30620155039,0,0,1,0,0,0,0,0,0,1,0,1,2,"Africa","Developing"
2000,6329,"MLI","Mali",678,3867.39993889398,8631.42691,5274.32136266422,0,0,1,0,0,0,0,0,0,1,0,1,2,"Africa","Developing"
2001,14922,"MLI","Mali",678,8896.44070828117,20790.0765,12394.9660168127,0,0,1,0,0,0,0,0,0,1,0,1,2,"Africa","Developing"
2002,6995,"MLI","Mali",678,5043.98615517739,9929.1227,7159.73658782809,0,0,1,0,0,0,0,0,0,1,0,1,2,"Africa","Developing"
2003,8403,"MLI","Mali",678,6793.59689546447,11623.36572,9397.17496968227,0,0,1,0,0,0,0,0,0,1,0,1,2,"Africa","Developing"
2004,24873,"MLI","Mali",678,21980.3817603393,35255.73639,31155.6525185578,0,0,1,0,0,0,0,0,0,1,0,1,2,"Africa","Developing"
2005,10673,"MLI","Mali",678,8120.67260138477,15465.177,11766.8545994065,0,0,1,0,0,0,0,0,0,1,0,1,2,"Africa","Developing"
2006,8734,"MLI","Mali",678,7157.25641235762,13131.91836,10761.2213062362,0,0,1,0,0,0,0,0,0,1,0,1,2,"Africa","Developing"
2007,16062,"MLI","Mali",678,14270.990670813,25233.402,22419.7263438472,0,0,1,0,0,0,0,0,0,1,0,1,2,"Africa","Developing"
2008,22378,"MLI","Mali",678,21037.8866221679,36711.109,34512.6530036664,0,0,1,0,0,0,0,0,0,1,0,1,2,"Africa","Developing"
2009,6765,"MLI","Mali",678,6564.77438136827,11325.0159,10989.8262008734,0,0,1,0,0,0,0,0,0,1,0,1,2,"Africa","Developing"
2010,2645,"MLI","Mali",678,2815.02767134951,4343.80415,4623.03549382716,0,0,1,0,0,0,0,0,0,1,0,1,2,"Africa","Developing"
2011,1970,"MLI","Mali",678,2093.74003613561,3361.0958,3572.21362525242,0,0,1,0,0,0,0,0,0,1,0,1,2,"Africa","Developing"
2012,2955,"MLI","Mali",678,3223.87082696923,5113.7457,5579.03742090334,0,0,1,0,0,0,0,0,0,1,0,1,2,"Africa","Developing"
2013,3154,"MLI","Mali",678,3537.85754346607,4992.84508,5600.49924845766,0,0,1,0,0,0,0,0,0,1,0,1,2,"Africa","Developing"
2014,1695,"MLI","Mali",678,1713.67910221413,2583.5529,2612.02396117683,0,0,1,0,0,0,0,0,0,1,0,1,2,"Africa","Developing"
2015,4302.8065,"MLI","Mali",678,4337.069347848,5781.121729205,5827.15626368814,0,0,1,0,0,0,0,0,0,1,0,1,2,"Africa","Developing"
2016,987.78956,"MLI","Mali",678,972.233818897638,1318.9064984076,1298.13631733032,0,0,1,0,0,0,0,0,0,1,0,1,2,"Africa","Developing"
2017,0,"MLI","Mali",678,0,0,0,0,0,1,0,0,0,0,0,0,1,0,1,2,"Africa","Developing"
2018,1577.28,"MLI","Mali",678,1601.29949238579,2162.214288,2195.14140913706,0,0,1,0,0,0,0,0,0,1,0,1,2,"Africa","Developing"
2019,1743.03,"MLI","Mali",678,1800.18590240124,2354.5023543,2431.70911882262,0,0,1,0,0,0,0,0,0,1,0,1,2,"Africa","Developing"
2020,1591.11,"MLI","Mali",678,1805.61733999092,2118.3402096,2403.92670177031,0,0,1,0,0,0,0,0,0,1,0,1,2,"Africa","Developing"
2021,1867.8575,"MLI","Mali",678,2046.51857127205,2649.910756675,2903.37543187794,0,0,1,0,0,0,0,0,0,1,0,1,2,"Africa","Developing"
2022,9070.5771,"MLI","Mali",678,9859.32293478261,11979.329764428,13021.0106135087,0,0,1,0,0,0,0,0,0,1,0,1,2,"Africa","Developing"
1987,4012,"MRT","Mauritania",682,3139.28012519562,5452.82956,4266.68979655712,0,0,1,0,0,0,0,0,0,1,0,1,2,"Africa","Developing"
1988,2866,"MRT","Mauritania",682,1905.58510638298,3909.71122,2599.54203457447,0,0,1,0,0,0,0,0,0,1,0,1,2,"Africa","Developing"
1989,4942,"MRT","Mauritania",682,3195.60297445845,6593.76466,4263.6693566117,0,0,1,0,0,0,0,0,0,1,0,1,2,"Africa","Developing"
1990,5678,"MRT","Mauritania",682,4382.86375916634,7955.21868,6140.6550984176,0,0,1,0,0,0,0,0,0,1,0,1,2,"Africa","Developing"
1991,4601,"MRT","Mauritania",682,3394.31943932128,6573.58673,4849.5660125415,0,0,1,0,0,0,0,0,0,1,0,1,2,"Africa","Developing"
1992,3613,"MRT","Mauritania",682,2481.45604395604,5214.93194,3581.68402472527,0,0,1,0,0,0,0,0,0,1,0,1,2,"Africa","Developing"
1993,4565,"MRT","Mauritania",682,3085.50185873606,6829.1487,4615.84907063197,0,0,1,0,0,0,0,0,0,1,0,1,2,"Africa","Developing"
1994,3549,"MRT","Mauritania",682,2706.06176134197,5437.49388,4146.01134578727,0,0,1,0,0,0,0,0,0,1,0,1,2,"Africa","Developing"
1995,2718,"MRT","Mauritania",682,2362.45110821382,4323.82158,3758.21084745763,0,0,1,0,0,0,0,0,0,1,0,1,2,"Africa","Developing"
1996,3014,"MRT","Mauritania",682,2238.56209150327,4759.49782,3534.98055555555,0,0,1,0,0,0,0,0,0,1,0,1,2,"Africa","Developing"
1997,5665,"MRT","Mauritania",682,3892.66817838246,8793.8928,6042.66666666667,0,0,1,0,0,0,0,0,0,1,0,1,2,"Africa","Developing"
1998,14134,"MRT","Mauritania",682,10268.0711950599,22336.38422,16226.9409516891,0,0,1,0,0,0,0,0,0,1,0,1,2,"Africa","Developing"
1999,20501,"MRT","Mauritania",682,12816.3290822706,27710.99669,17323.7038572143,0,0,1,0,0,0,0,0,0,1,0,1,2,"Africa","Developing"
2000,28168,"MRT","Mauritania",682,17212.3434158265,38415.23672,23474.02182707,0,0,1,0,0,0,0,0,0,1,0,1,2,"Africa","Developing"
2001,31712,"MRT","Mauritania",682,18906.576044834,44182.744,26341.5870744649,0,0,1,0,0,0,0,0,0,1,0,1,2,"Africa","Developing"
2002,3538,"MRT","Mauritania",682,2551.19700028843,5022.04948,3621.32209402942,0,0,1,0,0,0,0,0,0,1,0,1,2,"Africa","Developing"
2003,11806,"MRT","Mauritania",682,9544.82981647667,16330.53144,13202.7903953432,0,0,1,0,0,0,0,0,0,1,0,1,2,"Africa","Developing"
2004,12453,"MRT","Mauritania",682,11004.7720042418,17651.25579,15598.4939819724,0,0,1,0,0,0,0,0,0,1,0,1,2,"Africa","Developing"
2005,17022,"MRT","Mauritania",682,12951.3809632504,24664.878,18766.5510157498,0,0,1,0,0,0,0,0,0,1,0,1,2,"Africa","Developing"
2006,8467,"MRT","Mauritania",682,6938.45775628944,12730.47318,10432.2487748914,0,0,1,0,0,0,0,0,0,1,0,1,2,"Africa","Developing"
2007,8217,"MRT","Mauritania",682,7300.75521990227,12908.907,11469.4864504665,0,0,1,0,0,0,0,0,0,1,0,1,2,"Africa","Developing"
2008,10247,"MRT","Mauritania",682,9633.35526934286,16810.2035,15803.519319357,0,0,1,0,0,0,0,0,0,1,0,1,2,"Africa","Developing"
2009,8079,"MRT","Mauritania",682,7839.88355167394,13524.73074,13124.4354585153,0,0,1,0,0,0,0,0,0,1,0,1,2,"Africa","Developing"
2010,3219,"MRT","Mauritania",682,3425.92592592593,5286.46713,5626.29537037037,0,0,1,0,0,0,0,0,0,1,0,1,2,"Africa","Developing"
2011,3119,"MRT","Mauritania",682,3314.91125518121,5321.45066,5655.70268891487,0,0,1,0,0,0,0,0,0,1,0,1,2,"Africa","Developing"
2012,1380,"MRT","Mauritania",682,1505.56404102117,2388.1452,2605.43879554877,0,0,1,0,0,0,0,0,0,1,0,1,2,"Africa","Developing"
2013,0,"MRT","Mauritania",682,0,0,0,0,0,1,0,0,0,0,0,0,1,0,1,2,"Africa","Developing"
2014,0,"MRT","Mauritania",682,0,0,0,0,0,1,0,0,0,0,0,0,1,0,1,2,"Africa","Developing"
2015,0,"MRT","Mauritania",682,0,0,0,0,0,1,0,0,0,0,0,0,1,0,1,2,"Africa","Developing"
2016,0,"MRT","Mauritania",682,0,0,0,0,0,1,0,0,0,0,0,0,1,0,1,2,"Africa","Developing"
2017,2359.92918,"MRT","Mauritania",682,2419.69566287296,3194.16414513,3275.05807969855,0,0,1,0,0,0,0,0,0,1,0,1,2,"Africa","Developing"
2018,4428.45,"MRT","Mauritania",682,4495.8883248731,6070.7406825,6163.18851015228,0,0,1,0,0,0,0,0,0,1,0,1,2,"Africa","Developing"
2019,491.64238,"MRT","Mauritania",682,507.763883294604,664.1154433278,685.892531193184,0,0,1,0,0,0,0,0,0,1,0,1,2,"Africa","Developing"
2020,0,"MRT","Mauritania",682,0,0,0,0,0,1,0,0,0,0,0,0,1,0,1,2,"Africa","Developing"
2021,0,"MRT","Mauritania",682,0,0,0,0,0,1,0,0,0,0,0,0,1,0,1,2,"Africa","Developing"
2022,261.96575,"MRT","Mauritania",682,284.745380434783,345.97292671,376.057529032609,0,0,1,0,0,0,0,0,0,1,0,1,2,"Africa","Developing"
1987,13780,"MUS","Mauritius",684,10782.4726134585,18728.8114,14654.7820031299,0,0,0,1,0,0,0,0,0,0,0,8,3,"OFC","OFC"
1988,13375,"MUS","Mauritius",684,8892.95212765958,18245.77375,12131.4985039894,0,0,0,1,0,0,0,0,0,0,0,8,3,"OFC","OFC"
1989,15986,"MUS","Mauritius",684,10336.8897510508,21329.00078,13791.7884125445,0,0,0,1,0,0,0,0,0,0,0,8,3,"OFC","OFC"
1990,21399,"MUS","Mauritius",684,16517.9467387109,29981.28294,23142.6344577383,0,0,0,1,0,0,0,0,0,0,0,8,3,"OFC","OFC"
1991,17113,"MUS","Mauritius",684,12624.8616746588,24449.85649,18037.5186204353,0,0,0,1,0,0,0,0,0,0,0,8,3,"OFC","OFC"
1992,18139,"MUS","Mauritius",684,12458.1043956044,26181.46982,17981.7787225275,0,0,0,1,0,0,0,0,0,0,0,8,3,"OFC","OFC"
1993,5132,"MUS","Mauritius",684,3468.73943899966,7677.36936,5189.16482595471,0,0,0,1,0,0,0,0,0,0,0,8,3,"OFC","OFC"
1994,23928,"MUS","Mauritius",684,18244.7579107892,36660.56736,27953.1584902783,0,0,0,1,0,0,0,0,0,0,0,8,3,"OFC","OFC"
1995,20176,"MUS","Mauritius",684,17536.7231638418,32096.18256,27897.5945762712,0,0,0,1,0,0,0,0,0,0,0,8,3,"OFC","OFC"
1996,27089,"MUS","Mauritius",684,20119.578134284,42777.05257,31771.4294191919,0,0,0,1,0,0,0,0,0,0,0,8,3,"OFC","OFC"
1997,47086,"MUS","Mauritius",684,32354.8409262695,73092.53952,50225.0666666667,0,0,0,1,0,0,0,0,0,0,0,8,3,"OFC","OFC"
1998,73403,"MUS","Mauritius",684,53325.8263712314,116000.96299,84272.4031892481,0,0,0,1,0,0,0,0,0,0,0,8,3,"OFC","OFC"
1999,312990,"MUS","Mauritius",684,195667.666916729,423065.4531,264482.028694674,0,0,0,1,0,0,0,0,0,0,0,8,3,"OFC","OFC"
2000,329501,"MUS","Mauritius",684,201344.943476932,449370.16879,274592.220464406,0,0,0,1,0,0,0,0,0,0,0,8,3,"OFC","OFC"
2001,499366,"MUS","Mauritius",684,297720.145471889,695741.6795,414798.59267871,0,0,0,1,0,0,0,0,0,0,0,8,3,"OFC","OFC"
2002,388984,"MUS","Mauritius",684,280490.337467551,552147.22864,398144.81442169,0,0,0,1,0,0,0,0,0,0,0,8,3,"OFC","OFC"
2003,472263,"MUS","Mauritius",684,381811.78753335,653253.07212,528137.33698763,0,0,0,1,0,0,0,0,0,0,0,8,3,"OFC","OFC"
2004,429751,"MUS","Mauritius",684,379772.887946271,609141.95993,538301.484561683,0,0,0,1,0,0,0,0,0,0,0,8,3,"OFC","OFC"
2005,787544,"MUS","Mauritius",684,599211.747698395,1141151.256,868257.822414974,0,0,0,1,0,0,0,0,0,0,0,8,3,"OFC","OFC"
2006,735447,"MUS","Mauritius",684,602677.210522003,1105773.98238,906149.293108252,0,0,0,1,0,0,0,0,0,0,0,8,3,"OFC","OFC"
2007,796762,"MUS","Mauritius",684,707918.258551755,1251713.102,1112139.58418481,0,0,0,1,0,0,0,0,0,0,0,8,3,"OFC","OFC"
2008,678843,"MUS","Mauritius",684,638190.279214064,1113641.9415,1046951.15305067,0,0,0,1,0,0,0,0,0,0,0,8,3,"OFC","OFC"
2009,409423,"MUS","Mauritius",684,397305.191654537,685398.66738,665112.729141194,0,0,0,1,0,0,0,0,0,0,0,8,3,"OFC","OFC"
2010,216148,"MUS","Mauritius",684,230042.571306939,354973.37596,377792.013580247,0,0,0,1,0,0,0,0,0,0,0,8,3,"OFC","OFC"
2011,161840,"MUS","Mauritius",684,172005.526623446,276121.6976,293465.509193326,0,0,0,1,0,0,0,0,0,0,0,8,3,"OFC","OFC"
2012,102089,"MUS","Mauritius",684,111377.918394065,176669.09806,192743.942897665,0,0,0,1,0,0,0,0,0,0,0,8,3,"OFC","OFC"
2013,195257,"MUS","Mauritius",684,219020.751542344,309095.73614,346714.230106562,0,0,0,1,0,0,0,0,0,0,0,8,3,"OFC","OFC"
2014,104582,"MUS","Mauritius",684,105734.506116672,159405.97604,161162.648913153,0,0,0,1,0,0,0,0,0,0,0,8,3,"OFC","OFC"
2015,132200.60681,"MUS","Mauritius",684,133253.307942748,177620.769291712,179035.146952638,0,0,0,1,0,0,0,0,0,0,0,8,3,"OFC","OFC"
2016,90794.97809,"MUS","Mauritius",684,89365.1359153543,121230.362695549,119321.22312554,0,0,0,1,0,0,0,0,0,0,0,8,3,"OFC","OFC"
2017,197834.49544,"MUS","Mauritius",684,202844.761037629,267768.98957804,274550.384064431,0,0,0,1,0,0,0,0,0,0,0,8,3,"OFC","OFC"
2018,429354.46093,"MUS","Mauritius",684,435892.853736041,588580.56276589,597543.718544051,0,0,0,1,0,0,0,0,0,0,0,8,3,"OFC","OFC"
2019,536543.992415,"MUS","Mauritius",684,554137.869780532,724768.990394106,748534.97587824,0,0,0,1,0,0,0,0,0,0,0,8,3,"OFC","OFC"
2020,368164.8165,"MUS","Mauritius",684,417799.383227417,490159.91009544,556241.386853654,0,0,0,1,0,0,0,0,0,0,0,8,3,"OFC","OFC"
2021,531063.138325,"MUS","Mauritius",684,581859.470061356,753413.963710294,825478.211581346,0,0,0,1,0,0,0,0,0,0,0,8,3,"OFC","OFC"
2022,629542.069921,"MUS","Mauritius",684,684284.858609783,831423.620903266,903721.327068768,0,0,0,1,0,0,0,0,0,0,0,8,3,"OFC","OFC"
1987,641369,"MAR","Morocco",686,501853.677621283,871703.84897,682084.388865415,0,0,1,0,0,0,0,0,0,1,0,1,2,"Africa","Developing"
1988,796730,"MAR","Morocco",686,529740.691489362,1086875.1641,722656.359109043,0,0,1,0,0,0,0,0,0,1,0,1,2,"Africa","Developing"
1989,930519,"MAR","Morocco",686,601693.501454898,1241526.36537,802797.520446169,0,0,1,0,0,0,0,0,0,1,0,1,2,"Africa","Developing"
1990,930927,"MAR","Morocco",686,718585.102277113,1304284.58262,1006780.84339637,0,0,1,0,0,0,0,0,0,1,0,1,2,"Africa","Developing"
1991,1168121,"MAR","Morocco",686,861763.924751014,1668929.51633,1231227.97220952,0,0,1,0,0,0,0,0,0,1,0,1,2,"Africa","Developing"
1992,1097101,"MAR","Morocco",686,753503.434065934,1583533.64138,1087591.78666209,0,0,1,0,0,0,0,0,0,1,0,1,2,"Africa","Developing"
1993,918915,"MAR","Morocco",686,621098.344035147,1374678.4617,929150.700709699,0,0,1,0,0,0,0,0,0,1,0,1,2,"Africa","Developing"
1994,843219,"MAR","Morocco",686,642942.432329394,1291912.69428,985064.959420511,0,0,1,0,0,0,0,0,0,1,0,1,2,"Africa","Developing"
1995,840740,"MAR","Morocco",686,730760.538896132,1337457.5994,1162501.17288136,0,0,1,0,0,0,0,0,0,1,0,1,2,"Africa","Developing"
1996,882066,"MAR","Morocco",686,655129.233511586,1392896.88258,1034534.22651515,0,0,1,0,0,0,0,0,0,1,0,1,2,"Africa","Developing"
1997,851573,"MAR","Morocco",686,585152.889438604,1321913.79936,908344.533333333,0,0,1,0,0,0,0,0,0,1,0,1,2,"Africa","Developing"
1998,754984,"MAR","Morocco",686,548480.92989466,1193123.86472,866780.867940429,0,0,1,0,0,0,0,0,0,1,0,1,2,"Africa","Developing"
1999,968328,"MAR","Morocco",686,605356.339084771,1308879.27432,818254.109977494,0,0,1,0,0,0,0,0,0,1,0,1,2,"Africa","Developing"
2000,985080,"MAR","Morocco",686,601943.171402383,1343442.2532,820924.077726856,0,0,1,0,0,0,0,0,0,1,0,1,2,"Africa","Developing"
2001,1016976,"MAR","Morocco",686,606317.295653729,1416901.812,844751.572169558,0,0,1,0,0,0,0,0,0,1,0,1,2,"Africa","Developing"
2002,984694,"MAR","Morocco",686,710047.591577733,1397733.74524,1007884.15434093,0,0,1,0,0,0,0,0,0,1,0,1,2,"Africa","Developing"
2003,900675,"MAR","Morocco",686,728171.234537958,1245849.687,1007235.57846228,0,0,1,0,0,0,0,0,0,1,0,1,2,"Africa","Developing"
2004,894867,"MAR","Morocco",686,790797.985153765,1268411.33181,1120900.7880965,0,0,1,0,0,0,0,0,0,1,0,1,2,"Africa","Developing"
2005,1144537,"MAR","Morocco",686,870833.903979305,1658434.113,1261838.32686601,0,0,1,0,0,0,0,0,0,1,0,1,2,"Africa","Developing"
2006,1107470,"MAR","Morocco",686,907539.1297222,1665125.4438,1364521.38310252,0,0,1,0,0,0,0,0,0,1,0,1,2,"Africa","Developing"
2007,1054200,"MAR","Morocco",686,936650.377609951,1656148.2,1471477.74322523,0,0,1,0,0,0,0,0,0,1,0,1,2,"Africa","Developing"
2008,1173521,"MAR","Morocco",686,1103244.33580897,1925161.2005,1809872.33289461,0,0,1,0,0,0,0,0,0,1,0,1,2,"Africa","Developing"
2009,607453,"MAR","Morocco",686,589474.041727317,1016912.76918,986814.914294032,0,0,1,0,0,0,0,0,0,1,0,1,2,"Africa","Developing"
2010,547844,"MAR","Morocco",686,583060.876968923,899707.76588,957543.386419753,0,0,1,0,0,0,0,0,0,1,0,1,2,"Africa","Developing"
2011,408395,"MAR","Morocco",686,434047.188861728,696779.0453,740545.270804549,0,0,1,0,0,0,0,0,0,1,0,1,2,"Africa","Developing"
2012,217140,"MAR","Morocco",686,236897.228889374,375769.4556,409960.130482217,0,0,1,0,0,0,0,0,0,1,0,1,2,"Africa","Developing"
2013,137941,"MAR","Morocco",686,154729.108244532,218363.36182,244939.272933259,0,0,1,0,0,0,0,0,0,1,0,1,2,"Africa","Developing"
2014,127755,"MAR","Morocco",686,129162.875341219,194726.7261,196872.637852593,0,0,1,0,0,0,0,0,0,1,0,1,2,"Africa","Developing"
2015,114705.0228,"MAR","Morocco",686,115618.408224977,154114.227483396,155341.424738833,0,0,1,0,0,0,0,0,0,1,0,1,2,"Africa","Developing"
2016,126665.36463,"MAR","Morocco",686,124670.634478346,169124.861507622,166461.477861833,0,0,1,0,0,0,0,0,0,1,0,1,2,"Africa","Developing"
2017,177688.15805,"MAR","Morocco",686,182188.206756895,240500.921920675,246591.737845458,0,0,1,0,0,0,0,0,0,1,0,1,2,"Africa","Developing"
2018,178004.59831,"MAR","Morocco",686,180715.328233503,244017.603593263,247733.607708897,0,0,1,0,0,0,0,0,0,1,0,1,2,"Africa","Developing"
2019,236455.957295,"MAR","Morocco",686,244209.612491609,319407.071673659,329880.78664979,0,0,1,0,0,0,0,0,0,1,0,1,2,"Africa","Developing"
2020,164459.814357,"MAR","Morocco",686,186631.65496709,218955.218442336,248473.920156985,0,0,1,0,0,0,0,0,0,1,0,1,2,"Africa","Developing"
2021,82633.693318,"MAR","Morocco",686,90537.6282655856,117231.594373313,128444.827844104,0,0,1,0,0,0,0,0,0,1,0,1,2,"Africa","Developing"
2022,211211.385172,"MAR","Morocco",686,229577.592578261,278942.652168957,303198.534966258,0,0,1,0,0,0,0,0,0,1,0,1,2,"Africa","Developing"
1987,,"ESH","Western Sahara",687,,,,0,0,1,0,0,0,0,0,0,1,0,1,2,"Africa","Developing"
1988,,"ESH","Western Sahara",687,,,,0,0,1,0,0,0,0,0,0,1,0,1,2,"Africa","Developing"
1989,,"ESH","Western Sahara",687,,,,0,0,1,0,0,0,0,0,0,1,0,1,2,"Africa","Developing"
1990,,"ESH","Western Sahara",687,,,,0,0,1,0,0,0,0,0,0,1,0,1,2,"Africa","Developing"
1991,,"ESH","Western Sahara",687,,,,0,0,1,0,0,0,0,0,0,1,0,1,2,"Africa","Developing"
1992,,"ESH","Western Sahara",687,,,,0,0,1,0,0,0,0,0,0,1,0,1,2,"Africa","Developing"
1993,,"ESH","Western Sahara",687,,,,0,0,1,0,0,0,0,0,0,1,0,1,2,"Africa","Developing"
1994,,"ESH","Western Sahara",687,,,,0,0,1,0,0,0,0,0,0,1,0,1,2,"Africa","Developing"
1995,,"ESH","Western Sahara",687,,,,0,0,1,0,0,0,0,0,0,1,0,1,2,"Africa","Developing"
1996,,"ESH","Western Sahara",687,,,,0,0,1,0,0,0,0,0,0,1,0,1,2,"Africa","Developing"
1997,,"ESH","Western Sahara",687,,,,0,0,1,0,0,0,0,0,0,1,0,1,2,"Africa","Developing"
1998,,"ESH","Western Sahara",687,,,,0,0,1,0,0,0,0,0,0,1,0,1,2,"Africa","Developing"
1999,,"ESH","Western Sahara",687,,,,0,0,1,0,0,0,0,0,0,1,0,1,2,"Africa","Developing"
2000,,"ESH","Western Sahara",687,,,,0,0,1,0,0,0,0,0,0,1,0,1,2,"Africa","Developing"
2001,0,"ESH","Western Sahara",687,0,0,0,0,0,1,0,0,0,0,0,0,1,0,1,2,"Africa","Developing"
2002,0,"ESH","Western Sahara",687,0,0,0,0,0,1,0,0,0,0,0,0,1,0,1,2,"Africa","Developing"
2003,0,"ESH","Western Sahara",687,0,0,0,0,0,1,0,0,0,0,0,0,1,0,1,2,"Africa","Developing"
2004,0,"ESH","Western Sahara",687,0,0,0,0,0,1,0,0,0,0,0,0,1,0,1,2,"Africa","Developing"
2005,,"ESH","Western Sahara",687,,,,0,0,1,0,0,0,0,0,0,1,0,1,2,"Africa","Developing"
2006,,"ESH","Western Sahara",687,,,,0,0,1,0,0,0,0,0,0,1,0,1,2,"Africa","Developing"
2007,,"ESH","Western Sahara",687,,,,0,0,1,0,0,0,0,0,0,1,0,1,2,"Africa","Developing"
2008,,"ESH","Western Sahara",687,,,,0,0,1,0,0,0,0,0,0,1,0,1,2,"Africa","Developing"
1987,3263,"MOZ","Mozambique",688,2553.20813771518,4434.84119,3470.14177621283,0,0,1,0,0,0,0,0,0,1,0,1,2,"Africa","Developing"
1988,3317,"MOZ","Mozambique",688,2205.45212765957,4524.95189,3008.61162898936,0,0,1,0,0,0,0,0,0,1,0,1,2,"Africa","Developing"
1989,6408,"MOZ","Mozambique",688,4143.54995150339,8549.74584,5528.44865179437,0,0,1,0,0,0,0,0,0,1,0,1,2,"Africa","Developing"
1990,2222,"MOZ","Mozambique",688,1715.16788884601,3113.15532,2403.05312234658,0,0,1,0,0,0,0,0,0,1,0,1,2,"Africa","Developing"
1991,2737,"MOZ","Mozambique",688,2019.18111398008,3910.43401,2884.86463297676,0,0,1,0,0,0,0,0,0,1,0,1,2,"Africa","Developing"
1992,5399,"MOZ","Mozambique",688,3708.1043956044,7792.80862,5352.20372252747,0,0,1,0,0,0,0,0,0,1,0,1,2,"Africa","Developing"
1993,12106,"MOZ","Mozambique",688,8182.49408583981,18110.33388,12240.8475025346,0,0,1,0,0,0,0,0,0,1,0,1,2,"Africa","Developing"
1994,4657,"MOZ","Mozambique",688,3550.89592070149,7135.08284,5440.39865802516,0,0,1,0,0,0,0,0,0,1,0,1,2,"Africa","Developing"
1995,3576,"MOZ","Mozambique",688,3108.21382007823,5688.73656,4944.57762711864,0,0,1,0,0,0,0,0,0,1,0,1,2,"Africa","Developing"
1996,3440,"MOZ","Mozambique",688,2554.96137849079,5432.2072,4034.61616161616,0,0,1,0,0,0,0,0,0,1,0,1,2,"Africa","Developing"
1997,4137,"MOZ","Mozambique",688,2842.71284271284,6421.94784,4412.8,0,0,1,0,0,0,0,0,0,1,0,1,2,"Africa","Developing"
1998,7721,"MOZ","Mozambique",688,5609.15365056302,12201.72793,8864.31378859426,0,0,1,0,0,0,0,0,0,1,0,1,2,"Africa","Developing"
1999,8969,"MOZ","Mozambique",688,5607.02675668917,12123.30761,7578.96199674919,0,0,1,0,0,0,0,0,0,1,0,1,2,"Africa","Developing"
2000,6836,"MOZ","Mozambique",688,4177.20745493431,9322.86844,5696.83375496486,0,0,1,0,0,0,0,0,0,1,0,1,2,"Africa","Developing"
2001,4567,"MOZ","Mozambique",688,2722.8283550945,6362.97275,3793.58060573541,0,0,1,0,0,0,0,0,0,1,0,1,2,"Africa","Developing"
2002,5248,"MOZ","Mozambique",688,3784.25151427747,7449.32608,5371.5936544563,0,0,1,0,0,0,0,0,0,1,0,1,2,"Africa","Developing"
2003,2218,"MOZ","Mozambique",688,1793.19265906702,3068.02632,2480.41581372787,0,0,1,0,0,0,0,0,0,1,0,1,2,"Africa","Developing"
2004,2553,"MOZ","Mozambique",688,2256.09756097561,3618.69879,3197.86036585366,0,0,1,0,0,0,0,0,0,1,0,1,2,"Africa","Developing"
2005,2383,"MOZ","Mozambique",688,1813.13246595146,3452.967,2627.22894316366,0,0,1,0,0,0,0,0,0,1,0,1,2,"Africa","Developing"
2006,2324,"MOZ","Mozambique",688,1904.44972547734,3494.22696,2863.4163402442,0,0,1,0,0,0,0,0,0,1,0,1,2,"Africa","Developing"
2007,2448,"MOZ","Mozambique",688,2175.0333185251,3845.808,3416.97734340293,0,0,1,0,0,0,0,0,0,1,0,1,2,"Africa","Developing"
2008,5543,"MOZ","Mozambique",688,5211.05574880135,9093.2915,8548.73695590862,0,0,1,0,0,0,0,0,0,1,0,1,2,"Africa","Developing"
2009,341,"MOZ","Mozambique",688,330.907326540514,570.85446,553.958719068413,0,0,1,0,0,0,0,0,0,1,0,1,2,"Africa","Developing"
2010,984,"MOZ","Mozambique",688,1047.25415070243,1615.99368,1719.87407407407,0,0,1,0,0,0,0,0,0,1,0,1,2,"Africa","Developing"
2011,1089,"MOZ","Mozambique",688,1157.40248698055,1857.98646,1974.690679137,0,0,1,0,0,0,0,0,0,1,0,1,2,"Africa","Developing"
2012,761,"MOZ","Mozambique",688,830.242199432686,1316.94094,1436.76733580624,0,0,1,0,0,0,0,0,0,1,0,1,2,"Africa","Developing"
2013,9587,"MOZ","Mozambique",688,10753.7857543466,15176.41274,17023.4579248458,0,0,1,0,0,0,0,0,0,1,0,1,2,"Africa","Developing"
2014,22384,"MOZ","Mozambique",688,22630.6743504196,34118.14048,34494.1264583965,0,0,1,0,0,0,0,0,0,1,0,1,2,"Africa","Developing"
2015,24726.3428,"MOZ","Mozambique",688,24923.2363673017,33221.572395796,33486.1126860155,0,0,1,0,0,0,0,0,0,1,0,1,2,"Africa","Developing"
2016,26775.61,"MOZ","Mozambique",688,26353.9468503937,35751.0622281,35188.0533741142,0,0,1,0,0,0,0,0,0,1,0,1,2,"Africa","Developing"
2017,18868.4805,"MOZ","Mozambique",688,19346.3349738542,25538.48835675,26185.2643871117,0,0,1,0,0,0,0,0,0,1,0,1,2,"Africa","Developing"
2018,33218.0158,"MOZ","Mozambique",688,33723.8739086294,45536.91695943,46230.3725476447,0,0,1,0,0,0,0,0,0,1,0,1,2,"Africa","Developing"
2019,35250.55966,"MOZ","Mozambique",688,36406.4649212497,47616.8084943246,49178.2168802733,0,0,1,0,0,0,0,0,0,1,0,1,2,"Africa","Developing"
2020,18392.4336,"MOZ","Mozambique",688,20872.0308669995,24486.950397696,27788.1870150885,0,0,1,0,0,0,0,0,0,1,0,1,2,"Africa","Developing"
2021,2719.0337,"MOZ","Mozambique",688,2979.11000328695,3857.465919853,4226.43357056316,0,0,1,0,0,0,0,0,0,1,0,1,2,"Africa","Developing"
2022,3664.913,"MOZ","Mozambique",688,3983.60108695652,4840.17730084,5261.06228352174,0,0,1,0,0,0,0,0,0,1,0,1,2,"Africa","Developing"
1987,23511,"NER","Niger",692,18396.7136150235,31954.50543,25003.5253755869,0,0,1,0,0,0,0,0,0,1,0,1,2,"Africa","Developing"
1988,12679,"NER","Niger",692,8430.18617021277,17296.31143,11500.2070678192,0,0,1,0,0,0,0,0,0,1,0,1,2,"Africa","Developing"
1989,57245,"NER","Niger",692,37015.8422243776,76377.99635,49387.6471710314,0,0,1,0,0,0,0,0,0,1,0,1,2,"Africa","Developing"
1990,18841,"NER","Niger",692,14543.4195291393,26397.37146,20376.2033654959,0,0,1,0,0,0,0,0,0,1,0,1,2,"Africa","Developing"
1991,25185,"NER","Niger",692,18579.8598303209,35982.56505,26545.6031353744,0,0,1,0,0,0,0,0,0,1,0,1,2,"Africa","Developing"
1992,20599,"NER","Niger",692,14147.6648351648,29732.18462,20420.4564697802,0,0,1,0,0,0,0,0,0,1,0,1,2,"Africa","Developing"
1993,21859,"NER","Niger",692,14774.5860087868,32700.62682,22102.4851774248,0,0,1,0,0,0,0,0,0,1,0,1,2,"Africa","Developing"
1994,12822,"NER","Niger",692,9776.59168890583,19644.84264,14978.9116584064,0,0,1,0,0,0,0,0,0,1,0,1,2,"Africa","Developing"
1995,15371,"NER","Niger",692,13360.2781399392,24452.34051,21253.6640677966,0,0,1,0,0,0,0,0,0,1,0,1,2,"Africa","Developing"
1996,27628,"NER","Niger",692,20519.9049316696,43628.20364,32403.5974747475,0,0,1,0,0,0,0,0,0,1,0,1,2,"Africa","Developing"
1997,27380,"NER","Niger",692,18813.9902425617,42502.5216,29205.3333333333,0,0,1,0,0,0,0,0,0,1,0,1,2,"Africa","Developing"
1998,34953,"NER","Niger",692,25392.6625499455,55237.27449,40128.7864075554,0,0,1,0,0,0,0,0,0,1,0,1,2,"Africa","Developing"
1999,42258,"NER","Niger",692,26417.8544636159,57119.71602,35708.749699925,0,0,1,0,0,0,0,0,0,1,0,1,2,"Africa","Developing"
2000,24302,"NER","Niger",692,14849.9847234953,33142.82458,20252.2606660556,0,0,1,0,0,0,0,0,0,1,0,1,2,"Africa","Developing"
2001,15303,"NER","Niger",692,9123.5914863173,21320.90475,12711.4438383116,0,0,1,0,0,0,0,0,0,1,0,1,2,"Africa","Developing"
2002,4399,"NER","Niger",692,3172.05076434958,6244.20454,4502.59917796366,0,0,1,0,0,0,0,0,0,1,0,1,2,"Africa","Developing"
2003,4820,"NER","Niger",692,3896.83887137198,6667.2168,5390.26340043657,0,0,1,0,0,0,0,0,0,1,0,1,2,"Africa","Developing"
2004,5005,"NER","Niger",692,4422.94096854012,7094.23715,6269.20921703782,0,0,1,0,0,0,0,0,0,1,0,1,2,"Africa","Developing"
2005,3306,"NER","Niger",692,2515.40744122346,4790.394,3644.8253823328,0,0,1,0,0,0,0,0,0,1,0,1,2,"Africa","Developing"
2006,6160,"NER","Niger",692,5047.93903138572,9261.8064,7589.77825124969,0,0,1,0,0,0,0,0,0,1,0,1,2,"Africa","Developing"
2007,3192,"NER","Niger",692,2836.07285650822,5014.632,4455.47045757441,0,0,1,0,0,0,0,0,0,1,0,1,2,"Africa","Developing"
2008,2212,"NER","Niger",692,2079.53370311178,3628.786,3411.47503995487,0,0,1,0,0,0,0,0,0,1,0,1,2,"Africa","Developing"
2009,1359,"NER","Niger",692,1318.77729257642,2275.04754,2207.71231441048,0,0,1,0,0,0,0,0,0,1,0,1,2,"Africa","Developing"
2010,0,"NER","Niger",692,0,0,0,0,0,1,0,0,0,0,0,0,1,0,1,2,"Africa","Developing"
2011,0,"NER","Niger",692,0,0,0,0,0,1,0,0,0,0,0,0,1,0,1,2,"Africa","Developing"
2012,0,"NER","Niger",692,0,0,0,0,0,1,0,0,0,0,0,0,1,0,1,2,"Africa","Developing"
2013,0,"NER","Niger",692,0,0,0,0,0,1,0,0,0,0,0,0,1,0,1,2,"Africa","Developing"
2014,0,"NER","Niger",692,0,0,0,0,0,1,0,0,0,0,0,0,1,0,1,2,"Africa","Developing"
2015,0,"NER","Niger",692,0,0,0,0,0,1,0,0,0,0,0,0,1,0,1,2,"Africa","Developing"
2016,0,"NER","Niger",692,0,0,0,0,0,1,0,0,0,0,0,0,1,0,1,2,"Africa","Developing"
2017,0,"NER","Niger",692,0,0,0,0,0,1,0,0,0,0,0,0,1,0,1,2,"Africa","Developing"
2018,0,"NER","Niger",692,0,0,0,0,0,1,0,0,0,0,0,0,1,0,1,2,"Africa","Developing"
2019,1452.525,"NER","Niger",692,1500.1549186677,1962.08529525,2026.42426568552,0,0,1,0,0,0,0,0,0,1,0,1,2,"Africa","Developing"
2020,0,"NER","Niger",692,0,0,0,0,0,1,0,0,0,0,0,0,1,0,1,2,"Africa","Developing"
2021,0,"NER","Niger",692,0,0,0,0,0,1,0,0,0,0,0,0,1,0,1,2,"Africa","Developing"
2022,923.214,"NER","Niger",692,1003.49347826087,1219.27026552,1325.29376686957,0,0,1,0,0,0,0,0,0,1,0,1,2,"Africa","Developing"
1987,370067,"NGA","Nigeria",694,289567.292644757,502969.16171,393559.594452269,0,0,1,0,0,0,0,0,0,1,0,1,2,"Africa","Developing"
1988,461934,"NGA","Nigeria",694,307136.968085106,630156.50478,418987.03775266,0,0,1,0,0,0,0,0,0,1,0,1,2,"Africa","Developing"
1989,524253,"NGA","Nigeria",694,338993.210475267,699474.08019,452294.911212415,0,0,1,0,0,0,0,0,0,1,0,1,2,"Africa","Developing"
1990,425857,"NGA","Nigeria",694,328720.185256658,596651.20842,460556.702755693,0,0,1,0,0,0,0,0,0,1,0,1,2,"Africa","Developing"
1991,589733,"NGA","Nigeria",694,435066.765031354,842569.22909,621592.939203246,0,0,1,0,0,0,0,0,0,1,0,1,2,"Africa","Developing"
1992,653567,"NGA","Nigeria",694,448878.434065934,943345.53646,647902.154162088,0,0,1,0,0,0,0,0,0,1,0,1,2,"Africa","Developing"
1993,1325686,"NGA","Nigeria",694,896036.498817168,1983199.74228,1340452.68150051,0,0,1,0,0,0,0,0,0,1,0,1,2,"Africa","Developing"
1994,1222602,"NGA","Nigeria",694,932216.545939764,1873172.97624,1428267.61436523,0,0,1,0,0,0,0,0,0,1,0,1,2,"Africa","Developing"
1995,394738,"NGA","Nigeria",694,343101.260321599,627953.15778,545808.915932203,0,0,1,0,0,0,0,0,0,1,0,1,2,"Africa","Developing"
1996,509018,"NGA","Nigeria",694,378058.526440879,803805.59434,597003.560858586,0,0,1,0,0,0,0,0,0,1,0,1,2,"Africa","Developing"
1997,672015,"NGA","Nigeria",694,461770.768913626,1043182.3248,716816,0,0,1,0,0,0,0,0,0,1,0,1,2,"Africa","Developing"
1998,575969,"NGA","Nigeria",694,418430.076280421,910221.08977,661257.602448238,0,0,1,0,0,0,0,0,0,1,0,1,2,"Africa","Developing"
1999,675228,"NGA","Nigeria",694,422123.030757689,912698.93532,570579.479444861,0,0,1,0,0,0,0,0,0,1,0,1,2,"Africa","Developing"
2000,712795,"NGA","Nigeria",694,435560.647723801,972102.69305,594013.255759242,0,0,1,0,0,0,0,0,0,1,0,1,2,"Africa","Developing"
2001,877703,"NGA","Nigeria",694,523283.252846837,1222859.70475,729064.392028856,0,0,1,0,0,0,0,0,0,1,0,1,2,"Africa","Developing"
2002,780377,"NGA","Nigeria",694,562717.767522354,1107713.93642,798755.36228728,0,0,1,0,0,0,0,0,0,1,0,1,2,"Africa","Developing"
2003,657755,"NGA","Nigeria",694,531777.023203169,909833.0262,735575.249575552,0,0,1,0,0,0,0,0,0,1,0,1,2,"Africa","Developing"
2004,649400,"NGA","Nigeria",694,573877.695298692,920479.042,813431.461647225,0,0,1,0,0,0,0,0,0,1,0,1,2,"Africa","Developing"
2005,633120,"NGA","Nigeria",694,481716.503081488,917390.88,698007.212965076,0,0,1,0,0,0,0,0,0,1,0,1,2,"Africa","Developing"
2006,559502,"NGA","Nigeria",694,458495.451938048,841233.63708,689366.251806933,0,0,1,0,0,0,0,0,0,1,0,1,2,"Africa","Developing"
2007,514181,"NGA","Nigeria",694,456846.73478454,807778.351,717706.220346513,0,0,1,0,0,0,0,0,0,1,0,1,2,"Africa","Developing"
2008,412385,"NGA","Nigeria",694,387689.198082166,676517.5925,636004.129453793,0,0,1,0,0,0,0,0,0,1,0,1,2,"Africa","Developing"
2009,408911,"NGA","Nigeria",694,396808.345463367,684541.54866,664280.978806405,0,0,1,0,0,0,0,0,0,1,0,1,2,"Africa","Developing"
2010,305272,"NGA","Nigeria",694,324895.700297999,501339.04744,533566.461728395,0,0,1,0,0,0,0,0,0,1,0,1,2,"Africa","Developing"
2011,267959,"NGA","Nigeria",694,284790.094590286,457175.56826,485891.77198427,0,0,1,0,0,0,0,0,0,1,0,1,2,"Africa","Developing"
2012,112345,"NGA","Nigeria",694,122567.095788785,194417.5163,212107.261946323,0,0,1,0,0,0,0,0,0,1,0,1,2,"Africa","Developing"
2013,124890,"NGA","Nigeria",694,140089.736399327,197703.3678,221764.854514863,0,0,1,0,0,0,0,0,0,1,0,1,2,"Africa","Developing"
2014,129713,"NGA","Nigeria",694,131142.452734809,197711.14886,199889.949307451,0,0,1,0,0,0,0,0,0,1,0,1,2,"Africa","Developing"
2015,361317.97921,"NGA","Nigeria",694,364195.12066324,485455.99732718,489321.638269509,0,0,1,0,0,0,0,0,0,1,0,1,2,"Africa","Developing"
2016,300656.06925,"NGA","Nigeria",694,295921.328001969,401438.990223292,395117.116361508,0,0,1,0,0,0,0,0,0,1,0,1,2,"Africa","Developing"
2017,163992.84386,"NGA","Nigeria",694,168146.051327797,221964.31416451,227585.680472173,0,0,1,0,0,0,0,0,0,1,0,1,2,"Africa","Developing"
2018,191618.557,"NGA","Nigeria",694,194536.606091371,262680.29886345,266680.506460355,0,0,1,0,0,0,0,0,0,1,0,1,2,"Africa","Developing"
2019,225828.401332,"NGA","Nigeria",694,233233.567087013,305051.262803279,315054.234756808,0,0,1,0,0,0,0,0,0,1,0,1,2,"Africa","Developing"
2020,104482.06729,"NGA","Nigeria",694,118567.938368134,139103.245107214,157856.610425799,0,0,1,0,0,0,0,0,0,1,0,1,2,"Africa","Developing"
2021,55345.78555,"NGA","Nigeria",694,60639.6247945656,78518.5125019295,86028.8292998023,0,0,1,0,0,0,0,0,0,1,0,1,2,"Africa","Developing"
2022,143624.65088,"NGA","Nigeria",694,156113.750956522,189682.203924198,206176.308613259,0,0,1,0,0,0,0,0,0,1,0,1,2,"Africa","Developing"
1987,42096,"ZWE","Zimbabwe",698,32938.9671361502,57213.93648,44768.3384037559,0,0,1,0,0,0,0,0,0,1,0,1,2,"Africa","Developing"
1988,52130,"ZWE","Zimbabwe",698,34660.9042553191,71114.1821,47283.3657579787,0,0,1,0,0,0,0,0,0,1,0,1,2,"Africa","Developing"
1989,60899,"ZWE","Zimbabwe",698,39378.5968315551,81253.27277,52540.1052505658,0,0,1,0,0,0,0,0,0,1,0,1,2,"Africa","Developing"
1990,65507,"ZWE","Zimbabwe",698,50565.0328058665,91779.23742,70844.6448629873,0,0,1,0,0,0,0,0,0,1,0,1,2,"Africa","Developing"
1991,51739,"ZWE","Zimbabwe",698,38169.6790852084,73921.06147,54534.1655994098,0,0,1,0,0,0,0,0,0,1,0,1,2,"Africa","Developing"
1992,56071,"ZWE","Zimbabwe",698,38510.3021978022,80931.75998,55584.9999862637,0,0,1,0,0,0,0,0,0,1,0,1,2,"Africa","Developing"
1993,65886,"ZWE","Zimbabwe",698,44532.6123690436,98564.13828,66619.8974518418,0,0,1,0,0,0,0,0,0,1,0,1,2,"Africa","Developing"
1994,40297,"ZWE","Zimbabwe",698,30725.8863896302,61739.83964,47075.7450552802,0,0,1,0,0,0,0,0,0,1,0,1,2,"Africa","Developing"
1995,32564,"ZWE","Zimbabwe",698,28304.2155584528,51803.13684,45026.6291525424,0,0,1,0,0,0,0,0,0,1,0,1,2,"Africa","Developing"
1996,39407,"ZWE","Zimbabwe",698,29268.4194890077,62228.77591,46218.6392676768,0,0,1,0,0,0,0,0,0,1,0,1,2,"Africa","Developing"
1997,45392,"ZWE","Zimbabwe",698,31190.8197622483,70462.90944,48418.1333333333,0,0,1,0,0,0,0,0,0,1,0,1,2,"Africa","Developing"
1998,57140,"ZWE","Zimbabwe",698,41511.0788231021,90300.0562,65601.2031965129,0,0,1,0,0,0,0,0,0,1,0,1,2,"Africa","Developing"
1999,67528,"ZWE","Zimbabwe",698,42215.5538884721,91276.92232,57062.3420355089,0,0,1,0,0,0,0,0,0,1,0,1,2,"Africa","Developing"
2000,72404,"ZWE","Zimbabwe",698,44243.2019553926,98743.85116,60338.4363947449,0,0,1,0,0,0,0,0,0,1,0,1,2,"Africa","Developing"
2001,100079,"ZWE","Zimbabwe",698,59666.7262862934,139435.06675,83130.6663983784,0,0,1,0,0,0,0,0,0,1,0,1,2,"Africa","Developing"
2002,113192,"ZWE","Zimbabwe",698,81620.9979809634,160671.51632,115857.741794058,0,0,1,0,0,0,0,0,0,1,0,1,2,"Africa","Developing"
2003,112125,"ZWE","Zimbabwe",698,90650.0121270919,155095.785,125390.722774679,0,0,1,0,0,0,0,0,0,1,0,1,2,"Africa","Developing"
2004,77554,"ZWE","Zimbabwe",698,68534.8179568752,109927.36622,97143.3070166136,0,0,1,0,0,0,0,0,0,1,0,1,2,"Africa","Developing"
2005,141996,"ZWE","Zimbabwe",698,108039.260442821,205752.204,156548.888381648,0,0,1,0,0,0,0,0,0,1,0,1,2,"Africa","Developing"
2006,132404,"ZWE","Zimbabwe",698,108501.188232402,199074.71016,163135.876554946,0,0,1,0,0,0,0,0,0,1,0,1,2,"Africa","Developing"
2007,87924,"ZWE","Zimbabwe",698,78119.9466903598,138128.604,122726.436250555,0,0,1,0,0,0,0,0,0,1,0,1,2,"Africa","Developing"
2008,102183,"ZWE","Zimbabwe",698,96063.7397762527,167631.2115,157592.565102943,0,0,1,0,0,0,0,0,0,1,0,1,2,"Africa","Developing"
2009,40974,"ZWE","Zimbabwe",698,39761.2809315866,68592.93444,66562.7699563319,0,0,1,0,0,0,0,0,0,1,0,1,2,"Africa","Developing"
2010,6858,"ZWE","Zimbabwe",698,7298.85057471264,11262.68766,11986.6833333333,0,0,1,0,0,0,0,0,0,1,0,1,2,"Africa","Developing"
2011,12294,"ZWE","Zimbabwe",698,13066.2132001275,20975.28516,22292.7889892656,0,0,1,0,0,0,0,0,0,1,0,1,2,"Africa","Developing"
2012,11005,"ZWE","Zimbabwe",698,12006.327732926,19044.5927,20777.4303949378,0,0,1,0,0,0,0,0,0,1,0,1,2,"Africa","Developing"
2013,14686,"ZWE","Zimbabwe",698,16473.3595064498,23248.23172,26077.6575659002,0,0,1,0,0,0,0,0,0,1,0,1,2,"Africa","Developing"
2014,7438,"ZWE","Zimbabwe",698,7519.96764735618,11337.14836,11462.0850874532,0,0,1,0,0,0,0,0,0,1,0,1,2,"Africa","Developing"
2015,8069.41263,"ZWE","Zimbabwe",698,8133.66861203508,10841.8207272891,10928.153137072,0,0,1,0,0,0,0,0,0,1,0,1,2,"Africa","Developing"
2016,10975.43568,"ZWE","Zimbabwe",698,10802.5941732283,14654.5114742928,14423.7317660362,0,0,1,0,0,0,0,0,0,1,0,1,2,"Africa","Developing"
2017,11937.60089,"ZWE","Zimbabwe",698,12239.9270891008,16157.542804615,16566.7413150979,0,0,1,0,0,0,0,0,0,1,0,1,2,"Africa","Developing"
2018,17334.21069,"ZWE","Zimbabwe",698,17598.1834416244,23762.6027243865,24124.4697709508,0,0,1,0,0,0,0,0,0,1,0,1,2,"Africa","Developing"
2019,14084.63897,"ZWE","Zimbabwe",698,14546.4900284018,19025.6711670657,19649.5441952654,0,0,1,0,0,0,0,0,0,1,0,1,2,"Africa","Developing"
2020,8003.22915,"ZWE","Zimbabwe",698,9082.19376985928,10655.179161144,12091.6694974399,0,0,1,0,0,0,0,0,0,1,0,1,2,"Africa","Developing"
2021,7878.91829,"ZWE","Zimbabwe",698,8632.53893941054,11177.7425888401,12246.8966679523,0,0,1,0,0,0,0,0,0,1,0,1,2,"Africa","Developing"
2022,15151.6188,"ZWE","Zimbabwe",698,16469.1508695652,20010.439916784,21750.4781704174,0,0,1,0,0,0,0,0,0,1,0,1,2,"Africa","Developing"
1987,15716,"RWA","Rwanda",714,12297.3395931142,21360.08708,16713.6831611894,0,0,1,0,0,0,0,0,0,1,0,1,2,"Africa","Developing"
1988,20751,"RWA","Rwanda",714,13797.2074468085,28307.89167,18821.7364827128,0,0,1,0,0,0,0,0,0,1,0,1,2,"Africa","Developing"
1989,25100,"RWA","Rwanda",714,16230.197219528,33489.173,21654.8160362108,0,0,1,0,0,0,0,0,0,1,0,1,2,"Africa","Developing"
1990,32276,"RWA","Rwanda",714,24913.9328444616,45220.61256,34905.9147510614,0,0,1,0,0,0,0,0,0,1,0,1,2,"Africa","Developing"
1991,28956,"RWA","Rwanda",714,21361.8590925858,41370.30588,30520.3289413501,0,0,1,0,0,0,0,0,0,1,0,1,2,"Africa","Developing"
1992,35071,"RWA","Rwanda",714,24087.2252747253,50620.77998,34767.019217033,0,0,1,0,0,0,0,0,0,1,0,1,2,"Africa","Developing"
1993,27084,"RWA","Rwanda",714,18306.1845217979,40517.12232,27385.6859209192,0,0,1,0,0,0,0,0,0,1,0,1,2,"Africa","Developing"
1994,25909,"RWA","Rwanda",714,19755.2420892108,39695.69708,30267.4015097217,0,0,1,0,0,0,0,0,0,1,0,1,2,"Africa","Developing"
1995,23561,"RWA","Rwanda",714,20478.9222077358,37481.07441,32578.0742372881,0,0,1,0,0,0,0,0,0,1,0,1,2,"Africa","Developing"
1996,23668,"RWA","Rwanda",714,17578.7284610814,37374.84884,27759.0974747475,0,0,1,0,0,0,0,0,0,1,0,1,2,"Africa","Developing"
1997,15576,"RWA","Rwanda",714,10702.947845805,24178.93632,16614.4,0,0,1,0,0,0,0,0,0,1,0,1,2,"Africa","Developing"
1998,17321,"RWA","Rwanda",714,12583.3636033418,27372.89593,19885.8670032692,0,0,1,0,0,0,0,0,0,1,0,1,2,"Africa","Developing"
1999,19006,"RWA","Rwanda",714,11881.7204301075,25690.22014,16060.402688172,0,0,1,0,0,0,0,0,0,1,0,1,2,"Africa","Developing"
2000,7533,"RWA","Rwanda",714,4603.11640696609,10273.43007,6277.68412465628,0,0,1,0,0,0,0,0,0,1,0,1,2,"Africa","Developing"
2001,5064,"RWA","Rwanda",714,3019.13790019674,7055.418,4206.41387944911,0,0,1,0,0,0,0,0,0,1,0,1,2,"Africa","Developing"
2002,508,"RWA","Rwanda",714,366.310931641188,721.08568,519.963715027401,0,0,1,0,0,0,0,0,0,1,0,1,2,"Africa","Developing"
2003,541,"RWA","Rwanda",714,437.383782035734,748.33284,605.006742663109,0,0,1,0,0,0,0,0,0,1,0,1,2,"Africa","Developing"
2004,175,"RWA","Rwanda",714,154.648285613291,248.05025,219.203119476847,0,0,1,0,0,0,0,0,0,1,0,1,2,"Africa","Developing"
2005,9273,"RWA","Rwanda",714,7055.46678840447,13436.577,10223.3713763981,0,0,1,0,0,0,0,0,0,1,0,1,2,"Africa","Developing"
2006,15854,"RWA","Rwanda",714,12991.8872408424,23837.12316,19533.8221420962,0,0,1,0,0,0,0,0,0,1,0,1,2,"Africa","Developing"
2007,13511,"RWA","Rwanda",714,12004.4424700133,21225.781,18858.9791203909,0,0,1,0,0,0,0,0,0,1,0,1,2,"Africa","Developing"
2008,10304,"RWA","Rwanda",714,9686.94180690044,16903.712,15891.4280342202,0,0,1,0,0,0,0,0,0,1,0,1,2,"Africa","Developing"
2009,6672,"RWA","Rwanda",714,6474.5269286754,11169.32832,10838.7465502183,0,0,1,0,0,0,0,0,0,1,0,1,2,"Africa","Developing"
2010,4164,"RWA","Rwanda",714,4431.67305236271,6838.41228,7278.0037037037,0,0,1,0,0,0,0,0,0,1,0,1,2,"Africa","Developing"
2011,3267,"RWA","Rwanda",714,3472.20746094165,5573.95938,5924.07203741099,0,0,1,0,0,0,0,0,0,1,0,1,2,"Africa","Developing"
2012,1636,"RWA","Rwanda",714,1784.85708051495,2831.16344,3088.76657211434,0,0,1,0,0,0,0,0,0,1,0,1,2,"Africa","Developing"
2013,0,"RWA","Rwanda",714,0,0,0,0,0,1,0,0,0,0,0,0,1,0,1,2,"Africa","Developing"
2014,0,"RWA","Rwanda",714,0,0,0,0,0,1,0,0,0,0,0,0,1,0,1,2,"Africa","Developing"
2015,0,"RWA","Rwanda",714,0,0,0,0,0,1,0,0,0,0,0,0,1,0,1,2,"Africa","Developing"
2016,0,"RWA","Rwanda",714,0,0,0,0,0,1,0,0,0,0,0,0,1,0,1,2,"Africa","Developing"
2017,0,"RWA","Rwanda",714,0,0,0,0,0,1,0,0,0,0,0,0,1,0,1,2,"Africa","Developing"
2018,0,"RWA","Rwanda",714,0,0,0,0,0,1,0,0,0,0,0,0,1,0,1,2,"Africa","Developing"
2019,580.62,"RWA","Rwanda",714,599.659178931061,784.3073022,810.025615491867,0,0,1,0,0,0,0,0,0,1,0,1,2,"Africa","Developing"
2020,0,"RWA","Rwanda",714,0,0,0,0,0,1,0,0,0,0,0,0,1,0,1,2,"Africa","Developing"
2021,0,"RWA","Rwanda",714,0,0,0,0,0,1,0,0,0,0,0,0,1,0,1,2,"Africa","Developing"
2022,92.32,"RWA","Rwanda",714,100.347826086957,121.9251776,132.527366956522,0,0,1,0,0,0,0,0,0,1,0,1,2,"Africa","Developing"
1987,0,"STP","Sao Tome and Principe",716,0,0,0,0,0,1,0,0,0,0,0,0,1,0,1,2,"Africa","Developing"
1988,0,"STP","Sao Tome and Principe",716,0,0,0,0,0,1,0,0,0,0,0,0,1,0,1,2,"Africa","Developing"
1989,0,"STP","Sao Tome and Principe",716,0,0,0,0,0,1,0,0,0,0,0,0,1,0,1,2,"Africa","Developing"
1990,100,"STP","Sao Tome and Principe",716,77.1902740254728,140.106,108.148205326129,0,0,1,0,0,0,0,0,0,1,0,1,2,"Africa","Developing"
1991,0,"STP","Sao Tome and Principe",716,0,0,0,0,0,1,0,0,0,0,0,0,1,0,1,2,"Africa","Developing"
1992,0,"STP","Sao Tome and Principe",716,0,0,0,0,0,1,0,0,0,0,0,0,1,0,1,2,"Africa","Developing"
1993,0,"STP","Sao Tome and Principe",716,0,0,0,0,0,1,0,0,0,0,0,0,1,0,1,2,"Africa","Developing"
1994,0,"STP","Sao Tome and Principe",716,0,0,0,0,0,1,0,0,0,0,0,0,1,0,1,2,"Africa","Developing"
1995,0,"STP","Sao Tome and Principe",716,0,0,0,0,0,1,0,0,0,0,0,0,1,0,1,2,"Africa","Developing"
1996,2700,"STP","Sao Tome and Principe",716,2005.34759358289,4263.651,3166.70454545455,0,0,1,0,0,0,0,0,0,1,0,1,2,"Africa","Developing"
1997,198,"STP","Sao Tome and Principe",716,136.054421768707,307.35936,211.2,0,0,1,0,0,0,0,0,0,1,0,1,2,"Africa","Developing"
1998,0,"STP","Sao Tome and Principe",716,0,0,0,0,0,1,0,0,0,0,0,0,1,0,1,2,"Africa","Developing"
1999,0,"STP","Sao Tome and Principe",716,0,0,0,0,0,1,0,0,0,0,0,0,1,0,1,2,"Africa","Developing"
2000,0,"STP","Sao Tome and Principe",716,0,0,0,0,0,1,0,0,0,0,0,0,1,0,1,2,"Africa","Developing"
2001,0,"STP","Sao Tome and Principe",716,0,0,0,0,0,1,0,0,0,0,0,0,1,0,1,2,"Africa","Developing"
2002,0,"STP","Sao Tome and Principe",716,0,0,0,0,0,1,0,0,0,0,0,0,1,0,1,2,"Africa","Developing"
2003,0,"STP","Sao Tome and Principe",716,0,0,0,0,0,1,0,0,0,0,0,0,1,0,1,2,"Africa","Developing"
2004,0,"STP","Sao Tome and Principe",716,0,0,0,0,0,1,0,0,0,0,0,0,1,0,1,2,"Africa","Developing"
2005,0,"STP","Sao Tome and Principe",716,0,0,0,0,0,1,0,0,0,0,0,0,1,0,1,2,"Africa","Developing"
2006,257,"STP","Sao Tome and Principe",716,210.603949848398,386.40978,316.65146275506,0,0,1,0,0,0,0,0,0,1,0,1,2,"Africa","Developing"
2007,819,"STP","Sao Tome and Principe",716,727.67658818303,1286.649,1143.17992003554,0,0,1,0,0,0,0,0,0,1,0,1,2,"Africa","Developing"
2008,0,"STP","Sao Tome and Principe",716,0,0,0,0,0,1,0,0,0,0,0,0,1,0,1,2,"Africa","Developing"
2009,0,"STP","Sao Tome and Principe",716,0,0,0,0,0,1,0,0,0,0,0,0,1,0,1,2,"Africa","Developing"
2010,0,"STP","Sao Tome and Principe",716,0,0,0,0,0,1,0,0,0,0,0,0,1,0,1,2,"Africa","Developing"
2011,0,"STP","Sao Tome and Principe",716,0,0,0,0,0,1,0,0,0,0,0,0,1,0,1,2,"Africa","Developing"
2012,0,"STP","Sao Tome and Principe",716,0,0,0,0,0,1,0,0,0,0,0,0,1,0,1,2,"Africa","Developing"
2013,1246,"STP","Sao Tome and Principe",716,1397.64441951767,1972.44292,2212.49906898486,0,0,1,0,0,0,0,0,0,1,0,1,2,"Africa","Developing"
2014,0,"STP","Sao Tome and Principe",716,0,0,0,0,0,1,0,0,0,0,0,0,1,0,1,2,"Africa","Developing"
2015,0,"STP","Sao Tome and Principe",716,0,0,0,0,0,1,0,0,0,0,0,0,1,0,1,2,"Africa","Developing"
2016,0,"STP","Sao Tome and Principe",716,0,0,0,0,0,1,0,0,0,0,0,0,1,0,1,2,"Africa","Developing"
2017,4903.26153,"STP","Sao Tome and Principe",716,5027.43928022147,6636.564480855,6804.63906577976,0,0,1,0,0,0,0,0,0,1,0,1,2,"Africa","Developing"
2018,1472.625,"STP","Sao Tome and Principe",716,1495.05076142132,2018.74798125,2049.49033629442,0,0,1,0,0,0,0,0,0,1,0,1,2,"Africa","Developing"
2019,872.235,"STP","Sao Tome and Principe",716,900.836560805577,1178.22376035,1216.85903470178,0,0,1,0,0,0,0,0,0,1,0,1,2,"Africa","Developing"
2020,0,"STP","Sao Tome and Principe",716,0,0,0,0,0,1,0,0,0,0,0,0,1,0,1,2,"Africa","Developing"
2021,0,"STP","Sao Tome and Principe",716,0,0,0,0,0,1,0,0,0,0,0,0,1,0,1,2,"Africa","Developing"
2022,0,"STP","Sao Tome and Principe",716,0,0,0,0,0,1,0,0,0,0,0,0,1,0,1,2,"Africa","Developing"
1987,8223,"SYC","Seychelles",718,6434.27230046948,11176.12599,8745.01251173709,0,0,0,1,0,0,0,0,0,0,0,8,3,"OFC","OFC"
1988,8925,"SYC","Seychelles",718,5934.17553191489,12175.21725,8095.22423537234,0,0,0,1,0,0,0,0,0,0,0,8,3,"OFC","OFC"
1989,13420,"SYC","Seychelles",718,8677.65923052053,17905.3666,11577.9932751374,0,0,0,1,0,0,0,0,0,0,0,8,3,"OFC","OFC"
1990,2302,"SYC","Seychelles",718,1776.92010806638,3225.24012,2489.57168660749,0,0,0,1,0,0,0,0,0,0,0,8,3,"OFC","OFC"
1991,2367,"SYC","Seychelles",718,1746.21910734046,3381.80391,2494.87562523054,0,0,0,1,0,0,0,0,0,0,0,8,3,"OFC","OFC"
1992,4001,"SYC","Seychelles",718,2747.93956043956,5774.96338,3966.32100274725,0,0,0,1,0,0,0,0,0,0,0,8,3,"OFC","OFC"
1993,2360,"SYC","Seychelles",718,1595.13349104427,3530.5128,2386.28779993241,0,0,0,1,0,0,0,0,0,0,0,8,3,"OFC","OFC"
1994,6426,"SYC","Seychelles",718,4899.73313000381,9845.40312,7506.97912314144,0,0,0,1,0,0,0,0,0,0,0,8,3,"OFC","OFC"
1995,3487,"SYC","Seychelles",718,3030.85614950022,5547.15447,4821.51627118644,0,0,0,1,0,0,0,0,0,0,0,8,3,"OFC","OFC"
1996,5649,"SYC","Seychelles",718,4195.63279857397,8920.50537,6625.44962121212,0,0,0,1,0,0,0,0,0,0,0,8,3,"OFC","OFC"
1997,14683,"SYC","Seychelles",718,10089.3286607572,22792.71456,15661.8666666667,0,0,0,1,0,0,0,0,0,0,0,8,3,"OFC","OFC"
1998,17834,"SYC","Seychelles",718,12956.0479476934,28183.60522,20474.8312531784,0,0,0,1,0,0,0,0,0,0,0,8,3,"OFC","OFC"
1999,65265,"SYC","Seychelles",718,40800.8252063016,88218.04785,55150.0674231058,0,0,0,1,0,0,0,0,0,0,0,8,3,"OFC","OFC"
2000,53741,"SYC","Seychelles",718,32838.9856400855,73291.43839,44785.4802260923,0,0,0,1,0,0,0,0,0,0,0,8,3,"OFC","OFC"
2001,48381,"SYC","Seychelles",718,28844.5716329816,67406.82825,40187.6994276516,0,0,0,1,0,0,0,0,0,0,0,8,3,"OFC","OFC"
2002,63535,"SYC","Seychelles",718,45814.1044130372,90185.3911,65031.2886501298,0,0,0,1,0,0,0,0,0,0,0,8,3,"OFC","OFC"
2003,85249,"SYC","Seychelles",718,68921.4972916161,117919.82676,95334.9719136551,0,0,0,1,0,0,0,0,0,0,0,8,3,"OFC","OFC"
2004,105538,"SYC","Seychelles",718,93264.4043831743,149592.72734,132195.764704843,0,0,0,1,0,0,0,0,0,0,0,8,3,"OFC","OFC"
2005,275705,"SYC","Seychelles",718,209773.263334094,399496.545,303961.458571103,0,0,0,1,0,0,0,0,0,0,0,8,3,"OFC","OFC"
2006,825609,"SYC","Seychelles",718,676562.320740802,1241336.15586,1017238.51172662,0,0,0,1,0,0,0,0,0,0,0,8,3,"OFC","OFC"
2007,851281,"SYC","Seychelles",718,756358.063083074,1337362.451,1188238.51710351,0,0,0,1,0,0,0,0,0,0,0,8,3,"OFC","OFC"
2008,700864,"SYC","Seychelles",718,658892.544890477,1149767.392,1080913.21989283,0,0,0,1,0,0,0,0,0,0,0,8,3,"OFC","OFC"
2009,825577,"SYC","Seychelles",718,801142.163998059,1382065.43262,1341160.05106259,0,0,0,1,0,0,0,0,0,0,0,8,3,"OFC","OFC"
2010,487816,"SYC","Seychelles",718,519174.116645381,801125.58232,852624.07654321,0,0,0,1,0,0,0,0,0,0,0,8,3,"OFC","OFC"
2011,574267,"SYC","Seychelles",718,610337.974279945,979779.89938,1041322.03143798,0,0,0,1,0,0,0,0,0,0,0,8,3,"OFC","OFC"
2012,370745,"SYC","Seychelles",718,404478.50752782,641589.0523,699966.236417194,0,0,0,1,0,0,0,0,0,0,0,8,3,"OFC","OFC"
2013,575107,"SYC","Seychelles",718,645100.392596747,910405.88314,1021206.8234885,0,0,0,1,0,0,0,0,0,0,0,8,3,"OFC","OFC"
2014,230649,"SYC","Seychelles",718,233190.779496512,351559.81878,355434.049924173,0,0,0,1,0,0,0,0,0,0,0,8,3,"OFC","OFC"
2015,202684.62772,"SYC","Seychelles",718,204298.586553775,272320.98526576,274489.451936055,0,0,0,1,0,0,0,0,0,0,0,8,3,"OFC","OFC"
2016,245812.851047,"SYC","Seychelles",718,241941.782526575,328211.776846465,323043.087447308,0,0,0,1,0,0,0,0,0,0,0,8,3,"OFC","OFC"
2017,378817.554629,"SYC","Seychelles",718,388411.314086948,512729.560190352,525714.713616684,0,0,0,1,0,0,0,0,0,0,0,8,3,"OFC","OFC"
2018,594585.345693,"SYC","Seychelles",718,603639.94486599,815087.321143249,827499.818419542,0,0,0,1,0,0,0,0,0,0,0,8,3,"OFC","OFC"
2019,668964.399624,"SYC","Seychelles",718,690900.490187451,903643.800656095,933275.291150111,0,0,0,1,0,0,0,0,0,0,0,8,3,"OFC","OFC"
2020,652882.492692,"SYC","Seychelles",718,740901.60314571,869221.635470421,986406.758364073,0,0,0,1,0,0,0,0,0,0,0,8,3,"OFC","OFC"
2021,202488.386366,"SYC","Seychelles",718,221856.454876739,287268.24885358,314745.533969081,0,0,0,1,0,0,0,0,0,0,0,8,3,"OFC","OFC"
2022,452206.833112,"SYC","Seychelles",718,491529.166426087,597220.520354356,649152.739515605,0,0,0,1,0,0,0,0,0,0,0,8,3,"OFC","OFC"
1987,148383,"SEN","Senegal",722,116105.633802817,201671.78679,157802.650070423,0,0,1,0,0,0,0,0,0,1,0,1,2,"Africa","Developing"
1988,137511,"SEN","Senegal",722,91430.1861702128,187588.38087,124726.317067819,0,0,1,0,0,0,0,0,0,1,0,1,2,"Africa","Developing"
1989,154611,"SEN","Senegal",722,99974.7817652764,206286.63453,133389.353074685,0,0,1,0,0,0,0,0,0,1,0,1,2,"Africa","Developing"
1990,159205,"SEN","Senegal",722,122890.775762254,223055.7573,172177.350289464,0,0,1,0,0,0,0,0,0,1,0,1,2,"Africa","Developing"
1991,119235,"SEN","Senegal",722,87963.8509774991,170354.62155,125676.592807082,0,0,1,0,0,0,0,0,0,1,0,1,2,"Africa","Developing"
1992,136556,"SEN","Senegal",722,93788.4615384615,197102.19928,135372.389615385,0,0,1,0,0,0,0,0,0,1,0,1,2,"Africa","Developing"
1993,146106,"SEN","Senegal",722,98753.6329841163,218571.65388,147733.459871578,0,0,1,0,0,0,0,0,0,1,0,1,2,"Africa","Developing"
1994,138665,"SEN","Senegal",722,105730.080060999,212451.4198,161991.170263058,0,0,1,0,0,0,0,0,0,1,0,1,2,"Africa","Developing"
1995,130959,"SEN","Senegal",722,113827.900912647,208330.88679,181078.563050847,0,0,1,0,0,0,0,0,0,1,0,1,2,"Africa","Developing"
1996,123496,"SEN","Senegal",722,91723.1134878194,195016.23848,144842.72020202,0,0,1,0,0,0,0,0,0,1,0,1,2,"Africa","Developing"
1997,123300,"SEN","Senegal",722,84724.7990105133,191401.056,131520,0,0,1,0,0,0,0,0,0,1,0,1,2,"Africa","Developing"
1998,122360,"SEN","Senegal",722,88892.117689793,193369.1788,140478.88034871,0,0,1,0,0,0,0,0,0,1,0,1,2,"Africa","Developing"
1999,155809,"SEN","Senegal",722,97404.976244061,210605.46721,131661.332339335,0,0,1,0,0,0,0,0,0,1,0,1,2,"Africa","Developing"
2000,137409,"SEN","Senegal",722,83965.1695692026,187397.02011,114510.858606783,0,0,1,0,0,0,0,0,0,1,0,1,2,"Africa","Developing"
2001,133269,"SEN","Senegal",722,79454.4804149526,185677.03425,110699.954838133,0,0,1,0,0,0,0,0,0,1,0,1,2,"Africa","Developing"
2002,149311,"SEN","Senegal",722,107665.849437554,211940.99206,152827.36664263,0,0,1,0,0,0,0,0,0,1,0,1,2,"Africa","Developing"
2003,181337,"SEN","Senegal",722,146606.03120705,250832.59188,202791.32660684,0,0,1,0,0,0,0,0,0,1,0,1,2,"Africa","Developing"
2004,229342,"SEN","Senegal",722,202670.554966419,325076.23106,287271.324726052,0,0,1,0,0,0,0,0,0,1,0,1,2,"Africa","Developing"
2005,209081,"SEN","Senegal",722,159081.640416952,302958.369,230509.296964163,0,0,1,0,0,0,0,0,0,1,0,1,2,"Africa","Developing"
2006,249996,"SEN","Senegal",722,204864.377612063,375878.98584,308021.786314841,0,0,1,0,0,0,0,0,0,1,0,1,2,"Africa","Developing"
2007,265378,"SEN","Senegal",722,235786.76143936,416908.838,370421.002221235,0,0,1,0,0,0,0,0,0,1,0,1,2,"Africa","Developing"
2008,177416,"SEN","Senegal",722,166791.388549403,291050.948,273621.272915296,0,0,1,0,0,0,0,0,0,1,0,1,2,"Africa","Developing"
2009,111415,"SEN","Senegal",722,108117.418728772,186515.3949,180995.045997089,0,0,1,0,0,0,0,0,0,1,0,1,2,"Africa","Developing"
2010,54631,"SEN","Senegal",722,58142.8267347808,89718.85237,95486.2200617284,0,0,1,0,0,0,0,0,0,1,0,1,2,"Africa","Developing"
2011,56077,"SEN","Senegal",722,59599.3198001913,95675.21278,101684.783483898,0,0,1,0,0,0,0,0,0,1,0,1,2,"Africa","Developing"
2012,39818,"SEN","Senegal",722,43440.9775256382,68906.64172,75176.349247218,0,0,1,0,0,0,0,0,0,1,0,1,2,"Africa","Developing"
2013,26548,"SEN","Senegal",722,29779.0241166573,42026.01496,47140.7907571509,0,0,1,0,0,0,0,0,0,1,0,1,2,"Africa","Developing"
2014,28836,"SEN","Senegal",722,29153.7761601456,43952.40792,44436.7686988171,0,0,1,0,0,0,0,0,0,1,0,1,2,"Africa","Developing"
2015,28735.75219,"SEN","Senegal",722,28964.5723112589,38608.4945699183,38915.9304202382,0,0,1,0,0,0,0,0,0,1,0,1,2,"Africa","Developing"
2016,18116.89136,"SEN","Senegal",722,17831.585984252,24189.8545127856,23808.9119220331,0,0,1,0,0,0,0,0,0,1,0,1,2,"Africa","Developing"
2017,12050.49965,"SEN","Senegal",722,12355.6850712601,16310.351276275,16723.4197439506,0,0,1,0,0,0,0,0,0,1,0,1,2,"Africa","Developing"
2018,3812.311,"SEN","Senegal",722,3870.36649746193,5226.10653435,5305.69191304568,0,0,1,0,0,0,0,0,0,1,0,1,2,"Africa","Developing"
2019,10024.21915,"SEN","Senegal",722,10352.9245029693,13540.8154700115,13984.8339478559,0,0,1,0,0,0,0,0,0,1,0,1,2,"Africa","Developing"
2020,7408.33922,"SEN","Senegal",722,8407.10306400363,9863.1665039392,11192.8807352919,0,0,1,0,0,0,0,0,0,1,0,1,2,"Africa","Developing"
2021,4051.27023,"SEN","Senegal",722,4438.77531499945,5747.4965625987,6297.24615163657,0,0,1,0,0,0,0,0,0,1,0,1,2,"Africa","Developing"
2022,16048.13425,"SEN","Senegal",722,17443.6241847826,21194.44994129,23037.4455883587,0,0,1,0,0,0,0,0,0,1,0,1,2,"Africa","Developing"
1987,5262,"SLE","Sierra Leone",724,4117.37089201878,7151.74206,5596.04230046948,0,0,1,0,0,0,0,0,0,1,0,1,2,"Africa","Developing"
1988,5305,"SLE","Sierra Leone",724,3527.26063829787,7236.92185,4811.78314494681,0,0,1,0,0,0,0,0,0,1,0,1,2,"Africa","Developing"
1989,283192,"SLE","Sierra Leone",724,183118.008406078,377843.26216,244321.540355642,0,0,1,0,0,0,0,0,0,1,0,1,2,"Africa","Developing"
1990,15678,"SLE","Sierra Leone",724,12101.8911617136,21965.81868,16955.4756310305,0,0,1,0,0,0,0,0,0,1,0,1,2,"Africa","Developing"
1991,14813,"SLE","Sierra Leone",724,10928.0708225747,21163.77749,15613.2626263371,0,0,1,0,0,0,0,0,0,1,0,1,2,"Africa","Developing"
1992,2717,"SLE","Sierra Leone",724,1866.07142857143,3921.66346,2693.45017857143,0,0,1,0,0,0,0,0,0,1,0,1,2,"Africa","Developing"
1993,3792,"SLE","Sierra Leone",724,2563.0280500169,5672.75616,3834.23870226428,0,0,1,0,0,0,0,0,0,1,0,1,2,"Africa","Developing"
1994,2665,"SLE","Sierra Leone",724,2032.02439954251,4083.0998,3113.30522302707,0,0,1,0,0,0,0,0,0,1,0,1,2,"Africa","Developing"
1995,1412,"SLE","Sierra Leone",724,1227.29248152977,2246.22372,1952.38915254237,0,0,1,0,0,0,0,0,0,1,0,1,2,"Africa","Developing"
1996,2028,"SLE","Sierra Leone",724,1506.23885918004,3202.47564,2378.54696969697,0,0,1,0,0,0,0,0,0,1,0,1,2,"Africa","Developing"
1997,1932,"SLE","Sierra Leone",724,1327.56132756133,2999.08224,2060.8,0,0,1,0,0,0,0,0,0,1,0,1,2,"Africa","Developing"
1998,2232,"SLE","Sierra Leone",724,1621.50381402107,3527.29656,2562.51112241191,0,0,1,0,0,0,0,0,0,1,0,1,2,"Africa","Developing"
1999,8425,"SLE","Sierra Leone",724,5266.94173543386,11387.98825,7119.27247436859,0,0,1,0,0,0,0,0,0,1,0,1,2,"Africa","Developing"
2000,8883,"SLE","Sierra Leone",724,5428.04766269477,12114.54657,7402.71712190651,0,0,1,0,0,0,0,0,0,1,0,1,2,"Africa","Developing"
2001,10706,"SLE","Sierra Leone",724,6382.87724318846,14916.1345,8892.94371907232,0,0,1,0,0,0,0,0,0,1,0,1,2,"Africa","Developing"
2002,2653,"SLE","Sierra Leone",724,1913.03720796077,3765.82738,2715.479795212,0,0,1,0,0,0,0,0,0,1,0,1,2,"Africa","Developing"
2003,2536,"SLE","Sierra Leone",724,2050.28700784219,3507.89664,2836.03900072763,0,0,1,0,0,0,0,0,0,1,0,1,2,"Africa","Developing"
2004,2292,"SLE","Sierra Leone",724,2025.4506892895,3248.74956,2870.93457051962,0,0,1,0,0,0,0,0,0,1,0,1,2,"Africa","Developing"
2005,2495,"SLE","Sierra Leone",724,1898.34893098988,3615.255,2750.70760100434,0,0,1,0,0,0,0,0,0,1,0,1,2,"Africa","Developing"
2006,3007,"SLE","Sierra Leone",724,2464.14816028845,4521.14478,3704.9453249201,0,0,1,0,0,0,0,0,0,1,0,1,2,"Africa","Developing"
2007,5597,"SLE","Sierra Leone",724,4972.9009329187,8792.887,7812.42736561528,0,0,1,0,0,0,0,0,0,1,0,1,2,"Africa","Developing"
2008,3193,"SLE","Sierra Leone",724,3001.78621791859,5238.1165,4924.43029049544,0,0,1,0,0,0,0,0,0,1,0,1,2,"Africa","Developing"
2009,47,"SLE","Sierra Leone",724,45.6089277049976,78.68082,76.3520815138283,0,0,1,0,0,0,0,0,0,1,0,1,2,"Africa","Developing"
2010,47,"SLE","Sierra Leone",724,50.0212856534696,77.18669,82.1484567901235,0,0,1,0,0,0,0,0,0,1,0,1,2,"Africa","Developing"
2011,34,"SLE","Sierra Leone",724,36.1356148368583,58.00876,61.6524178977575,0,0,1,0,0,0,0,0,0,1,0,1,2,"Africa","Developing"
2012,788,"SLE","Sierra Leone",724,859.698887191796,1363.66552,1487.74331224089,0,0,1,0,0,0,0,0,0,1,0,1,2,"Africa","Developing"
2013,0,"SLE","Sierra Leone",724,0,0,0,0,0,1,0,0,0,0,0,0,1,0,1,2,"Africa","Developing"
2014,3059,"SLE","Sierra Leone",724,3092.71054493984,4662.58898,4713.97126680821,0,0,1,0,0,0,0,0,0,1,0,1,2,"Africa","Developing"
2015,3232.6407,"SLE","Sierra Leone",724,3258.38191714545,4343.279065299,4377.86419241911,0,0,1,0,0,0,0,0,0,1,0,1,2,"Africa","Developing"
2016,0,"SLE","Sierra Leone",724,0,0,0,0,0,1,0,0,0,0,0,0,1,0,1,2,"Africa","Developing"
2017,0,"SLE","Sierra Leone",724,0,0,0,0,0,1,0,0,0,0,0,0,1,0,1,2,"Africa","Developing"
2018,125.5863,"SLE","Sierra Leone",724,127.498781725888,172.159979355,174.781704928934,0,0,1,0,0,0,0,0,0,1,0,1,2,"Africa","Developing"
2019,0,"SLE","Sierra Leone",724,0,0,0,0,0,1,0,0,0,0,0,0,1,0,1,2,"Africa","Developing"
2020,0,"SLE","Sierra Leone",724,0,0,0,0,0,1,0,0,0,0,0,0,1,0,1,2,"Africa","Developing"
2021,0,"SLE","Sierra Leone",724,0,0,0,0,0,1,0,0,0,0,0,0,1,0,1,2,"Africa","Developing"
2022,1850.79992,"SLE","Sierra Leone",724,2011.73904347826,2444.3144383456,2656.86351994087,0,0,1,0,0,0,0,0,0,1,0,1,2,"Africa","Developing"
1987,23531,"SOM","Somalia",726,18412.3630672926,31981.68803,25024.7950156494,0,0,1,0,0,0,0,0,0,1,0,1,2,"Africa","Developing"
1988,18237,"SOM","Somalia",726,12125.664893617,24878.36829,16541.4682779255,0,0,1,0,0,0,0,0,0,1,0,1,2,"Africa","Developing"
1989,17558,"SOM","Somalia",726,11353.3785968316,23426.41034,15148.0183252506,0,0,1,0,0,0,0,0,0,1,0,1,2,"Africa","Developing"
1990,28063,"SOM","Somalia",726,21661.9065997684,39317.94678,30349.6308606716,0,0,1,0,0,0,0,0,0,1,0,1,2,"Africa","Developing"
1991,32068,"SOM","Somalia",726,23657.6908889709,45816.51364,33800.4527037993,0,0,1,0,0,0,0,0,0,1,0,1,2,"Africa","Developing"
1992,9988,"SOM","Somalia",726,6859.89010989011,14416.47944,9901.42818681319,0,0,1,0,0,0,0,0,0,1,0,1,2,"Africa","Developing"
1993,9720,"SOM","Somalia",726,6569.78709023319,14540.9256,9828.27009124704,0,0,1,0,0,0,0,0,0,1,0,1,2,"Africa","Developing"
1994,7017,"SOM","Somalia",726,5350.36218070911,10750.88604,8197.39690430804,0,0,1,0,0,0,0,0,0,1,0,1,2,"Africa","Developing"
1995,1622,"SOM","Somalia",726,1409.82181660148,2580.29382,2242.7586440678,0,0,1,0,0,0,0,0,0,1,0,1,2,"Africa","Developing"
1996,2092,"SOM","Somalia",726,1553.77302436126,3303.53996,2453.6095959596,0,0,1,0,0,0,0,0,0,1,0,1,2,"Africa","Developing"
1997,2926,"SOM","Somalia",726,2010.58201058201,4542.08832,3121.06666666667,0,0,1,0,0,0,0,0,0,1,0,1,2,"Africa","Developing"
1998,2246,"SOM","Somalia",726,1631.67453686887,3549.42118,2578.58422084998,0,0,1,0,0,0,0,0,0,1,0,1,2,"Africa","Developing"
1999,2951,"SOM","Somalia",726,1844.83620905226,3988.83719,2493.64665541385,0,0,1,0,0,0,0,0,0,1,0,1,2,"Africa","Developing"
2000,2949,"SOM","Somalia",726,1802.01649862511,4021.81671,2457.57208065994,0,0,1,0,0,0,0,0,0,1,0,1,2,"Africa","Developing"
2001,1962,"SOM","Somalia",726,1169.7370774459,2733.5565,1629.73618315149,0,0,1,0,0,0,0,0,0,1,0,1,2,"Africa","Developing"
2002,2329,"SOM","Somalia",726,1679.40582636285,3305.92234,2383.84939428901,0,0,1,0,0,0,0,0,0,1,0,1,2,"Africa","Developing"
2003,4614,"SOM","Somalia",726,3730.29347562454,6382.26936,5159.8911472229,0,0,1,0,0,0,0,0,0,1,0,1,2,"Africa","Developing"
2004,2481,"SOM","Somalia",726,2192.47083775186,3516.64383,3107.67393955461,0,0,1,0,0,0,0,0,0,1,0,1,2,"Africa","Developing"
2005,0,"SOM","Somalia",726,0,0,0,0,0,1,0,0,0,0,0,0,1,0,1,2,"Africa","Developing"
2006,655,"SOM","Somalia",726,536.753257395722,984.8187,807.029992624764,0,0,1,0,0,0,0,0,0,1,0,1,2,"Africa","Developing"
2007,640,"SOM","Somalia",726,568.636161705909,1005.44,893.327410039982,0,0,1,0,0,0,0,0,0,1,0,1,2,"Africa","Developing"
2008,0,"SOM","Somalia",726,0,0,0,0,0,1,0,0,0,0,0,0,1,0,1,2,"Africa","Developing"
2009,0,"SOM","Somalia",726,0,0,0,0,0,1,0,0,0,0,0,0,1,0,1,2,"Africa","Developing"
2010,0,"SOM","Somalia",726,0,0,0,0,0,1,0,0,0,0,0,0,1,0,1,2,"Africa","Developing"
2011,0,"SOM","Somalia",726,0,0,0,0,0,1,0,0,0,0,0,0,1,0,1,2,"Africa","Developing"
2012,0,"SOM","Somalia",726,0,0,0,0,0,1,0,0,0,0,0,0,1,0,1,2,"Africa","Developing"
2013,0,"SOM","Somalia",726,0,0,0,0,0,1,0,0,0,0,0,0,1,0,1,2,"Africa","Developing"
2014,0,"SOM","Somalia",726,0,0,0,0,0,1,0,0,0,0,0,0,1,0,1,2,"Africa","Developing"
2015,0,"SOM","Somalia",726,0,0,0,0,0,1,0,0,0,0,0,0,1,0,1,2,"Africa","Developing"
2016,0,"SOM","Somalia",726,0,0,0,0,0,1,0,0,0,0,0,0,1,0,1,2,"Africa","Developing"
2017,0,"SOM","Somalia",726,0,0,0,0,0,1,0,0,0,0,0,0,1,0,1,2,"Africa","Developing"
2018,0,"SOM","Somalia",726,0,0,0,0,0,1,0,0,0,0,0,0,1,0,1,2,"Africa","Developing"
2019,0,"SOM","Somalia",726,0,0,0,0,0,1,0,0,0,0,0,0,1,0,1,2,"Africa","Developing"
2020,0,"SOM","Somalia",726,0,0,0,0,0,1,0,0,0,0,0,0,1,0,1,2,"Africa","Developing"
2021,0,"SOM","Somalia",726,0,0,0,0,0,1,0,0,0,0,0,0,1,0,1,2,"Africa","Developing"
2022,0,"SOM","Somalia",726,0,0,0,0,0,1,0,0,0,0,0,0,1,0,1,2,"Africa","Developing"
1987,1058,"NAM","Namibia",728,827.856025039124,1437.95954,1125.16395931142,0,0,1,0,0,0,0,0,0,1,0,1,2,"Africa","Developing"
1987,,"SSD","South Sudan",728,,,,0,0,1,0,0,0,0,0,0,1,0,1,2,"Africa","Developing"
1988,1494,"NAM","Namibia",728,993.351063829787,2038.06998,1355.09972074468,0,0,1,0,0,0,0,0,0,1,0,1,2,"Africa","Developing"
1988,,"SSD","South Sudan",728,,,,0,0,1,0,0,0,0,0,0,1,0,1,2,"Africa","Developing"
1989,3004,"NAM","Namibia",728,1942.45069511801,4008.02692,2591.6759909473,0,0,1,0,0,0,0,0,0,1,0,1,2,"Africa","Developing"
1989,,"SSD","South Sudan",728,,,,0,0,1,0,0,0,0,0,0,1,0,1,2,"Africa","Developing"
1990,4856,"NAM","Namibia",728,3748.35970667696,6803.54736,5251.67685063682,0,0,1,0,0,0,0,0,0,1,0,1,2,"Africa","Developing"
1990,,"SSD","South Sudan",728,,,,0,0,1,0,0,0,0,0,0,1,0,1,2,"Africa","Developing"
1991,6812,"NAM","Namibia",728,5025.45186278126,9732.50876,7180.01383991147,0,0,1,0,0,0,0,0,0,1,0,1,2,"Africa","Developing"
1991,,"SSD","South Sudan",728,,,,0,0,1,0,0,0,0,0,0,1,0,1,2,"Africa","Developing"
1992,7825,"NAM","Namibia",728,5374.31318681319,11294.4485,7757.17616758242,0,0,1,0,0,0,0,0,0,1,0,1,2,"Africa","Developing"
1992,,"SSD","South Sudan",728,,,,0,0,1,0,0,0,0,0,0,1,0,1,2,"Africa","Developing"
1993,5323,"NAM","Namibia",728,3597.83710713079,7963.10154,5382.29235552552,0,0,1,0,0,0,0,0,0,1,0,1,2,"Africa","Developing"
1993,,"SSD","South Sudan",728,,,,0,0,1,0,0,0,0,0,0,1,0,1,2,"Africa","Developing"
1994,13580,"NAM","Namibia",728,10354.5558520778,20806.1896,15864.4221120854,0,0,1,0,0,0,0,0,0,1,0,1,2,"Africa","Developing"
1994,,"SSD","South Sudan",728,,,,0,0,1,0,0,0,0,0,0,1,0,1,2,"Africa","Developing"
1995,7755,"NAM","Namibia",728,6740.54758800521,12336.73155,10722.9305084746,0,0,1,0,0,0,0,0,0,1,0,1,2,"Africa","Developing"
1995,,"SSD","South Sudan",728,,,,0,0,1,0,0,0,0,0,0,1,0,1,2,"Africa","Developing"
1996,7577,"NAM","Namibia",728,5627.59952465835,11965.06801,8886.71123737374,0,0,1,0,0,0,0,0,0,1,0,1,2,"Africa","Developing"
1996,,"SSD","South Sudan",728,,,,0,0,1,0,0,0,0,0,0,1,0,1,2,"Africa","Developing"
1997,10598,"NAM","Namibia",728,7282.34728234728,16451.48736,11304.5333333333,0,0,1,0,0,0,0,0,0,1,0,1,2,"Africa","Developing"
1997,,"SSD","South Sudan",728,,,,0,0,1,0,0,0,0,0,0,1,0,1,2,"Africa","Developing"
1998,2134,"NAM","Namibia",728,1550.30875408645,3372.42422,2449.99943334544,0,0,1,0,0,0,0,0,0,1,0,1,2,"Africa","Developing"
1998,,"SSD","South Sudan",728,,,,0,0,1,0,0,0,0,0,0,1,0,1,2,"Africa","Developing"
1999,2986,"NAM","Namibia",728,1866.71667916979,4036.14634,2523.22226806702,0,0,1,0,0,0,0,0,0,1,0,1,2,"Africa","Developing"
1999,,"SSD","South Sudan",728,,,,0,0,1,0,0,0,0,0,0,1,0,1,2,"Africa","Developing"
2000,6134,"NAM","Namibia",728,3748.24320195539,8365.48786,5111.81659639474,0,0,1,0,0,0,0,0,0,1,0,1,2,"Africa","Developing"
2000,,"SSD","South Sudan",728,,,,0,0,1,0,0,0,0,0,0,1,0,1,2,"Africa","Developing"
2001,6832,"NAM","Namibia",728,4073.21290168724,9518.684,5675.00387527574,0,0,1,0,0,0,0,0,0,1,0,1,2,"Africa","Developing"
2001,,"SSD","South Sudan",728,,,,0,0,1,0,0,0,0,0,0,1,0,1,2,"Africa","Developing"
2002,5907,"NAM","Namibia",728,4259.44620709547,8384.75022,6046.11351312374,0,0,1,0,0,0,0,0,0,1,0,1,2,"Africa","Developing"
2002,,"SSD","South Sudan",728,,,,0,0,1,0,0,0,0,0,0,1,0,1,2,"Africa","Developing"
2003,9987,"NAM","Namibia",728,8074.21780257094,13814.41788,11168.5810332282,0,0,1,0,0,0,0,0,0,1,0,1,2,"Africa","Developing"
2003,,"SSD","South Sudan",728,,,,0,0,1,0,0,0,0,0,0,1,0,1,2,"Africa","Developing"
2004,9054,"NAM","Namibia",728,8001.06044538706,12833.41122,11340.943107105,0,0,1,0,0,0,0,0,0,1,0,1,2,"Africa","Developing"
2004,,"SSD","South Sudan",728,,,,0,0,1,0,0,0,0,0,0,1,0,1,2,"Africa","Developing"
2005,8748,"NAM","Namibia",728,6656.01460853686,12675.852,9644.56516776992,0,0,1,0,0,0,0,0,0,1,0,1,2,"Africa","Developing"
2005,,"SSD","South Sudan",728,,,,0,0,1,0,0,0,0,0,0,1,0,1,2,"Africa","Developing"
2006,9581,"NAM","Namibia",728,7851.34802917315,14405.41674,11804.815815783,0,0,1,0,0,0,0,0,0,1,0,1,2,"Africa","Developing"
2006,,"SSD","South Sudan",728,,,,0,0,1,0,0,0,0,0,0,1,0,1,2,"Africa","Developing"
2007,14429,"NAM","Namibia",728,12820.0799644602,22667.959,20140.345624167,0,0,1,0,0,0,0,0,0,1,0,1,2,"Africa","Developing"
2007,,"SSD","South Sudan",728,,,,0,0,1,0,0,0,0,0,0,1,0,1,2,"Africa","Developing"
2008,10777,"NAM","Namibia",728,10131.616057159,17679.6685,16620.9161417693,0,0,1,0,0,0,0,0,0,1,0,1,2,"Africa","Developing"
2008,,"SSD","South Sudan",728,,,,0,0,1,0,0,0,0,0,0,1,0,1,2,"Africa","Developing"
2009,7689,"NAM","Namibia",728,7461.42649199418,12871.84734,12490.8756331878,0,0,1,0,0,0,0,0,0,1,0,1,2,"Africa","Developing"
2009,,"SSD","South Sudan",728,,,,0,0,1,0,0,0,0,0,0,1,0,1,2,"Africa","Developing"
2010,6457,"NAM","Namibia",728,6872.07322264793,10604.13739,11285.799691358,0,0,1,0,0,0,0,0,0,1,0,1,2,"Africa","Developing"
2010,,"SSD","South Sudan",728,,,,0,0,1,0,0,0,0,0,0,1,0,1,2,"Africa","Developing"
2011,21920,"NAM","Namibia",728,23296.8434477628,37398.5888,39747.676479966,0,0,1,0,0,0,0,0,0,1,0,1,2,"Africa","Developing"
2011,,"SSD","South Sudan",728,,,,0,0,1,0,0,0,0,0,0,1,0,1,2,"Africa","Developing"
2012,17819,"NAM","Namibia",728,19440.3229325769,30836.49226,33642.2564477417,0,0,1,0,0,0,0,0,0,1,0,1,2,"Africa","Developing"
2012,0,"SSD","South Sudan",728,0,0,0,0,0,1,0,0,0,0,0,0,1,0,1,2,"Africa","Developing"
2013,9114,"NAM","Namibia",728,10223.2192933259,14427.64428,16183.5606057207,0,0,1,0,0,0,0,0,0,1,0,1,2,"Africa","Developing"
2013,0,"SSD","South Sudan",728,0,0,0,0,0,1,0,0,0,0,0,0,1,0,1,2,"Africa","Developing"
2014,6226,"NAM","Namibia",728,6294.61126276413,9489.79372,9594.37237893034,0,0,1,0,0,0,0,0,0,1,0,1,2,"Africa","Developing"
2014,0,"SSD","South Sudan",728,0,0,0,0,0,1,0,0,0,0,0,0,1,0,1,2,"Africa","Developing"
2015,9367.10391,"NAM","Namibia",728,9441.69328696704,12585.3598003587,12685.5758495703,0,0,1,0,0,0,0,0,0,1,0,1,2,"Africa","Developing"
2015,0,"SSD","South Sudan",728,0,0,0,0,0,1,0,0,0,0,0,0,1,0,1,2,"Africa","Developing"
2016,3978.03737,"NAM","Namibia",728,3915.39111220472,5311.5152767977,5227.86936692687,0,0,1,0,0,0,0,0,0,1,0,1,2,"Africa","Developing"
2016,0,"SSD","South Sudan",728,0,0,0,0,0,1,0,0,0,0,0,0,1,0,1,2,"Africa","Developing"
2017,1399.23604,"NAM","Namibia",728,1434.67244950272,1893.86598014,1941.82916040193,0,0,1,0,0,0,0,0,0,1,0,1,2,"Africa","Developing"
2017,0,"SSD","South Sudan",728,0,0,0,0,0,1,0,0,0,0,0,0,1,0,1,2,"Africa","Developing"
2018,4299.95949,"NAM","Namibia",728,4365.44110659899,5894.5994668665,5984.36494098122,0,0,1,0,0,0,0,0,0,1,0,1,2,"Africa","Developing"
2018,0,"SSD","South Sudan",728,0,0,0,0,0,1,0,0,0,0,0,0,1,0,1,2,"Africa","Developing"
2019,11089.17571,"NAM","Namibia",728,11452.8021791893,14979.3694408251,15470.5597116706,0,0,1,0,0,0,0,0,0,1,0,1,2,"Africa","Developing"
2019,0,"SSD","South Sudan",728,0,0,0,0,0,1,0,0,0,0,0,0,1,0,1,2,"Africa","Developing"
2020,4366.565,"NAM","Namibia",728,4955.24852473899,5813.4699784,6597.2196758965,0,0,1,0,0,0,0,0,0,1,0,1,2,"Africa","Developing"
2020,0,"SSD","South Sudan",728,0,0,0,0,0,1,0,0,0,0,0,0,1,0,1,2,"Africa","Developing"
2021,680.64,"NAM","Namibia",728,745.743398707133,965.6171616,1057.97870231182,0,0,1,0,0,0,0,0,0,1,0,1,2,"Africa","Developing"
2021,0,"SSD","South Sudan",728,0,0,0,0,0,1,0,0,0,0,0,0,1,0,1,2,"Africa","Developing"
2022,4333.28514,"NAM","Namibia",728,4710.09254347826,5722.8830186952,6220.52502032087,0,0,1,0,0,0,0,0,0,1,0,1,2,"Africa","Developing"
2022,0,"SSD","South Sudan",728,0,0,0,0,0,1,0,0,0,0,0,0,1,0,1,2,"Africa","Developing"
1987,116863,"SDN","Sudan",732,91442.0970266041,158832.00919,124281.697331768,0,0,1,0,0,0,0,0,0,1,0,1,2,"Africa","Developing"
1988,115121,"SDN","Sudan",732,76543.2180851064,157044.61457,104417.96181516,0,0,1,0,0,0,0,0,0,1,0,1,2,"Africa","Developing"
1989,131971,"SDN","Sudan",732,85335.2731975428,176079.66733,113856.881558358,0,0,1,0,0,0,0,0,0,1,0,1,2,"Africa","Developing"
1990,112467,"SDN","Sudan",732,86813.5854882285,157573.01502,121631.042084137,0,0,1,0,0,0,0,0,0,1,0,1,2,"Africa","Developing"
1991,115627,"SDN","Sudan",732,85302.1025451863,165199.76371,121873.672969384,0,0,1,0,0,0,0,0,0,1,0,1,2,"Africa","Developing"
1992,124086,"SDN","Sudan",732,85223.9010989011,179103.25068,123010.474368132,0,0,1,0,0,0,0,0,0,1,0,1,2,"Africa","Developing"
1993,98444,"SDN","Sudan",732,66538.6955052383,147270.25512,99540.5577019263,0,0,1,0,0,0,0,0,0,1,0,1,2,"Africa","Developing"
1994,108339,"SDN","Sudan",732,82606.9386199009,165988.34868,126563.742798323,0,0,1,0,0,0,0,0,0,1,0,1,2,"Africa","Developing"
1995,101740,"SDN","Sudan",732,88431.1169056932,161849.0094,140677.105084746,0,0,1,0,0,0,0,0,0,1,0,1,2,"Africa","Developing"
1996,100580,"SDN","Sudan",732,74702.9114676173,158828.8954,117965.608585859,0,0,1,0,0,0,0,0,0,1,0,1,2,"Africa","Developing"
1997,96663,"SDN","Sudan",732,66421.3564213564,150051.90816,103107.2,0,0,1,0,0,0,0,0,0,1,0,1,2,"Africa","Developing"
1998,117959,"SDN","Sudan",732,85694.8783145659,186414.14647,135426.187046858,0,0,1,0,0,0,0,0,0,1,0,1,2,"Africa","Developing"
1999,132977,"SDN","Sudan",732,83131.407851963,179743.68113,112367.89267942,0,0,1,0,0,0,0,0,0,1,0,1,2,"Africa","Developing"
2000,151582,"SDN","Sudan",732,92625.725633975,206726.01578,126322.038362359,0,0,1,0,0,0,0,0,0,1,0,1,2,"Africa","Developing"
2001,72549,"SDN","Sudan",732,43253.4430334466,101078.89425,60262.8595063495,0,0,1,0,0,0,0,0,0,1,0,1,2,"Africa","Developing"
2002,64321,"SDN","Sudan",732,46380.8768387655,91301.08666,65835.7994375541,0,0,1,0,0,0,0,0,0,1,0,1,2,"Africa","Developing"
2003,57095,"SDN","Sudan",732,46159.7542242703,78976.0878,63850.0184331797,0,0,1,0,0,0,0,0,0,1,0,1,2,"Africa","Developing"
2004,66852,"SDN","Sudan",732,59077.4125132556,94758.03036,83738.0968186638,0,0,1,0,0,0,0,0,0,1,0,1,2,"Africa","Developing"
2005,50427,"SDN","Sudan",732,38367.9525222552,73068.723,55595.1632047478,0,0,1,0,0,0,0,0,0,1,0,1,2,"Africa","Developing"
2006,34539,"SDN","Sudan",732,28303.6958125051,51930.76806,42555.738801934,0,0,1,0,0,0,0,0,0,1,0,1,2,"Africa","Developing"
2007,51909,"SDN","Sudan",732,46120.8351843625,81549.039,72455.8320746335,0,0,1,0,0,0,0,0,0,1,0,1,2,"Africa","Developing"
2008,30966,"SDN","Sudan",732,29111.5916141769,50799.723,47757.5660430573,0,0,1,0,0,0,0,0,0,1,0,1,2,"Africa","Developing"
2009,25306,"SDN","Sudan",732,24557.0111596312,42363.76236,41109.9101018923,0,0,1,0,0,0,0,0,0,1,0,1,2,"Africa","Developing"
2010,22594,"SDN","Sudan",732,24046.4027245636,37105.44838,39490.6858024691,0,0,1,0,0,0,0,0,0,1,0,1,2,"Africa","Developing"
2011,21337,"SDN","Sudan",732,22677.2239345308,36403.90918,38690.5188436603,0,0,1,0,0,0,0,0,0,1,0,1,2,"Africa","Developing"
2012,12397,"SDN","Sudan",732,13524.9836351735,21453.50438,23405.5251800131,0,0,1,0,0,0,0,0,0,1,0,1,2,"Africa","Developing"
2013,13179,"SDN","Sudan",732,14782.9500841279,20862.62058,23401.7056421761,0,0,1,0,0,0,0,0,0,1,0,1,2,"Africa","Developing"
2014,16378,"SDN","Sudan",732,16558.4875139015,24963.67516,25238.777838439,0,0,1,0,0,0,0,0,0,1,0,1,2,"Africa","Developing"
2015,11982.80718,"SDN","Sudan",732,12078.2251587542,16099.7402428326,16227.9409765473,0,0,1,0,0,0,0,0,0,1,0,1,2,"Africa","Developing"
2016,3807.0435,"SDN","Sudan",732,3747.09005905512,5083.202551635,5003.15211775098,0,0,1,0,0,0,0,0,0,1,0,1,2,"Africa","Developing"
2017,2429.86521,"SDN","Sudan",732,2491.40286065826,3288.822561735,3372.11377190095,0,0,1,0,0,0,0,0,0,1,0,1,2,"Africa","Developing"
2018,0,"SDN","Sudan",732,0,0,0,0,0,1,0,0,0,0,0,0,1,0,1,2,"Africa","Developing"
2019,0,"SDN","Sudan",732,0,0,0,0,0,1,0,0,0,0,0,0,1,0,1,2,"Africa","Developing"
2020,0,"SDN","Sudan",732,0,0,0,0,0,1,0,0,0,0,0,0,1,0,1,2,"Africa","Developing"
2021,0,"SDN","Sudan",732,0,0,0,0,0,1,0,0,0,0,0,0,1,0,1,2,"Africa","Developing"
2022,0,"SDN","Sudan",732,0,0,0,0,0,1,0,0,0,0,0,0,1,0,1,2,"Africa","Developing"
1987,136,"SWZ","Swaziland",734,106.41627543036,184.84168,144.633552425665,0,0,1,0,0,0,0,0,0,1,0,1,2,"Africa","Developing"
1988,175,"SWZ","Swaziland",734,116.356382978723,238.72975,158.729886968085,0,0,1,0,0,0,0,0,0,1,0,1,2,"Africa","Developing"
1989,154,"SWZ","Swaziland",734,99.5796960879405,205.47142,132.862217911413,0,0,1,0,0,0,0,0,0,1,0,1,2,"Africa","Developing"
1990,6468,"SWZ","Swaziland",734,4992.66692396758,9062.05608,6995.02592049402,0,0,1,0,0,0,0,0,0,1,0,1,2,"Africa","Developing"
1991,20568,"SWZ","Swaziland",734,15173.7366285504,29386.11864,21679.1727333087,0,0,1,0,0,0,0,0,0,1,0,1,2,"Africa","Developing"
1992,10700,"SWZ","Swaziland",734,7348.9010989011,15444.166,10607.2568681319,0,0,1,0,0,0,0,0,0,1,0,1,2,"Africa","Developing"
1993,9468,"SWZ","Swaziland",734,6399.4592767827,14163.93864,9573.46308888138,0,0,1,0,0,0,0,0,0,1,0,1,2,"Africa","Developing"
1994,12890,"SWZ","Swaziland",734,9828.44071673656,19749.0268,15058.3505909264,0,0,1,0,0,0,0,0,0,1,0,1,2,"Africa","Developing"
1995,7782,"SWZ","Swaziland",734,6764.01564537158,12379.68342,10760.2637288136,0,0,1,0,0,0,0,0,0,1,0,1,2,"Africa","Developing"
1996,4128,"SWZ","Swaziland",734,3065.95365418895,6518.64864,4841.53939393939,0,0,1,0,0,0,0,0,0,1,0,1,2,"Africa","Developing"
1997,13151,"SWZ","Swaziland",734,9036.62475091047,20414.56032,14027.7333333333,0,0,1,0,0,0,0,0,0,1,0,1,2,"Africa","Developing"
1998,7814,"SWZ","Swaziland",734,5676.71630948057,12348.69862,8971.08508536142,0,0,1,0,0,0,0,0,0,1,0,1,2,"Africa","Developing"
1999,2557,"SWZ","Swaziland",734,1598.52463115779,3456.27133,2160.70975868967,0,0,1,0,0,0,0,0,0,1,0,1,2,"Africa","Developing"
2000,14120,"SWZ","Swaziland",734,8628.16987473266,19256.7148,11767.0117934617,0,0,1,0,0,0,0,0,0,1,0,1,2,"Africa","Developing"
2001,5509,"SWZ","Swaziland",734,3284.4452393728,7675.41425,4576.05332975616,0,0,1,0,0,0,0,0,0,1,0,1,2,"Africa","Developing"
2002,10437,"SWZ","Swaziland",734,7525.95904239977,14814.90402,10682.7978223248,0,0,1,0,0,0,0,0,0,1,0,1,2,"Africa","Developing"
2003,15172,"SWZ","Swaziland",734,12266.1492440779,20986.51728,16967.0282803784,0,0,1,0,0,0,0,0,0,1,0,1,2,"Africa","Developing"
2004,3275,"SWZ","Swaziland",734,2894.13220219159,4642.08325,4102.22980735242,0,0,1,0,0,0,0,0,0,1,0,1,2,"Africa","Developing"
2005,3433,"SWZ","Swaziland",734,2612.03682568668,4974.417,3784.84136042,0,0,1,0,0,0,0,0,0,1,0,1,2,"Africa","Developing"
2006,2454,"SWZ","Swaziland",734,2010.98090633451,3689.68716,3023.59023191019,0,0,1,0,0,0,0,0,0,1,0,1,2,"Africa","Developing"
2007,3845,"SWZ","Swaziland",734,3416.25944024878,6040.495,5366.94358063083,0,0,1,0,0,0,0,0,0,1,0,1,2,"Africa","Developing"
2008,5181,"SWZ","Swaziland",734,4870.73422957601,8499.4305,7990.43950361944,0,0,1,0,0,0,0,0,0,1,0,1,2,"Africa","Developing"
2009,3029,"SWZ","Swaziland",734,2939.34983017952,5070.72774,4920.64797671034,0,0,1,0,0,0,0,0,0,1,0,1,2,"Africa","Developing"
2010,2241,"SWZ","Swaziland",734,2385.05747126437,3680.32707,3916.90833333333,0,0,1,0,0,0,0,0,0,1,0,1,2,"Africa","Developing"
2011,447,"SWZ","Swaziland",734,475.077053884579,762.64458,810.547964714635,0,0,1,0,0,0,0,0,0,1,0,1,2,"Africa","Developing"
2012,716,"SWZ","Swaziland",734,781.14771983417,1239.06664,1351.80737508182,0,0,1,0,0,0,0,0,0,1,0,1,2,"Africa","Developing"
2013,63,"SWZ","Swaziland",734,70.6674144699944,99.73026,111.867930454291,0,0,1,0,0,0,0,0,0,1,0,1,2,"Africa","Developing"
2014,0,"SWZ","Swaziland",734,0,0,0,0,0,1,0,0,0,0,0,0,1,0,1,2,"Africa","Developing"
2015,0,"SWZ","Swaziland",734,0,0,0,0,0,1,0,0,0,0,0,0,1,0,1,2,"Africa","Developing"
2016,0,"SWZ","Swaziland",734,0,0,0,0,0,1,0,0,0,0,0,0,1,0,1,2,"Africa","Developing"
2017,0,"SWZ","Swaziland",734,0,0,0,0,0,1,0,0,0,0,0,0,1,0,1,2,"Africa","Developing"
2018,1884.8496,"SWZ","Swaziland",734,1913.55289340102,2583.84607416,2623.19398391878,0,0,1,0,0,0,0,0,0,1,0,1,2,"Africa","Developing"
2019,944.14125,"SWZ","Swaziland",734,975.100697134005,1275.3554419125,1317.17577269558,0,0,1,0,0,0,0,0,0,1,0,1,2,"Africa","Developing"
2020,0,"SWZ","Swaziland",734,0,0,0,0,0,1,0,0,0,0,0,0,1,0,1,2,"Africa","Developing"
2021,0,"SWZ","Swaziland",734,0,0,0,0,0,1,0,0,0,0,0,0,1,0,1,2,"Africa","Developing"
2022,0,"SWZ","Swaziland",734,0,0,0,0,0,1,0,0,0,0,0,0,1,0,1,2,"Africa","Developing"
1987,28463,"TZA","United Republic of Tanzania",738,22271.5179968701,38684.91719,30269.8882550861,0,0,1,0,0,0,0,0,0,1,0,1,2,"Africa","Developing"
1988,18225,"TZA","United Republic of Tanzania",738,12117.6861702128,24861.99825,16530.5839428192,0,0,1,0,0,0,0,0,0,1,0,1,2,"Africa","Developing"
1989,32498,"TZA","United Republic of Tanzania",738,21013.9023601681,43359.80654,28037.3789460071,0,0,1,0,0,0,0,0,0,1,0,1,2,"Africa","Developing"
1990,31388,"TZA","United Republic of Tanzania",738,24228.4832111154,43976.47128,33945.5586877653,0,0,1,0,0,0,0,0,0,1,0,1,2,"Africa","Developing"
1991,19996,"TZA","United Republic of Tanzania",738,14751.7521209886,28568.88508,21076.27080782,0,0,1,0,0,0,0,0,0,1,0,1,2,"Africa","Developing"
1992,33211,"TZA","United Republic of Tanzania",738,22809.7527472527,47936.09318,32923.1409203297,0,0,1,0,0,0,0,0,0,1,0,1,2,"Africa","Developing"
1993,13486,"TZA","United Republic of Tanzania",738,9115.24163568773,20174.78628,13636.2191821561,0,0,1,0,0,0,0,0,0,1,0,1,2,"Africa","Developing"
1994,22959,"TZA","United Republic of Tanzania",738,17505.9092642013,35175.94308,26821.1537018681,0,0,1,0,0,0,0,0,0,1,0,1,2,"Africa","Developing"
1995,14015,"TZA","United Republic of Tanzania",738,12181.6601477618,22295.20215,19378.706779661,0,0,1,0,0,0,0,0,0,1,0,1,2,"Africa","Developing"
1996,20563,"TZA","United Republic of Tanzania",738,15272.5787284611,32471.65019,24117.3872474747,0,0,1,0,0,0,0,0,0,1,0,1,2,"Africa","Developing"
1997,70139,"TZA","United Republic of Tanzania",738,48195.5610527039,108878.17248,74814.9333333333,0,0,1,0,0,0,0,0,0,1,0,1,2,"Africa","Developing"
1998,79903,"TZA","United Republic of Tanzania",738,58047.9476934254,126273.10799,91734.9131783509,0,0,1,0,0,0,0,0,0,1,0,1,2,"Africa","Developing"
1999,59074,"TZA","United Republic of Tanzania",738,36930.4826206552,79849.73506,49918.5640535134,0,0,1,0,0,0,0,0,0,1,0,1,2,"Africa","Developing"
2000,80532,"TZA","United Republic of Tanzania",738,49209.8991750687,109828.73628,67111.968395967,0,0,1,0,0,0,0,0,0,1,0,1,2,"Africa","Developing"
2001,71392,"TZA","United Republic of Tanzania",738,42563.6439515889,99466.904,59301.7969355512,0,0,1,0,0,0,0,0,0,1,0,1,2,"Africa","Developing"
2002,66925,"TZA","United Republic of Tanzania",738,48258.5809056821,94997.3605,68501.1252523796,0,0,1,0,0,0,0,0,0,1,0,1,2,"Africa","Developing"
2003,68944,"TZA","United Republic of Tanzania",738,55739.3483709273,95366.09856,77100.8962406015,0,0,1,0,0,0,0,0,0,1,0,1,2,"Africa","Developing"
2004,77149,"TZA","United Republic of Tanzania",738,68176.9176387416,109353.30707,96636.0083686815,0,0,1,0,0,0,0,0,0,1,0,1,2,"Africa","Developing"
2005,83155,"TZA","United Republic of Tanzania",738,63269.4209845545,120491.595,91677.3910066195,0,0,1,0,0,0,0,0,0,1,0,1,2,"Africa","Developing"
2006,178606,"TZA","United Republic of Tanzania",738,146362.369909039,268541.26524,220061.677653036,0,0,1,0,0,0,0,0,0,1,0,1,2,"Africa","Developing"
2007,156076,"TZA","United Republic of Tanzania",738,138672.589960018,245195.396,217854.638827188,0,0,1,0,0,0,0,0,0,1,0,1,2,"Africa","Developing"
2008,115611,"TZA","United Republic of Tanzania",738,108687.599887186,189659.8455,178302.007614929,0,0,1,0,0,0,0,0,0,1,0,1,2,"Africa","Developing"
2009,90515,"TZA","United Republic of Tanzania",738,87836.0019408054,151527.5409,147042.737409025,0,0,1,0,0,0,0,0,0,1,0,1,2,"Africa","Developing"
2010,51127,"TZA","United Republic of Tanzania",738,54413.5802469136,83964.33829,89361.7904320988,0,0,1,0,0,0,0,0,0,1,0,1,2,"Africa","Developing"
2011,37762,"TZA","United Republic of Tanzania",738,40133.9143373366,64427.25868,68474.0766075035,0,0,1,0,0,0,0,0,0,1,0,1,2,"Africa","Developing"
2012,30897,"TZA","United Republic of Tanzania",738,33708.2696923413,53468.49438,58333.5090333842,0,0,1,0,0,0,0,0,0,1,0,1,2,"Africa","Developing"
2013,13411,"TZA","United Republic of Tanzania",738,15043.1856421761,21229.88122,23813.6637352776,0,0,1,0,0,0,0,0,0,1,0,1,2,"Africa","Developing"
2014,10224,"TZA","United Republic of Tanzania",738,10336.669699727,15583.62528,15755.3586897179,0,0,1,0,0,0,0,0,0,1,0,1,2,"Africa","Developing"
2015,7699.95281,"TZA","United Republic of Tanzania",738,7761.2668178611,10345.4255969317,10427.8052584736,0,0,1,0,0,0,0,0,0,1,0,1,2,"Africa","Developing"
2016,4449.84901,"TZA","United Republic of Tanzania",738,4379.7726476378,5941.4828966421,5847.91623685246,0,0,1,0,0,0,0,0,0,1,0,1,2,"Africa","Developing"
2017,2446.74985,"TZA","United Republic of Tanzania",738,2508.71511329847,3311.675921975,3395.54590584948,0,0,1,0,0,0,0,0,0,1,0,1,2,"Africa","Developing"
2018,11719.77719,"TZA","United Republic of Tanzania",738,11898.2509543147,16066.0565609115,16310.7173207223,0,0,1,0,0,0,0,0,0,1,0,1,2,"Africa","Developing"
2019,4615.96005,"TZA","United Republic of Tanzania",738,4767.32254066615,6235.2849951405,6439.74696115724,0,0,1,0,0,0,0,0,0,1,0,1,2,"Africa","Developing"
2020,3368.27975,"TZA","United Republic of Tanzania",738,3822.37829096686,4484.39292796,5088.96156146164,0,0,1,0,0,0,0,0,0,1,0,1,2,"Africa","Developing"
2021,1116.171,"TZA","United Republic of Tanzania",738,1222.9330557686,1583.50063599,1734.96289688835,0,0,1,0,0,0,0,0,0,1,0,1,2,"Africa","Developing"
2022,5866.03176,"TZA","United Republic of Tanzania",738,6376.12147826087,7747.1508247968,8420.81611390956,0,0,1,0,0,0,0,0,0,1,0,1,2,"Africa","Developing"
1987,29575,"TGO","Togo",742,23141.627543036,40196.26975,31452.4802425665,0,0,1,0,0,0,0,0,0,1,0,1,2,"Africa","Developing"
1988,34734,"TGO","Togo",742,23094.414893617,47383.08078,31504.7079654255,0,0,1,0,0,0,0,0,0,1,0,1,2,"Africa","Developing"
1989,42900,"TGO","Togo",742,27740.0581959263,57238.467,37011.6178467507,0,0,1,0,0,0,0,0,0,1,0,1,2,"Africa","Developing"
1990,42236,"TGO","Togo",742,32602.0841373987,59175.17016,45677.4760015438,0,0,1,0,0,0,0,0,0,1,0,1,2,"Africa","Developing"
1991,36871,"TGO","Togo",742,27201.0328292143,52678.70383,38862.9316340834,0,0,1,0,0,0,0,0,0,1,0,1,2,"Africa","Developing"
1992,30358,"TGO","Togo",742,20850.2747252747,43818.13004,30094.869532967,0,0,1,0,0,0,0,0,0,1,0,1,2,"Africa","Developing"
1993,24065,"TGO","Togo",742,16265.6302805002,36000.7587,24333.0575870226,0,0,1,0,0,0,0,0,0,1,0,1,2,"Africa","Developing"
1994,25266,"TGO","Togo",742,19264.9637819291,38710.54392,29516.2363095692,0,0,1,0,0,0,0,0,0,1,0,1,2,"Africa","Developing"
1995,23565,"TGO","Togo",742,20482.3989569752,37487.43765,32583.6050847458,0,0,1,0,0,0,0,0,0,1,0,1,2,"Africa","Developing"
1996,26261,"TGO","Togo",742,19504.6048722519,41469.53293,30800.3066919192,0,0,1,0,0,0,0,0,0,1,0,1,2,"Africa","Developing"
1997,33091,"TGO","Togo",742,22738.2670239813,51367.82112,35297.0666666667,0,0,1,0,0,0,0,0,0,1,0,1,2,"Africa","Developing"
1998,33306,"TGO","Togo",742,24196.1496549219,52634.47098,38237.9011841627,0,0,1,0,0,0,0,0,0,1,0,1,2,"Africa","Developing"
1999,18545,"TGO","Togo",742,11593.5233808452,25067.09105,15670.8496186547,0,0,1,0,0,0,0,0,0,1,0,1,2,"Africa","Developing"
2000,19292,"TGO","Togo",742,11788.5731744577,26310.23668,16077.1382095936,0,0,1,0,0,0,0,0,0,1,0,1,2,"Africa","Developing"
2001,22642,"TGO","Togo",742,13499.0758957849,31545.9665,18807.5874918023,0,0,1,0,0,0,0,0,0,1,0,1,2,"Africa","Developing"
2002,20861,"TGO","Togo",742,15042.5439861552,29611.35506,21352.2894865878,0,0,1,0,0,0,0,0,0,1,0,1,2,"Africa","Developing"
2003,23422,"TGO","Togo",742,18936.0498019242,32398.24728,26193.1015280136,0,0,1,0,0,0,0,0,0,1,0,1,2,"Africa","Developing"
2004,29534,"TGO","Togo",742,26099.3283845882,41862.37762,36993.9710321668,0,0,1,0,0,0,0,0,0,1,0,1,2,"Africa","Developing"
2005,48198,"TGO","Togo",742,36671.9926957316,69838.902,53137.717416115,0,0,1,0,0,0,0,0,0,1,0,1,2,"Africa","Developing"
2006,37013,"TGO","Togo",742,30331.0661312792,55650.52602,45603.9711710235,0,0,1,0,0,0,0,0,0,1,0,1,2,"Africa","Developing"
2007,50758,"TGO","Togo",742,45098.1785872945,79740.818,70849.2385606397,0,0,1,0,0,0,0,0,0,1,0,1,2,"Africa","Developing"
2008,35037,"TGO","Togo",742,32938.7985334211,57478.1985,54036.0989940773,0,0,1,0,0,0,0,0,0,1,0,1,2,"Africa","Developing"
2009,11803,"TGO","Togo",742,11453.6632702572,19758.93018,19174.1195342067,0,0,1,0,0,0,0,0,0,1,0,1,2,"Africa","Developing"
2010,1242,"TGO","Togo",742,1321.83908045977,2039.69934,2170.81666666667,0,0,1,0,0,0,0,0,0,1,0,1,2,"Africa","Developing"
2011,3270,"TGO","Togo",742,3475.3958975449,5579.0778,5929.51195663726,0,0,1,0,0,0,0,0,0,1,0,1,2,"Africa","Developing"
2012,2356,"TGO","Togo",742,2570.36875409121,4077.15224,4448.125943705,0,0,1,0,0,0,0,0,0,1,0,1,2,"Africa","Developing"
2013,7966,"TGO","Togo",742,8935.50196298374,12610.33732,14145.0783174425,0,0,1,0,0,0,0,0,0,1,0,1,2,"Africa","Developing"
2014,1503,"TGO","Togo",742,1519.56323930846,2290.90266,2316.14868061874,0,0,1,0,0,0,0,0,0,1,0,1,2,"Africa","Developing"
2015,0,"TGO","Togo",742,0,0,0,0,0,1,0,0,0,0,0,0,1,0,1,2,"Africa","Developing"
2016,2922.01294,"TGO","Togo",742,2875.99698818898,3901.5008976174,3840.0599385998,0,0,1,0,0,0,0,0,0,1,0,1,2,"Africa","Developing"
2017,9970.23197,"TGO","Togo",742,10222.7334871322,13494.708971395,13836.4697748334,0,0,1,0,0,0,0,0,0,1,0,1,2,"Africa","Developing"
2018,11214.1124,"TGO","Togo",742,11384.8856852792,15372.86598354,15606.970541665,0,0,1,0,0,0,0,0,0,1,0,1,2,"Africa","Developing"
2019,3736.09224,"TGO","Togo",742,3858.60288148722,5046.7507587144,5212.23935834175,0,0,1,0,0,0,0,0,0,1,0,1,2,"Africa","Developing"
2020,3541.20139,"TGO","Togo",742,4018.61256241489,4714.6138825904,5350.22002109669,0,0,1,0,0,0,0,0,0,1,0,1,2,"Africa","Developing"
2021,1528.13489,"TGO","Togo",742,1674.30140243234,2167.9496870941,2375.31465661674,0,0,1,0,0,0,0,0,0,1,0,1,2,"Africa","Developing"
2022,740.43379,"TGO","Togo",742,804.819336956522,977.8760977772,1062.90880193174,0,0,1,0,0,0,0,0,0,1,0,1,2,"Africa","Developing"
1987,149667,"TUN","Tunisia",744,117110.328638498,203416.90971,159168.160962441,0,0,1,0,0,0,0,0,0,1,0,1,2,"Africa","Developing"
1988,164227,"TUN","Tunisia",744,109193.484042553,224033.54659,148958.47512633,0,0,1,0,0,0,0,0,0,1,0,1,2,"Africa","Developing"
1989,233017,"TUN","Tunisia",744,150673.779502102,310898.27191,201033.476825089,0,0,1,0,0,0,0,0,0,1,0,1,2,"Africa","Developing"
1990,209873,"TUN","Tunisia",744,162001.54380548,294044.66538,226973.882964107,0,0,1,0,0,0,0,0,0,1,0,1,2,"Africa","Developing"
1991,214567,"TUN","Tunisia",744,158293.618590926,306558.30991,226158.841689414,0,0,1,0,0,0,0,0,0,1,0,1,2,"Africa","Developing"
1992,278500,"TUN","Tunisia",744,191277.472527473,401981.33,276086.078296703,0,0,1,0,0,0,0,0,0,1,0,1,2,"Africa","Developing"
1993,226900,"TUN","Tunisia",744,153362.622507604,339437.862,229427.416018925,0,0,1,0,0,0,0,0,0,1,0,1,2,"Africa","Developing"
1994,191442,"TUN","Tunisia",744,145971.788028974,293312.11704,223646.295874952,0,0,1,0,0,0,0,0,0,1,0,1,2,"Africa","Developing"
1995,274572,"TUN","Tunisia",744,238654.498044329,436791.88332,379653.962033898,0,0,1,0,0,0,0,0,0,1,0,1,2,"Africa","Developing"
1996,299361,"TUN","Tunisia",744,222341.800356506,472729.93593,351106.60719697,0,0,1,0,0,0,0,0,0,1,0,1,2,"Africa","Developing"
1997,319575,"TUN","Tunisia",744,219593.898165327,496082.664,340880,0,0,1,0,0,0,0,0,0,1,0,1,2,"Africa","Developing"
1998,319018,"TUN","Tunisia",744,231760.261532873,504153.71594,366257.694108246,0,0,1,0,0,0,0,0,0,1,0,1,2,"Africa","Developing"
1999,381879,"TUN","Tunisia",744,238734.058514629,516182.02551,322694.439553638,0,0,1,0,0,0,0,0,0,1,0,1,2,"Africa","Developing"
2000,352195,"TUN","Tunisia",744,215212.343415826,480320.01905,293504.44182707,0,0,1,0,0,0,0,0,0,1,0,1,2,"Africa","Developing"
2001,297236,"TUN","Tunisia",744,177210.993859178,414124.057,246899.2171943,0,0,1,0,0,0,0,0,0,1,0,1,2,"Africa","Developing"
2002,251992,"TUN","Tunisia",744,181707.528122296,357692.56432,257926.567868474,0,0,1,0,0,0,0,0,0,1,0,1,2,"Africa","Developing"
2003,229980,"TUN","Tunisia",744,185932.573368906,318117.5352,257189.372786806,0,0,1,0,0,0,0,0,0,1,0,1,2,"Africa","Developing"
2004,258596,"TUN","Tunisia",744,228522.446094026,366541.72828,323914.570767055,0,0,1,0,0,0,0,0,0,1,0,1,2,"Africa","Developing"
2005,278866,"TUN","Tunisia",744,212178.345887545,404076.834,307446.423191052,0,0,1,0,0,0,0,0,0,1,0,1,2,"Africa","Developing"
2006,337686,"TUN","Tunisia",744,276723.756453331,507724.40844,416065.236777842,0,0,1,0,0,0,0,0,0,1,0,1,2,"Africa","Developing"
2007,371857,"TUN","Tunisia",744,330392.714349178,584187.347,519046.954242559,0,0,1,0,0,0,0,0,0,1,0,1,2,"Africa","Developing"
2008,338981,"TUN","Tunisia",744,318681.019084328,556098.3305,522796.211807841,0,0,1,0,0,0,0,0,0,1,0,1,2,"Africa","Developing"
2009,190758,"TUN","Tunisia",744,185112.081513828,319340.33748,309888.731179039,0,0,1,0,0,0,0,0,0,1,0,1,2,"Africa","Developing"
2010,196687,"TUN","Tunisia",744,209330.566198382,323013.15949,343777.308950617,0,0,1,0,0,0,0,0,0,1,0,1,2,"Africa","Developing"
2011,170306,"TUN","Tunisia",744,181003.294717823,290565.87884,308816.961249867,0,0,1,0,0,0,0,0,0,1,0,1,2,"Africa","Developing"
2012,139533,"TUN","Tunisia",744,152228.889373773,241467.43782,263438.182216889,0,0,1,0,0,0,0,0,0,1,0,1,2,"Africa","Developing"
2013,109955,"TUN","Tunisia",744,123337.072349972,174060.9641,195245.052271453,0,0,1,0,0,0,0,0,0,1,0,1,2,"Africa","Developing"
2014,94886,"TUN","Tunisia",744,95931.6550399353,144627.13892,146220.94724497,0,0,1,0,0,0,0,0,0,1,0,1,2,"Africa","Developing"
2015,101288.58039,"TUN","Tunisia",744,102095.131932265,136088.297954592,137171.956410233,0,0,1,0,0,0,0,0,0,1,0,1,2,"Africa","Developing"
2016,84369.07206,"TUN","Tunisia",744,83040.4252559055,112650.428705233,110876.406205938,0,0,1,0,0,0,0,0,0,1,0,1,2,"Africa","Developing"
2017,55321.90171,"TUN","Tunisia",744,56722.9587921665,74878.193964485,76774.5247251974,0,0,1,0,0,0,0,0,0,1,0,1,2,"Africa","Developing"
2018,236536.14139,"TUN","Tunisia",744,240138.214609137,324255.569424481,329193.471496936,0,0,1,0,0,0,0,0,0,1,0,1,2,"Africa","Developing"
2019,302056.02636,"TUN","Tunisia",744,311960.78116189,408020.300967352,421399.742801293,0,0,1,0,0,0,0,0,0,1,0,1,2,"Africa","Developing"
2020,25958.36398,"TUN","Tunisia",744,29457.97092601,34559.9274684128,39219.1641720527,0,0,1,0,0,0,0,0,0,1,0,1,2,"Africa","Developing"
2021,53252.444107,"TUN","Tunisia",744,58346.054680618,75548.7099301598,82774.9643148459,0,0,1,0,0,0,0,0,0,1,0,1,2,"Africa","Developing"
2022,65913.834313,"TUN","Tunisia",744,71645.4720793478,87051.0827004928,94620.7420657531,0,0,1,0,0,0,0,0,0,1,0,1,2,"Africa","Developing"
1987,20346,"UGA","Uganda",746,15920.1877934272,27652.85898,21637.6048356807,0,0,1,0,0,0,0,0,0,1,0,1,2,"Africa","Developing"
1988,28334,"UGA","Uganda",746,18839.0957446808,38652.39278,25699.7292420213,0,0,1,0,0,0,0,0,0,1,0,1,2,"Africa","Developing"
1989,32383,"UGA","Uganda",746,20939.5408988037,43206.37009,27938.1636534109,0,0,1,0,0,0,0,0,0,1,0,1,2,"Africa","Developing"
1990,31916,"UGA","Uganda",746,24636.0478579699,44716.23096,34516.5812118873,0,0,1,0,0,0,0,0,0,1,0,1,2,"Africa","Developing"
1991,29834,"UGA","Uganda",746,22009.59055699,42624.73082,31445.7623164884,0,0,1,0,0,0,0,0,0,1,0,1,2,"Africa","Developing"
1992,28122,"UGA","Uganda",746,19314.5604395604,40590.73236,27878.2502472527,0,0,1,0,0,0,0,0,0,1,0,1,2,"Africa","Developing"
1993,30921,"UGA","Uganda",746,20899.6282527881,46257.19758,31265.4258736059,0,0,1,0,0,0,0,0,0,1,0,1,2,"Africa","Developing"
1994,35613,"UGA","Uganda",746,27154.4033549371,54563.38956,41603.8044681662,0,0,1,0,0,0,0,0,0,1,0,1,2,"Africa","Developing"
1995,30269,"UGA","Uganda",746,26309.430682312,48152.22789,41853.3054237288,0,0,1,0,0,0,0,0,0,1,0,1,2,"Africa","Developing"
1996,32439,"UGA","Uganda",746,24093.137254902,51225.39807,38046.1958333333,0,0,1,0,0,0,0,0,0,1,0,1,2,"Africa","Developing"
1997,42438,"UGA","Uganda",746,29160.9977324263,65877.35616,45267.2,0,0,1,0,0,0,0,0,0,1,0,1,2,"Africa","Developing"
1998,51203,"UGA","Uganda",746,37197.9658554304,80917.63699,58785.0613803124,0,0,1,0,0,0,0,0,0,1,0,1,2,"Africa","Developing"
1999,22346,"UGA","Uganda",746,13969.7424356089,30204.86474,18882.7611527882,0,0,1,0,0,0,0,0,0,1,0,1,2,"Africa","Developing"
2000,26138,"UGA","Uganda",746,15971.8912312863,35646.74302,21782.3055423159,0,0,1,0,0,0,0,0,0,1,0,1,2,"Africa","Developing"
2001,20028,"UGA","Uganda",746,11940.618851726,27904.011,16636.2672151672,0,0,1,0,0,0,0,0,0,1,0,1,2,"Africa","Developing"
2002,12387,"UGA","Uganda",746,8932.07383905394,17582.85102,12678.7215315835,0,0,1,0,0,0,0,0,0,1,0,1,2,"Africa","Developing"
2003,18450,"UGA","Uganda",746,14916.3230657288,25520.778,20632.8547174388,0,0,1,0,0,0,0,0,0,1,0,1,2,"Africa","Developing"
2004,19822,"UGA","Uganda",746,17516.7903852952,28096.29746,24828.8241958289,0,0,1,0,0,0,0,0,0,1,0,1,2,"Africa","Developing"
2005,24533,"UGA","Uganda",746,18666.2101498897,35548.317,27047.3385071901,0,0,1,0,0,0,0,0,0,1,0,1,2,"Africa","Developing"
2006,22738,"UGA","Uganda",746,18633.1230025404,34187.49252,28015.6457592395,0,0,1,0,0,0,0,0,0,1,0,1,2,"Africa","Developing"
2007,20288,"UGA","Uganda",746,18025.7663260773,31872.448,28318.4788982674,0,0,1,0,0,0,0,0,0,1,0,1,2,"Africa","Developing"
2008,8886,"UGA","Uganda",746,8353.85917081884,14577.483,13704.5059697283,0,0,1,0,0,0,0,0,0,1,0,1,2,"Africa","Developing"
2009,70672,"UGA","Uganda",746,68580.3008248423,118309.16832,114807.538398836,0,0,1,0,0,0,0,0,0,1,0,1,2,"Africa","Developing"
2010,7160,"UGA","Uganda",746,7620.26394210302,11758.6532,12514.5308641975,0,0,1,0,0,0,0,0,0,1,0,1,2,"Africa","Developing"
2011,7810,"UGA","Uganda",746,8300.56329046657,13324.9534,14161.9230523966,0,0,1,0,0,0,0,0,0,1,0,1,2,"Africa","Developing"
2012,5451,"UGA","Uganda",746,5946.9779620336,9433.17354,10291.4832424176,0,0,1,0,0,0,0,0,0,1,0,1,2,"Africa","Developing"
2013,2220,"UGA","Uganda",746,2490.18508132361,3514.3044,3942.0127874369,0,0,1,0,0,0,0,0,0,1,0,1,2,"Africa","Developing"
2014,16625,"UGA","Uganda",746,16808.2094833687,25340.1575,25619.4090587403,0,0,1,0,0,0,0,0,0,1,0,1,2,"Africa","Developing"
2015,8945.26053,"UGA","Uganda",746,9016.49080737829,12018.5836902921,12114.2865540692,0,0,1,0,0,0,0,0,0,1,0,1,2,"Africa","Developing"
2016,10427.5966,"UGA","Uganda",746,10263.382480315,13923.031256286,13703.7709215413,0,0,1,0,0,0,0,0,0,1,0,1,2,"Africa","Developing"
2017,9905.14559,"UGA","Uganda",746,10155.9987593561,13406.614556065,13746.1443207885,0,0,1,0,0,0,0,0,0,1,0,1,2,"Africa","Developing"
2018,10308.57136,"UGA","Uganda",746,10465.554680203,14131.505048856,14346.7056333563,0,0,1,0,0,0,0,0,0,1,0,1,2,"Africa","Developing"
2019,26638.84299,"UGA","Uganda",746,27512.3604337723,35984.0154993219,37163.9715975439,0,0,1,0,0,0,0,0,0,1,0,1,2,"Africa","Developing"
2020,6143.54315,"UGA","Uganda",746,6971.79204493872,8179.267608184,9281.96505694962,0,0,1,0,0,0,0,0,0,1,0,1,2,"Africa","Developing"
2021,9967.95868,"UGA","Uganda",746,10921.3966034842,14141.4432997292,15494.076147397,0,0,1,0,0,0,0,0,0,1,0,1,2,"Africa","Developing"
2022,23628.22651,"UGA","Uganda",746,25682.8549021739,31205.3261872268,33918.832812203,0,0,1,0,0,0,0,0,0,1,0,1,2,"Africa","Developing"
1987,,"BFA","Burkina Faso",748,,,,0,0,1,0,0,0,0,0,0,1,0,1,2,"Africa","Developing"
1988,,"BFA","Burkina Faso",748,,,,0,0,1,0,0,0,0,0,0,1,0,1,2,"Africa","Developing"
1989,14279,"BFA","Burkina Faso",748,9233.10701584222,19051.47017,12319.0883737472,0,0,1,0,0,0,0,0,0,1,0,1,2,"Africa","Developing"
1990,5764,"BFA","Burkina Faso",748,4449.24739482825,8075.70984,6233.66255499807,0,0,1,0,0,0,0,0,0,1,0,1,2,"Africa","Developing"
1991,7068,"BFA","Burkina Faso",748,5214.31206196975,10098.26364,7449.84407229805,0,0,1,0,0,0,0,0,0,1,0,1,2,"Africa","Developing"
1992,5637,"BFA","Burkina Faso",748,3871.56593406593,8136.33306,5588.14083791209,0,0,1,0,0,0,0,0,0,1,0,1,2,"Africa","Developing"
1993,6634,"BFA","Burkina Faso",748,4483.94727948631,9924.33132,6707.89545116593,0,0,1,0,0,0,0,0,0,1,0,1,2,"Africa","Developing"
1994,7014,"BFA","Burkina Faso",748,5348.07472359893,10746.28968,8193.8922455204,0,0,1,0,0,0,0,0,0,1,0,1,2,"Africa","Developing"
1995,7173,"BFA","Burkina Faso",748,6234.68057366362,11410.88013,9918.19220338983,0,0,1,0,0,0,0,0,0,1,0,1,2,"Africa","Developing"
1996,8041,"BFA","Burkina Faso",748,5972.22222222222,12697.78433,9430.91527777778,0,0,1,0,0,0,0,0,0,1,0,1,2,"Africa","Developing"
1997,5554,"BFA","Burkina Faso",748,3816.39524496667,8621.58528,5924.26666666667,0,0,1,0,0,0,0,0,0,1,0,1,2,"Africa","Developing"
1998,9054,"BFA","Burkina Faso",748,6577.55176171449,14308.30782,10394.7023755903,0,0,1,0,0,0,0,0,0,1,0,1,2,"Africa","Developing"
1999,5375,"BFA","Burkina Faso",748,3360.21505376344,7265.33375,4541.96908602151,0,0,1,0,0,0,0,0,0,1,0,1,2,"Africa","Developing"
2000,6784,"BFA","Burkina Faso",748,4145.43232508402,9251.95136,5653.49915062634,0,0,1,0,0,0,0,0,0,1,0,1,2,"Africa","Developing"
2001,4005,"BFA","Burkina Faso",748,2387.76605258451,5579.96625,3326.75505276337,0,0,1,0,0,0,0,0,0,1,0,1,2,"Africa","Developing"
2002,3478,"BFA","Burkina Faso",748,2507.93192962215,4936.88188,3559.90905682146,0,0,1,0,0,0,0,0,0,1,0,1,2,"Africa","Developing"
2003,4912,"BFA","Burkina Faso",748,3971.2183685019,6794.47488,5493.14809604657,0,0,1,0,0,0,0,0,0,1,0,1,2,"Africa","Developing"
2004,5399,"BFA","Burkina Faso",748,4771.12053729233,7652.70457,6762.72938317427,0,0,1,0,0,0,0,0,0,1,0,1,2,"Africa","Developing"
2005,6853,"BFA","Burkina Faso",748,5214.18245453854,9929.997,7555.35037662634,0,0,1,0,0,0,0,0,0,1,0,1,2,"Africa","Developing"
2006,4619,"BFA","Burkina Faso",748,3785.13480291732,6944.85126,5691.1015815783,0,0,1,0,0,0,0,0,0,1,0,1,2,"Africa","Developing"
2007,10852,"BFA","Burkina Faso",748,9641.93691692581,17048.492,15147.4828964904,0,0,1,0,0,0,0,0,0,1,0,1,2,"Africa","Developing"
2008,4336,"BFA","Burkina Faso",748,4076.3373131522,7113.208,6687.23136222619,0,0,1,0,0,0,0,0,0,1,0,1,2,"Africa","Developing"
2009,1145,"BFA","Burkina Faso",748,1111.11111111111,1916.7987,1860.06666666667,0,0,1,0,0,0,0,0,0,1,0,1,2,"Africa","Developing"
2010,939,"BFA","Burkina Faso",748,999.361430395913,1542.09153,1641.2212962963,0,0,1,0,0,0,0,0,0,1,0,1,2,"Africa","Developing"
2011,3140,"BFA","Burkina Faso",748,3337.23031140398,5357.2796,5693.78212349878,0,0,1,0,0,0,0,0,0,1,0,1,2,"Africa","Developing"
2012,188,"BFA","Burkina Faso",748,205.105825878246,325.34152,354.943835915339,0,0,1,0,0,0,0,0,0,1,0,1,2,"Africa","Developing"
2013,0,"BFA","Burkina Faso",748,0,0,0,0,0,1,0,0,0,0,0,0,1,0,1,2,"Africa","Developing"
2014,0,"BFA","Burkina Faso",748,0,0,0,0,0,1,0,0,0,0,0,0,1,0,1,2,"Africa","Developing"
2015,0,"BFA","Burkina Faso",748,0,0,0,0,0,1,0,0,0,0,0,0,1,0,1,2,"Africa","Developing"
2016,10169,"BFA","Burkina Faso",748,10008.8582677165,13577.75049,13363.9276476378,0,0,1,0,0,0,0,0,0,1,0,1,2,"Africa","Developing"
2017,2911.6145,"BFA","Burkina Faso",748,2985.35271198606,3940.87022575,4040.67489567313,0,0,1,0,0,0,0,0,0,1,0,1,2,"Africa","Developing"
2018,2185.4253,"BFA","Burkina Faso",748,2218.70588832487,2995.890272505,3041.51296701015,0,0,1,0,0,0,0,0,0,1,0,1,2,"Africa","Developing"
2019,2227.205,"BFA","Burkina Faso",748,2300.23754195714,3008.53078605,3107.18387405112,0,0,1,0,0,0,0,0,0,1,0,1,2,"Africa","Developing"
2020,0,"BFA","Burkina Faso",748,0,0,0,0,0,1,0,0,0,0,0,0,1,0,1,2,"Africa","Developing"
2021,0,"BFA","Burkina Faso",748,0,0,0,0,0,1,0,0,0,0,0,0,1,0,1,2,"Africa","Developing"
2022,5466.1562,"BFA","Burkina Faso",748,5941.47413043478,7219.043170216,7846.78605458261,0,0,1,0,0,0,0,0,0,1,0,1,2,"Africa","Developing"
1987,23410,"ZMB","Zambia",754,18317.6838810642,31817.2333,24896.1136932707,0,0,1,0,0,0,0,0,0,1,0,1,2,"Africa","Developing"
1988,19492,"ZMB","Zambia",754,12960.1063829787,26590.40164,17679.7883244681,0,0,1,0,0,0,0,0,0,1,0,1,2,"Africa","Developing"
1989,21826,"ZMB","Zambia",754,14113.1587455545,29120.90398,18830.1997930812,0,0,1,0,0,0,0,0,0,1,0,1,2,"Africa","Developing"
1990,23177,"ZMB","Zambia",754,17890.3898108838,32472.36762,25065.5095484369,0,0,1,0,0,0,0,0,0,1,0,1,2,"Africa","Developing"
1991,22034,"ZMB","Zambia",754,16255.2563629657,31480.63682,23224.37242346,0,0,1,0,0,0,0,0,0,1,0,1,2,"Africa","Developing"
1992,22470,"ZMB","Zambia",754,15432.6923076923,32432.7486,22275.2394230769,0,0,1,0,0,0,0,0,0,1,0,1,2,"Africa","Developing"
1993,12126,"ZMB","Zambia",754,8196.01216627239,18140.25348,12261.0702805002,0,0,1,0,0,0,0,0,0,1,0,1,2,"Africa","Developing"
1994,13215,"ZMB","Zambia",754,10076.2485703393,20246.9658,15438.0219595883,0,0,1,0,0,0,0,0,0,1,0,1,2,"Africa","Developing"
1995,10836,"ZMB","Zambia",754,9418.51368970013,17238.01716,14983.0657627119,0,0,1,0,0,0,0,0,0,1,0,1,2,"Africa","Developing"
1996,11971,"ZMB","Zambia",754,8891.11705288176,18903.76523,14040.2296717172,0,0,1,0,0,0,0,0,0,1,0,1,2,"Africa","Developing"
1997,12925,"ZMB","Zambia",754,8881.33030990174,20063.736,13786.6666666667,0,0,1,0,0,0,0,0,0,1,0,1,2,"Africa","Developing"
1998,12362,"ZMB","Zambia",754,8980.74827460952,19536.03946,14192.5459208137,0,0,1,0,0,0,0,0,0,1,0,1,2,"Africa","Developing"
1999,30626,"ZMB","Zambia",754,19146.0365091273,41396.85794,25879.5060890223,0,0,1,0,0,0,0,0,0,1,0,1,2,"Africa","Developing"
2000,26772,"ZMB","Zambia",754,16359.303391384,36511.38588,22310.6543721357,0,0,1,0,0,0,0,0,0,1,0,1,2,"Africa","Developing"
2001,23022,"ZMB","Zambia",754,13725.6304775532,32075.4015,19123.234662851,0,0,1,0,0,0,0,0,0,1,0,1,2,"Africa","Developing"
2002,29529,"ZMB","Zambia",754,21292.9045284107,41915.23434,30224.4262618979,0,0,1,0,0,0,0,0,0,1,0,1,2,"Africa","Developing"
2003,25238,"ZMB","Zambia",754,20404.2363974452,34910.21112,28223.9559544021,0,0,1,0,0,0,0,0,0,1,0,1,2,"Africa","Developing"
2004,23148,"ZMB","Zambia",754,20455.9915164369,32810.66964,28994.9360551432,0,0,1,0,0,0,0,0,0,1,0,1,2,"Africa","Developing"
2005,29897,"ZMB","Zambia",754,22747.4701361942,43320.753,32961.0842273454,0,0,1,0,0,0,0,0,0,1,0,1,2,"Africa","Developing"
2006,51621,"ZMB","Zambia",754,42301.8929771368,77614.23834,63602.5881668442,0,0,1,0,0,0,0,0,0,1,0,1,2,"Africa","Developing"
2007,72321,"ZMB","Zambia",754,64256.7747667703,113616.291,100947.393158596,0,0,1,0,0,0,0,0,0,1,0,1,2,"Africa","Developing"
2008,40176,"ZMB","Zambia",754,37770.0479458494,65908.728,61961.7636551659,0,0,1,0,0,0,0,0,0,1,0,1,2,"Africa","Developing"
2009,26065,"ZMB","Zambia",754,25293.5468219311,43634.3739,42342.914992722,0,0,1,0,0,0,0,0,0,1,0,1,2,"Africa","Developing"
2010,26451,"ZMB","Zambia",754,28151.3409961686,43439.68377,46232.1027777778,0,0,1,0,0,0,0,0,0,1,0,1,2,"Africa","Developing"
2011,19925,"ZMB","Zambia",754,21176.5331066001,33994.8395,36130.1301944946,0,0,1,0,0,0,0,0,0,1,0,1,2,"Africa","Developing"
2012,12564,"ZMB","Zambia",754,13707.1787039057,21742.50456,23720.821034257,0,0,1,0,0,0,0,0,0,1,0,1,2,"Africa","Developing"
2013,56287,"ZMB","Zambia",754,63137.4088614694,89103.44674,99947.7809758833,0,0,1,0,0,0,0,0,0,1,0,1,2,"Africa","Developing"
2014,13249,"ZMB","Zambia",754,13395.0055606107,20194.39078,20416.935375594,0,0,1,0,0,0,0,0,0,1,0,1,2,"Africa","Developing"
2015,12718.1968,"ZMB","Zambia",754,12819.4706178813,17087.787674576,17223.8561380667,0,0,1,0,0,0,0,0,0,1,0,1,2,"Africa","Developing"
2016,7777.99914,"ZMB","Zambia",754,7655.51096456693,10385.2622317194,10221.7147949994,0,0,1,0,0,0,0,0,0,1,0,1,2,"Africa","Developing"
2017,5971.25464,"ZMB","Zambia",754,6122.47989336614,8082.09315524,8286.77653567108,0,0,1,0,0,0,0,0,0,1,0,1,2,"Africa","Developing"
2018,22622.18849,"ZMB","Zambia",754,22966.688822335,31011.6270915165,31483.885372098,0,0,1,0,0,0,0,0,0,1,0,1,2,"Africa","Developing"
2019,15890.37668,"ZMB","Zambia",754,16411.4398967209,21464.8797231108,22168.7371268895,0,0,1,0,0,0,0,0,0,1,0,1,2,"Africa","Developing"
2020,10932.4918,"ZMB","Zambia",754,12406.3683613255,14555.082282848,16517.3425815343,0,0,1,0,0,0,0,0,0,1,0,1,2,"Africa","Developing"
2021,6847.07213,"ZMB","Zambia",754,7501.99641722362,9713.8727601097,10643.007297151,0,0,1,0,0,0,0,0,0,1,0,1,2,"Africa","Developing"
2022,24485.08801,"ZMB","Zambia",754,26614.2260978261,32336.9660330468,35148.876122877,0,0,1,0,0,0,0,0,0,1,0,1,2,"Africa","Developing"
1987,0,"SLB","Solomon Islands",813,0,0,0,0,0,1,0,0,0,0,0,1,0,0,4,2,"Asia","Developing"
1988,0,"SLB","Solomon Islands",813,0,0,0,0,0,1,0,0,0,0,0,1,0,0,4,2,"Asia","Developing"
1989,885,"SLB","Solomon Islands",813,572.259941804074,1180.79355,763.526382153249,0,0,1,0,0,0,0,0,1,0,0,4,2,"Asia","Developing"
1990,0,"SLB","Solomon Islands",813,0,0,0,0,0,1,0,0,0,0,0,1,0,0,4,2,"Asia","Developing"
1991,0,"SLB","Solomon Islands",813,0,0,0,0,0,1,0,0,0,0,0,1,0,0,4,2,"Asia","Developing"
1992,0,"SLB","Solomon Islands",813,0,0,0,0,0,1,0,0,0,0,0,1,0,0,4,2,"Asia","Developing"
1993,0,"SLB","Solomon Islands",813,0,0,0,0,0,1,0,0,0,0,0,1,0,0,4,2,"Asia","Developing"
1994,236,"SLB","Solomon Islands",813,179.946626000762,361.58032,275.699824628288,0,0,1,0,0,0,0,0,1,0,0,4,2,"Asia","Developing"
1995,0,"SLB","Solomon Islands",813,0,0,0,0,0,1,0,0,0,0,0,1,0,0,4,2,"Asia","Developing"
1996,0,"SLB","Solomon Islands",813,0,0,0,0,0,1,0,0,0,0,0,1,0,0,4,2,"Asia","Developing"
1997,0,"SLB","Solomon Islands",813,0,0,0,0,0,1,0,0,0,0,0,1,0,0,4,2,"Asia","Developing"
1998,0,"SLB","Solomon Islands",813,0,0,0,0,0,1,0,0,0,0,0,1,0,0,4,2,"Asia","Developing"
1999,0,"SLB","Solomon Islands",813,0,0,0,0,0,1,0,0,0,0,0,1,0,0,4,2,"Asia","Developing"
2000,0,"SLB","Solomon Islands",813,0,0,0,0,0,1,0,0,0,0,0,1,0,0,4,2,"Asia","Developing"
2001,0,"SLB","Solomon Islands",813,0,0,0,0,0,1,0,0,0,0,0,1,0,0,4,2,"Asia","Developing"
2002,374,"SLB","Solomon Islands",813,269.685607153158,530.87804,382.807931929622,0,0,1,0,0,0,0,0,1,0,0,4,2,"Asia","Developing"
2003,591,"SLB","Solomon Islands",813,477.807421780257,817.49484,660.922338103323,0,0,1,0,0,0,0,0,1,0,0,4,2,"Asia","Developing"
2004,0,"SLB","Solomon Islands",813,0,0,0,0,0,1,0,0,0,0,0,1,0,0,4,2,"Asia","Developing"
2005,969,"SLB","Solomon Islands",813,737.27459484136,1404.081,1068.31088792513,0,0,1,0,0,0,0,0,1,0,0,4,2,"Asia","Developing"
2006,0,"SLB","Solomon Islands",813,0,0,0,0,0,1,0,0,0,0,0,1,0,0,4,2,"Asia","Developing"
2007,0,"SLB","Solomon Islands",813,0,0,0,0,0,1,0,0,0,0,0,1,0,0,4,2,"Asia","Developing"
2008,0,"SLB","Solomon Islands",813,0,0,0,0,0,1,0,0,0,0,0,1,0,0,4,2,"Asia","Developing"
2009,0,"SLB","Solomon Islands",813,0,0,0,0,0,1,0,0,0,0,0,1,0,0,4,2,"Asia","Developing"
2010,714,"SLB","Solomon Islands",813,759.897828863346,1172.58078,1247.95740740741,0,0,1,0,0,0,0,0,1,0,0,4,2,"Asia","Developing"
2011,67,"SLB","Solomon Islands",813,71.2084174726326,114.31138,121.491529386757,0,0,1,0,0,0,0,0,1,0,0,4,2,"Asia","Developing"
2012,140,"SLB","Solomon Islands",813,152.738380973162,242.2756,264.319877809295,0,0,1,0,0,0,0,0,1,0,0,4,2,"Asia","Developing"
2013,0,"SLB","Solomon Islands",813,0,0,0,0,0,1,0,0,0,0,0,1,0,0,4,2,"Asia","Developing"
2014,0,"SLB","Solomon Islands",813,0,0,0,0,0,1,0,0,0,0,0,1,0,0,4,2,"Asia","Developing"
2015,0,"SLB","Solomon Islands",813,0,0,0,0,0,1,0,0,0,0,0,1,0,0,4,2,"Asia","Developing"
2016,0,"SLB","Solomon Islands",813,0,0,0,0,0,1,0,0,0,0,0,1,0,0,4,2,"Asia","Developing"
2017,0,"SLB","Solomon Islands",813,0,0,0,0,0,1,0,0,0,0,0,1,0,0,4,2,"Asia","Developing"
2018,0,"SLB","Solomon Islands",813,0,0,0,0,0,1,0,0,0,0,0,1,0,0,4,2,"Asia","Developing"
2019,0,"SLB","Solomon Islands",813,0,0,0,0,0,1,0,0,0,0,0,1,0,0,4,2,"Asia","Developing"
2020,0,"SLB","Solomon Islands",813,0,0,0,0,0,1,0,0,0,0,0,1,0,0,4,2,"Asia","Developing"
2021,0,"SLB","Solomon Islands",813,0,0,0,0,0,1,0,0,0,0,0,1,0,0,4,2,"Asia","Developing"
2022,0,"SLB","Solomon Islands",813,0,0,0,0,0,1,0,0,0,0,0,1,0,0,4,2,"Asia","Developing"
1987,,"FRO","Faeroe Islands",816,,,,0,0,0,1,0,0,0,0,0,0,0,8,3,"OFC","OFC"
1988,,"FRO","Faeroe Islands",816,,,,0,0,0,1,0,0,0,0,0,0,0,8,3,"OFC","OFC"
1989,,"FRO","Faeroe Islands",816,,,,0,0,0,1,0,0,0,0,0,0,0,8,3,"OFC","OFC"
1990,,"FRO","Faeroe Islands",816,,,,0,0,0,1,0,0,0,0,0,0,0,8,3,"OFC","OFC"
1991,,"FRO","Faeroe Islands",816,,,,0,0,0,1,0,0,0,0,0,0,0,8,3,"OFC","OFC"
1992,,"FRO","Faeroe Islands",816,,,,0,0,0,1,0,0,0,0,0,0,0,8,3,"OFC","OFC"
1993,,"FRO","Faeroe Islands",816,,,,0,0,0,1,0,0,0,0,0,0,0,8,3,"OFC","OFC"
1994,1035,"FRO","Faeroe Islands",816,789.172703011818,1585.7442,1209.10728173847,0,0,0,1,0,0,0,0,0,0,0,8,3,"OFC","OFC"
1995,717,"FRO","Faeroe Islands",816,623.207301173403,1140.61077,991.404406779661,0,0,0,1,0,0,0,0,0,0,0,8,3,"OFC","OFC"
1996,0,"FRO","Faeroe Islands",816,0,0,0,0,0,0,1,0,0,0,0,0,0,0,8,3,"OFC","OFC"
1997,0,"FRO","Faeroe Islands",816,0,0,0,0,0,0,1,0,0,0,0,0,0,0,8,3,"OFC","OFC"
1998,0,"FRO","Faeroe Islands",816,0,0,0,0,0,0,1,0,0,0,0,0,0,0,8,3,"OFC","OFC"
1999,0,"FRO","Faeroe Islands",816,0,0,0,0,0,0,1,0,0,0,0,0,0,0,8,3,"OFC","OFC"
2000,61,"FRO","Faeroe Islands",816,37.2746715551482,83.19119,50.8348243201955,0,0,0,1,0,0,0,0,0,0,0,8,3,"OFC","OFC"
2001,0,"FRO","Faeroe Islands",816,0,0,0,0,0,0,1,0,0,0,0,0,0,0,8,3,"OFC","OFC"
2002,0,"FRO","Faeroe Islands",816,0,0,0,0,0,0,1,0,0,0,0,0,0,0,8,3,"OFC","OFC"
2003,0,"FRO","Faeroe Islands",816,0,0,0,0,0,0,1,0,0,0,0,0,0,0,8,3,"OFC","OFC"
2004,0,"FRO","Faeroe Islands",816,0,0,0,0,0,0,1,0,0,0,0,0,0,0,8,3,"OFC","OFC"
2005,0,"FRO","Faeroe Islands",816,0,0,0,0,0,0,1,0,0,0,0,0,0,0,8,3,"OFC","OFC"
2006,0,"FRO","Faeroe Islands",816,0,0,0,0,0,0,1,0,0,0,0,0,0,0,8,3,"OFC","OFC"
2007,0,"FRO","Faeroe Islands",816,0,0,0,0,0,0,1,0,0,0,0,0,0,0,8,3,"OFC","OFC"
2008,51,"FRO","Faeroe Islands",816,47.945849393626,83.6655,78.6551659302435,0,0,0,1,0,0,0,0,0,0,0,8,3,"OFC","OFC"
2009,0,"FRO","Faeroe Islands",816,0,0,0,0,0,0,1,0,0,0,0,0,0,0,8,3,"OFC","OFC"
2010,0,"FRO","Faeroe Islands",816,0,0,0,0,0,0,1,0,0,0,0,0,0,0,8,3,"OFC","OFC"
2011,0,"FRO","Faeroe Islands",816,0,0,0,0,0,0,1,0,0,0,0,0,0,0,8,3,"OFC","OFC"
2012,0,"FRO","Faeroe Islands",816,0,0,0,0,0,0,1,0,0,0,0,0,0,0,8,3,"OFC","OFC"
2013,0,"FRO","Faeroe Islands",816,0,0,0,0,0,0,1,0,0,0,0,0,0,0,8,3,"OFC","OFC"
2014,0,"FRO","Faeroe Islands",816,0,0,0,0,0,0,1,0,0,0,0,0,0,0,8,3,"OFC","OFC"
2015,0,"FRO","Faeroe Islands",816,0,0,0,0,0,0,1,0,0,0,0,0,0,0,8,3,"OFC","OFC"
2016,0,"FRO","Faeroe Islands",816,0,0,0,0,0,0,1,0,0,0,0,0,0,0,8,3,"OFC","OFC"
2017,0,"FRO","Faeroe Islands",816,0,0,0,0,0,0,1,0,0,0,0,0,0,0,8,3,"OFC","OFC"
2018,0,"FRO","Faeroe Islands",816,0,0,0,0,0,0,1,0,0,0,0,0,0,0,8,3,"OFC","OFC"
2019,0,"FRO","Faeroe Islands",816,0,0,0,0,0,0,1,0,0,0,0,0,0,0,8,3,"OFC","OFC"
2020,0,"FRO","Faeroe Islands",816,0,0,0,0,0,0,1,0,0,0,0,0,0,0,8,3,"OFC","OFC"
2021,0,"FRO","Faeroe Islands",816,0,0,0,0,0,0,1,0,0,0,0,0,0,0,8,3,"OFC","OFC"
2022,0,"FRO","Faeroe Islands",816,0,0,0,0,0,0,1,0,0,0,0,0,0,0,8,3,"OFC","OFC"
1987,1525,"FJI","Fiji",819,1193.27073552426,2072.67325,1621.81005477308,0,0,1,0,0,0,0,0,1,0,0,4,2,"Asia","Developing"
1988,843,"FJI","Fiji",819,560.505319148936,1149.99531,764.624541223404,0,0,1,0,0,0,0,0,1,0,0,4,2,"Asia","Developing"
1989,2696,"FJI","Fiji",819,1743.29130294213,3597.08408,2325.95155512447,0,0,1,0,0,0,0,0,1,0,0,4,2,"Asia","Developing"
1990,2677,"FJI","Fiji",819,2066.38363566191,3750.63762,2895.12745658047,0,0,1,0,0,0,0,0,1,0,0,4,2,"Asia","Developing"
1991,66188,"FJI","Fiji",819,48829.214312062,94564.78124,69763.7633640723,0,0,1,0,0,0,0,0,1,0,0,4,2,"Asia","Developing"
1992,3858,"FJI","Fiji",819,2649.72527472527,5568.56004,3824.56046703297,0,0,1,0,0,0,0,0,1,0,0,4,2,"Asia","Developing"
1993,2052,"FJI","Fiji",819,1386.95505238256,3069.75096,2074.85701926326,0,0,1,0,0,0,0,0,1,0,0,4,2,"Asia","Developing"
1994,1356,"FJI","Fiji",819,1033.93061380099,2077.55472,1584.10577201677,0,0,1,0,0,0,0,0,1,0,0,4,2,"Asia","Developing"
1995,392,"FJI","Fiji",819,340.721425467188,623.59752,542.023050847458,0,0,1,0,0,0,0,0,1,0,0,4,2,"Asia","Developing"
1996,167,"FJI","Fiji",819,124.034462269756,263.71471,195.86654040404,0,0,1,0,0,0,0,0,1,0,0,4,2,"Asia","Developing"
1997,338,"FJI","Fiji",819,232.254517968804,524.68416,360.533333333333,0,0,1,0,0,0,0,0,1,0,0,4,2,"Asia","Developing"
1998,395,"FJI","Fiji",819,286.95968034871,624.23035,453.490991645478,0,0,1,0,0,0,0,0,1,0,0,4,2,"Asia","Developing"
1999,4474,"FJI","Fiji",819,2796.94923730933,6047.46106,3780.60831457865,0,0,1,0,0,0,0,0,1,0,0,4,2,"Asia","Developing"
2000,4042,"FJI","Fiji",819,2469.90528567064,5512.43918,3368.43212954476,0,0,1,0,0,0,0,0,1,0,0,4,2,"Asia","Developing"
2001,9051,"FJI","Fiji",819,5396.17241996065,12610.30575,7518.21722411018,0,0,1,0,0,0,0,0,1,0,0,4,2,"Asia","Developing"
2002,2642,"FJI","Fiji",819,1905.10527833862,3750.21332,2704.22073839054,0,0,1,0,0,0,0,0,1,0,0,4,2,"Asia","Developing"
2003,3078,"FJI","Fiji",819,2488.47926267281,4257.61272,3442.16405529954,0,0,1,0,0,0,0,0,1,0,0,4,2,"Asia","Developing"
2004,1963,"FJI","Fiji",819,1734.71191233651,2782.41509,2458.83270590315,0,0,1,0,0,0,0,0,1,0,0,4,2,"Asia","Developing"
2005,2727,"FJI","Fiji",819,2074.86875142661,3951.423,3006.48482081717,0,0,1,0,0,0,0,0,1,0,0,4,2,"Asia","Developing"
2006,2050,"FJI","Fiji",819,1679.91477505531,3082.257,2525.81906088667,0,0,1,0,0,0,0,0,1,0,0,4,2,"Asia","Developing"
2007,1793,"FJI","Fiji",819,1593.06974677921,2816.803,2502.71257219014,0,0,1,0,0,0,0,0,1,0,0,4,2,"Asia","Developing"
2008,2285,"FJI","Fiji",819,2148.16207577324,3748.5425,3524.05988530601,0,0,1,0,0,0,0,0,1,0,0,4,2,"Asia","Developing"
2009,2212,"FJI","Fiji",819,2146.53081028627,3703.02072,3593.42136826783,0,0,1,0,0,0,0,0,1,0,0,4,2,"Asia","Developing"
2010,0,"FJI","Fiji",819,0,0,0,0,0,1,0,0,0,0,0,1,0,0,4,2,"Asia","Developing"
2011,0,"FJI","Fiji",819,0,0,0,0,0,1,0,0,0,0,0,1,0,0,4,2,"Asia","Developing"
2012,0,"FJI","Fiji",819,0,0,0,0,0,1,0,0,0,0,0,1,0,0,4,2,"Asia","Developing"
2013,0,"FJI","Fiji",819,0,0,0,0,0,1,0,0,0,0,0,1,0,0,4,2,"Asia","Developing"
2014,0,"FJI","Fiji",819,0,0,0,0,0,1,0,0,0,0,0,1,0,0,4,2,"Asia","Developing"
2015,0,"FJI","Fiji",819,0,0,0,0,0,1,0,0,0,0,0,1,0,0,4,2,"Asia","Developing"
2016,0,"FJI","Fiji",819,0,0,0,0,0,1,0,0,0,0,0,1,0,0,4,2,"Asia","Developing"
2017,0,"FJI","Fiji",819,0,0,0,0,0,1,0,0,0,0,0,1,0,0,4,2,"Asia","Developing"
2018,323.483,"FJI","Fiji",819,328.409137055838,443.44667055,450.199665532995,0,0,1,0,0,0,0,0,1,0,0,4,2,"Asia","Developing"
2019,318.51411,"FJI","Fiji",819,328.958543764524,430.2520449291,444.360490502556,0,0,1,0,0,0,0,0,1,0,0,4,2,"Asia","Developing"
2020,291.34069,"FJI","Fiji",819,330.618123014072,387.8793410384,440.171744256015,0,0,1,0,0,0,0,0,1,0,0,4,2,"Asia","Developing"
2021,299.9391,"FJI","Fiji",819,328.628355428947,425.520601779,466.221761563493,0,0,1,0,0,0,0,0,1,0,0,4,2,"Asia","Developing"
2022,304.09207,"FJI","Fiji",819,330.534858695652,401.6083150076,436.530777182174,0,0,1,0,0,0,0,0,1,0,0,4,2,"Asia","Developing"
1987,66888,"GIB","Gibraltar",823,52338.0281690141,90909.48744,71134.1842253521,0,0,0,1,0,0,0,0,0,0,0,8,3,"OFC","OFC"
1988,86385,"GIB","Gibraltar",823,57436.835106383,117843.82545,78353.6073470745,0,0,0,1,0,0,0,0,0,0,0,8,3,"OFC","OFC"
1989,111870,"GIB","Gibraltar",823,72337.5363724539,149260.3101,96514.9111542192,0,0,0,1,0,0,0,0,0,0,0,8,3,"OFC","OFC"
1990,380036,"GIB","Gibraltar",823,293350.829795446,532453.23816,411002.113593207,0,0,0,1,0,0,0,0,0,0,0,8,3,"OFC","OFC"
1991,472454,"GIB","Gibraltar",823,348545.924013279,675009.20342,497978.018015492,0,0,0,1,0,0,0,0,0,0,0,8,3,"OFC","OFC"
1992,593464,"GIB","Gibraltar",823,407598.901098901,856594.06832,588320.101868132,0,0,0,1,0,0,0,0,0,0,0,8,3,"OFC","OFC"
1993,597419,"GIB","Gibraltar",823,403797.904697533,893726.87562,604073.589469415,0,0,0,1,0,0,0,0,0,0,0,8,3,"OFC","OFC"
1994,696235,"GIB","Gibraltar",823,530869.233701868,1066715.5682,813355.370339306,0,0,0,1,0,0,0,0,0,0,0,8,3,"OFC","OFC"
1995,1246626,"GIB","Gibraltar",823,1083551.49934811,1983145.10706,1723724.56067797,0,0,0,1,0,0,0,0,0,0,0,8,3,"OFC","OFC"
1996,2827129,"GIB","Gibraltar",823,2099769.01366607,4464404.21777,3315808.2425505,0,0,0,1,0,0,0,0,0,0,0,8,3,"OFC","OFC"
1997,2987229,"GIB","Gibraltar",823,2052655.12265512,4637135.32128,3186377.6,0,0,0,1,0,0,0,0,0,0,0,8,3,"OFC","OFC"
1998,2202186,"GIB","Gibraltar",823,1599844.53323647,3480180.60138,2528282.31120959,0,0,0,1,0,0,0,0,0,0,0,8,3,"OFC","OFC"
1999,2333475,"GIB","Gibraltar",823,1458786.57164291,3154134.82275,1971827.22102401,0,0,0,1,0,0,0,0,0,0,0,8,3,"OFC","OFC"
2000,3330769,"GIB","Gibraltar",823,2035300.3360831,4542469.45451,2775722.24534678,0,0,0,1,0,0,0,0,0,0,0,8,3,"OFC","OFC"
2001,3114853,"GIB","Gibraltar",823,1857063.73338103,4339768.94225,2587354.04653312,0,0,0,1,0,0,0,0,0,0,0,8,3,"OFC","OFC"
2002,1887414,"GIB","Gibraltar",823,1360985.00144217,2679108.67644,1931863.7701471,0,0,0,1,0,0,0,0,0,0,0,8,3,"OFC","OFC"
2003,1503624,"GIB","Gibraltar",823,1215639.09774436,2079872.86176,1681520.62556391,0,0,0,1,0,0,0,0,0,0,0,8,3,"OFC","OFC"
2004,1772634,"GIB","Gibraltar",823,1566484.62354189,2512584.61062,2220382.29994698,0,0,0,1,0,0,0,0,0,0,0,8,3,"OFC","OFC"
2005,2082258,"GIB","Gibraltar",823,1584309.5183748,3017191.842,2295664.49212509,0,0,0,1,0,0,0,0,0,0,0,8,3,"OFC","OFC"
2006,2461699,"GIB","Gibraltar",823,2017290.01065312,3701262.91446,3033076.22261739,0,0,0,1,0,0,0,0,0,0,0,8,3,"OFC","OFC"
2007,2186689,"GIB","Gibraltar",823,1942860.06219458,3435288.419,3052233.15770769,0,0,0,1,0,0,0,0,0,0,0,8,3,"OFC","OFC"
2008,1723580,"GIB","Gibraltar",823,1620362.88427188,2827532.99,2658205.31164802,0,0,0,1,0,0,0,0,0,0,0,8,3,"OFC","OFC"
2009,1324611,"GIB","Gibraltar",823,1285406.11353712,2217478.29066,2151846.95842795,0,0,0,1,0,0,0,0,0,0,0,8,3,"OFC","OFC"
2010,1345406,"GIB","Gibraltar",823,1431892.29459344,2209519.91162,2351553.75864198,0,0,0,1,0,0,0,0,0,0,0,8,3,"OFC","OFC"
2011,1005077,"GIB","Gibraltar",823,1068208.09862897,1714802.07278,1822512.56539483,0,0,0,1,0,0,0,0,0,0,0,8,3,"OFC","OFC"
2012,549418,"GIB","Gibraltar",823,599408.684267947,950789.82572,1037300.70447305,0,0,0,1,0,0,0,0,0,0,0,8,3,"OFC","OFC"
2013,448498,"GIB","Gibraltar",823,503082.445316882,709981.30396,796389.57258553,0,0,0,1,0,0,0,0,0,0,0,8,3,"OFC","OFC"
2014,416395,"GIB","Gibraltar",823,420983.722576079,634677.5869,641671.809624912,0,0,0,1,0,0,0,0,0,0,0,8,3,"OFC","OFC"
2015,324250.10706,"GIB","Gibraltar",823,326832.080495918,435652.716342604,439121.7783919,0,0,0,1,0,0,0,0,0,0,0,8,3,"OFC","OFC"
2016,379820.61858,"GIB","Gibraltar",823,373839.191515748,507140.288134202,499153.826903742,0,0,0,1,0,0,0,0,0,0,0,8,3,"OFC","OFC"
2017,502570.77541,"GIB","Gibraltar",823,515298.652117297,680229.544517435,697456.725640762,0,0,0,1,0,0,0,0,0,0,0,8,3,"OFC","OFC"
2018,552540.7278,"GIB","Gibraltar",823,560955.053604061,757450.45670463,768985.235233127,0,0,0,1,0,0,0,0,0,0,0,8,3,"OFC","OFC"
2019,818945.239112,"GIB","Gibraltar",823,845799.369080299,1106239.41844488,1142514.24574736,0,0,0,1,0,0,0,0,0,0,0,8,3,"OFC","OFC"
2020,783780.42222,"GIB","Gibraltar",823,889446.688856105,1043493.90292682,1184173.74367546,0,0,0,1,0,0,0,0,0,0,0,8,3,"OFC","OFC"
2021,673329.250601,"GIB","Gibraltar",823,737733.374165662,955245.474535133,1046614.96059508,0,0,0,1,0,0,0,0,0,0,0,8,3,"OFC","OFC"
2022,855789.725724,"GIB","Gibraltar",823,930206.223613043,1130224.37496917,1228504.75540127,0,0,0,1,0,0,0,0,0,0,0,8,3,"OFC","OFC"
1987,0,"KIR","Kiribati",826,0,0,0,0,0,1,0,0,0,0,0,1,0,0,4,2,"Asia","Developing"
1988,0,"KIR","Kiribati",826,0,0,0,0,0,1,0,0,0,0,0,1,0,0,4,2,"Asia","Developing"
1989,0,"KIR","Kiribati",826,0,0,0,0,0,1,0,0,0,0,0,1,0,0,4,2,"Asia","Developing"
1990,0,"KIR","Kiribati",826,0,0,0,0,0,1,0,0,0,0,0,1,0,0,4,2,"Asia","Developing"
1991,0,"KIR","Kiribati",826,0,0,0,0,0,1,0,0,0,0,0,1,0,0,4,2,"Asia","Developing"
1992,0,"KIR","Kiribati",826,0,0,0,0,0,1,0,0,0,0,0,1,0,0,4,2,"Asia","Developing"
1993,0,"KIR","Kiribati",826,0,0,0,0,0,1,0,0,0,0,0,1,0,0,4,2,"Asia","Developing"
1994,0,"KIR","Kiribati",826,0,0,0,0,0,1,0,0,0,0,0,1,0,0,4,2,"Asia","Developing"
1995,0,"KIR","Kiribati",826,0,0,0,0,0,1,0,0,0,0,0,1,0,0,4,2,"Asia","Developing"
1996,0,"KIR","Kiribati",826,0,0,0,0,0,1,0,0,0,0,0,1,0,0,4,2,"Asia","Developing"
1997,0,"KIR","Kiribati",826,0,0,0,0,0,1,0,0,0,0,0,1,0,0,4,2,"Asia","Developing"
1998,0,"KIR","Kiribati",826,0,0,0,0,0,1,0,0,0,0,0,1,0,0,4,2,"Asia","Developing"
1999,97805,"KIR","Kiribati",826,61143.4108527132,132202.04045,82646.9370155039,0,0,1,0,0,0,0,0,1,0,0,4,2,"Asia","Developing"
2000,168262,"KIR","Kiribati",826,102818.209593645,229474.03298,140222.446061717,0,0,1,0,0,0,0,0,1,0,0,4,2,"Asia","Developing"
2001,0,"KIR","Kiribati",826,0,0,0,0,0,1,0,0,0,0,0,1,0,0,4,2,"Asia","Developing"
2002,0,"KIR","Kiribati",826,0,0,0,0,0,1,0,0,0,0,0,1,0,0,4,2,"Asia","Developing"
2003,0,"KIR","Kiribati",826,0,0,0,0,0,1,0,0,0,0,0,1,0,0,4,2,"Asia","Developing"
2004,0,"KIR","Kiribati",826,0,0,0,0,0,1,0,0,0,0,0,1,0,0,4,2,"Asia","Developing"
2005,0,"KIR","Kiribati",826,0,0,0,0,0,1,0,0,0,0,0,1,0,0,4,2,"Asia","Developing"
2006,0,"KIR","Kiribati",826,0,0,0,0,0,1,0,0,0,0,0,1,0,0,4,2,"Asia","Developing"
2007,0,"KIR","Kiribati",826,0,0,0,0,0,1,0,0,0,0,0,1,0,0,4,2,"Asia","Developing"
2008,0,"KIR","Kiribati",826,0,0,0,0,0,1,0,0,0,0,0,1,0,0,4,2,"Asia","Developing"
2009,0,"KIR","Kiribati",826,0,0,0,0,0,1,0,0,0,0,0,1,0,0,4,2,"Asia","Developing"
2010,0,"KIR","Kiribati",826,0,0,0,0,0,1,0,0,0,0,0,1,0,0,4,2,"Asia","Developing"
2011,0,"KIR","Kiribati",826,0,0,0,0,0,1,0,0,0,0,0,1,0,0,4,2,"Asia","Developing"
2012,0,"KIR","Kiribati",826,0,0,0,0,0,1,0,0,0,0,0,1,0,0,4,2,"Asia","Developing"
2013,0,"KIR","Kiribati",826,0,0,0,0,0,1,0,0,0,0,0,1,0,0,4,2,"Asia","Developing"
2014,0,"KIR","Kiribati",826,0,0,0,0,0,1,0,0,0,0,0,1,0,0,4,2,"Asia","Developing"
2015,0,"KIR","Kiribati",826,0,0,0,0,0,1,0,0,0,0,0,1,0,0,4,2,"Asia","Developing"
2016,0,"KIR","Kiribati",826,0,0,0,0,0,1,0,0,0,0,0,1,0,0,4,2,"Asia","Developing"
2017,0,"KIR","Kiribati",826,0,0,0,0,0,1,0,0,0,0,0,1,0,0,4,2,"Asia","Developing"
2018,0,"KIR","Kiribati",826,0,0,0,0,0,1,0,0,0,0,0,1,0,0,4,2,"Asia","Developing"
2019,0,"KIR","Kiribati",826,0,0,0,0,0,1,0,0,0,0,0,1,0,0,4,2,"Asia","Developing"
2020,0,"KIR","Kiribati",826,0,0,0,0,0,1,0,0,0,0,0,1,0,0,4,2,"Asia","Developing"
2021,0,"KIR","Kiribati",826,0,0,0,0,0,1,0,0,0,0,0,1,0,0,4,2,"Asia","Developing"
2022,0,"KIR","Kiribati",826,0,0,0,0,0,1,0,0,0,0,0,1,0,0,4,2,"Asia","Developing"
1987,45599,"NRU","Nauru",836,35679.9687010955,61974.96887,48493.7158607199,0,0,0,1,0,0,0,0,0,0,0,8,3,"OFC","OFC"
1988,21652,"NRU","Nauru",836,14396.2765957447,29537.00884,19638.968643617,0,0,0,1,0,0,0,0,0,0,0,8,3,"OFC","OFC"
1989,27923,"NRU","Nauru",836,18055.6094406725,37255.70429,24090.3357840285,0,0,0,1,0,0,0,0,0,0,0,8,3,"OFC","OFC"
1990,16361,"NRU","Nauru",836,12629.1007333076,22922.74266,17694.127873408,0,0,0,1,0,0,0,0,0,0,0,8,3,"OFC","OFC"
1991,15131,"NRU","Nauru",836,11162.6706012542,21618.11363,15948.4423681298,0,0,0,1,0,0,0,0,0,0,0,8,3,"OFC","OFC"
1992,12082,"NRU","Nauru",836,8298.07692307692,17438.91716,11977.2782692308,0,0,0,1,0,0,0,0,0,0,0,8,3,"OFC","OFC"
1993,5039,"NRU","Nauru",836,3405.88036498817,7538.24322,5095.128908415,0,0,0,1,0,0,0,0,0,0,0,8,3,"OFC","OFC"
1994,4505,"NRU","Nauru",836,3434.99809378574,6902.2006,5262.82927945101,0,0,0,1,0,0,0,0,0,0,0,8,3,"OFC","OFC"
1995,5568,"NRU","Nauru",836,4839.63494132986,8857.63008,7698.93966101695,0,0,0,1,0,0,0,0,0,0,0,8,3,"OFC","OFC"
1996,49458,"NRU","Nauru",836,36733.5115864528,78100.61154,58006.9901515152,0,0,0,1,0,0,0,0,0,0,0,8,3,"OFC","OFC"
1997,62122,"NRU","Nauru",836,42686.7312581598,96433.22304,66263.4666666667,0,0,0,1,0,0,0,0,0,0,0,8,3,"OFC","OFC"
1998,28682,"NRU","Nauru",836,20836.9051943335,45327.02506,32929.186385761,0,0,0,1,0,0,0,0,0,0,0,8,3,"OFC","OFC"
1999,157274,"NRU","Nauru",836,98320.8302075519,212585.69306,132899.282983246,0,0,0,1,0,0,0,0,0,0,0,8,3,"OFC","OFC"
2000,40939,"NRU","Nauru",836,25016.1930950199,55832.19881,34116.8339810571,0,0,0,1,0,0,0,0,0,0,0,8,3,"OFC","OFC"
2001,2505,"NRU","Nauru",836,1493.47165086747,3490.09125,2080.7793775711,0,0,0,1,0,0,0,0,0,0,0,8,3,"OFC","OFC"
2002,7332,"NRU","Nauru",836,5286.99163541967,10407.48072,7504.67314681281,0,0,0,1,0,0,0,0,0,0,0,8,3,"OFC","OFC"
2003,6200,"NRU","Nauru",836,5012.5313283208,8576.088,6933.53383458647,0,0,0,1,0,0,0,0,0,0,0,8,3,"OFC","OFC"
2004,4302,"NRU","Nauru",836,3801.6967126193,6097.78386,5388.63897136797,0,0,0,1,0,0,0,0,0,0,0,8,3,"OFC","OFC"
2005,3842,"NRU","Nauru",836,2923.22909533592,5567.058,4235.75895914175,0,0,0,1,0,0,0,0,0,0,0,8,3,"OFC","OFC"
2006,5183,"NRU","Nauru",836,4247.31623371302,7792.84782,6386.00985003688,0,0,0,1,0,0,0,0,0,0,0,8,3,"OFC","OFC"
2007,16125,"NRU","Nauru",836,14326.9657929809,25332.375,22507.663260773,0,0,0,1,0,0,0,0,0,0,0,8,3,"OFC","OFC"
2008,6375,"NRU","Nauru",836,5993.23117420325,10458.1875,9831.89574128044,0,0,0,1,0,0,0,0,0,0,0,8,3,"OFC","OFC"
2009,6429,"NRU","Nauru",836,6238.71906841339,10762.53174,10443.9900436681,0,0,0,1,0,0,0,0,0,0,0,8,3,"OFC","OFC"
2010,1334,"NRU","Nauru",836,1419.75308641975,2190.78818,2331.61790123457,0,0,0,1,0,0,0,0,0,0,0,8,3,"OFC","OFC"
2011,1133,"NRU","Nauru",836,1204.16622382825,1933.05662,2054.47616112233,0,0,0,1,0,0,0,0,0,0,0,8,3,"OFC","OFC"
2012,192,"NRU","Nauru",836,209.469779620336,332.26368,362.495832424176,0,0,0,1,0,0,0,0,0,0,0,8,3,"OFC","OFC"
2013,1074,"NRU","Nauru",836,1204.71116096467,1700.16348,1907.08186203029,0,0,0,1,0,0,0,0,0,0,0,8,3,"OFC","OFC"
2014,0,"NRU","Nauru",836,0,0,0,0,0,0,1,0,0,0,0,0,0,0,8,3,"OFC","OFC"
2015,0,"NRU","Nauru",836,0,0,0,0,0,0,1,0,0,0,0,0,0,0,8,3,"OFC","OFC"
2016,0,"NRU","Nauru",836,0,0,0,0,0,0,1,0,0,0,0,0,0,0,8,3,"OFC","OFC"
2017,0,"NRU","Nauru",836,0,0,0,0,0,0,1,0,0,0,0,0,0,0,8,3,"OFC","OFC"
2018,0,"NRU","Nauru",836,0,0,0,0,0,0,1,0,0,0,0,0,0,0,8,3,"OFC","OFC"
2019,0,"NRU","Nauru",836,0,0,0,0,0,0,1,0,0,0,0,0,0,0,8,3,"OFC","OFC"
2020,0,"NRU","Nauru",836,0,0,0,0,0,0,1,0,0,0,0,0,0,0,8,3,"OFC","OFC"
2021,0,"NRU","Nauru",836,0,0,0,0,0,0,1,0,0,0,0,0,0,0,8,3,"OFC","OFC"
2022,0,"NRU","Nauru",836,0,0,0,0,0,0,1,0,0,0,0,0,0,0,8,3,"OFC","OFC"
1987,6436,"NCL","New Caledonia",839,5035.99374021909,8747.36068,6844.57017214397,0,0,1,0,0,0,0,0,1,0,0,4,2,"Asia","Developing"
1988,6380,"NCL","New Caledonia",839,4242.02127659574,8703.4046,5786.83816489362,0,0,1,0,0,0,0,0,1,0,0,4,2,"Asia","Developing"
1989,7307,"NCL","New Caledonia",839,4724.86259295183,9749.21861,6304.05341739412,0,0,1,0,0,0,0,0,1,0,0,4,2,"Asia","Developing"
1990,7202,"NCL","New Caledonia",839,5559.24353531455,10090.43412,7788.8337475878,0,0,1,0,0,0,0,0,1,0,0,4,2,"Asia","Developing"
1991,32532,"NCL","New Caledonia",839,24000,46479.44436,34289.52,0,0,1,0,0,0,0,0,1,0,0,4,2,"Asia","Developing"
1992,97950,"NCL","New Caledonia",839,67273.3516483516,141379.071,97101.0103021978,0,0,1,0,0,0,0,0,1,0,0,4,2,"Asia","Developing"
1993,7504,"NCL","New Caledonia",839,5071.98377830348,11225.83392,7587.58629266644,0,0,1,0,0,0,0,0,1,0,0,4,2,"Asia","Developing"
1994,13751,"NCL","New Caledonia",839,10484.940907358,21068.18212,16064.1876629813,0,0,1,0,0,0,0,0,1,0,0,4,2,"Asia","Developing"
1995,16705,"NCL","New Caledonia",839,14519.7740112994,26574.48105,23098.2016949153,0,0,1,0,0,0,0,0,1,0,0,4,2,"Asia","Developing"
1996,15451,"NCL","New Caledonia",839,11475.7872846108,24399.13763,18121.7599747475,0,0,1,0,0,0,0,0,1,0,0,4,2,"Asia","Developing"
1997,13121,"NCL","New Caledonia",839,9016.01044458187,20367.99072,13995.7333333333,0,0,1,0,0,0,0,0,1,0,0,4,2,"Asia","Developing"
1998,12747,"NCL","New Caledonia",839,9260.44315292408,20144.46651,14634.5561278605,0,0,1,0,0,0,0,0,1,0,0,4,2,"Asia","Developing"
1999,6225,"NCL","New Caledonia",839,3891.59789947487,8414.27025,5260.23396474119,0,0,1,0,0,0,0,0,1,0,0,4,2,"Asia","Developing"
2000,4033,"NCL","New Caledonia",839,2464.40574396578,5500.16507,3360.93190956309,0,0,1,0,0,0,0,0,1,0,0,4,2,"Asia","Developing"
2001,6083,"NCL","New Caledonia",839,3626.66189709652,8475.13975,5052.84668812973,0,0,1,0,0,0,0,0,1,0,0,4,2,"Asia","Developing"
2002,59183,"NCL","New Caledonia",839,42675.9446207095,84007.90118,60576.7963513124,0,0,1,0,0,0,0,0,1,0,0,4,2,"Asia","Developing"
2003,8306,"NCL","New Caledonia",839,6715.17503436009,11489.19144,9288.69871452826,0,0,1,0,0,0,0,0,1,0,0,4,2,"Asia","Developing"
2004,13838,"NCL","New Caledonia",839,12228.7027218098,19614.39634,17333.3300989749,0,0,1,0,0,0,0,0,1,0,0,4,2,"Asia","Developing"
2005,17129,"NCL","New Caledonia",839,13032.7931218139,24819.921,18884.5172335083,0,0,1,0,0,0,0,0,1,0,0,4,2,"Asia","Developing"
2006,18737,"NCL","New Caledonia",839,15354.4210440056,28171.82898,23085.9862165041,0,0,1,0,0,0,0,0,1,0,0,4,2,"Asia","Developing"
2007,25944,"NCL","New Caledonia",839,23051.0884051533,40758.024,36213.2598844958,0,0,1,0,0,0,0,0,1,0,0,4,2,"Asia","Developing"
2008,14412,"NCL","New Caledonia",839,13548.9329698223,23642.886,22227.0245369935,0,0,1,0,0,0,0,0,1,0,0,4,2,"Asia","Developing"
2009,7130,"NCL","New Caledonia",839,6918.97137311985,11936.0478,11582.773216885,0,0,1,0,0,0,0,0,1,0,0,4,2,"Asia","Developing"
2010,5273,"NCL","New Caledonia",839,5611.96253724989,8659.68971,9216.35771604938,0,0,1,0,0,0,0,0,1,0,0,4,2,"Asia","Developing"
2011,4878,"NCL","New Caledonia",839,5184.39791688809,8322.55092,8845.30866191944,0,0,1,0,0,0,0,0,1,0,0,4,2,"Asia","Developing"
2012,3463,"NCL","New Caledonia",839,3778.09295221471,5992.86002,6538.14097752564,0,0,1,0,0,0,0,0,1,0,0,4,2,"Asia","Developing"
2013,4147,"NCL","New Caledonia",839,4651.71060011217,6564.78394,7363.75091418957,0,0,1,0,0,0,0,0,1,0,0,4,2,"Asia","Developing"
2014,6225,"NCL","New Caledonia",839,6293.60024264483,9488.2695,9592.8313618441,0,0,1,0,0,0,0,0,1,0,0,4,2,"Asia","Developing"
2015,5371.39383,"NCL","New Caledonia",839,5414.16573934079,7216.8436081731,7274.31066240611,0,0,1,0,0,0,0,0,1,0,0,4,2,"Asia","Developing"
2016,5510.19311,"NCL","New Caledonia",839,5423.41841535433,7357.2649424031,7241.40250236526,0,0,1,0,0,0,0,0,1,0,0,4,2,"Asia","Developing"
2017,1742.23525,"NCL","New Caledonia",839,1786.35830001025,2358.115410875,2417.83595906388,0,0,1,0,0,0,0,0,1,0,0,4,2,"Asia","Developing"
2018,1255.09305,"NCL","New Caledonia",839,1274.20614213198,1720.5443075925,1746.74548994162,0,0,1,0,0,0,0,0,1,0,0,4,2,"Asia","Developing"
2019,1469.05239,"NCL","New Caledonia",839,1517.22426026336,1984.4106589359,2049.48170300635,0,0,1,0,0,0,0,0,1,0,0,4,2,"Asia","Developing"
2020,119.5946,"NCL","New Caledonia",839,135.717884702678,159.223466656,180.689362977758,0,0,1,0,0,0,0,0,1,0,0,4,2,"Asia","Developing"
2021,140.26427,"NCL","New Caledonia",839,153.680585077243,198.9915172063,218.025109243234,0,0,1,0,0,0,0,0,1,0,0,4,2,"Asia","Developing"
2022,0,"NCL","New Caledonia",839,0,0,0,0,0,1,0,0,0,0,0,1,0,0,4,2,"Asia","Developing"
1987,14479,"VUT","Vanuatu",846,11329.420970266,19678.84327,15398.1559233177,0,0,0,1,0,0,0,0,0,0,0,8,3,"OFC","OFC"
1988,17942,"VUT","Vanuatu",846,11929.5212765957,24475.93814,16273.8950398936,0,0,0,1,0,0,0,0,0,0,0,8,3,"OFC","OFC"
1989,17386,"VUT","Vanuatu",846,11242.1597154866,23196.92278,14999.6267571937,0,0,0,1,0,0,0,0,0,0,0,8,3,"OFC","OFC"
1990,15418,"VUT","Vanuatu",846,11901.1964492474,21601.54308,16674.2902971826,0,0,0,1,0,0,0,0,0,0,0,8,3,"OFC","OFC"
1991,16621,"VUT","Vanuatu",846,12261.8959793434,23746.92133,17518.9386425673,0,0,0,1,0,0,0,0,0,0,0,8,3,"OFC","OFC"
1992,18861,"VUT","Vanuatu",846,12953.9835164835,27223.59018,18697.520728022,0,0,0,1,0,0,0,0,0,0,0,8,3,"OFC","OFC"
1993,27845,"VUT","Vanuatu",846,18820.5474822575,41655.5631,28155.1626225076,0,0,0,1,0,0,0,0,0,0,0,8,3,"OFC","OFC"
1994,26601,"VUT","Vanuatu",846,20282.8821959588,40755.92412,31075.8094700724,0,0,0,1,0,0,0,0,0,0,0,8,3,"OFC","OFC"
1995,17908,"VUT","Vanuatu",846,15565.4063450674,28488.22548,24761.6040677966,0,0,0,1,0,0,0,0,0,0,0,8,3,"OFC","OFC"
1996,11726,"VUT","Vanuatu",846,8709.15032679739,18516.87838,13752.8805555556,0,0,0,1,0,0,0,0,0,0,0,8,3,"OFC","OFC"
1997,13647,"VUT","Vanuatu",846,9377.44794887652,21184.51104,14556.8,0,0,0,1,0,0,0,0,0,0,0,8,3,"OFC","OFC"
1998,43167,"VUT","Vanuatu",846,31359.9709407919,68218.10511,49559.1028768616,0,0,0,1,0,0,0,0,0,0,0,8,3,"OFC","OFC"
1999,31474,"VUT","Vanuatu",846,19676.1690422606,42543.09106,26596.0809327332,0,0,0,1,0,0,0,0,0,0,0,8,3,"OFC","OFC"
2000,66007,"VUT","Vanuatu",846,40334.2499236175,90019.68653,55007.4467033303,0,0,0,1,0,0,0,0,0,0,0,8,3,"OFC","OFC"
2001,52989,"VUT","Vanuatu",846,31591.8440350563,73826.92425,44015.3367018423,0,0,0,1,0,0,0,0,0,0,0,8,3,"OFC","OFC"
2002,71196,"VUT","Vanuatu",846,51338.3328526103,101059.87416,72872.7099509663,0,0,0,1,0,0,0,0,0,0,0,8,3,"OFC","OFC"
2003,54238,"VUT","Vanuatu",846,43849.9474492683,75024.17112,60655.0013097259,0,0,0,1,0,0,0,0,0,0,0,8,3,"OFC","OFC"
2004,31986,"VUT","Vanuatu",846,28266.1717921527,45337.91598,40065.319883351,0,0,0,1,0,0,0,0,0,0,0,8,3,"OFC","OFC"
2005,30773,"VUT","Vanuatu",846,23413.9846306018,44590.077,33926.8637297421,0,0,0,1,0,0,0,0,0,0,0,8,3,"OFC","OFC"
2006,29327,"VUT","Vanuatu",846,24032.6149307547,44094.31758,36133.997852987,0,0,0,1,0,0,0,0,0,0,0,8,3,"OFC","OFC"
2007,33296,"VUT","Vanuatu",846,29583.2963127499,52308.016,46475.3585073301,0,0,0,1,0,0,0,0,0,0,0,8,3,"OFC","OFC"
2008,22224,"VUT","Vanuatu",846,20893.108959293,36458.472,34275.1452477202,0,0,0,1,0,0,0,0,0,0,0,8,3,"OFC","OFC"
2009,20835,"VUT","Vanuatu",846,20218.3406113537,34879.0401,33846.7152838428,0,0,0,1,0,0,0,0,0,0,0,8,3,"OFC","OFC"
2010,26228,"VUT","Vanuatu",846,27914.005959983,43073.45756,45842.3345679012,0,0,0,1,0,0,0,0,0,0,0,8,3,"OFC","OFC"
2011,32161,"VUT","Vanuatu",846,34181.1031990647,54871.16854,58317.7474120523,0,0,0,1,0,0,0,0,0,0,0,8,3,"OFC","OFC"
2012,25308,"VUT","Vanuatu",846,27610.7353262055,43796.50632,47781.4819114117,0,0,0,1,0,0,0,0,0,0,0,8,3,"OFC","OFC"
2013,21313,"VUT","Vanuatu",846,23906.8984856983,33738.90526,37845.0984408301,0,0,0,1,0,0,0,0,0,0,0,8,3,"OFC","OFC"
2014,33430,"VUT","Vanuatu",846,33798.4025882115,50954.6746,51516.2011930037,0,0,0,1,0,0,0,0,0,0,0,8,3,"OFC","OFC"
2015,32289.52085,"VUT","Vanuatu",846,32546.6393004737,43383.2315284345,43728.6881649375,0,0,0,1,0,0,0,0,0,0,0,8,3,"OFC","OFC"
2016,21906.83861,"VUT","Vanuatu",846,21561.8490255905,29250.2299804581,28789.5964374588,0,0,0,1,0,0,0,0,0,0,0,8,3,"OFC","OFC"
2017,11240.09353,"VUT","Vanuatu",846,11524.7549779555,15213.466592855,15598.7558626628,0,0,0,1,0,0,0,0,0,0,0,8,3,"OFC","OFC"
2018,101.6413,"VUT","Vanuatu",846,103.189137055838,139.334976105,141.456828532995,0,0,0,1,0,0,0,0,0,0,0,8,3,"OFC","OFC"
2019,629.447,"VUT","Vanuatu",846,650.087270849471,850.26330207,878.144386336174,0,0,0,1,0,0,0,0,0,0,0,8,3,"OFC","OFC"
2020,0,"VUT","Vanuatu",846,0,0,0,0,0,0,1,0,0,0,0,0,0,0,8,3,"OFC","OFC"
2021,0,"VUT","Vanuatu",846,0,0,0,0,0,0,1,0,0,0,0,0,0,0,8,3,"OFC","OFC"
2022,0,"VUT","Vanuatu",846,0,0,0,0,0,0,1,0,0,0,0,0,0,0,8,3,"OFC","OFC"
1987,206,"PNG","Papua New Guinea",853,161.189358372457,279.98078,219.077292644757,0,0,1,0,0,0,0,0,1,0,0,4,2,"Asia","Developing"
1988,83,"PNG","Papua New Guinea",853,55.186170212766,113.22611,75.2833178191489,0,0,1,0,0,0,0,0,1,0,0,4,2,"Asia","Developing"
1989,1202,"PNG","Papua New Guinea",853,777.238926608471,1603.74446,1037.01549304882,0,0,1,0,0,0,0,0,1,0,0,4,2,"Asia","Developing"
1990,822,"PNG","Papua New Guinea",853,634.504052489386,1151.67132,888.97824778078,0,0,1,0,0,0,0,0,1,0,0,4,2,"Asia","Developing"
1991,564,"PNG","Papua New Guinea",853,416.082626337145,805.80372,594.469730726669,0,0,1,0,0,0,0,0,1,0,0,4,2,"Asia","Developing"
1992,2106,"PNG","Papua New Guinea",853,1446.42857142857,3039.75828,2087.74607142857,0,0,1,0,0,0,0,0,1,0,0,4,2,"Asia","Developing"
1993,1455,"PNG","Papua New Guinea",853,983.440351470091,2176.6509,1471.20709699223,0,0,1,0,0,0,0,0,1,0,0,4,2,"Asia","Developing"
1994,6453,"PNG","Papua New Guinea",853,4920.32024399542,9886.77036,7538.52105223027,0,0,1,0,0,0,0,0,1,0,0,4,2,"Asia","Developing"
1995,1864,"PNG","Papua New Guinea",853,1620.16514558887,2965.26984,2577.37491525424,0,0,1,0,0,0,0,0,1,0,0,4,2,"Asia","Developing"
1996,2375,"PNG","Papua New Guinea",853,1763.96316102198,3750.43375,2785.52714646465,0,0,1,0,0,0,0,0,1,0,0,4,2,"Asia","Developing"
1997,2133,"PNG","Papua New Guinea",853,1465.67717996289,3311.09856,2275.2,0,0,1,0,0,0,0,0,1,0,0,4,2,"Asia","Developing"
1998,396,"PNG","Papua New Guinea",853,287.686160552125,625.81068,454.63907010534,0,0,1,0,0,0,0,0,1,0,0,4,2,"Asia","Developing"
1999,3149,"PNG","Papua New Guinea",853,1968.61715428857,4256.47181,2660.96012128032,0,0,1,0,0,0,0,0,1,0,0,4,2,"Asia","Developing"
2000,2036,"PNG","Papua New Guinea",853,1244.11854567675,2776.67644,1696.71643140849,0,0,1,0,0,0,0,0,1,0,0,4,2,"Asia","Developing"
2001,1842,"PNG","Papua New Guinea",853,1098.19352530853,2566.3665,1530.05812913611,0,0,1,0,0,0,0,0,1,0,0,4,2,"Asia","Developing"
2002,1091,"PNG","Papua New Guinea",853,786.703201615229,1548.63086,1116.69372656475,0,0,1,0,0,0,0,0,1,0,0,4,2,"Asia","Developing"
2003,2471249,"PNG","Papua New Guinea",853,1997937.58590023,3418330.46676,2763627.18632064,0,0,1,0,0,0,0,0,1,0,0,4,2,"Asia","Developing"
2004,63056,"PNG","Papua New Guinea",853,55722.870272181,89377.46608,78983.2680098975,0,0,1,0,0,0,0,0,1,0,0,4,2,"Asia","Developing"
2005,348,"PNG","Papua New Guinea",853,264.779730655102,504.252,383.665829719242,0,0,1,0,0,0,0,0,1,0,0,4,2,"Asia","Developing"
2006,456,"PNG","Papua New Guinea",853,373.67860362206,685.61424,561.840727689912,0,0,1,0,0,0,0,0,1,0,0,4,2,"Asia","Developing"
2007,636,"PNG","Papua New Guinea",853,565.082185695247,999.156,887.744113727232,0,0,1,0,0,0,0,0,1,0,0,4,2,"Asia","Developing"
2008,19554,"PNG","Papua New Guinea",853,18383.0027263326,32078.337,30157.3159725487,0,0,1,0,0,0,0,0,1,0,0,4,2,"Asia","Developing"
2009,10162,"PNG","Papua New Guinea",853,9861.23241145075,17011.79772,16508.2947307132,0,0,1,0,0,0,0,0,1,0,0,4,2,"Asia","Developing"
2010,6707,"PNG","Papua New Guinea",853,7138.14389101745,11014.70489,11722.7595679012,0,0,1,0,0,0,0,0,1,0,0,4,2,"Asia","Developing"
2011,14141,"PNG","Papua New Guinea",853,15029.2273355298,24126.52574,25641.9659262408,0,0,1,0,0,0,0,0,1,0,0,4,2,"Asia","Developing"
2012,4461,"PNG","Papua New Guinea",853,4866.89941086624,7719.93894,8422.36410648047,0,0,1,0,0,0,0,0,1,0,0,4,2,"Asia","Developing"
2013,243,"PNG","Papua New Guinea",853,272.574312955693,384.67386,431.490588895121,0,0,1,0,0,0,0,0,1,0,0,4,2,"Asia","Developing"
2014,366,"PNG","Papua New Guinea",853,370.033363663937,557.86452,564.012253563846,0,0,1,0,0,0,0,0,1,0,0,4,2,"Asia","Developing"
2015,189.35228,"PNG","Papua New Guinea",853,190.860074589255,254.4080428396,256.433870415886,0,0,1,0,0,0,0,0,1,0,0,4,2,"Asia","Developing"
2016,0,"PNG","Papua New Guinea",853,0,0,0,0,0,1,0,0,0,0,0,1,0,0,4,2,"Asia","Developing"
2017,2368.29138,"PNG","Papua New Guinea",853,2428.26964011074,3205.48238283,3286.66295788988,0,0,1,0,0,0,0,0,1,0,0,4,2,"Asia","Developing"
2018,108.26625,"PNG","Papua New Guinea",853,109.914974619289,148.4167888125,150.676942956853,0,0,1,0,0,0,0,0,1,0,0,4,2,"Asia","Developing"
2019,362.17424,"PNG","Papua New Guinea",853,374.050338239091,489.2285851344,505.270937396747,0,0,1,0,0,0,0,0,1,0,0,4,2,"Asia","Developing"
2020,0,"PNG","Papua New Guinea",853,0,0,0,0,0,1,0,0,0,0,0,1,0,0,4,2,"Asia","Developing"
2021,3766.11244,"PNG","Papua New Guinea",853,4126.34210583982,5342.9460575036,5854.00028213389,0,0,1,0,0,0,0,0,1,0,0,4,2,"Asia","Developing"
2022,5505.37623,"PNG","Papua New Guinea",853,5984.10459782609,7270.8402794364,7903.08726025696,0,0,1,0,0,0,0,0,1,0,0,4,2,"Asia","Developing"
1987,0,"SHN","St Helen",856,0,0,0,0,0,1,0,0,0,0,0,1,0,0,4,2,"Asia","Developing"
1988,17,"SHN","St Helen",856,11.3031914893617,23.19089,15.4194747340426,0,0,1,0,0,0,0,0,1,0,0,4,2,"Asia","Developing"
1989,1003,"SHN","St Helen",856,648.56126737795,1338.23269,865.329899773683,0,0,1,0,0,0,0,0,1,0,0,4,2,"Asia","Developing"
1990,201,"SHN","St Helen",856,155.1524507912,281.61306,217.377892705519,0,0,1,0,0,0,0,0,1,0,0,4,2,"Asia","Developing"
1991,270,"SHN","St Helen",856,199.188491331612,385.7571,284.586573220214,0,0,1,0,0,0,0,0,1,0,0,4,2,"Asia","Developing"
1992,159,"SHN","St Helen",856,109.203296703297,229.49742,157.621854395604,0,0,1,0,0,0,0,0,1,0,0,4,2,"Asia","Developing"
1993,0,"SHN","St Helen",856,0,0,0,0,0,1,0,0,0,0,0,1,0,0,4,2,"Asia","Developing"
1994,0,"SHN","St Helen",856,0,0,0,0,0,1,0,0,0,0,0,1,0,0,4,2,"Asia","Developing"
1995,0,"SHN","St Helen",856,0,0,0,0,0,1,0,0,0,0,0,1,0,0,4,2,"Asia","Developing"
1996,0,"SHN","St Helen",856,0,0,0,0,0,1,0,0,0,0,0,1,0,0,4,2,"Asia","Developing"
1997,0,"SHN","St Helen",856,0,0,0,0,0,1,0,0,0,0,0,1,0,0,4,2,"Asia","Developing"
1998,0,"SHN","St Helen",856,0,0,0,0,0,1,0,0,0,0,0,1,0,0,4,2,"Asia","Developing"
1999,0,"SHN","St Helen",856,0,0,0,0,0,1,0,0,0,0,0,1,0,0,4,2,"Asia","Developing"
2000,99,"SHN","St Helen",856,60.4949587534372,135.01521,82.5024197983501,0,0,1,0,0,0,0,0,1,0,0,4,2,"Asia","Developing"
2001,0,"SHN","St Helen",856,0,0,0,0,0,1,0,0,0,0,0,1,0,0,4,2,"Asia","Developing"
2002,0,"SHN","St Helen",856,0,0,0,0,0,1,0,0,0,0,0,1,0,0,4,2,"Asia","Developing"
2003,0,"SHN","St Helen",856,0,0,0,0,0,1,0,0,0,0,0,1,0,0,4,2,"Asia","Developing"
2004,0,"SHN","St Helen",856,0,0,0,0,0,1,0,0,0,0,0,1,0,0,4,2,"Asia","Developing"
2005,0,"SHN","St Helen",856,0,0,0,0,0,1,0,0,0,0,0,1,0,0,4,2,"Asia","Developing"
2006,0,"SHN","St Helen",856,0,0,0,0,0,1,0,0,0,0,0,1,0,0,4,2,"Asia","Developing"
2007,0,"SHN","St Helen",856,0,0,0,0,0,1,0,0,0,0,0,1,0,0,4,2,"Asia","Developing"
2008,0,"SHN","St Helen",856,0,0,0,0,0,1,0,0,0,0,0,1,0,0,4,2,"Asia","Developing"
2009,0,"SHN","St Helen",856,0,0,0,0,0,1,0,0,0,0,0,1,0,0,4,2,"Asia","Developing"
2010,0,"SHN","St Helen",856,0,0,0,0,0,1,0,0,0,0,0,1,0,0,4,2,"Asia","Developing"
2011,0,"SHN","St Helen",856,0,0,0,0,0,1,0,0,0,0,0,1,0,0,4,2,"Asia","Developing"
2012,0,"SHN","St Helen",856,0,0,0,0,0,1,0,0,0,0,0,1,0,0,4,2,"Asia","Developing"
2013,0,"SHN","St Helen",856,0,0,0,0,0,1,0,0,0,0,0,1,0,0,4,2,"Asia","Developing"
2014,0,"SHN","St Helen",856,0,0,0,0,0,1,0,0,0,0,0,1,0,0,4,2,"Asia","Developing"
2015,0,"SHN","St Helen",856,0,0,0,0,0,1,0,0,0,0,0,1,0,0,4,2,"Asia","Developing"
2016,0,"SHN","St Helen",856,0,0,0,0,0,1,0,0,0,0,0,1,0,0,4,2,"Asia","Developing"
2017,0,"SHN","St Helen",856,0,0,0,0,0,1,0,0,0,0,0,1,0,0,4,2,"Asia","Developing"
2018,0,"SHN","St Helen",856,0,0,0,0,0,1,0,0,0,0,0,1,0,0,4,2,"Asia","Developing"
2019,0,"SHN","St Helen",856,0,0,0,0,0,1,0,0,0,0,0,1,0,0,4,2,"Asia","Developing"
2020,0,"SHN","St Helen",856,0,0,0,0,0,1,0,0,0,0,0,1,0,0,4,2,"Asia","Developing"
2021,0,"SHN","St Helen",856,0,0,0,0,0,1,0,0,0,0,0,1,0,0,4,2,"Asia","Developing"
2022,0,"SHN","St Helen",856,0,0,0,0,0,1,0,0,0,0,0,1,0,0,4,2,"Asia","Developing"
1987,,"UMI","United States Minor Outlying Islands",860,,,,0,0,1,0,0,0,0,0,1,0,0,4,2,"Asia","Developing"
1988,,"UMI","United States Minor Outlying Islands",860,,,,0,0,1,0,0,0,0,0,1,0,0,4,2,"Asia","Developing"
1989,,"UMI","United States Minor Outlying Islands",860,,,,0,0,1,0,0,0,0,0,1,0,0,4,2,"Asia","Developing"
1990,,"UMI","United States Minor Outlying Islands",860,,,,0,0,1,0,0,0,0,0,1,0,0,4,2,"Asia","Developing"
1991,,"UMI","United States Minor Outlying Islands",860,,,,0,0,1,0,0,0,0,0,1,0,0,4,2,"Asia","Developing"
1992,,"UMI","United States Minor Outlying Islands",860,,,,0,0,1,0,0,0,0,0,1,0,0,4,2,"Asia","Developing"
1993,,"UMI","United States Minor Outlying Islands",860,,,,0,0,1,0,0,0,0,0,1,0,0,4,2,"Asia","Developing"
1994,,"UMI","United States Minor Outlying Islands",860,,,,0,0,1,0,0,0,0,0,1,0,0,4,2,"Asia","Developing"
1995,,"UMI","United States Minor Outlying Islands",860,,,,0,0,1,0,0,0,0,0,1,0,0,4,2,"Asia","Developing"
1996,,"UMI","United States Minor Outlying Islands",860,,,,0,0,1,0,0,0,0,0,1,0,0,4,2,"Asia","Developing"
1997,,"UMI","United States Minor Outlying Islands",860,,,,0,0,1,0,0,0,0,0,1,0,0,4,2,"Asia","Developing"
1998,,"UMI","United States Minor Outlying Islands",860,,,,0,0,1,0,0,0,0,0,1,0,0,4,2,"Asia","Developing"
1999,,"UMI","United States Minor Outlying Islands",860,,,,0,0,1,0,0,0,0,0,1,0,0,4,2,"Asia","Developing"
2000,,"UMI","United States Minor Outlying Islands",860,,,,0,0,1,0,0,0,0,0,1,0,0,4,2,"Asia","Developing"
2001,152000,"UMI","United States Minor Outlying Islands",860,90621.8339851596,211774,126258.870199824,0,0,1,0,0,0,0,0,1,0,0,4,2,"Asia","Developing"
2002,93000,"UMI","United States Minor Outlying Islands",860,67060.857079345,132009.78,95190.2041898471,0,0,1,0,0,0,0,0,1,0,0,4,2,"Asia","Developing"
2003,,"UMI","United States Minor Outlying Islands",860,,,,0,0,1,0,0,0,0,0,1,0,0,4,2,"Asia","Developing"
2004,9000,"UMI","United States Minor Outlying Islands",860,7953.34024612356,12756.87,11273.3030650629,0,0,1,0,0,0,0,0,1,0,0,4,2,"Asia","Developing"
2005,24859,"UMI","United States Minor Outlying Islands",860,18914.2509320551,36020.691,27406.7496005478,0,0,1,0,0,0,0,0,1,0,0,4,2,"Asia","Developing"
2006,19791,"UMI","United States Minor Outlying Islands",860,16218.1430795706,29756.56014,24384.6268458576,0,0,1,0,0,0,0,0,1,0,0,4,2,"Asia","Developing"
2007,23770,"UMI","United States Minor Outlying Islands",860,21119.5024433585,37342.67,33178.7383385162,0,0,1,0,0,0,0,0,1,0,0,4,2,"Asia","Developing"
2008,9453,"UMI","United States Minor Outlying Islands",860,8886.90420231268,15507.6465,14578.966343894,0,0,1,0,0,0,0,0,1,0,0,4,2,"Asia","Developing"
2009,802,"UMI","United States Minor Outlying Islands",860,778.262979136342,1342.59612,1302.85892285298,0,0,1,0,0,0,0,0,1,0,0,4,2,"Asia","Developing"
2010,0,"UMI","United States Minor Outlying Islands",860,0,0,0,0,0,1,0,0,0,0,0,1,0,0,4,2,"Asia","Developing"
2011,0,"UMI","United States Minor Outlying Islands",860,0,0,0,0,0,1,0,0,0,0,0,1,0,0,4,2,"Asia","Developing"
2012,0,"UMI","United States Minor Outlying Islands",860,0,0,0,0,0,1,0,0,0,0,0,1,0,0,4,2,"Asia","Developing"
2013,0,"UMI","United States Minor Outlying Islands",860,0,0,0,0,0,1,0,0,0,0,0,1,0,0,4,2,"Asia","Developing"
2014,0,"UMI","United States Minor Outlying Islands",860,0,0,0,0,0,1,0,0,0,0,0,1,0,0,4,2,"Asia","Developing"
2015,0,"UMI","United States Minor Outlying Islands",860,0,0,0,0,0,1,0,0,0,0,0,1,0,0,4,2,"Asia","Developing"
2016,0,"UMI","United States Minor Outlying Islands",860,0,0,0,0,0,1,0,0,0,0,0,1,0,0,4,2,"Asia","Developing"
2017,0,"UMI","United States Minor Outlying Islands",860,0,0,0,0,0,1,0,0,0,0,0,1,0,0,4,2,"Asia","Developing"
2018,0,"UMI","United States Minor Outlying Islands",860,0,0,0,0,0,1,0,0,0,0,0,1,0,0,4,2,"Asia","Developing"
2019,0,"UMI","United States Minor Outlying Islands",860,0,0,0,0,0,1,0,0,0,0,0,1,0,0,4,2,"Asia","Developing"
2020,0,"UMI","United States Minor Outlying Islands",860,0,0,0,0,0,1,0,0,0,0,0,1,0,0,4,2,"Asia","Developing"
2021,0,"UMI","United States Minor Outlying Islands",860,0,0,0,0,0,1,0,0,0,0,0,1,0,0,4,2,"Asia","Developing"
2022,0,"UMI","United States Minor Outlying Islands",860,0,0,0,0,0,1,0,0,0,0,0,1,0,0,4,2,"Asia","Developing"
1987,0,"WSM","Samoa",862,0,0,0,0,0,0,1,0,0,0,0,0,0,0,8,3,"OFC","OFC"
1988,0,"WSM","Samoa",862,0,0,0,0,0,0,1,0,0,0,0,0,0,0,8,3,"OFC","OFC"
1989,0,"WSM","Samoa",862,0,0,0,0,0,0,1,0,0,0,0,0,0,0,8,3,"OFC","OFC"
1990,2957,"WSM","Samoa",862,2282.51640293323,4142.93442,3197.94243149363,0,0,0,1,0,0,0,0,0,0,0,8,3,"OFC","OFC"
1991,8175,"WSM","Samoa",862,6030.98487642936,11679.86775,8616.64902250092,0,0,0,1,0,0,0,0,0,0,0,8,3,"OFC","OFC"
1992,10660,"WSM","Samoa",862,7321.42857142857,15386.4308,10567.6035714286,0,0,0,1,0,0,0,0,0,0,0,8,3,"OFC","OFC"
1993,28886,"WSM","Samoa",862,19524.1635687732,43212.87828,29207.7582156134,0,0,0,1,0,0,0,0,0,0,0,8,3,"OFC","OFC"
1994,44207,"WSM","Samoa",862,33707.2054898971,67730.42884,51643.4836751811,0,0,0,1,0,0,0,0,0,0,0,8,3,"OFC","OFC"
1995,26241,"WSM","Samoa",862,22808.3441981747,41744.44521,36283.7420338983,0,0,0,1,0,0,0,0,0,0,0,8,3,"OFC","OFC"
1996,31000,"WSM","Samoa",862,23024.3612596554,48953.03,36358.4595959596,0,0,0,1,0,0,0,0,0,0,0,8,3,"OFC","OFC"
1997,15078,"WSM","Samoa",862,10360.7503607504,23405.88096,16083.2,0,0,0,1,0,0,0,0,0,0,0,8,3,"OFC","OFC"
1998,16700,"WSM","Samoa",862,12132.2193970214,26391.511,19172.9102796949,0,0,0,1,0,0,0,0,0,0,0,8,3,"OFC","OFC"
1999,18572,"WSM","Samoa",862,11610.4026006502,25103.58668,15693.6650912728,0,0,0,1,0,0,0,0,0,0,0,8,3,"OFC","OFC"
2000,5148,"WSM","Samoa",862,3145.73785517874,7020.79092,4290.12582951421,0,0,0,1,0,0,0,0,0,0,0,8,3,"OFC","OFC"
2001,53459,"WSM","Samoa",862,31872.0562809277,74481.75175,44405.7424134025,0,0,0,1,0,0,0,0,0,0,0,8,3,"OFC","OFC"
2002,41174,"WSM","Samoa",862,29689.933660225,58444.84604,42143.6732333429,0,0,0,1,0,0,0,0,0,0,0,8,3,"OFC","OFC"
2003,42735,"WSM","Samoa",862,34550.0848896435,59112.7614,47791.0594227504,0,0,0,1,0,0,0,0,0,0,0,8,3,"OFC","OFC"
2004,50112,"WSM","Samoa",862,44284.1993637328,71030.25216,62769.7527041357,0,0,0,1,0,0,0,0,0,0,0,8,3,"OFC","OFC"
2005,102758,"WSM","Samoa",862,78184.5849501636,148896.342,113289.463592787,0,0,0,1,0,0,0,0,0,0,0,8,3,"OFC","OFC"
2006,111245,"WSM","Samoa",862,91162.0093419651,167261.3073,137065.727526018,0,0,0,1,0,0,0,0,0,0,0,8,3,"OFC","OFC"
2007,192768,"WSM","Samoa",862,171273.21190582,302838.528,269070.215904043,0,0,0,1,0,0,0,0,0,0,0,8,3,"OFC","OFC"
2008,247894,"WSM","Samoa",862,233048.791952618,406670.107,382316.54319827,0,0,0,1,0,0,0,0,0,0,0,8,3,"OFC","OFC"
2009,206650,"WSM","Samoa",862,200533.72149442,345944.499,335705.481804949,0,0,0,1,0,0,0,0,0,0,0,8,3,"OFC","OFC"
2010,189861,"WSM","Samoa",862,202065.772669221,311803.02447,331846.556481481,0,0,0,1,0,0,0,0,0,0,0,8,3,"OFC","OFC"
2011,118761,"WSM","Samoa",862,126220.639812945,202622.89254,215350.082410458,0,0,0,1,0,0,0,0,0,0,0,8,3,"OFC","OFC"
2012,121666,"WSM","Samoa",862,132736.198996291,210547.87964,229705.301811041,0,0,0,1,0,0,0,0,0,0,0,8,3,"OFC","OFC"
2013,114496,"WSM","Samoa",862,128430.73471677,181249.45792,203308.42167134,0,0,0,1,0,0,0,0,0,0,0,8,3,"OFC","OFC"
2014,122159,"WSM","Samoa",862,123505.206753614,186197.19098,188249.106237994,0,0,0,1,0,0,0,0,0,0,0,8,3,"OFC","OFC"
2015,134831.02995,"WSM","Samoa",862,135904.67689749,181154.926909921,182597.446739161,0,0,0,1,0,0,0,0,0,0,0,8,3,"OFC","OFC"
2016,149542.47342,"WSM","Samoa",862,147187.473838583,199670.605935118,196526.186944014,0,0,0,1,0,0,0,0,0,0,0,8,3,"OFC","OFC"
2017,167241.74914,"WSM","Samoa",862,171477.236891213,226361.70746099,232094.440132257,0,0,0,1,0,0,0,0,0,0,0,8,3,"OFC","OFC"
2018,222801.61294,"WSM","Samoa",862,226194.530903553,305427.591098799,310078.772689136,0,0,0,1,0,0,0,0,0,0,0,8,3,"OFC","OFC"
2019,265508.16643,"WSM","Samoa",862,274214.47604441,358651.086295308,370411.656385549,0,0,0,1,0,0,0,0,0,0,0,8,3,"OFC","OFC"
2020,136936.61277,"WSM","Samoa",862,155397.881037222,182311.928777467,206890.522897716,0,0,0,1,0,0,0,0,0,0,0,8,3,"OFC","OFC"
2021,126146.98929,"WSM","Samoa",862,138212.982677769,178963.47223583,196081.376395124,0,0,0,1,0,0,0,0,0,0,0,8,3,"OFC","OFC"
2022,381656.73759,"WSM","Samoa",862,414844.27998913,504046.420200361,547876.543696045,0,0,0,1,0,0,0,0,0,0,0,8,3,"OFC","OFC"
1987,2612,"TON","Tonga",866,2043.81846635368,3550.04756,2777.81499217527,0,0,1,0,0,0,0,0,1,0,0,4,2,"Asia","Developing"
1988,0,"TON","Tonga",866,0,0,0,0,0,1,0,0,0,0,0,1,0,0,4,2,"Asia","Developing"
1989,0,"TON","Tonga",866,0,0,0,0,0,1,0,0,0,0,0,1,0,0,4,2,"Asia","Developing"
1990,154,"TON","Tonga",866,118.873021999228,215.76324,166.548236202239,0,0,1,0,0,0,0,0,1,0,0,4,2,"Asia","Developing"
1991,706,"TON","Tonga",866,520.841018074511,1008.68338,744.141187753597,0,0,1,0,0,0,0,0,1,0,0,4,2,"Asia","Developing"
1992,809,"TON","Tonga",866,555.631868131868,1167.69442,801.987925824176,0,0,1,0,0,0,0,0,1,0,0,4,2,"Asia","Developing"
1993,0,"TON","Tonga",866,0,0,0,0,0,1,0,0,0,0,0,1,0,0,4,2,"Asia","Developing"
1994,0,"TON","Tonga",866,0,0,0,0,0,1,0,0,0,0,0,1,0,0,4,2,"Asia","Developing"
1995,0,"TON","Tonga",866,0,0,0,0,0,1,0,0,0,0,0,1,0,0,4,2,"Asia","Developing"
1996,0,"TON","Tonga",866,0,0,0,0,0,1,0,0,0,0,0,1,0,0,4,2,"Asia","Developing"
1997,0,"TON","Tonga",866,0,0,0,0,0,1,0,0,0,0,0,1,0,0,4,2,"Asia","Developing"
1998,0,"TON","Tonga",866,0,0,0,0,0,1,0,0,0,0,0,1,0,0,4,2,"Asia","Developing"
1999,0,"TON","Tonga",866,0,0,0,0,0,1,0,0,0,0,0,1,0,0,4,2,"Asia","Developing"
2000,0,"TON","Tonga",866,0,0,0,0,0,1,0,0,0,0,0,1,0,0,4,2,"Asia","Developing"
2001,3117,"TON","Tonga",866,1858.34376676802,4342.76025,2589.13745304954,0,0,1,0,0,0,0,0,1,0,0,4,2,"Asia","Developing"
2002,1244,"TON","Tonga",866,897.029131814249,1765.80824,1273.29697144505,0,0,1,0,0,0,0,0,1,0,0,4,2,"Asia","Developing"
2003,36328,"TON","Tonga",866,29370.1996927803,50250.34272,40626.0350230415,0,0,1,0,0,0,0,0,1,0,0,4,2,"Asia","Developing"
2004,0,"TON","Tonga",866,0,0,0,0,0,1,0,0,0,0,0,1,0,0,4,2,"Asia","Developing"
2005,0,"TON","Tonga",866,0,0,0,0,0,1,0,0,0,0,0,1,0,0,4,2,"Asia","Developing"
2006,713,"TON","Tonga",866,584.282553470458,1072.02402,878.492190444973,0,0,1,0,0,0,0,0,1,0,0,4,2,"Asia","Developing"
2007,0,"TON","Tonga",866,0,0,0,0,0,1,0,0,0,0,0,1,0,0,4,2,"Asia","Developing"
2008,0,"TON","Tonga",866,0,0,0,0,0,1,0,0,0,0,0,1,0,0,4,2,"Asia","Developing"
2009,0,"TON","Tonga",866,0,0,0,0,0,1,0,0,0,0,0,1,0,0,4,2,"Asia","Developing"
2010,0,"TON","Tonga",866,0,0,0,0,0,1,0,0,0,0,0,1,0,0,4,2,"Asia","Developing"
2011,0,"TON","Tonga",866,0,0,0,0,0,1,0,0,0,0,0,1,0,0,4,2,"Asia","Developing"
2012,0,"TON","Tonga",866,0,0,0,0,0,1,0,0,0,0,0,1,0,0,4,2,"Asia","Developing"
2013,0,"TON","Tonga",866,0,0,0,0,0,1,0,0,0,0,0,1,0,0,4,2,"Asia","Developing"
2014,0,"TON","Tonga",866,0,0,0,0,0,1,0,0,0,0,0,1,0,0,4,2,"Asia","Developing"
2015,0,"TON","Tonga",866,0,0,0,0,0,1,0,0,0,0,0,1,0,0,4,2,"Asia","Developing"
2016,0,"TON","Tonga",866,0,0,0,0,0,1,0,0,0,0,0,1,0,0,4,2,"Asia","Developing"
2017,0,"TON","Tonga",866,0,0,0,0,0,1,0,0,0,0,0,1,0,0,4,2,"Asia","Developing"
2018,0,"TON","Tonga",866,0,0,0,0,0,1,0,0,0,0,0,1,0,0,4,2,"Asia","Developing"
2019,0,"TON","Tonga",866,0,0,0,0,0,1,0,0,0,0,0,1,0,0,4,2,"Asia","Developing"
2020,0,"TON","Tonga",866,0,0,0,0,0,1,0,0,0,0,0,1,0,0,4,2,"Asia","Developing"
2021,0,"TON","Tonga",866,0,0,0,0,0,1,0,0,0,0,0,1,0,0,4,2,"Asia","Developing"
2022,0,"TON","Tonga",866,0,0,0,0,0,1,0,0,0,0,0,1,0,0,4,2,"Asia","Developing"
1987,,"MHL","Marshall Islands",867,,,,0,0,0,1,0,0,0,0,0,0,0,8,3,"OFC","OFC"
1988,,"MHL","Marshall Islands",867,,,,0,0,0,1,0,0,0,0,0,0,0,8,3,"OFC","OFC"
1989,,"MHL","Marshall Islands",867,,,,0,0,0,1,0,0,0,0,0,0,0,8,3,"OFC","OFC"
1990,,"MHL","Marshall Islands",867,,,,0,0,0,1,0,0,0,0,0,0,0,8,3,"OFC","OFC"
1991,,"MHL","Marshall Islands",867,,,,0,0,0,1,0,0,0,0,0,0,0,8,3,"OFC","OFC"
1992,,"MHL","Marshall Islands",867,,,,0,0,0,1,0,0,0,0,0,0,0,8,3,"OFC","OFC"
1993,,"MHL","Marshall Islands",867,,,,0,0,0,1,0,0,0,0,0,0,0,8,3,"OFC","OFC"
1994,,"MHL","Marshall Islands",867,,,,0,0,0,1,0,0,0,0,0,0,0,8,3,"OFC","OFC"
1995,,"MHL","Marshall Islands",867,,,,0,0,0,1,0,0,0,0,0,0,0,8,3,"OFC","OFC"
1996,,"MHL","Marshall Islands",867,,,,0,0,0,1,0,0,0,0,0,0,0,8,3,"OFC","OFC"
1997,,"MHL","Marshall Islands",867,,,,0,0,0,1,0,0,0,0,0,0,0,8,3,"OFC","OFC"
1998,,"MHL","Marshall Islands",867,,,,0,0,0,1,0,0,0,0,0,0,0,8,3,"OFC","OFC"
1999,0,"MHL","Marshall Islands",867,0,0,0,0,0,0,1,0,0,0,0,0,0,0,8,3,"OFC","OFC"
2000,0,"MHL","Marshall Islands",867,0,0,0,0,0,0,1,0,0,0,0,0,0,0,8,3,"OFC","OFC"
2001,148352,"MHL","Marshall Islands",867,88446.9087223514,206691.424,123228.655577416,0,0,0,1,0,0,0,0,0,0,0,8,3,"OFC","OFC"
2002,206458,"MHL","Marshall Islands",867,148873.665993654,293058.87268,211320.213931353,0,0,0,1,0,0,0,0,0,0,0,8,3,"OFC","OFC"
2003,431602,"MHL","Marshall Islands",867,348938.475220309,597009.15048,482665.65646374,0,0,0,1,0,0,0,0,0,0,0,8,3,"OFC","OFC"
2004,492337,"MHL","Marshall Islands",867,435080.417108519,697853.23391,616696.035622128,0,0,0,1,0,0,0,0,0,0,0,8,3,"OFC","OFC"
2005,943352,"MHL","Marshall Islands",867,717760.024347561,1366917.048,1040034.27527962,0,0,0,1,0,0,0,0,0,0,0,8,3,"OFC","OFC"
2006,1616381,"MHL","Marshall Islands",867,1324576.74342375,2430293.48874,1991554.11680734,0,0,0,1,0,0,0,0,0,0,0,8,3,"OFC","OFC"
2007,1817379,"MHL","Marshall Islands",867,1614730.34207019,2855102.409,2536741.36739227,0,0,0,1,0,0,0,0,0,0,0,8,3,"OFC","OFC"
2008,1566850,"MHL","Marshall Islands",867,1473018.70828241,2570417.425,2416487.19093729,0,0,0,1,0,0,0,0,0,0,0,8,3,"OFC","OFC"
2009,1539871,"MHL","Marshall Islands",867,1494295.00242601,2577836.44626,2501539.49176128,0,0,0,1,0,0,0,0,0,0,0,8,3,"OFC","OFC"
2010,1419704,"MHL","Marshall Islands",867,1510966.36866752,2331537.28808,2481414.7382716,0,0,0,1,0,0,0,0,0,0,0,8,3,"OFC","OFC"
2011,1097248,"MHL","Marshall Islands",867,1166168.56201509,1872058.70272,1989646.83039643,0,0,0,1,0,0,0,0,0,0,0,8,3,"OFC","OFC"
2012,1111119,"MHL","Marshall Islands",867,1212217.97948942,1922835.87426,2097791.70222562,0,0,0,1,0,0,0,0,0,0,0,8,3,"OFC","OFC"
2013,903151,"MHL","Marshall Islands",867,1013068.98485698,1429706.09602,1603708.4644083,0,0,0,1,0,0,0,0,0,0,0,8,3,"OFC","OFC"
2014,1265820,"MHL","Marshall Islands",867,1279769.4874128,1929388.1604,1950650.24810434,0,0,0,1,0,0,0,0,0,0,0,8,3,"OFC","OFC"
2015,1911663.15904,"MHL","Marshall Islands",867,1926885.5549239,2568453.27059137,2588905.6250291,0,0,0,1,0,0,0,0,0,0,0,8,3,"OFC","OFC"
2016,1897636.637682,"MHL","Marshall Islands",867,1867752.5961437,2533743.41499938,2493841.94389703,0,0,0,1,0,0,0,0,0,0,0,8,3,"OFC","OFC"
2017,1800956.049349,"MHL","Marshall Islands",867,1846566.23536245,2437594.01279387,2499327.39956308,0,0,0,1,0,0,0,0,0,0,0,8,3,"OFC","OFC"
2018,2044765.874434,"MHL","Marshall Islands",867,2075904.44104975,2803067.29896785,2845753.60301304,0,0,0,1,0,0,0,0,0,0,0,8,3,"OFC","OFC"
2019,2010215.937988,"MHL","Marshall Islands",867,2076133.16600878,2715419.79119357,2804461.44197632,0,0,0,1,0,0,0,0,0,0,0,8,3,"OFC","OFC"
2020,1845751.494129,"MHL","Marshall Islands",867,2094588.62247957,2457359.70922359,2788651.5084244,0,0,0,1,0,0,0,0,0,0,0,8,3,"OFC","OFC"
2021,1212311.742151,"MHL","Marshall Islands",867,1328269.68571382,1719894.5454722,1884402.92042533,0,0,0,1,0,0,0,0,0,0,0,8,3,"OFC","OFC"
2022,3957904.063159,"MHL","Marshall Islands",867,4302069.63386848,5227124.73813283,5681657.32405742,0,0,0,1,0,0,0,0,0,0,0,8,3,"OFC","OFC"
1987,0,"TUV","Tuvalu",869,0,0,0,0,0,1,0,0,0,0,0,1,0,0,4,2,"Asia","Developing"
1988,0,"TUV","Tuvalu",869,0,0,0,0,0,1,0,0,0,0,0,1,0,0,4,2,"Asia","Developing"
1989,0,"TUV","Tuvalu",869,0,0,0,0,0,1,0,0,0,0,0,1,0,0,4,2,"Asia","Developing"
1990,0,"TUV","Tuvalu",869,0,0,0,0,0,1,0,0,0,0,0,1,0,0,4,2,"Asia","Developing"
1991,0,"TUV","Tuvalu",869,0,0,0,0,0,1,0,0,0,0,0,1,0,0,4,2,"Asia","Developing"
1992,0,"TUV","Tuvalu",869,0,0,0,0,0,1,0,0,0,0,0,1,0,0,4,2,"Asia","Developing"
1993,0,"TUV","Tuvalu",869,0,0,0,0,0,1,0,0,0,0,0,1,0,0,4,2,"Asia","Developing"
1994,0,"TUV","Tuvalu",869,0,0,0,0,0,1,0,0,0,0,0,1,0,0,4,2,"Asia","Developing"
1995,0,"TUV","Tuvalu",869,0,0,0,0,0,1,0,0,0,0,0,1,0,0,4,2,"Asia","Developing"
1996,0,"TUV","Tuvalu",869,0,0,0,0,0,1,0,0,0,0,0,1,0,0,4,2,"Asia","Developing"
1997,0,"TUV","Tuvalu",869,0,0,0,0,0,1,0,0,0,0,0,1,0,0,4,2,"Asia","Developing"
1998,0,"TUV","Tuvalu",869,0,0,0,0,0,1,0,0,0,0,0,1,0,0,4,2,"Asia","Developing"
1999,0,"TUV","Tuvalu",869,0,0,0,0,0,1,0,0,0,0,0,1,0,0,4,2,"Asia","Developing"
2000,0,"TUV","Tuvalu",869,0,0,0,0,0,1,0,0,0,0,0,1,0,0,4,2,"Asia","Developing"
2001,0,"TUV","Tuvalu",869,0,0,0,0,0,1,0,0,0,0,0,1,0,0,4,2,"Asia","Developing"
2002,0,"TUV","Tuvalu",869,0,0,0,0,0,1,0,0,0,0,0,1,0,0,4,2,"Asia","Developing"
2003,0,"TUV","Tuvalu",869,0,0,0,0,0,1,0,0,0,0,0,1,0,0,4,2,"Asia","Developing"
2004,0,"TUV","Tuvalu",869,0,0,0,0,0,1,0,0,0,0,0,1,0,0,4,2,"Asia","Developing"
2005,0,"TUV","Tuvalu",869,0,0,0,0,0,1,0,0,0,0,0,1,0,0,4,2,"Asia","Developing"
2006,0,"TUV","Tuvalu",869,0,0,0,0,0,1,0,0,0,0,0,1,0,0,4,2,"Asia","Developing"
2007,0,"TUV","Tuvalu",869,0,0,0,0,0,1,0,0,0,0,0,1,0,0,4,2,"Asia","Developing"
2008,0,"TUV","Tuvalu",869,0,0,0,0,0,1,0,0,0,0,0,1,0,0,4,2,"Asia","Developing"
2009,0,"TUV","Tuvalu",869,0,0,0,0,0,1,0,0,0,0,0,1,0,0,4,2,"Asia","Developing"
2010,0,"TUV","Tuvalu",869,0,0,0,0,0,1,0,0,0,0,0,1,0,0,4,2,"Asia","Developing"
2011,0,"TUV","Tuvalu",869,0,0,0,0,0,1,0,0,0,0,0,1,0,0,4,2,"Asia","Developing"
2012,0,"TUV","Tuvalu",869,0,0,0,0,0,1,0,0,0,0,0,1,0,0,4,2,"Asia","Developing"
2013,0,"TUV","Tuvalu",869,0,0,0,0,0,1,0,0,0,0,0,1,0,0,4,2,"Asia","Developing"
2014,0,"TUV","Tuvalu",869,0,0,0,0,0,1,0,0,0,0,0,1,0,0,4,2,"Asia","Developing"
2015,0,"TUV","Tuvalu",869,0,0,0,0,0,1,0,0,0,0,0,1,0,0,4,2,"Asia","Developing"
2016,0,"TUV","Tuvalu",869,0,0,0,0,0,1,0,0,0,0,0,1,0,0,4,2,"Asia","Developing"
2017,0,"TUV","Tuvalu",869,0,0,0,0,0,1,0,0,0,0,0,1,0,0,4,2,"Asia","Developing"
2018,0,"TUV","Tuvalu",869,0,0,0,0,0,1,0,0,0,0,0,1,0,0,4,2,"Asia","Developing"
2019,0,"TUV","Tuvalu",869,0,0,0,0,0,1,0,0,0,0,0,1,0,0,4,2,"Asia","Developing"
2020,0,"TUV","Tuvalu",869,0,0,0,0,0,1,0,0,0,0,0,1,0,0,4,2,"Asia","Developing"
2021,0,"TUV","Tuvalu",869,0,0,0,0,0,1,0,0,0,0,0,1,0,0,4,2,"Asia","Developing"
2022,0,"TUV","Tuvalu",869,0,0,0,0,0,1,0,0,0,0,0,1,0,0,4,2,"Asia","Developing"
1987,4677,"PYF","French Polynesia",887,3659.62441314554,6356.65101,4973.9053286385,0,0,1,0,0,0,0,0,1,0,0,4,2,"Asia","Developing"
1988,5164,"PYF","French Polynesia",887,3433.51063829787,7044.57388,4683.89220744681,0,0,1,0,0,0,0,0,1,0,0,4,2,"Asia","Developing"
1989,18798,"PYF","French Polynesia",887,12155.1891367604,25080.85554,16217.8180019399,0,0,1,0,0,0,0,0,1,0,0,4,2,"Asia","Developing"
1990,12665,"PYF","French Polynesia",887,9776.14820532613,17744.4249,13696.9702045542,0,0,1,0,0,0,0,0,1,0,0,4,2,"Asia","Developing"
1991,18317,"PYF","French Polynesia",887,13513.0947989672,26170.04741,19306.5639321284,0,0,1,0,0,0,0,0,1,0,0,4,2,"Asia","Developing"
1992,14436,"PYF","French Polynesia",887,9914.83516483517,20836.63368,14310.8747802198,0,0,1,0,0,0,0,0,1,0,0,4,2,"Asia","Developing"
1993,9622,"PYF","French Polynesia",887,6503.54849611355,14394.31956,9729.17847921595,0,0,1,0,0,0,0,0,1,0,0,4,2,"Asia","Developing"
1994,11448,"PYF","French Polynesia",887,8728.93633244377,17539.70976,13373.7779336637,0,0,1,0,0,0,0,0,1,0,0,4,2,"Asia","Developing"
1995,13077,"PYF","French Polynesia",887,11366.3624511082,20803.02237,18081.7230508475,0,0,1,0,0,0,0,0,1,0,0,4,2,"Asia","Developing"
1996,15824,"PYF","French Polynesia",887,11752.8223410576,24988.15312,18559.2343434343,0,0,1,0,0,0,0,0,1,0,0,4,2,"Asia","Developing"
1997,25342,"PYF","French Polynesia",887,17413.591699306,39338.89344,27031.4666666667,0,0,1,0,0,0,0,0,1,0,0,4,2,"Asia","Developing"
1998,23630,"PYF","French Polynesia",887,17166.7272066836,37343.1979,27129.0940065383,0,0,1,0,0,0,0,0,1,0,0,4,2,"Asia","Developing"
1999,34716,"PYF","French Polynesia",887,21702.9257314329,46925.27004,29335.6276819205,0,0,1,0,0,0,0,0,1,0,0,4,2,"Asia","Developing"
2000,38501,"PYF","French Polynesia",887,23526.4283531928,52507.27879,32085.1077238008,0,0,1,0,0,0,0,0,1,0,0,4,2,"Asia","Developing"
2001,33624,"PYF","French Polynesia",887,20046.5033088893,46846.638,27929.79073511,0,0,1,0,0,0,0,0,1,0,0,4,2,"Asia","Developing"
2002,41144,"PYF","French Polynesia",887,29668.3011248918,58402.26224,42112.966714739,0,0,1,0,0,0,0,0,1,0,0,4,2,"Asia","Developing"
2003,31261,"PYF","French Polynesia",887,25273.6680410704,43241.46564,34959.5485811302,0,0,1,0,0,0,0,0,1,0,0,4,2,"Asia","Developing"
2004,53206,"PYF","French Polynesia",887,47018.3810533758,75415.78058,66645.2638564864,0,0,1,0,0,0,0,0,1,0,0,4,2,"Asia","Developing"
2005,44894,"PYF","French Polynesia",887,34158.1069770981,65051.406,49495.0970098151,0,0,1,0,0,0,0,0,1,0,0,4,2,"Asia","Developing"
2006,35808,"PYF","French Polynesia",887,29343.6040317955,53838.76032,44119.2824059658,0,0,1,0,0,0,0,0,1,0,0,4,2,"Asia","Developing"
2007,28804,"PYF","French Polynesia",887,25592.1812527765,45251.084,40205.3167481119,0,0,1,0,0,0,0,0,1,0,0,4,2,"Asia","Developing"
2008,32285,"PYF","French Polynesia",887,30351.6028955533,52963.5425,49791.8045501551,0,0,1,0,0,0,0,0,1,0,0,4,2,"Asia","Developing"
2009,15331,"PYF","French Polynesia",887,14877.2440562834,25665.01386,24905.3991848617,0,0,1,0,0,0,0,0,1,0,0,4,2,"Asia","Developing"
2010,12656,"PYF","French Polynesia",887,13469.5615155385,20784.56912,22120.6567901235,0,0,1,0,0,0,0,0,1,0,0,4,2,"Asia","Developing"
2011,32255,"PYF","French Polynesia",887,34281.0075459666,55031.5457,58488.1982144755,0,0,1,0,0,0,0,0,1,0,0,4,2,"Asia","Developing"
2012,27052,"PYF","French Polynesia",887,29513.4191577569,46814.56808,51074.1523892647,0,0,1,0,0,0,0,0,1,0,0,4,2,"Asia","Developing"
2013,16454,"PYF","French Polynesia",887,18456.533931576,26047.01108,29217.0623443634,0,0,1,0,0,0,0,0,1,0,0,4,2,"Asia","Developing"
2014,11933,"PYF","French Polynesia",887,12064.5030836114,18188.51726,18388.9568901021,0,0,1,0,0,0,0,0,1,0,0,4,2,"Asia","Developing"
2015,15291.24639,"PYF","French Polynesia",887,15413.0091623828,20544.8599122123,20708.4567203027,0,0,1,0,0,0,0,0,1,0,0,4,2,"Asia","Developing"
2016,20694.87444,"PYF","French Polynesia",887,20368.9709055118,27632.0033010324,27196.8536427484,0,0,1,0,0,0,0,0,1,0,0,4,2,"Asia","Developing"
2017,12479.26186,"PYF","French Polynesia",887,12795.3059161284,16890.68092751,17318.4465574798,0,0,1,0,0,0,0,0,1,0,0,4,2,"Asia","Developing"
2018,14695.93749,"PYF","French Polynesia",887,14919.7334923858,20145.9259081665,20452.7166580371,0,0,1,0,0,0,0,0,1,0,0,4,2,"Asia","Developing"
2019,19984.6949,"PYF","French Polynesia",887,20640.0153885877,26995.525717869,27880.7391870581,0,0,1,0,0,0,0,0,1,0,0,4,2,"Asia","Developing"
2020,7571.21491,"PYF","French Polynesia",887,8591.93702905129,10080.0126825776,11438.9612829977,0,0,1,0,0,0,0,0,1,0,0,4,2,"Asia","Developing"
2021,6513.184634,"PYF","French Polynesia",887,7136.17249260436,9240.18990840946,10124.0165535329,0,0,1,0,0,0,0,0,1,0,0,4,2,"Asia","Developing"
2022,13430.142563,"PYF","French Polynesia",887,14597.9810467391,17736.9206801028,19279.2616088074,0,0,1,0,0,0,0,0,1,0,0,4,2,"Asia","Developing"
1987,,"WLF","Wallis and Futuna Islands",889,,,,0,0,1,0,0,0,0,0,1,0,0,4,2,"Asia","Developing"
1988,,"WLF","Wallis and Futuna Islands",889,,,,0,0,1,0,0,0,0,0,1,0,0,4,2,"Asia","Developing"
1989,,"WLF","Wallis and Futuna Islands",889,,,,0,0,1,0,0,0,0,0,1,0,0,4,2,"Asia","Developing"
1990,,"WLF","Wallis and Futuna Islands",889,,,,0,0,1,0,0,0,0,0,1,0,0,4,2,"Asia","Developing"
1991,,"WLF","Wallis and Futuna Islands",889,,,,0,0,1,0,0,0,0,0,1,0,0,4,2,"Asia","Developing"
1992,,"WLF","Wallis and Futuna Islands",889,,,,0,0,1,0,0,0,0,0,1,0,0,4,2,"Asia","Developing"
1993,,"WLF","Wallis and Futuna Islands",889,,,,0,0,1,0,0,0,0,0,1,0,0,4,2,"Asia","Developing"
1994,,"WLF","Wallis and Futuna Islands",889,,,,0,0,1,0,0,0,0,0,1,0,0,4,2,"Asia","Developing"
1995,,"WLF","Wallis and Futuna Islands",889,,,,0,0,1,0,0,0,0,0,1,0,0,4,2,"Asia","Developing"
1996,,"WLF","Wallis and Futuna Islands",889,,,,0,0,1,0,0,0,0,0,1,0,0,4,2,"Asia","Developing"
1997,,"WLF","Wallis and Futuna Islands",889,,,,0,0,1,0,0,0,0,0,1,0,0,4,2,"Asia","Developing"
1998,,"WLF","Wallis and Futuna Islands",889,,,,0,0,1,0,0,0,0,0,1,0,0,4,2,"Asia","Developing"
1999,0,"WLF","Wallis and Futuna Islands",889,0,0,0,0,0,1,0,0,0,0,0,1,0,0,4,2,"Asia","Developing"
2000,0,"WLF","Wallis and Futuna Islands",889,0,0,0,0,0,1,0,0,0,0,0,1,0,0,4,2,"Asia","Developing"
2001,1136,"WLF","Wallis and Futuna Islands",889,677.278960233709,1582.732,943.618911345615,0,0,1,0,0,0,0,0,1,0,0,4,2,"Asia","Developing"
2002,951,"WLF","Wallis and Futuna Islands",889,685.751370060571,1349.90646,973.396639746178,0,0,1,0,0,0,0,0,1,0,0,4,2,"Asia","Developing"
2003,0,"WLF","Wallis and Futuna Islands",889,0,0,0,0,0,1,0,0,0,0,0,1,0,0,4,2,"Asia","Developing"
2004,0,"WLF","Wallis and Futuna Islands",889,0,0,0,0,0,1,0,0,0,0,0,1,0,0,4,2,"Asia","Developing"
2005,2301,"WLF","Wallis and Futuna Islands",889,1750.74183976261,3334.149,2536.82492581602,0,0,1,0,0,0,0,0,1,0,0,4,2,"Asia","Developing"
2006,1786,"WLF","Wallis and Futuna Islands",889,1463.57453085307,2685.32244,2200.54285011882,0,0,1,0,0,0,0,0,1,0,0,4,2,"Asia","Developing"
2007,0,"WLF","Wallis and Futuna Islands",889,0,0,0,0,0,1,0,0,0,0,0,1,0,0,4,2,"Asia","Developing"
2008,0,"WLF","Wallis and Futuna Islands",889,0,0,0,0,0,1,0,0,0,0,0,1,0,0,4,2,"Asia","Developing"
2009,0,"WLF","Wallis and Futuna Islands",889,0,0,0,0,0,1,0,0,0,0,0,1,0,0,4,2,"Asia","Developing"
2010,0,"WLF","Wallis and Futuna Islands",889,0,0,0,0,0,1,0,0,0,0,0,1,0,0,4,2,"Asia","Developing"
2011,0,"WLF","Wallis and Futuna Islands",889,0,0,0,0,0,1,0,0,0,0,0,1,0,0,4,2,"Asia","Developing"
2012,0,"WLF","Wallis and Futuna Islands",889,0,0,0,0,0,1,0,0,0,0,0,1,0,0,4,2,"Asia","Developing"
2013,0,"WLF","Wallis and Futuna Islands",889,0,0,0,0,0,1,0,0,0,0,0,1,0,0,4,2,"Asia","Developing"
2014,0,"WLF","Wallis and Futuna Islands",889,0,0,0,0,0,1,0,0,0,0,0,1,0,0,4,2,"Asia","Developing"
2015,0,"WLF","Wallis and Futuna Islands",889,0,0,0,0,0,1,0,0,0,0,0,1,0,0,4,2,"Asia","Developing"
2016,0,"WLF","Wallis and Futuna Islands",889,0,0,0,0,0,1,0,0,0,0,0,1,0,0,4,2,"Asia","Developing"
2017,0,"WLF","Wallis and Futuna Islands",889,0,0,0,0,0,1,0,0,0,0,0,1,0,0,4,2,"Asia","Developing"
2018,0,"WLF","Wallis and Futuna Islands",889,0,0,0,0,0,1,0,0,0,0,0,1,0,0,4,2,"Asia","Developing"
2019,0,"WLF","Wallis and Futuna Islands",889,0,0,0,0,0,1,0,0,0,0,0,1,0,0,4,2,"Asia","Developing"
2020,0,"WLF","Wallis and Futuna Islands",889,0,0,0,0,0,1,0,0,0,0,0,1,0,0,4,2,"Asia","Developing"
2021,0,"WLF","Wallis and Futuna Islands",889,0,0,0,0,0,1,0,0,0,0,0,1,0,0,4,2,"Asia","Developing"
2022,0,"WLF","Wallis and Futuna Islands",889,0,0,0,0,0,1,0,0,0,0,0,1,0,0,4,2,"Asia","Developing"
1987,,"ARM","Armenia",911,,,,0,0,1,0,0,0,0,0,1,0,0,4,2,"Asia","Developing"
1988,,"ARM","Armenia",911,,,,0,0,1,0,0,0,0,0,1,0,0,4,2,"Asia","Developing"
1989,,"ARM","Armenia",911,,,,0,0,1,0,0,0,0,0,1,0,0,4,2,"Asia","Developing"
1990,,"ARM","Armenia",911,,,,0,0,1,0,0,0,0,0,1,0,0,4,2,"Asia","Developing"
1991,,"ARM","Armenia",911,,,,0,0,1,0,0,0,0,0,1,0,0,4,2,"Asia","Developing"
1992,0,"ARM","Armenia",911,0,0,0,0,0,1,0,0,0,0,0,1,0,0,4,2,"Asia","Developing"
1993,0,"ARM","Armenia",911,0,0,0,0,0,1,0,0,0,0,0,1,0,0,4,2,"Asia","Developing"
1994,174,"ARM","Armenia",911,132.672512390393,266.58888,203.270209683568,0,0,1,0,0,0,0,0,1,0,0,4,2,"Asia","Developing"
1995,3322,"ARM","Armenia",911,2887.44024337245,5284.67082,4593.36881355932,0,0,1,0,0,0,0,0,1,0,0,4,2,"Asia","Developing"
1996,2056,"ARM","Armenia",911,1527.03505644682,3246.69128,2411.38686868687,0,0,1,0,0,0,0,0,1,0,0,4,2,"Asia","Developing"
1997,2674,"ARM","Armenia",911,1837.42183742184,4150.90368,2852.26666666667,0,0,1,0,0,0,0,0,1,0,0,4,2,"Asia","Developing"
1998,2604,"ARM","Armenia",911,1891.75444969125,4115.17932,2989.59630948057,0,0,1,0,0,0,0,0,1,0,0,4,2,"Asia","Developing"
1999,11328,"ARM","Armenia",911,7081.77044261065,15311.94432,9572.35828957239,0,0,1,0,0,0,0,0,1,0,0,4,2,"Asia","Developing"
2000,10611,"ARM","Armenia",911,6483.9596700275,14471.17569,8842.7593583868,0,0,1,0,0,0,0,0,1,0,0,4,2,"Asia","Developing"
2001,16823,"ARM","Armenia",911,10029.8098133906,23438.64475,13974.0325225064,0,0,1,0,0,0,0,0,1,0,0,4,2,"Asia","Developing"
2002,10356,"ARM","Armenia",911,7467.55119700029,14699.92776,10599.890222094,0,0,1,0,0,0,0,0,1,0,0,4,2,"Asia","Developing"
2003,17580,"ARM","Armenia",911,14212.9517341741,24317.3592,19659.923356779,0,0,1,0,0,0,0,0,1,0,0,4,2,"Asia","Developing"
2004,8670,"ARM","Armenia",911,7661.71792152704,12289.1181,10859.9488335101,0,0,1,0,0,0,0,0,1,0,0,4,2,"Asia","Developing"
2005,20335,"ARM","Armenia",911,15472.1144335388,29465.415,22419.0938141977,0,0,1,0,0,0,0,0,1,0,0,4,2,"Asia","Developing"
2006,42911,"ARM","Armenia",911,35164.3038597066,64518.40494,52870.9374252233,0,0,1,0,0,0,0,0,1,0,0,4,2,"Asia","Developing"
2007,57220,"ARM","Armenia",911,50839.6268325189,89892.62,79869.0537538872,0,0,1,0,0,0,0,0,1,0,0,4,2,"Asia","Developing"
2008,58485,"ARM","Armenia",911,54982.6078781611,95944.6425,90198.9682241233,0,0,1,0,0,0,0,0,1,0,0,4,2,"Asia","Developing"
2009,35126,"ARM","Armenia",911,34086.3658418244,58803.03156,57062.6216011645,0,0,1,0,0,0,0,0,1,0,0,4,2,"Asia","Developing"
2010,68114,"ARM","Armenia",911,72492.5500212857,111861.57878,119052.340123457,0,0,1,0,0,0,0,0,1,0,0,4,2,"Asia","Developing"
2011,20072,"ARM","Armenia",911,21332.7665001594,34245.64208,36396.686236582,0,0,1,0,0,0,0,0,1,0,0,4,2,"Asia","Developing"
2012,6031,"ARM","Armenia",911,6579.7512546367,10436.88674,11386.522736199,0,0,1,0,0,0,0,0,1,0,0,4,2,"Asia","Developing"
2013,559,"ARM","Armenia",911,627.033090297252,884.90818,992.605922602356,0,0,1,0,0,0,0,0,1,0,0,4,2,"Asia","Developing"
2014,683,"ARM","Armenia",911,690.526741482156,1041.04226,1052.51466990193,0,0,1,0,0,0,0,0,1,0,0,4,2,"Asia","Developing"
2015,1568.0535,"ARM","Armenia",911,1580.53976413668,2106.789640995,2123.56581090112,0,0,1,0,0,0,0,0,1,0,0,4,2,"Asia","Developing"
2016,8636.692,"ARM","Armenia",911,8500.6811023622,11531.79752532,11350.194414685,0,0,1,0,0,0,0,0,1,0,0,4,2,"Asia","Developing"
2017,1963.6175,"ARM","Armenia",911,2013.34717522814,2657.75628625,2725.06540167128,0,0,1,0,0,0,0,0,1,0,0,4,2,"Asia","Developing"
2018,9292.12731,"ARM","Armenia",911,9433.63178680203,12738.1127229135,12932.0941349376,0,0,1,0,0,0,0,0,1,0,0,4,2,"Asia","Developing"
2019,27283.51383,"ARM","Armenia",911,28178.1707513555,36854.8433167023,38063.3548326386,0,0,1,0,0,0,0,0,1,0,0,4,2,"Asia","Developing"
2020,5232.926,"ARM","Armenia",911,5938.40898774399,6966.90835936,7906.16018992283,0,0,1,0,0,0,0,0,1,0,0,4,2,"Asia","Developing"
2021,6945.94685,"ARM","Armenia",911,7610.32853073299,9854.1453366265,10796.6969832656,0,0,1,0,0,0,0,0,1,0,0,4,2,"Asia","Developing"
2022,12459.28764,"ARM","Armenia",911,13542.7039565217,16454.7320003952,17885.5782612991,0,0,1,0,0,0,0,0,1,0,0,4,2,"Asia","Developing"
1987,,"AZE","Azerbaijan",912,,,,0,0,1,0,0,0,0,0,1,0,0,4,2,"Asia","Developing"
1988,,"AZE","Azerbaijan",912,,,,0,0,1,0,0,0,0,0,1,0,0,4,2,"Asia","Developing"
1989,,"AZE","Azerbaijan",912,,,,0,0,1,0,0,0,0,0,1,0,0,4,2,"Asia","Developing"
1990,,"AZE","Azerbaijan",912,,,,0,0,1,0,0,0,0,0,1,0,0,4,2,"Asia","Developing"
1991,,"AZE","Azerbaijan",912,,,,0,0,1,0,0,0,0,0,1,0,0,4,2,"Asia","Developing"
1992,10237,"AZE","Azerbaijan",912,7030.90659340659,14775.88106,10148.2699587912,0,0,1,0,0,0,0,0,1,0,0,4,2,"Asia","Developing"
1993,7197,"AZE","Azerbaijan",912,4864.4812436634,10766.56806,7277.16665089557,0,0,1,0,0,0,0,0,1,0,0,4,2,"Asia","Developing"
1994,551,"AZE","Azerbaijan",912,420.129622569577,844.19812,643.6889973313,0,0,1,0,0,0,0,0,1,0,0,4,2,"Asia","Developing"
1995,11838,"AZE","Azerbaijan",912,10289.4393741851,18832.00878,16368.5430508475,0,0,1,0,0,0,0,0,1,0,0,4,2,"Asia","Developing"
1996,16095,"AZE","Azerbaijan",912,11954.0998217469,25416.09735,18877.0776515152,0,0,1,0,0,0,0,0,1,0,0,4,2,"Asia","Developing"
1997,33297,"AZE","Azerbaijan",912,22879.8185941043,51687.59904,35516.8,0,0,1,0,0,0,0,0,1,0,0,4,2,"Asia","Developing"
1998,94003,"AZE","Azerbaijan",912,68291.3185615692,148555.76099,107922.819462405,0,0,1,0,0,0,0,0,1,0,0,4,2,"Asia","Developing"
1999,145132,"AZE","Azerbaijan",912,90730.1825456364,196173.47308,122639.080445111,0,0,1,0,0,0,0,0,1,0,0,4,2,"Asia","Developing"
2000,130231,"AZE","Azerbaijan",912,79578.9795294837,177607.73549,108529.016492515,0,0,1,0,0,0,0,0,1,0,0,4,2,"Asia","Developing"
2001,112774,"AZE","Azerbaijan",912,67235.4379061587,157122.3755,93675.7738627556,0,0,1,0,0,0,0,0,1,0,0,4,2,"Asia","Developing"
2002,98210,"AZE","Azerbaijan",912,70817.7098355927,139405.1666,100522.90640323,0,0,1,0,0,0,0,0,1,0,0,4,2,"Asia","Developing"
2003,60352,"AZE","Azerbaijan",912,48792.9501172286,83481.30048,67492.3603201552,0,0,1,0,0,0,0,0,1,0,0,4,2,"Asia","Developing"
2004,130401,"AZE","Azerbaijan",912,115235.949098621,184834.28943,163338.891330859,0,0,1,0,0,0,0,0,1,0,0,4,2,"Asia","Developing"
2005,103046,"AZE","Azerbaijan",912,78403.7130031195,149313.654,113606.98014152,0,0,1,0,0,0,0,0,1,0,0,4,2,"Asia","Developing"
2006,178752,"AZE","Azerbaijan",912,146482.012619848,268760.78208,220241.565254446,0,0,1,0,0,0,0,0,1,0,0,4,2,"Asia","Developing"
2007,152197,"AZE","Azerbaijan",912,135226.121723678,239101.487,212440.237227899,0,0,1,0,0,0,0,0,1,0,0,4,2,"Asia","Developing"
2008,175429,"AZE","Azerbaijan",912,164923.38065244,287791.2745,270556.805960327,0,0,1,0,0,0,0,0,1,0,0,4,2,"Asia","Developing"
2009,161055,"AZE","Azerbaijan",912,156288.209606987,269615.7333,261635.840174673,0,0,1,0,0,0,0,0,1,0,0,4,2,"Asia","Developing"
2010,90742,"AZE","Azerbaijan",912,96575.1383567476,149022.86434,158602.452469136,0,0,1,0,0,0,0,0,1,0,0,4,2,"Asia","Developing"
2011,109067,"AZE","Azerbaijan",912,115917.738335636,186083.57138,197771.890083962,0,0,1,0,0,0,0,0,1,0,0,4,2,"Asia","Developing"
2012,150336,"AZE","Azerbaijan",912,164014.837442723,260162.46144,283834.23678813,0,0,1,0,0,0,0,0,1,0,0,4,2,"Asia","Developing"
2013,145028,"AZE","Azerbaijan",912,162678.63151991,229582.22456,257523.527268648,0,0,1,0,0,0,0,0,1,0,0,4,2,"Asia","Developing"
2014,141771,"AZE","Azerbaijan",912,143333.333333333,216090.19362,218471.533333333,0,0,1,0,0,0,0,0,1,0,0,4,2,"Asia","Developing"
2015,115067.17134,"AZE","Azerbaijan",912,115983.440520109,154600.799397284,155831.871179603,0,0,1,0,0,0,0,0,1,0,0,4,2,"Asia","Developing"
2016,140653.19718,"AZE","Azerbaijan",912,138438.186200787,187801.555406708,184844.050597153,0,0,1,0,0,0,0,0,1,0,0,4,2,"Asia","Developing"
2017,83911.03658,"AZE","Azerbaijan",912,86036.1289654465,113573.58801103,116449.900554732,0,0,1,0,0,0,0,0,1,0,0,4,2,"Asia","Developing"
2018,25110.70889,"AZE","Azerbaijan",912,25493.1054720812,34423.0152818565,34947.2236364025,0,0,1,0,0,0,0,0,1,0,0,4,2,"Asia","Developing"
2019,48133.44449,"AZE","Azerbaijan",912,49711.793947844,65019.1381515369,67151.1883826872,0,0,1,0,0,0,0,0,1,0,0,4,2,"Asia","Developing"
2020,10285.47827,"AZE","Azerbaijan",912,11672.1269518838,13693.6743495472,15539.80293866,0,0,1,0,0,0,0,0,1,0,0,4,2,"Asia","Developing"
2021,11878.73255,"AZE","Azerbaijan",912,13014.9365070669,16852.2390813595,18464.1602732108,0,0,1,0,0,0,0,0,1,0,0,4,2,"Asia","Developing"
2022,23240.50363,"AZE","Azerbaijan",912,25261.4169891304,30693.2683340684,33362.2481892048,0,0,1,0,0,0,0,0,1,0,0,4,2,"Asia","Developing"
1987,,"BLR","Belarus",913,,,,0,0,1,0,0,0,0,0,0,0,1,2,2,"Europe","Developing"
1988,,"BLR","Belarus",913,,,,0,0,1,0,0,0,0,0,0,0,1,2,2,"Europe","Developing"
1989,,"BLR","Belarus",913,,,,0,0,1,0,0,0,0,0,0,0,1,2,2,"Europe","Developing"
1990,,"BLR","Belarus",913,,,,0,0,1,0,0,0,0,0,0,0,1,2,2,"Europe","Developing"
1991,,"BLR","Belarus",913,,,,0,0,1,0,0,0,0,0,0,0,1,2,2,"Europe","Developing"
1992,2126,"BLR","Belarus",913,1460.16483516484,3068.62588,2107.57271978022,0,0,1,0,0,0,0,0,0,0,1,2,2,"Europe","Developing"
1993,2509,"BLR","Belarus",913,1695.84319026698,3753.41382,2536.9474957756,0,0,1,0,0,0,0,0,0,0,1,2,2,"Europe","Developing"
1994,7496,"BLR","Belarus",913,5715.59283263439,11484.77152,8756.9740907358,0,0,1,0,0,0,0,0,0,0,1,2,2,"Europe","Developing"
1995,9639,"BLR","Belarus",913,8378.0964797914,15333.81759,13327.9596610169,0,0,1,0,0,0,0,0,0,0,1,2,2,"Europe","Developing"
1996,10709,"BLR","Belarus",913,7953.8027332145,16910.90317,12560.088510101,0,0,1,0,0,0,0,0,0,0,1,2,2,"Europe","Developing"
1997,7247,"BLR","Belarus",913,4979.72926544355,11249.66304,7730.13333333333,0,0,1,0,0,0,0,0,0,0,1,2,2,"Europe","Developing"
1998,19852,"BLR","Belarus",913,14422.0849981838,31372.71116,22791.6535851798,0,0,1,0,0,0,0,0,0,0,1,2,2,"Europe","Developing"
1999,27944,"BLR","Belarus",913,17469.3673418355,37771.62536,23613.1691422856,0,0,1,0,0,0,0,0,0,0,1,2,2,"Europe","Developing"
2000,56530,"BLR","Belarus",913,34543.2325084021,77095.0487,47109.7150626337,0,0,1,0,0,0,0,0,0,0,1,2,2,"Europe","Developing"
2001,72595,"BLR","Belarus",913,43280.8680617659,101142.98375,60301.0694270554,0,0,1,0,0,0,0,0,0,0,1,2,2,"Europe","Developing"
2002,62227,"BLR","Belarus",913,44870.9258725123,88328.73742,63692.4844389962,0,0,1,0,0,0,0,0,0,0,1,2,2,"Europe","Developing"
2003,79658,"BLR","Belarus",913,64401.3258953836,110186.13192,89082.4900315304,0,0,1,0,0,0,0,0,0,0,1,2,2,"Europe","Developing"
2004,53873,"BLR","Belarus",913,47607.8119476847,76361.20639,67480.7408890067,0,0,1,0,0,0,0,0,0,0,1,2,2,"Europe","Developing"
2005,36569,"BLR","Belarus",913,27823.9366963403,52988.481,40316.884272997,0,0,1,0,0,0,0,0,0,0,1,2,2,"Europe","Developing"
2006,32048,"BLR","Belarus",913,26262.3944931574,48185.44992,39486.5606162419,0,0,1,0,0,0,0,0,0,0,1,2,2,"Europe","Developing"
2007,43260,"BLR","Belarus",913,38436.2505553088,67961.46,60383.34962239,0,0,1,0,0,0,0,0,0,0,1,2,2,"Europe","Developing"
2008,21003,"BLR","Belarus",913,19745.228917928,34455.4215,32392.0480398609,0,0,1,0,0,0,0,0,0,0,1,2,2,"Europe","Developing"
2009,19253,"BLR","Belarus",913,18683.1635128578,32230.67718,31276.7367103348,0,0,1,0,0,0,0,0,0,0,1,2,2,"Europe","Developing"
2010,11525,"BLR","Belarus",913,12265.8578118348,18927.16175,20143.850308642,0,0,1,0,0,0,0,0,0,0,1,2,2,"Europe","Developing"
2011,9139,"BLR","Belarus",913,9713.0407057073,15592.41346,16571.8072696355,0,0,1,0,0,0,0,0,0,0,1,2,2,"Europe","Developing"
2012,12715,"BLR","Belarus",913,13871.9179576696,22003.8161,24005.9089024656,0,0,1,0,0,0,0,0,0,0,1,2,2,"Europe","Developing"
2013,10906,"BLR","Belarus",913,12233.3146382501,17264.41612,19365.5817386427,0,0,1,0,0,0,0,0,0,0,1,2,2,"Europe","Developing"
2014,7244,"BLR","Belarus",913,7323.82974421191,11041.44968,11163.1277727227,0,0,1,0,0,0,0,0,0,0,1,2,2,"Europe","Developing"
2015,5670.35634,"BLR","Belarus",913,5715.50885999395,7618.5206677338,7679.18623902207,0,0,1,0,0,0,0,0,0,0,1,2,2,"Europe","Developing"
2016,4194.17875,"BLR","Belarus",913,4128.12869094488,5600.1094087875,5511.91870943652,0,0,1,0,0,0,0,0,0,0,1,2,2,"Europe","Developing"
2017,5837.85055,"BLR","Belarus",913,5985.69727263406,7901.530719425,8101.6412585102,0,0,1,0,0,0,0,0,0,0,1,2,2,"Europe","Developing"
2018,9157.88713,"BLR","Belarus",913,9297.34734010152,12554.0895721605,12745.2686011782,0,0,1,0,0,0,0,0,0,0,1,2,2,"Europe","Developing"
2019,9694.16029,"BLR","Belarus",913,10012.0426439453,13094.9686613349,13524.3673238677,0,0,1,0,0,0,0,0,0,0,1,2,2,"Europe","Developing"
2020,678.61389,"BLR","Belarus",913,770.102008624603,903.4793885904,1025.28301020245,0,0,1,0,0,0,0,0,0,0,1,2,2,"Europe","Developing"
2021,0,"BLR","Belarus",913,0,0,0,0,0,1,0,0,0,0,0,0,0,1,2,2,"Europe","Developing"
2022,2463.46798,"BLR","Belarus",913,2677.68258695652,3253.4528918264,3536.36183894174,0,0,1,0,0,0,0,0,0,0,1,2,2,"Europe","Developing"
1987,442,"ALB","Albania",914,345.85289514867,600.73546,470.059045383412,0,0,1,0,0,0,0,0,0,0,1,2,2,"Europe","Developing"
1988,987,"ALB","Albania",914,656.25,1346.43579,895.2365625,0,0,1,0,0,0,0,0,0,0,1,2,2,"Europe","Developing"
1989,695,"ALB","Albania",914,449.401875202069,927.28985,599.605463950857,0,0,1,0,0,0,0,0,0,0,1,2,2,"Europe","Developing"
1990,317,"ALB","Albania",914,244.693168660749,444.13602,342.829810883829,0,0,1,0,0,0,0,0,0,0,1,2,2,"Europe","Developing"
1991,389,"ALB","Albania",914,286.978974548137,555.77597,410.01547030616,0,0,1,0,0,0,0,0,0,0,1,2,2,"Europe","Developing"
1992,4365,"ALB","Albania",914,2997.93956043956,6300.3537,4327.16600274725,0,0,1,0,0,0,0,0,0,0,1,2,2,"Europe","Developing"
1993,377,"ALB","Albania",914,254.815816154106,563.98446,381.19936465022,0,0,1,0,0,0,0,0,0,0,1,2,2,"Europe","Developing"
1994,1964,"ALB","Albania",914,1497.52192146397,3009.08368,2294.38328631338,0,0,1,0,0,0,0,0,0,0,1,2,2,"Europe","Developing"
1995,748,"ALB","Albania",914,650.152107779226,1189.92588,1034.26847457627,0,0,1,0,0,0,0,0,0,0,1,2,2,"Europe","Developing"
1996,2574,"ALB","Albania",914,1911.76470588235,4064.68062,3018.925,0,0,1,0,0,0,0,0,0,0,1,2,2,"Europe","Developing"
1997,1468,"ALB","Albania",914,1008.72672301244,2278.80576,1565.86666666667,0,0,1,0,0,0,0,0,0,0,1,2,2,"Europe","Developing"
1998,3710,"ALB","Albania",914,2695.24155466764,5863.0243,4259.3710860879,0,0,1,0,0,0,0,0,0,0,1,2,2,"Europe","Developing"
1999,16611,"ALB","Albania",914,10384.4711177794,22452.92259,14036.5857651913,0,0,1,0,0,0,0,0,0,0,1,2,2,"Europe","Developing"
2000,15733,"ALB","Albania",914,9613.80996028109,21456.50807,13111.2178857317,0,0,1,0,0,0,0,0,0,0,1,2,2,"Europe","Developing"
2001,4339,"ALB","Albania",914,2586.89560603351,6045.31175,3604.19230310618,0,0,1,0,0,0,0,0,0,0,1,2,2,"Europe","Developing"
2002,610,"ALB","Albania",914,439.861551773868,865.8706,624.365878280934,0,0,1,0,0,0,0,0,0,0,1,2,2,"Europe","Developing"
2003,1851,"ALB","Albania",914,1496.48314334223,2560.37724,2069.9953431967,0,0,1,0,0,0,0,0,0,0,1,2,2,"Europe","Developing"
2004,1628,"ALB","Albania",914,1438.67090844821,2307.57604,2039.21530576175,0,0,1,0,0,0,0,0,0,0,1,2,2,"Europe","Developing"
2005,608,"ALB","Albania",914,462.603667351442,880.992,670.312713992239,0,0,1,0,0,0,0,0,0,0,1,2,2,"Europe","Developing"
2006,487,"ALB","Albania",914,399.082192903384,732.22398,600.036040317955,0,0,1,0,0,0,0,0,0,0,1,2,2,"Europe","Developing"
2007,1486,"ALB","Albania",914,1320.30208796091,2334.506,2074.19458018658,0,0,1,0,0,0,0,0,0,0,1,2,2,"Europe","Developing"
2008,1082,"ALB","Albania",914,1017.20409890007,1775.021,1668.72332424556,0,0,1,0,0,0,0,0,0,0,1,2,2,"Europe","Developing"
2009,112,"ALB","Albania",914,108.685104318292,187.49472,181.94538573508,0,0,1,0,0,0,0,0,0,0,1,2,2,"Europe","Developing"
2010,134,"ALB","Albania",914,142.613878246062,220.06418,234.21049382716,0,0,1,0,0,0,0,0,0,0,1,2,2,"Europe","Developing"
2011,288,"ALB","Albania",914,306.089913912212,491.36832,522.232245722181,0,0,1,0,0,0,0,0,0,0,1,2,2,"Europe","Developing"
2012,79,"ALB","Albania",914,86.1880864062841,136.71266,149.151931049531,0,0,1,0,0,0,0,0,0,0,1,2,2,"Europe","Developing"
2013,70,"ALB","Albania",914,78.5193494111049,110.8114,124.297700504767,0,0,1,0,0,0,0,0,0,0,1,2,2,"Europe","Developing"
2014,1087,"ALB","Albania",914,1098.97886967951,1656.82714,1675.0855727429,0,0,1,0,0,0,0,0,0,0,1,2,2,"Europe","Developing"
2015,122.5317,"ALB","Albania",914,123.507408527366,164.629916169,165.940848875113,0,0,1,0,0,0,0,0,0,0,1,2,2,"Europe","Developing"
2016,30.4725,"ALB","Albania",914,29.9926181102362,40.687186725,40.0464436269685,0,0,1,0,0,0,0,0,0,0,1,2,2,"Europe","Developing"
2017,0,"ALB","Albania",914,0,0,0,0,0,1,0,0,0,0,0,0,0,1,2,2,"Europe","Developing"
2018,2167.885,"ALB","Albania",914,2200.89847715736,2971.84515225,3017.10167741117,0,0,1,0,0,0,0,0,0,0,1,2,2,"Europe","Developing"
2019,844.6838,"ALB","Albania",914,872.381926155435,1141.007323878,1178.42222967002,0,0,1,0,0,0,0,0,0,0,1,2,2,"Europe","Developing"
2020,199.4656,"ALB","Albania",914,226.356786200635,265.560521216,301.362370876078,0,0,1,0,0,0,0,0,0,0,1,2,2,"Europe","Developing"
2021,0,"ALB","Albania",914,0,0,0,0,0,1,0,0,0,0,0,0,0,1,2,2,"Europe","Developing"
2022,999.72478,"ALB","Albania",914,1086.65736956522,1320.3165224504,1435.12665483739,0,0,1,0,0,0,0,0,0,0,1,2,2,"Europe","Developing"
1987,,"GEO","Georgia",915,,,,0,0,1,0,0,0,0,0,1,0,0,4,2,"Asia","Developing"
1988,,"GEO","Georgia",915,,,,0,0,1,0,0,0,0,0,1,0,0,4,2,"Asia","Developing"
1989,,"GEO","Georgia",915,,,,0,0,1,0,0,0,0,0,1,0,0,4,2,"Asia","Developing"
1990,,"GEO","Georgia",915,,,,0,0,1,0,0,0,0,0,1,0,0,4,2,"Asia","Developing"
1991,,"GEO","Georgia",915,,,,0,0,1,0,0,0,0,0,1,0,0,4,2,"Asia","Developing"
1992,2073,"GEO","Georgia",915,1423.76373626374,2992.12674,2055.03210164835,0,0,1,0,0,0,0,0,1,0,0,4,2,"Asia","Developing"
1993,5588,"GEO","Georgia",915,3776.95167286245,8359.53624,5650.24416356877,0,0,1,0,0,0,0,0,1,0,0,4,2,"Asia","Developing"
1994,4526,"GEO","Georgia",915,3451.010293557,6934.37512,5287.36189096454,0,0,1,0,0,0,0,0,1,0,0,4,2,"Asia","Developing"
1995,9813,"GEO","Georgia",915,8529.33507170795,15610.61853,13568.5515254237,0,0,1,0,0,0,0,0,1,0,0,4,2,"Asia","Developing"
1996,5136,"GEO","Georgia",915,3814.61675579323,8110.41168,6023.77575757576,0,0,1,0,0,0,0,0,1,0,0,4,2,"Asia","Developing"
1997,7247,"GEO","Georgia",915,4979.72926544355,11249.66304,7730.13333333333,0,0,1,0,0,0,0,0,1,0,0,4,2,"Asia","Developing"
1998,237433,"GEO","Georgia",915,172490.374137305,375222.49289,272591.712960407,0,0,1,0,0,0,0,0,1,0,0,4,2,"Asia","Developing"
1999,20770,"GEO","Georgia",915,12984.496124031,28074.6013,17551.0135658915,0,0,1,0,0,0,0,0,1,0,0,4,2,"Asia","Developing"
2000,22552,"GEO","Georgia",915,13780.6293919951,30756.19208,18793.884558509,0,0,1,0,0,0,0,0,1,0,0,4,2,"Asia","Developing"
2001,29175,"GEO","Georgia",915,17394.0261133965,40648.06875,24234.2268824897,0,0,1,0,0,0,0,0,1,0,0,4,2,"Asia","Developing"
2002,26040,"GEO","Georgia",915,18777.0406691664,36962.7384,26653.258148255,0,0,1,0,0,0,0,0,1,0,0,4,2,"Asia","Developing"
2003,19781,"GEO","Georgia",915,15992.400355728,27361.87044,22121.3278680572,0,0,1,0,0,0,0,0,1,0,0,4,2,"Asia","Developing"
2004,12934,"GEO","Georgia",915,11429.833863556,18333.03962,16200.9894132202,0,0,1,0,0,0,0,0,1,0,0,4,2,"Asia","Developing"
2005,17208,"GEO","Georgia",915,13092.9011641178,24934.392,18971.6137868067,0,0,1,0,0,0,0,0,1,0,0,4,2,"Asia","Developing"
2006,14896,"GEO","Georgia",915,12206.8343849873,22396.73184,18353.4637712038,0,0,1,0,0,0,0,0,1,0,0,4,2,"Asia","Developing"
2007,25157,"GEO","Georgia",915,22351.8436250555,39521.647,35114.7463349622,0,0,1,0,0,0,0,0,1,0,0,4,2,"Asia","Developing"
2008,35143,"GEO","Georgia",915,33038.4506909843,57652.0915,54199.5783585597,0,0,1,0,0,0,0,0,1,0,0,4,2,"Asia","Developing"
2009,33533,"GEO","Georgia",915,32540.5143134401,56136.25398,54474.7733915575,0,0,1,0,0,0,0,0,1,0,0,4,2,"Asia","Developing"
2010,72303,"GEO","Georgia",915,76950.8301404853,118741.04781,126374.039814815,0,0,1,0,0,0,0,0,1,0,0,4,2,"Asia","Developing"
2011,108089,"GEO","Georgia",915,114878.308002976,184414.96646,195998.476416197,0,0,1,0,0,0,0,0,1,0,0,4,2,"Asia","Developing"
2012,69166,"GEO","Georgia",915,75459.306131355,119694.52964,130585.347632555,0,0,1,0,0,0,0,0,1,0,0,4,2,"Asia","Developing"
2013,54864,"GEO","Georgia",915,61541.2226584408,86850.80928,97420.986292765,0,0,1,0,0,0,0,0,1,0,0,4,2,"Asia","Developing"
2014,21255,"GEO","Georgia",915,21489.2326357295,32397.2961,32754.3181680315,0,0,1,0,0,0,0,0,1,0,0,4,2,"Asia","Developing"
2015,35046.02582,"GEO","Georgia",915,35325.0940630985,47086.7889109774,47461.7366303572,0,0,1,0,0,0,0,0,1,0,0,4,2,"Asia","Developing"
2016,71085.93644,"GEO","Georgia",915,69966.4728740158,94914.6531940524,93419.9342461146,0,0,1,0,0,0,0,0,1,0,0,4,2,"Asia","Developing"
2017,50306.09061,"GEO","Georgia",915,51580.1195632113,68089.293640635,69813.6918288065,0,0,1,0,0,0,0,0,1,0,0,4,2,"Asia","Developing"
2018,92112.22445,"GEO","Georgia",915,93514.948680203,126272.042887282,128194.967398256,0,0,1,0,0,0,0,0,1,0,0,4,2,"Asia","Developing"
2019,81399.78344,"GEO","Georgia",915,84068.9733436612,109955.641468586,113561.209882351,0,0,1,0,0,0,0,0,1,0,0,4,2,"Asia","Developing"
2020,47951.18672,"GEO","Georgia",915,54415.7815705856,63840.2919515392,72446.9949518148,0,0,1,0,0,0,0,0,1,0,0,4,2,"Asia","Developing"
2021,82838.71099,"GEO","Georgia",915,90762.2559329462,117522.450894403,128763.504869511,0,0,1,0,0,0,0,0,1,0,0,4,2,"Asia","Developing"
2022,99944.0341,"GEO","Georgia",915,108634.819673913,131994.086955188,143471.833646944,0,0,1,0,0,0,0,0,1,0,0,4,2,"Asia","Developing"
1987,,"KAZ","Kazakhstan",916,,,,0,0,1,0,0,0,0,0,1,0,0,4,2,"Asia","Developing"
1988,,"KAZ","Kazakhstan",916,,,,0,0,1,0,0,0,0,0,1,0,0,4,2,"Asia","Developing"
1989,,"KAZ","Kazakhstan",916,,,,0,0,1,0,0,0,0,0,1,0,0,4,2,"Asia","Developing"
1990,,"KAZ","Kazakhstan",916,,,,0,0,1,0,0,0,0,0,1,0,0,4,2,"Asia","Developing"
1991,,"KAZ","Kazakhstan",916,,,,0,0,1,0,0,0,0,0,1,0,0,4,2,"Asia","Developing"
1992,725,"KAZ","Kazakhstan",916,497.93956043956,1046.4505,718.716002747253,0,0,1,0,0,0,0,0,1,0,0,4,2,"Asia","Developing"
1993,8569,"KAZ","Kazakhstan",916,5791.82156133829,12819.05262,8664.44921933085,0,0,1,0,0,0,0,0,1,0,0,4,2,"Asia","Developing"
1994,26867,"KAZ","Kazakhstan",916,20485.7033930614,41163.46804,31386.5558825772,0,0,1,0,0,0,0,0,1,0,0,4,2,"Asia","Developing"
1995,39185,"KAZ","Kazakhstan",916,34059.1047370708,62335.88985,54181.5644067797,0,0,1,0,0,0,0,0,1,0,0,4,2,"Asia","Developing"
1996,51238,"KAZ","Kazakhstan",916,38055.5555555556,80911.46294,60094.6694444444,0,0,1,0,0,0,0,0,1,0,0,4,2,"Asia","Developing"
1997,354213,"KAZ","Kazakhstan",916,243395.176252319,549851.92416,377827.2,0,0,1,0,0,0,0,0,1,0,0,4,2,"Asia","Developing"
1998,170567,"KAZ","Kazakhstan",916,123913.548855794,269552.14711,195824.298663276,0,0,1,0,0,0,0,0,1,0,0,4,2,"Asia","Developing"
1999,843883,"KAZ","Kazakhstan",916,527558.764691173,1140668.21227,713095.906645411,0,0,1,0,0,0,0,0,1,0,0,4,2,"Asia","Developing"
2000,495223,"KAZ","Kazakhstan",916,302611.060189429,675380.17517,412697.937775741,0,0,1,0,0,0,0,0,1,0,0,4,2,"Asia","Developing"
2001,540040,"KAZ","Kazakhstan",916,321969.832468849,752410.73,448584.469087224,0,0,1,0,0,0,0,0,1,0,0,4,2,"Asia","Developing"
2002,128912,"KAZ","Kazakhstan",916,92956.4464955293,182985.42752,131947.957542544,0,0,1,0,0,0,0,0,1,0,0,4,2,"Asia","Developing"
2003,128279,"KAZ","Kazakhstan",916,103710.081655752,177440.64396,143455.933349503,0,0,1,0,0,0,0,0,1,0,0,4,2,"Asia","Developing"
2004,149277,"KAZ","Kazakhstan",916,131916.755037116,211589.69811,186982.766092259,0,0,1,0,0,0,0,0,1,0,0,4,2,"Asia","Developing"
2005,295263,"KAZ","Kazakhstan",916,224654.188541429,427836.087,325523.91919653,0,0,1,0,0,0,0,0,1,0,0,4,2,"Asia","Developing"
2006,221286,"KAZ","Kazakhstan",916,181337.376055068,332712.35244,272647.998393838,0,0,1,0,0,0,0,0,1,0,0,4,2,"Asia","Developing"
2007,292986,"KAZ","Kazakhstan",916,260316.303864949,460281.006,408956.913371835,0,0,1,0,0,0,0,0,1,0,0,4,2,"Asia","Developing"
2008,639963,"KAZ","Kazakhstan",916,601638.619911629,1049859.3015,986988.155965028,0,0,1,0,0,0,0,0,1,0,0,4,2,"Asia","Developing"
2009,352256,"KAZ","Kazakhstan",916,341830.179524503,589697.67936,572244.230334789,0,0,1,0,0,0,0,0,1,0,0,4,2,"Asia","Developing"
2010,612417,"KAZ","Kazakhstan",916,651784.802043423,1005754.06659,1070406.62685185,0,0,1,0,0,0,0,0,1,0,0,4,2,"Asia","Developing"
2011,394083,"KAZ","Kazakhstan",916,418836.220639813,672360.76962,714593.22948241,0,0,1,0,0,0,0,0,1,0,0,4,2,"Asia","Developing"
2012,336485,"KAZ","Kazakhstan",916,367101.243726816,582300.7519,635283.386319005,0,0,1,0,0,0,0,0,1,0,0,4,2,"Asia","Developing"
2013,379382,"KAZ","Kazakhstan",916,425554.68311834,600569.29364,673661.574469995,0,0,1,0,0,0,0,0,1,0,0,4,2,"Asia","Developing"
2014,291084,"KAZ","Kazakhstan",916,294291.78040643,443676.05448,448565.417531089,0,0,1,0,0,0,0,0,1,0,0,4,2,"Asia","Developing"
2015,273789.2788,"KAZ","Kazakhstan",916,275969.437355105,367855.061317316,370784.256947199,0,0,1,0,0,0,0,0,1,0,0,4,2,"Asia","Developing"
2016,293659.44634,"KAZ","Kazakhstan",916,289034.888129921,392097.029347631,385922.272979952,0,0,1,0,0,0,0,0,1,0,0,4,2,"Asia","Developing"
2017,345546.37312,"KAZ","Kazakhstan",916,354297.521911207,467697.01601792,479541.695906818,0,0,1,0,0,0,0,0,1,0,0,4,2,"Asia","Developing"
2018,475332.44278,"KAZ","Kazakhstan",916,482571.007898477,651609.479184963,661532.466177627,0,0,1,0,0,0,0,0,1,0,0,4,2,"Asia","Developing"
2019,339909.74679,"KAZ","Kazakhstan",916,351055.767405112,459153.4850614,474209.6411685,0,0,1,0,0,0,0,0,1,0,0,4,2,"Asia","Developing"
2020,145643.80645,"KAZ","Kazakhstan",916,165278.945131639,193904.338155272,220045.776390458,0,0,1,0,0,0,0,0,1,0,0,4,2,"Asia","Developing"
2021,88784.75518,"KAZ","Kazakhstan",916,97277.040845842,125958.044326314,138005.965077588,0,0,1,0,0,0,0,0,1,0,0,4,2,"Asia","Developing"
2022,281014.90536,"KAZ","Kazakhstan",916,305450.984086956,371130.765210845,403403.005663962,0,0,1,0,0,0,0,0,1,0,0,4,2,"Asia","Developing"
1987,,"KGZ","Kyrgyzstan",917,,,,0,0,1,0,0,0,0,0,1,0,0,4,2,"Asia","Developing"
1988,,"KGZ","Kyrgyzstan",917,,,,0,0,1,0,0,0,0,0,1,0,0,4,2,"Asia","Developing"
1989,,"KGZ","Kyrgyzstan",917,,,,0,0,1,0,0,0,0,0,1,0,0,4,2,"Asia","Developing"
1990,,"KGZ","Kyrgyzstan",917,,,,0,0,1,0,0,0,0,0,1,0,0,4,2,"Asia","Developing"
1991,,"KGZ","Kyrgyzstan",917,,,,0,0,1,0,0,0,0,0,1,0,0,4,2,"Asia","Developing"
1992,0,"KGZ","Kyrgyzstan",917,0,0,0,0,0,1,0,0,0,0,0,1,0,0,4,2,"Asia","Developing"
1993,174,"KGZ","Kyrgyzstan",917,117.607299763434,260.30052,175.938168300101,0,0,1,0,0,0,0,0,1,0,0,4,2,"Asia","Developing"
1994,111,"KGZ","Kyrgyzstan",917,84.6359130766298,170.06532,129.672375142966,0,0,1,0,0,0,0,0,1,0,0,4,2,"Asia","Developing"
1995,794,"KGZ","Kyrgyzstan",917,690.134724033029,1263.10314,1097.87322033898,0,0,1,0,0,0,0,0,1,0,0,4,2,"Asia","Developing"
1996,784,"KGZ","Kyrgyzstan",917,582.293523469994,1238.03792,919.517171717172,0,0,1,0,0,0,0,0,1,0,0,4,2,"Asia","Developing"
1997,864,"KGZ","Kyrgyzstan",917,593.692022263451,1341.20448,921.6,0,0,1,0,0,0,0,0,1,0,0,4,2,"Asia","Developing"
1998,3278,"KGZ","Kyrgyzstan",917,2381.40210679259,5180.32174,3763.40119142753,0,0,1,0,0,0,0,0,1,0,0,4,2,"Asia","Developing"
1999,3406,"KGZ","Kyrgyzstan",917,2129.28232058015,4603.85614,2878.12961990498,0,0,1,0,0,0,0,0,1,0,0,4,2,"Asia","Developing"
2000,4456,"KGZ","Kyrgyzstan",917,2722.8842040941,6077.04824,3713.4422487015,0,0,1,0,0,0,0,0,1,0,0,4,2,"Asia","Developing"
2001,7783,"KGZ","Kyrgyzstan",917,4640.19555237584,10843.66475,6464.95245334764,0,0,1,0,0,0,0,0,1,0,0,4,2,"Asia","Developing"
2002,6966,"KGZ","Kyrgyzstan",917,5023.07470435535,9887.95836,7130.05361984425,0,0,1,0,0,0,0,0,1,0,0,4,2,"Asia","Developing"
2003,5324,"KGZ","Kyrgyzstan",917,4304.30915999677,7364.36976,5953.89260247393,0,0,1,0,0,0,0,0,1,0,0,4,2,"Asia","Developing"
2004,5124,"KGZ","Kyrgyzstan",917,4528.10180275716,7262.91132,6418.26733828208,0,0,1,0,0,0,0,0,1,0,0,4,2,"Asia","Developing"
2005,8385,"KGZ","Kyrgyzstan",917,6379.82195845697,12149.865,9244.36201780415,0,0,1,0,0,0,0,0,1,0,0,4,2,"Asia","Developing"
2006,7785,"KGZ","Kyrgyzstan",917,6379.5787921003,11705.0589,9591.95189707449,0,0,1,0,0,0,0,0,1,0,0,4,2,"Asia","Developing"
2007,15205,"KGZ","Kyrgyzstan",917,13509.5513105287,23887.055,21223.5051088405,0,0,1,0,0,0,0,0,1,0,0,4,2,"Asia","Developing"
2008,6350,"KGZ","Kyrgyzstan",917,5969.72830685344,10417.175,9793.33928739306,0,0,1,0,0,0,0,0,1,0,0,4,2,"Asia","Developing"
2009,19368,"KGZ","Kyrgyzstan",917,18794.7598253275,32423.19408,31463.5556331878,0,0,1,0,0,0,0,0,1,0,0,4,2,"Asia","Developing"
2010,18938,"KGZ","Kyrgyzstan",917,20155.3852703278,31101.30926,33100.5845679012,0,0,1,0,0,0,0,0,1,0,0,4,2,"Asia","Developing"
2011,17667,"KGZ","Kyrgyzstan",917,18776.7031565522,30142.37538,32035.68432352,0,0,1,0,0,0,0,0,1,0,0,4,2,"Asia","Developing"
2012,19205,"KGZ","Kyrgyzstan",917,20952.4329042112,33235.0207,36259.0232380537,0,0,1,0,0,0,0,0,1,0,0,4,2,"Asia","Developing"
2013,10468,"KGZ","Kyrgyzstan",917,11742.0078519349,16571.05336,18587.8332697701,0,0,1,0,0,0,0,0,1,0,0,4,2,"Asia","Developing"
2014,6562,"KGZ","Kyrgyzstan",917,6634.31402284905,10001.93164,10112.154119907,0,0,1,0,0,0,0,0,1,0,0,4,2,"Asia","Developing"
2015,0,"KGZ","Kyrgyzstan",917,0,0,0,0,0,1,0,0,0,0,0,1,0,0,4,2,"Asia","Developing"
2016,2411.4503,"KGZ","Kyrgyzstan",917,2373.47470472441,3219.792555063,3169.08716049508,0,0,1,0,0,0,0,0,1,0,0,4,2,"Asia","Developing"
2017,5068.6,"KGZ","Kyrgyzstan",917,5196.96503639906,6860.3501,7034.09217676612,0,0,1,0,0,0,0,0,1,0,0,4,2,"Asia","Developing"
2018,8421.636,"KGZ","Kyrgyzstan",917,8549.88426395939,11544.7997106,11720.6088432487,0,0,1,0,0,0,0,0,1,0,0,4,2,"Asia","Developing"
2019,6758.05125,"KGZ","Kyrgyzstan",917,6979.65530596437,9128.8432090125,9428.18818384973,0,0,1,0,0,0,0,0,1,0,0,4,2,"Asia","Developing"
2020,5216.5,"KGZ","Kyrgyzstan",917,5919.7684975034,6945.03944,7881.34298683613,0,0,1,0,0,0,0,0,1,0,0,4,2,"Asia","Developing"
2021,287.1855,"KGZ","Kyrgyzstan",917,314.654870165443,407.427196995,446.397717755013,0,0,1,0,0,0,0,0,1,0,0,4,2,"Asia","Developing"
2022,2141.79075,"KGZ","Kyrgyzstan",917,2328.03342391304,2828.62020771,3074.58718229348,0,0,1,0,0,0,0,0,1,0,0,4,2,"Asia","Developing"
1987,3679,"BGR","Bulgaria",918,2878.71674491393,5000.23927,3912.55028951487,0,0,1,0,0,0,0,0,0,0,1,2,2,"Europe","Developing"
1988,6175,"BGR","Bulgaria",918,4105.71808510638,8423.74975,5600.89744015958,0,0,1,0,0,0,0,0,0,0,1,2,2,"Europe","Developing"
1989,5636,"BGR","Bulgaria",918,3644.35822825736,7519.72028,4862.41207888781,0,0,1,0,0,0,0,0,0,0,1,2,2,"Europe","Developing"
1990,21189,"BGR","Bulgaria",918,16355.8471632574,29687.06034,22915.5232265535,0,0,1,0,0,0,0,0,0,0,1,2,2,"Europe","Developing"
1991,15768,"BGR","Bulgaria",918,11632.6078937661,22528.21464,16619.8558760605,0,0,1,0,0,0,0,0,0,0,1,2,2,"Europe","Developing"
1992,32128,"BGR","Bulgaria",918,22065.9340659341,46372.91264,31849.5279120879,0,0,1,0,0,0,0,0,0,0,1,2,2,"Europe","Developing"
1993,14763,"BGR","Bulgaria",918,9978.37107130787,22085.15274,14927.4435552552,0,0,1,0,0,0,0,0,0,0,1,2,2,"Europe","Developing"
1994,20988,"BGR","Bulgaria",918,16003.0499428136,32156.13456,24518.5928783835,0,0,1,0,0,0,0,0,0,0,1,2,2,"Europe","Developing"
1995,19168,"BGR","Bulgaria",918,16660.5823554976,30492.64608,26503.8210169492,0,0,1,0,0,0,0,0,0,0,1,2,2,"Europe","Developing"
1996,25567,"BGR","Bulgaria",918,18989.156268568,40373.61671,29986.3463383838,0,0,1,0,0,0,0,0,0,0,1,2,2,"Europe","Developing"
1997,40488,"BGR","Bulgaria",918,27821.0678210678,62850.33216,43187.2,0,0,1,0,0,0,0,0,0,0,1,2,2,"Europe","Developing"
1998,43601,"BGR","Bulgaria",918,31675.2633490737,68903.96833,50057.3689284417,0,0,1,0,0,0,0,0,0,0,1,2,2,"Europe","Developing"
1999,60221,"BGR","Bulgaria",918,37647.5368842211,81400.12349,50887.7991310328,0,0,1,0,0,0,0,0,0,0,1,2,2,"Europe","Developing"
2000,234811,"BGR","Bulgaria",918,143483.654139933,320232.89369,195681.572679499,0,0,1,0,0,0,0,0,0,0,1,2,2,"Europe","Developing"
2001,85886,"BGR","Bulgaria",918,51204.9126572468,119660.6695,71341.244559709,0,0,1,0,0,0,0,0,0,0,1,2,2,"Europe","Developing"
2002,88353,"BGR","Bulgaria",918,63709.9798096337,125413.54938,90433.7679405826,0,0,1,0,0,0,0,0,0,0,1,2,2,"Europe","Developing"
2003,69740,"BGR","Bulgaria",918,56382.8927156601,96467.1576,77991.0725200097,0,0,1,0,0,0,0,0,0,0,1,2,2,"Europe","Developing"
2004,69887,"BGR","Bulgaria",918,61759.4556380346,99059.93041,87539.7052050194,0,0,1,0,0,0,0,0,0,0,1,2,2,"Europe","Developing"
2005,114700,"BGR","Bulgaria",918,87270.7905348855,166200.3,126455.375485049,0,0,1,0,0,0,0,0,0,0,1,2,2,"Europe","Developing"
2006,157681,"BGR","Bulgaria",918,129214.947144145,237079.69074,194279.841629108,0,0,1,0,0,0,0,0,0,0,1,2,2,"Europe","Developing"
2007,420773,"BGR","Bulgaria",918,373854.286983563,661034.383,587325.084851177,0,0,1,0,0,0,0,0,0,0,1,2,2,"Europe","Developing"
2008,254936,"BGR","Bulgaria",918,239669.079627715,418222.508,393177.125129266,0,0,1,0,0,0,0,0,0,0,1,2,2,"Europe","Developing"
2009,111902,"BGR","Bulgaria",918,108590.004852014,187330.66212,181786.183522562,0,0,1,0,0,0,0,0,0,0,1,2,2,"Europe","Developing"
2010,220119,"BGR","Bulgaria",918,234268.837803321,361494.83013,384732.684259259,0,0,1,0,0,0,0,0,0,0,1,2,2,"Europe","Developing"
2011,230257,"BGR","Bulgaria",918,244719.948985014,392850.67798,417526.493761292,0,0,1,0,0,0,0,0,0,0,1,2,2,"Europe","Developing"
2012,44144,"BGR","Bulgaria",918,48160.5934977089,76392.95776,83343.8334715252,0,0,1,0,0,0,0,0,0,0,1,2,2,"Europe","Developing"
2013,9987,"BGR","Bulgaria",918,11202.4677509815,15809.62074,17733.7304991587,0,0,1,0,0,0,0,0,0,0,1,2,2,"Europe","Developing"
2014,32229,"BGR","Bulgaria",918,32584.1674249318,49124.08638,49665.4396724295,0,0,1,0,0,0,0,0,0,0,1,2,2,"Europe","Developing"
2015,12827.41204,"BGR","Bulgaria",918,12929.5555286765,17234.5259945828,17371.7629216639,0,0,1,0,0,0,0,0,0,0,1,2,2,"Europe","Developing"
2016,97401.13268,"BGR","Bulgaria",918,95867.2565748031,130050.966365663,128002.919651243,0,0,1,0,0,0,0,0,0,0,1,2,2,"Europe","Developing"
2017,182758.85794,"BGR","Bulgaria",918,187387.324864144,247364.11422179,253628.744203619,0,0,1,0,0,0,0,0,0,0,1,2,2,"Europe","Developing"
2018,167351.12203,"BGR","Bulgaria",918,169899.616274112,229413.285634825,232906.888969366,0,0,1,0,0,0,0,0,0,0,1,2,2,"Europe","Developing"
2019,273323.52579,"BGR","Bulgaria",918,282286.109775368,369208.15187239,381314.899945665,0,0,1,0,0,0,0,0,0,0,1,2,2,"Europe","Developing"
2020,302760.50119,"BGR","Bulgaria",918,343577.509294144,403083.220864318,457425.352773852,0,0,1,0,0,0,0,0,0,0,1,2,2,"Europe","Developing"
2021,491120.162891,"BGR","Bulgaria",918,538095.938305029,696747.263891833,763391.326713962,0,0,1,0,0,0,0,0,0,0,1,2,2,"Europe","Developing"
2022,331225.730398,"BGR","Bulgaria",918,360027.967823913,437443.197622031,475481.736545685,0,0,1,0,0,0,0,0,0,0,1,2,2,"Europe","Developing"
1987,,"MDA","Moldova (Republic of)",921,,,,0,0,1,0,0,0,0,0,0,0,1,2,2,"Europe","Developing"
1988,,"MDA","Moldova (Republic of)",921,,,,0,0,1,0,0,0,0,0,0,0,1,2,2,"Europe","Developing"
1989,,"MDA","Moldova (Republic of)",921,,,,0,0,1,0,0,0,0,0,0,0,1,2,2,"Europe","Developing"
1990,,"MDA","Moldova (Republic of)",921,,,,0,0,1,0,0,0,0,0,0,0,1,2,2,"Europe","Developing"
1991,,"MDA","Moldova (Republic of)",921,,,,0,0,1,0,0,0,0,0,0,0,1,2,2,"Europe","Developing"
1992,1494,"MDA","Moldova (Republic of)",921,1026.0989010989,2156.40972,1481.05063186813,0,0,1,0,0,0,0,0,0,0,1,2,2,"Europe","Developing"
1993,899,"MDA","Moldova (Republic of)",921,607.637715444407,1344.88602,909.013869550524,0,0,1,0,0,0,0,0,0,0,1,2,2,"Europe","Developing"
1994,861,"MDA","Moldova (Republic of)",921,656.500190621426,1319.15532,1005.8370720549,0,0,1,0,0,0,0,0,0,0,1,2,2,"Europe","Developing"
1995,3115,"MDA","Moldova (Republic of)",921,2707.51847023033,4955.37315,4307.14745762712,0,0,1,0,0,0,0,0,0,0,1,2,2,"Europe","Developing"
1996,6229,"MDA","Moldova (Republic of)",921,4626.41117052882,9836.40077,7305.70467171717,0,0,1,0,0,0,0,0,0,0,1,2,2,"Europe","Developing"
1997,11020,"MDA","Moldova (Republic of)",921,7572.32185803614,17106.5664,11754.6666666667,0,0,1,0,0,0,0,0,0,0,1,2,2,"Europe","Developing"
1998,11263,"MDA","Moldova (Republic of)",921,8182.34653105703,17799.25679,12930.8076934254,0,0,1,0,0,0,0,0,0,0,1,2,2,"Europe","Developing"
1999,3810,"MDA","Moldova (Republic of)",921,2381.84546136534,5149.9389,3219.51669167292,0,0,1,0,0,0,0,0,0,0,1,2,2,"Europe","Developing"
2000,5738,"MDA","Moldova (Republic of)",921,3506.26336694164,7825.42702,4781.80691720134,0,0,1,0,0,0,0,0,0,0,1,2,2,"Europe","Developing"
2001,7239,"MDA","Moldova (Republic of)",921,4315.86478268646,10085.73675,6013.07860847791,0,0,1,0,0,0,0,0,0,0,1,2,2,"Europe","Developing"
2002,4353,"MDA","Moldova (Republic of)",921,3138.88087683877,6178.90938,4455.51584943755,0,0,1,0,0,0,0,0,0,0,1,2,2,"Europe","Developing"
2003,6235,"MDA","Moldova (Republic of)",921,5040.82787614197,8624.5014,6972.67475139462,0,0,1,0,0,0,0,0,0,0,1,2,2,"Europe","Developing"
2004,4963,"MDA","Moldova (Republic of)",921,4385.82537999293,7034.70509,6216.60046836338,0,0,1,0,0,0,0,0,0,0,1,2,2,"Europe","Developing"
2005,8841,"MDA","Moldova (Republic of)",921,6726.77470897055,12810.609,9747.09655329833,0,0,1,0,0,0,0,0,0,0,1,2,2,"Europe","Developing"
2006,2921,"MDA","Moldova (Republic of)",921,2393.67368679833,4391.84034,3598.98413504876,0,0,1,0,0,0,0,0,0,0,1,2,2,"Europe","Developing"
2007,2051,"MDA","Moldova (Republic of)",921,1822.3011994669,3222.121,2862.83518436251,0,0,1,0,0,0,0,0,0,0,1,2,2,"Europe","Developing"
2008,5467,"MDA","Moldova (Republic of)",921,5139.60703205791,8968.6135,8431.525336091,0,0,1,0,0,0,0,0,0,0,1,2,2,"Europe","Developing"
2009,6197,"MDA","Moldova (Republic of)",921,6013.58563803979,10374.14982,10067.1031732169,0,0,1,0,0,0,0,0,0,0,1,2,2,"Europe","Developing"
2010,2844,"MDA","Moldova (Republic of)",921,3026.81992337165,4670.61588,4970.85555555555,0,0,1,0,0,0,0,0,0,0,1,2,2,"Europe","Developing"
2011,12031,"MDA","Moldova (Republic of)",921,12786.6935912424,20526.57034,21815.8894037624,0,0,1,0,0,0,0,0,0,0,1,2,2,"Europe","Developing"
2012,2086,"MDA","Moldova (Republic of)",921,2275.80187650011,3609.90644,3938.3661793585,0,0,1,0,0,0,0,0,0,0,1,2,2,"Europe","Developing"
2013,2325,"MDA","Moldova (Republic of)",921,2607.96410544027,3680.5215,4128.45933819406,0,0,1,0,0,0,0,0,0,0,1,2,2,"Europe","Developing"
2014,977,"MDA","Moldova (Republic of)",921,987.766656556465,1489.16294,1505.5736932565,0,0,1,0,0,0,0,0,0,0,1,2,2,"Europe","Developing"
2015,0,"MDA","Moldova (Republic of)",921,0,0,0,0,0,1,0,0,0,0,0,0,0,1,2,2,"Europe","Developing"
2016,0,"MDA","Moldova (Republic of)",921,0,0,0,0,0,1,0,0,0,0,0,0,0,1,2,2,"Europe","Developing"
2017,4385.25,"MDA","Moldova (Republic of)",921,4496.30882805291,5935.435875,6085.75399876961,0,0,1,0,0,0,0,0,0,0,1,2,2,"Europe","Developing"
2018,353.9022,"MDA","Moldova (Republic of)",921,359.291573604061,485.14683087,492.534853675127,0,0,1,0,0,0,0,0,0,0,1,2,2,"Europe","Developing"
2019,2749.378,"MDA","Moldova (Republic of)",921,2839.53317841467,3713.88729618,3835.66981273431,0,0,1,0,0,0,0,0,0,0,1,2,2,"Europe","Developing"
2020,1380.897,"MDA","Moldova (Republic of)",921,1567.06423059464,1838.47102992,2086.32663404448,0,0,1,0,0,0,0,0,0,0,1,2,2,"Europe","Developing"
2021,556.72229,"MDA","Moldova (Republic of)",921,609.972926481867,789.8163456001,865.36249107056,0,0,1,0,0,0,0,0,0,0,1,2,2,"Europe","Developing"
2022,11133.183,"MDA","Moldova (Republic of)",921,12101.2858695652,14703.37212444,15981.9262222174,0,0,1,0,0,0,0,0,0,0,1,2,2,"Europe","Developing"
1987,,"RUS","Russian Federation",922,,,,0,0,1,0,0,0,0,0,1,0,0,4,2,"Asia","Developing"
1988,,"RUS","Russian Federation",922,,,,0,0,1,0,0,0,0,0,1,0,0,4,2,"Asia","Developing"
1989,,"RUS","Russian Federation",922,,,,0,0,1,0,0,0,0,0,1,0,0,4,2,"Asia","Developing"
1990,,"RUS","Russian Federation",922,,,,0,0,1,0,0,0,0,0,1,0,0,4,2,"Asia","Developing"
1991,,"RUS","Russian Federation",922,,,,0,0,1,0,0,0,0,0,1,0,0,4,2,"Asia","Developing"
1992,194165,"RUS","Russian Federation",922,133355.082417582,280253.8777,192482.05885989,0,0,1,0,0,0,0,0,1,0,0,4,2,"Asia","Developing"
1993,327389,"RUS","Russian Federation",922,221283.541737073,489767.39622,331035.752767827,0,0,1,0,0,0,0,0,1,0,0,4,2,"Asia","Developing"
1994,606060,"RUS","Russian Federation",922,462112.085398399,928556.6472,708011.168280595,0,0,1,0,0,0,0,0,1,0,0,4,2,"Asia","Developing"
1995,756619,"RUS","Russian Federation",922,657643.633202955,1203637.07139,1046186.06813559,0,0,1,0,0,0,0,0,1,0,0,4,2,"Asia","Developing"
1996,1278880,"RUS","Russian Federation",922,949851.455733809,2019517.7744,1499938.92929293,0,0,1,0,0,0,0,0,1,0,0,4,2,"Asia","Developing"
1997,1841610,"RUS","Russian Federation",922,1265450.42259328,2858768.0352,1964384,0,0,1,0,0,0,0,0,1,0,0,4,2,"Asia","Developing"
1998,2109959,"RUS","Russian Federation",922,1532843.44351616,3334431.50647,2422398.4790919,0,0,1,0,0,0,0,0,1,0,0,4,2,"Asia","Developing"
1999,2747620,"RUS","Russian Federation",922,1717691.92298075,3713930.4778,2321786.99537384,0,0,1,0,0,0,0,0,1,0,0,4,2,"Asia","Developing"
2000,3506796,"RUS","Russian Federation",922,2142863.42804766,4782533.31684,2922415.71453712,0,0,1,0,0,0,0,0,1,0,0,4,2,"Asia","Developing"
2001,4037303,"RUS","Russian Federation",922,2407024.98062362,5624972.40475,3353587.55425386,0,0,1,0,0,0,0,0,1,0,0,4,2,"Asia","Developing"
2002,3858314,"RUS","Russian Federation",922,2782170.46437842,5476722.39044,3949179.6873666,0,0,1,0,0,0,0,0,1,0,0,4,2,"Asia","Developing"
2003,3003059,"RUS","Russian Federation",922,2427891.50295093,4153951.33116,3358356.64254184,0,0,1,0,0,0,0,0,1,0,0,4,2,"Asia","Developing"
2004,2902238,"RUS","Russian Federation",922,2564720.74938141,4113719.20834,3635312.13179569,0,0,1,0,0,0,0,0,1,0,0,4,2,"Asia","Developing"
2005,4030397,"RUS","Russian Federation",922,3066573.08072738,5840045.253,4443464.39397398,0,0,1,0,0,0,0,0,1,0,0,4,2,"Asia","Developing"
2006,5091505,"RUS","Russian Federation",922,4172338.76915513,7655281.4277,6273278.2329755,0,0,1,0,0,0,0,0,1,0,0,4,2,"Asia","Developing"
2007,5094767,"RUS","Russian Federation",922,4526669.92447801,8003878.957,7111398.45135495,0,0,1,0,0,0,0,0,1,0,0,4,2,"Asia","Developing"
2008,5274246,"RUS","Russian Federation",922,4958396.16433205,8652400.563,8134248.90758673,0,0,1,0,0,0,0,0,1,0,0,4,2,"Asia","Developing"
2009,3518252,"RUS","Russian Federation",922,3414121.30033964,5889764.94312,5715443.90404658,0,0,1,0,0,0,0,0,1,0,0,4,2,"Asia","Developing"
2010,2843699,"RUS","Russian Federation",922,3026499.57428693,4670121.55673,4970329.4558642,0,0,1,0,0,0,0,0,1,0,0,4,2,"Asia","Developing"
2011,2802473,"RUS","Russian Federation",922,2978502.49760867,4781411.28422,5081742.25127006,0,0,1,0,0,0,0,0,1,0,0,4,2,"Asia","Developing"
2012,2508164,"RUS","Russian Federation",922,2736377.91839406,4340478.12856,4735411.44289767,0,0,1,0,0,0,0,0,1,0,0,4,2,"Asia","Developing"
2013,2534479,"RUS","Russian Federation",922,2842937.74537297,4012130.94658,4500427.30968031,0,0,1,0,0,0,0,0,1,0,0,4,2,"Asia","Developing"
2014,1913819,"RUS","Russian Federation",922,1934909.51369932,2917081.19618,2949227.77897078,0,0,1,0,0,0,0,0,1,0,0,4,2,"Asia","Developing"
2015,2208509.20811,"RUS","Russian Federation",922,2226095.36146558,2967286.71674035,2990914.94480431,0,0,1,0,0,0,0,0,1,0,0,4,2,"Asia","Developing"
2016,1642764.431567,"RUS","Russian Federation",922,1616894.12555807,2193435.49667257,2158893.20538639,0,0,1,0,0,0,0,0,1,0,0,4,2,"Asia","Developing"
2017,1340691.5473,"RUS","Russian Federation",922,1374645.28586076,1814626.00927055,1860582.39441254,0,0,1,0,0,0,0,0,1,0,0,4,2,"Asia","Developing"
2018,2375684.96324,"RUS","Russian Federation",922,2411862.90684264,3256707.73185755,3306302.26584523,0,0,1,0,0,0,0,0,1,0,0,4,2,"Asia","Developing"
2019,2816486.787708,"RUS","Russian Federation",922,2908842.53829899,3804538.51770384,3929293.58915966,0,0,1,0,0,0,0,0,1,0,0,4,2,"Asia","Developing"
2020,1426650.858211,"RUS","Russian Federation",922,1618986.44826487,1899385.8865878,2155453.79776191,0,0,1,0,0,0,0,0,1,0,0,4,2,"Asia","Developing"
2021,1136564.742065,"RUS","Russian Federation",922,1245277.4647365,1612433.0339202,1766662.68644702,0,0,1,0,0,0,0,0,1,0,0,4,2,"Asia","Developing"
2022,835098.61541,"RUS","Russian Federation",922,907715.886315217,1102898.03939968,1198802.21673878,0,0,1,0,0,0,0,0,1,0,0,4,2,"Asia","Developing"
1987,,"TJK","Tajikistan",923,,,,0,0,1,0,0,0,0,0,1,0,0,4,2,"Asia","Developing"
1988,,"TJK","Tajikistan",923,,,,0,0,1,0,0,0,0,0,1,0,0,4,2,"Asia","Developing"
1989,,"TJK","Tajikistan",923,,,,0,0,1,0,0,0,0,0,1,0,0,4,2,"Asia","Developing"
1990,,"TJK","Tajikistan",923,,,,0,0,1,0,0,0,0,0,1,0,0,4,2,"Asia","Developing"
1991,,"TJK","Tajikistan",923,,,,0,0,1,0,0,0,0,0,1,0,0,4,2,"Asia","Developing"
1992,0,"TJK","Tajikistan",923,0,0,0,0,0,1,0,0,0,0,0,1,0,0,4,2,"Asia","Developing"
1993,414,"TJK","Tajikistan",923,279.824264954376,619.33572,418.611503886448,0,0,1,0,0,0,0,0,1,0,0,4,2,"Asia","Developing"
1994,5073,"TJK","Tajikistan",923,3868.089973313,7772.44476,5926.37800991231,0,0,1,0,0,0,0,0,1,0,0,4,2,"Asia","Developing"
1995,4269,"TJK","Tajikistan",923,3710.56062581486,6791.16789,5902.79694915254,0,0,1,0,0,0,0,0,1,0,0,4,2,"Asia","Developing"
1996,2712,"TJK","Tajikistan",923,2014.26024955437,4282.60056,3180.77878787879,0,0,1,0,0,0,0,0,1,0,0,4,2,"Asia","Developing"
1997,3391,"TJK","Tajikistan",923,2330.10375867519,5263.91712,3617.06666666667,0,0,1,0,0,0,0,0,1,0,0,4,2,"Asia","Developing"
1998,3540,"TJK","Tajikistan",923,2571.73992008718,5594.3682,4064.19774791137,0,0,1,0,0,0,0,0,1,0,0,4,2,"Asia","Developing"
1999,5267,"TJK","Tajikistan",923,3292.69817454364,7119.35123,4450.70719554889,0,0,1,0,0,0,0,0,1,0,0,4,2,"Asia","Developing"
2000,7107,"TJK","Tajikistan",923,4342.80476626948,9692.45553,5922.67371219065,0,0,1,0,0,0,0,0,1,0,0,4,2,"Asia","Developing"
2001,6590,"TJK","Tajikistan",923,3928.93340487689,9181.5175,5473.98646634472,0,0,1,0,0,0,0,0,1,0,0,4,2,"Asia","Developing"
2002,6415,"TJK","Tajikistan",923,4625.75713873666,9105.8359,6566.07722815114,0,0,1,0,0,0,0,0,1,0,0,4,2,"Asia","Developing"
2003,6793,"TJK","Tajikistan",923,5491.95569569084,9396.34932,7596.6927965074,0,0,1,0,0,0,0,0,1,0,0,4,2,"Asia","Developing"
2004,6470,"TJK","Tajikistan",923,5717.56804524567,9170.7721,8104.25247437257,0,0,1,0,0,0,0,0,1,0,0,4,2,"Asia","Developing"
2005,3990,"TJK","Tajikistan",923,3035.83656699384,5781.51,4398.92718557407,0,0,1,0,0,0,0,0,1,0,0,4,2,"Asia","Developing"
2006,3500,"TJK","Tajikistan",923,2868.14717692371,5262.39,4312.37400639187,0,0,1,0,0,0,0,0,1,0,0,4,2,"Asia","Developing"
2007,122,"TJK","Tajikistan",923,108.396268325189,191.662,170.290537538872,0,0,1,0,0,0,0,0,1,0,0,4,2,"Asia","Developing"
2008,485,"TJK","Tajikistan",923,455.955626586443,795.6425,747.995205415061,0,0,1,0,0,0,0,0,1,0,0,4,2,"Asia","Developing"
2009,468,"TJK","Tajikistan",923,454.148471615721,783.46008,760.271790393013,0,0,1,0,0,0,0,0,1,0,0,4,2,"Asia","Developing"
2010,1161,"TJK","Tajikistan",923,1235.63218390805,1906.67547,2029.24166666667,0,0,1,0,0,0,0,0,1,0,0,4,2,"Asia","Developing"
2011,0,"TJK","Tajikistan",923,0,0,0,0,0,1,0,0,0,0,0,1,0,0,4,2,"Asia","Developing"
2012,935,"TJK","Tajikistan",923,1020.07418721362,1618.0549,1765.27918394065,0,0,1,0,0,0,0,0,1,0,0,4,2,"Asia","Developing"
2013,1152,"TJK","Tajikistan",923,1292.20415030847,1823.63904,2045.58501402131,0,0,1,0,0,0,0,0,1,0,0,4,2,"Asia","Developing"
2014,297,"TJK","Tajikistan",923,300.272975432211,452.69334,457.682074613285,0,0,1,0,0,0,0,0,1,0,0,4,2,"Asia","Developing"
2015,282.73658,"TJK","Tajikistan",923,284.987985082149,379.8763867906,382.901307116823,0,0,1,0,0,0,0,0,1,0,0,4,2,"Asia","Developing"
2016,88.57527,"TJK","Tajikistan",923,87.1803838582677,118.2665862567,116.404120331398,0,0,1,0,0,0,0,0,1,0,0,4,2,"Asia","Developing"
2017,3437.03406,"TJK","Tajikistan",923,3524.07880652107,4652.02560021,4769.84066462627,0,0,1,0,0,0,0,0,1,0,0,4,2,"Asia","Developing"
2018,3306.29832,"TJK","Tajikistan",923,3356.64804060914,4532.439051972,4601.46096646903,0,0,1,0,0,0,0,0,1,0,0,4,2,"Asia","Developing"
2019,5983.375,"TJK","Tajikistan",923,6179.57655564162,8082.40278375,8347.43380712626,0,0,1,0,0,0,0,0,1,0,0,4,2,"Asia","Developing"
2020,0,"TJK","Tajikistan",923,0,0,0,0,0,1,0,0,0,0,0,1,0,0,4,2,"Asia","Developing"
2021,0,"TJK","Tajikistan",923,0,0,0,0,0,1,0,0,0,0,0,1,0,0,4,2,"Asia","Developing"
2022,2313,"TJK","Tajikistan",923,2514.13043478261,3054.73284,3320.3617826087,0,0,1,0,0,0,0,0,1,0,0,4,2,"Asia","Developing"
1987,16989,"CHN","China",924,13293.4272300469,23090.25957,18067.4957511737,0,0,1,0,0,0,0,0,1,0,0,4,2,"Asia","Developing"
1988,22256,"CHN","China",924,14797.8723404255,30360.96752,20186.8135106383,0,0,1,0,0,0,0,0,1,0,0,4,2,"Asia","Developing"
1989,108650,"CHN","China",924,70255.4154542515,144964.0895,93736.882961526,0,0,1,0,0,0,0,0,1,0,0,4,2,"Asia","Developing"
1990,66061,"CHN","China",924,50992.6669239676,92555.42466,71443.785920494,0,0,1,0,0,0,0,0,1,0,0,4,2,"Asia","Developing"
1991,61774,"CHN","China",924,45572.8513463667,88258.36702,65111.2999040944,0,0,1,0,0,0,0,0,1,0,0,4,2,"Asia","Developing"
1992,64953,"CHN","China",924,44610.5769230769,93751.86114,64390.0145192308,0,0,1,0,0,0,0,0,1,0,0,4,2,"Asia","Developing"
1993,65285,"CHN","China",924,44126.3940520446,97665.0543,66012.2029739777,0,0,1,0,0,0,0,0,1,0,0,4,2,"Asia","Developing"
1994,45767,"CHN","China",924,34896.6831871902,70120.53604,53465.9062447579,0,0,1,0,0,0,0,0,1,0,0,4,2,"Asia","Developing"
1995,30530,"CHN","China",924,26536.2885701869,48567.4293,42214.193220339,0,0,1,0,0,0,0,0,1,0,0,4,2,"Asia","Developing"
1996,44300,"CHN","China",924,32902.5549613785,69955.459,51957.4116161616,0,0,1,0,0,0,0,0,1,0,0,4,2,"Asia","Developing"
1997,60718,"CHN","China",924,41721.9817219817,94253.76576,64765.8666666667,0,0,1,0,0,0,0,0,1,0,0,4,2,"Asia","Developing"
1998,98030,"CHN","China",924,71216.8543407192,154919.7499,112546.131420269,0,0,1,0,0,0,0,0,1,0,0,4,2,"Asia","Developing"
1999,176547,"CHN","China",924,110369.467366842,238636.81443,149185.305345086,0,0,1,0,0,0,0,0,1,0,0,4,2,"Asia","Developing"
2000,233080,"CHN","China",924,142425.908952032,317872.1732,194239.030369691,0,0,1,0,0,0,0,0,1,0,0,4,2,"Asia","Developing"
2001,236193,"CHN","China",924,140817.385083169,329075.89725,196193.821767126,0,0,1,0,0,0,0,0,1,0,0,4,2,"Asia","Developing"
2002,169802,"CHN","China",924,122441.592154601,241027.14692,173800.942399769,0,0,1,0,0,0,0,0,1,0,0,4,2,"Asia","Developing"
2003,170959,"CHN","China",924,138215.700541677,236477.32716,191185.485617269,0,0,1,0,0,0,0,0,1,0,0,4,2,"Asia","Developing"
2004,215941,"CHN","China",924,190828.031106398,306081.25163,270485.376131142,0,0,1,0,0,0,0,0,1,0,0,4,2,"Asia","Developing"
2005,385352,"CHN","China",924,293199.421745416,558375.048,424845.962109108,0,0,1,0,0,0,0,0,1,0,0,4,2,"Asia","Developing"
2006,518470,"CHN","China",924,424870.933377038,779540.3838,638810.443169712,0,0,1,0,0,0,0,0,1,0,0,4,2,"Asia","Developing"
2007,447861,"CHN","China",924,397921.812527765,703589.631,625135.16748112,0,0,1,0,0,0,0,0,1,0,0,4,2,"Asia","Developing"
2008,395120,"CHN","China",924,371458.117890383,648194.36,609377.042399173,0,0,1,0,0,0,0,0,1,0,0,4,2,"Asia","Developing"
2009,212314,"CHN","China",924,206030.082484231,355426.37484,344906.719883552,0,0,1,0,0,0,0,0,1,0,0,4,2,"Asia","Developing"
2010,183113,"CHN","China",924,194883.993188591,300720.98651,320052.135493827,0,0,1,0,0,0,0,0,1,0,0,4,2,"Asia","Developing"
2011,119082,"CHN","China",924,126561.802529493,203170.56348,215932.153767669,0,0,1,0,0,0,0,0,1,0,0,4,2,"Asia","Developing"
2012,149190,"CHN","China",924,162764.564695614,258179.2626,281670.589788348,0,0,1,0,0,0,0,0,1,0,0,4,2,"Asia","Developing"
2013,66504,"CHN","China",924,74597.868760516,105277.16208,118089.918205272,0,0,1,0,0,0,0,0,1,0,0,4,2,"Asia","Developing"
2014,52642,"CHN","China",924,53222.1211202103,80237.98924,81122.2214538469,0,0,1,0,0,0,0,0,1,0,0,4,2,"Asia","Developing"
2015,49797.00581,"CHN","China",924,50193.5347344018,66905.7630961417,67438.5274631002,0,0,1,0,0,0,0,0,1,0,0,4,2,"Asia","Developing"
2016,126462.33907,"CHN","China",924,124470.80617126,168853.779749655,166194.665107928,0,0,1,0,0,0,0,0,1,0,0,4,2,"Asia","Developing"
2017,116833.55302,"CHN","China",924,119792.425940736,158134.21401257,162139.048510786,0,0,1,0,0,0,0,0,1,0,0,4,2,"Asia","Developing"
2018,174513.275389,"CHN","China",924,177170.837958376,239231.523567011,242874.643215239,0,0,1,0,0,0,0,0,1,0,0,4,2,"Asia","Developing"
2019,211590.797226,"CHN","China",924,218529.096024787,285818.964800853,295191.288201243,0,0,1,0,0,0,0,0,1,0,0,4,2,"Asia","Developing"
2020,148126.964929,"CHN","China",924,168096.873500908,197210.316027873,223797.453504169,0,0,1,0,0,0,0,0,1,0,0,4,2,"Asia","Developing"
2021,103773.72648,"CHN","China",924,113699.711274241,147222.748019911,161304.643387653,0,0,1,0,0,0,0,0,1,0,0,4,2,"Asia","Developing"
2022,260228.32458,"CHN","China",924,282856.874543478,343678.343706314,373563.417072081,0,0,1,0,0,0,0,0,1,0,0,4,2,"Asia","Developing"
1987,,"TKM","Turkmenistan",925,,,,0,0,1,0,0,0,0,0,1,0,0,4,2,"Asia","Developing"
1988,,"TKM","Turkmenistan",925,,,,0,0,1,0,0,0,0,0,1,0,0,4,2,"Asia","Developing"
1989,,"TKM","Turkmenistan",925,,,,0,0,1,0,0,0,0,0,1,0,0,4,2,"Asia","Developing"
1990,,"TKM","Turkmenistan",925,,,,0,0,1,0,0,0,0,0,1,0,0,4,2,"Asia","Developing"
1991,,"TKM","Turkmenistan",925,,,,0,0,1,0,0,0,0,0,1,0,0,4,2,"Asia","Developing"
1992,1079,"TKM","Turkmenistan",925,741.071428571429,1557.40702,1069.64767857143,0,0,1,0,0,0,0,0,1,0,0,4,2,"Asia","Developing"
1993,319,"TKM","Turkmenistan",925,215.613382899628,477.21762,322.553308550186,0,0,1,0,0,0,0,0,1,0,0,4,2,"Asia","Developing"
1994,1826,"TKM","Turkmenistan",925,1392.29889439573,2797.65112,2133.16898208159,0,0,1,0,0,0,0,0,1,0,0,4,2,"Asia","Developing"
1995,907,"TKM","Turkmenistan",925,788.352890047805,1442.86467,1254.11966101695,0,0,1,0,0,0,0,0,1,0,0,4,2,"Asia","Developing"
1996,2953,"TKM","Turkmenistan",925,2193.25609031491,4663.17089,3463.43648989899,0,0,1,0,0,0,0,0,1,0,0,4,2,"Asia","Developing"
1997,4889,"TKM","Turkmenistan",925,3359.44478801622,7589.29248,5214.93333333333,0,0,1,0,0,0,0,0,1,0,0,4,2,"Asia","Developing"
1998,3571,"TKM","Turkmenistan",925,2594.26080639303,5643.35843,4099.78818016709,0,0,1,0,0,0,0,0,1,0,0,4,2,"Asia","Developing"
1999,4473,"TKM","Turkmenistan",925,2796.32408102026,6046.10937,3779.76329707427,0,0,1,0,0,0,0,0,1,0,0,4,2,"Asia","Developing"
2000,4889,"TKM","Turkmenistan",925,2987.47326611671,6667.56931,4074.28616559731,0,0,1,0,0,0,0,0,1,0,0,4,2,"Asia","Developing"
2001,5238,"TKM","Turkmenistan",925,3122.87605079592,7297.8435,4350.94705777142,0,0,1,0,0,0,0,0,1,0,0,4,2,"Asia","Developing"
2002,12958,"TKM","Turkmenistan",925,9343.81309489472,18393.36268,13263.1689356793,0,0,1,0,0,0,0,0,1,0,0,4,2,"Asia","Developing"
2003,4967,"TKM","Turkmenistan",925,4015.68437222087,6870.55308,5554.6552510308,0,0,1,0,0,0,0,0,1,0,0,4,2,"Asia","Developing"
2004,4614,"TKM","Turkmenistan",925,4077.41251325557,6540.02202,5779.44681866384,0,0,1,0,0,0,0,0,1,0,0,4,2,"Asia","Developing"
2005,5041,"TKM","Turkmenistan",925,3835.50178802404,7304.409,5557.64209084684,0,0,1,0,0,0,0,0,1,0,0,4,2,"Asia","Developing"
2006,4751,"TKM","Turkmenistan",925,3893.30492501844,7143.31854,5853.73968696222,0,0,1,0,0,0,0,0,1,0,0,4,2,"Asia","Developing"
2007,5113,"TKM","Turkmenistan",925,4542.86983562861,8032.523,7136.84851177255,0,0,1,0,0,0,0,0,1,0,0,4,2,"Asia","Developing"
2008,2659,"TKM","Turkmenistan",925,2499.7649713265,4362.0895,4100.86443546113,0,0,1,0,0,0,0,0,1,0,0,4,2,"Asia","Developing"
2009,1551,"TKM","Turkmenistan",925,1505.09461426492,2596.46706,2519.61868995633,0,0,1,0,0,0,0,0,1,0,0,4,2,"Asia","Developing"
2010,407,"TKM","Turkmenistan",925,433.163048105577,668.40389,711.370679012346,0,0,1,0,0,0,0,0,1,0,0,4,2,"Asia","Developing"
2011,958,"TKM","Turkmenistan",925,1018.17408863854,1634.48212,1737.14753958975,0,0,1,0,0,0,0,0,1,0,0,4,2,"Asia","Developing"
2012,398,"TKM","Turkmenistan",925,434.213397337988,688.75492,751.423652629282,0,0,1,0,0,0,0,0,1,0,0,4,2,"Asia","Developing"
2013,387,"TKM","Turkmenistan",925,434.099831744251,612.62874,687.188715647785,0,0,1,0,0,0,0,0,1,0,0,4,2,"Asia","Developing"
2014,0,"TKM","Turkmenistan",925,0,0,0,0,0,1,0,0,0,0,0,1,0,0,4,2,"Asia","Developing"
2015,0,"TKM","Turkmenistan",925,0,0,0,0,0,1,0,0,0,0,0,1,0,0,4,2,"Asia","Developing"
2016,0,"TKM","Turkmenistan",925,0,0,0,0,0,1,0,0,0,0,0,1,0,0,4,2,"Asia","Developing"
2017,995.37044,"TKM","Turkmenistan",925,1020.57873474828,1347.23389054,1381.3533174818,0,0,1,0,0,0,0,0,1,0,0,4,2,"Asia","Developing"
2018,656.11314,"TKM","Turkmenistan",925,666.104710659899,899.432697969,913.129642608122,0,0,1,0,0,0,0,0,1,0,0,4,2,"Asia","Developing"
2019,17.94129,"TKM","Turkmenistan",925,18.5296049573974,24.2352739449,25.0299756725019,0,0,1,0,0,0,0,0,1,0,0,4,2,"Asia","Developing"
2020,12.58509,"TKM","Turkmenistan",925,14.2817635043123,16.7552854224,19.0141686591012,0,0,1,0,0,0,0,0,1,0,0,4,2,"Asia","Developing"
2021,0,"TKM","Turkmenistan",925,0,0,0,0,0,1,0,0,0,0,0,1,0,0,4,2,"Asia","Developing"
2022,0,"TKM","Turkmenistan",925,0,0,0,0,0,1,0,0,0,0,0,1,0,0,4,2,"Asia","Developing"
1987,,"UKR","Ukraine",926,,,,0,0,1,0,0,0,0,0,0,0,1,2,2,"Europe","Developing"
1988,,"UKR","Ukraine",926,,,,0,0,1,0,0,0,0,0,0,0,1,2,2,"Europe","Developing"
1989,,"UKR","Ukraine",926,,,,0,0,1,0,0,0,0,0,0,0,1,2,2,"Europe","Developing"
1990,,"UKR","Ukraine",926,,,,0,0,1,0,0,0,0,0,0,0,1,2,2,"Europe","Developing"
1991,,"UKR","Ukraine",926,,,,0,0,1,0,0,0,0,0,0,0,1,2,2,"Europe","Developing"
1992,11162,"UKR","Ukraine",926,7666.20879120879,16111.00756,11065.2524450549,0,0,1,0,0,0,0,0,0,0,1,2,2,"Europe","Developing"
1993,42207,"UKR","Ukraine",926,28527.8810408922,63140.82786,42677.1394795539,0,0,1,0,0,0,0,0,0,0,1,2,2,"Europe","Developing"
1994,54963,"UKR","Ukraine",926,41908.5017155928,84209.91156,64208.8536484941,0,0,1,0,0,0,0,0,0,0,1,2,2,"Europe","Developing"
1995,68813,"UKR","Ukraine",926,59811.3863537592,109468.40853,95148.5515254237,0,0,1,0,0,0,0,0,0,0,1,2,2,"Europe","Developing"
1996,384183,"UKR","Ukraine",926,285340.909090909,606674.90079,450590.389772727,0,0,1,0,0,0,0,0,0,0,1,2,2,"Europe","Developing"
1997,339181,"UKR","Ukraine",926,233066.034494606,526517.44992,361793.066666667,0,0,1,0,0,0,0,0,0,0,1,2,2,"Europe","Developing"
1998,209686,"UKR","Ukraine",926,152332.727933164,331373.07638,240735.979934617,0,0,1,0,0,0,0,0,0,0,1,2,2,"Europe","Developing"
1999,282986,"UKR","Ukraine",926,176910.477619405,382509.34634,239128.123493373,0,0,1,0,0,0,0,0,0,0,1,2,2,"Europe","Developing"
2000,344585,"UKR","Ukraine",926,210562.175374274,469941.57715,287162.589153682,0,0,1,0,0,0,0,0,0,0,1,2,2,"Europe","Developing"
2001,345873,"UKR","Ukraine",926,206208.19173672,481887.55725,287299.563137185,0,0,1,0,0,0,0,0,0,0,1,2,2,"Europe","Developing"
2002,266973,"UKR","Ukraine",926,192510.095183155,378957.49458,273260.379708682,0,0,1,0,0,0,0,0,0,0,1,2,2,"Europe","Developing"
2003,186895,"UKR","Ukraine",926,151099.523001051,258520.6398,209006.904195974,0,0,1,0,0,0,0,0,0,0,1,2,2,"Europe","Developing"
2004,179623,"UKR","Ukraine",926,158733.651466949,254603.02889,224993.839598798,0,0,1,0,0,0,0,0,0,0,1,2,2,"Europe","Developing"
2005,253171,"UKR","Ukraine",926,192628.014912881,366844.779,279117.993608765,0,0,1,0,0,0,0,0,0,0,1,2,2,"Europe","Developing"
2006,366232,"UKR","Ukraine",926,300116.364828321,550644.46128,451236.959173974,0,0,1,0,0,0,0,0,0,0,1,2,2,"Europe","Developing"
2007,313339,"UKR","Ukraine",926,278399.8223012,492255.569,437366.120835184,0,0,1,0,0,0,0,0,0,0,1,2,2,"Europe","Developing"
2008,245316,"UKR","Ukraine",926,230625.176271505,402440.898,378340.601673404,0,0,1,0,0,0,0,0,0,0,1,2,2,"Europe","Developing"
2009,129543,"UKR","Ukraine",926,125708.879184862,216862.75458,210444.20628821,0,0,1,0,0,0,0,0,0,0,1,2,2,"Europe","Developing"
2010,107387,"UKR","Ukraine",926,114290.12345679,176358.44849,187695.241049383,0,0,1,0,0,0,0,0,0,0,1,2,2,"Europe","Developing"
2011,128531,"UKR","Ukraine",926,136604.315017536,219291.88034,233066.08602402,0,0,1,0,0,0,0,0,0,0,1,2,2,"Europe","Developing"
2012,127847,"UKR","Ukraine",926,139479.598516256,221244.34738,241375.024416321,0,0,1,0,0,0,0,0,0,0,1,2,2,"Europe","Developing"
2013,132288,"UKR","Ukraine",926,148388.109927089,209414.54976,234901.345776781,0,0,1,0,0,0,0,0,0,0,1,2,2,"Europe","Developing"
2014,96286,"UKR","Ukraine",926,97347.0832069558,146761.04692,148378.371165706,0,0,1,0,0,0,0,0,0,0,1,2,2,"Europe","Developing"
2015,101583.96484,"UKR","Ukraine",926,102392.868501159,136485.167640079,137571.986332102,0,0,1,0,0,0,0,0,0,0,1,2,2,"Europe","Developing"
2016,161064.45884,"UKR","Ukraine",926,158528.010669291,215054.876087756,211668.185125744,0,0,1,0,0,0,0,0,0,0,1,2,2,"Europe","Developing"
2017,183787.71362,"UKR","Ukraine",926,188442.236870706,248756.67038467,255056.567604501,0,0,1,0,0,0,0,0,0,0,1,2,2,"Europe","Developing"
2018,262300.0636,"UKR","Ukraine",926,266294.480812183,359574.04218606,365049.789021381,0,0,1,0,0,0,0,0,0,0,1,2,2,"Europe","Developing"
2019,320803.480918,"UKR","Ukraine",926,331322.985714433,433344.550058844,447554.402332914,0,0,1,0,0,0,0,0,0,0,1,2,2,"Europe","Developing"
2020,78882.77557,"UKR","Ukraine",926,89517.4484453019,105021.372082875,119179.950162137,0,0,1,0,0,0,0,0,0,0,1,2,2,"Europe","Developing"
2021,57510.89772,"UKR","Ukraine",926,63011.8305248165,81590.1354863868,89394.2538472519,0,0,1,0,0,0,0,0,0,0,1,2,2,"Europe","Developing"
2022,278650.24226,"UKR","Ukraine",926,302880.698108696,368007.801947937,400008.480378192,0,0,1,0,0,0,0,0,0,0,1,2,2,"Europe","Developing"
1987,,"UZB","Uzbekistan",927,,,,0,0,1,0,0,0,0,0,1,0,0,4,2,"Asia","Developing"
1988,,"UZB","Uzbekistan",927,,,,0,0,1,0,0,0,0,0,1,0,0,4,2,"Asia","Developing"
1989,,"UZB","Uzbekistan",927,,,,0,0,1,0,0,0,0,0,1,0,0,4,2,"Asia","Developing"
1990,,"UZB","Uzbekistan",927,,,,0,0,1,0,0,0,0,0,1,0,0,4,2,"Asia","Developing"
1991,,"UZB","Uzbekistan",927,,,,0,0,1,0,0,0,0,0,1,0,0,4,2,"Asia","Developing"
1992,2176,"UZB","Uzbekistan",927,1494.50549450549,3140.79488,2157.13934065934,0,0,1,0,0,0,0,0,1,0,0,4,2,"Asia","Developing"
1993,4453,"UZB","Uzbekistan",927,3009.80060831362,6661.59894,4502.60151402501,0,0,1,0,0,0,0,0,1,0,0,4,2,"Asia","Developing"
1994,5701,"UZB","Uzbekistan",927,4346.93099504384,8734.61612,6660.01991612657,0,0,1,0,0,0,0,0,1,0,0,4,2,"Asia","Developing"
1995,3924,"UZB","Uzbekistan",927,3410.69100391134,6242.33844,5425.7613559322,0,0,1,0,0,0,0,0,1,0,0,4,2,"Asia","Developing"
1996,4419,"UZB","Uzbekistan",927,3282.08556149733,6978.17547,5182.83977272727,0,0,1,0,0,0,0,0,1,0,0,4,2,"Asia","Developing"
1997,13636,"UZB","Uzbekistan",927,9369.88936988937,21167.43552,14545.0666666667,0,0,1,0,0,0,0,0,1,0,0,4,2,"Asia","Developing"
1998,18934,"UZB","Uzbekistan",927,13755.1761714493,29921.96822,21737.7175590265,0,0,1,0,0,0,0,0,1,0,0,4,2,"Asia","Developing"
1999,37947,"UZB","Uzbekistan",927,23722.8057014254,51292.58043,32065.8792385596,0,0,1,0,0,0,0,0,1,0,0,4,2,"Asia","Developing"
2000,35247,"UZB","Uzbekistan",927,21538.0384967919,48069.50613,29373.3615215399,0,0,1,0,0,0,0,0,1,0,0,4,2,"Asia","Developing"
2001,60257,"UZB","Uzbekistan",927,35924.9985095093,83953.06525,50052.5041733739,0,0,1,0,0,0,0,0,1,0,0,4,2,"Asia","Developing"
2002,51923,"UZB","Uzbekistan",927,37440.8710700894,73702.62158,53145.8188491491,0,0,1,0,0,0,0,0,1,0,0,4,2,"Asia","Developing"
2003,44321,"UZB","Uzbekistan",927,35832.3227423397,61306.58004,49564.702110114,0,0,1,0,0,0,0,0,1,0,0,4,2,"Asia","Developing"
2004,36108,"UZB","Uzbekistan",927,31908.8016967126,51180.56244,45228.4927889714,0,0,1,0,0,0,0,0,1,0,0,4,2,"Asia","Developing"
2005,33919,"UZB","Uzbekistan",927,25807.6542646276,49148.631,37395.2910294453,0,0,1,0,0,0,0,0,1,0,0,4,2,"Asia","Developing"
2006,99615,"UZB","Uzbekistan",927,81631.5660083586,149775.1371,122736.324756208,0,0,1,0,0,0,0,0,1,0,0,4,2,"Asia","Developing"
2007,61073,"UZB","Uzbekistan",927,54262.994224789,95945.683,85247.1639271435,0,0,1,0,0,0,0,0,1,0,0,4,2,"Asia","Developing"
2008,74859,"UZB","Uzbekistan",927,70376.0458775971,122806.1895,115451.903262198,0,0,1,0,0,0,0,0,1,0,0,4,2,"Asia","Developing"
2009,104629,"UZB","Uzbekistan",927,101532.265890344,175155.22374,169971.10503639,0,0,1,0,0,0,0,0,1,0,0,4,2,"Asia","Developing"
2010,130578,"UZB","Uzbekistan",927,138971.90293742,214444.33206,228229.387037037,0,0,1,0,0,0,0,0,1,0,0,4,2,"Asia","Developing"
2011,187473,"UZB","Uzbekistan",927,199248.591773834,319855.18422,339945.992369008,0,0,1,0,0,0,0,0,1,0,0,4,2,"Asia","Developing"
2012,121860,"UZB","Uzbekistan",927,132947.850752782,210883.6044,230071.573641719,0,0,1,0,0,0,0,0,1,0,0,4,2,"Asia","Developing"
2013,17948,"UZB","Uzbekistan",927,20132.3611890073,28412.04296,31869.9304094223,0,0,1,0,0,0,0,0,1,0,0,4,2,"Asia","Developing"
2014,27069,"UZB","Uzbekistan",927,27367.3036093418,41259.11118,41713.791507431,0,0,1,0,0,0,0,0,1,0,0,4,2,"Asia","Developing"
2015,56803.96702,"UZB","Uzbekistan",927,57256.2917246245,76320.1059690614,76927.8358724538,0,0,1,0,0,0,0,0,1,0,0,4,2,"Asia","Developing"
2016,23972.8518,"UZB","Uzbekistan",927,23595.3265748031,32008.791451878,31504.7159959429,0,0,1,0,0,0,0,0,1,0,0,4,2,"Asia","Developing"
2017,34806.69933,"UZB","Uzbekistan",927,35688.1978160566,47110.867543155,48303.9757440326,0,0,1,0,0,0,0,0,1,0,0,4,2,"Asia","Developing"
2018,56311.29729,"UZB","Uzbekistan",927,57168.8297360406,77194.3418899965,78369.8902436513,0,0,1,0,0,0,0,0,1,0,0,4,2,"Asia","Developing"
2019,60127.05103,"UZB","Uzbekistan",927,62098.6842550994,81220.2218018343,83883.5236786308,0,0,1,0,0,0,0,0,1,0,0,4,2,"Asia","Developing"
2020,65262.12724,"UZB","Uzbekistan",927,74060.5166137086,86887.3857222464,98601.2093988271,0,0,1,0,0,0,0,0,1,0,0,4,2,"Asia","Developing"
2021,22917.20965,"UZB","Uzbekistan",927,25109.246904788,32512.4161583585,35622.2374913537,0,0,1,0,0,0,0,0,1,0,0,4,2,"Asia","Developing"
2022,47498.8382,"UZB","Uzbekistan",927,51629.1719565217,62730.765633976,68185.6148195391,0,0,1,0,0,0,0,0,1,0,0,4,2,"Asia","Developing"
1987,2682,"CUB","Cuba",928,2098.59154929577,3645.18666,2852.25873239437,0,0,1,0,0,0,1,0,0,0,0,5,2,"Caribbean","Developing"
1988,4133,"CUB","Cuba",928,2748.00531914894,5638.11461,3748.7464162234,0,0,1,0,0,0,1,0,0,0,0,5,2,"Caribbean","Developing"
1989,3722,"CUB","Cuba",928,2406.72486259295,4966.00406,3211.12451341739,0,0,1,0,0,0,1,0,0,0,0,5,2,"Caribbean","Developing"
1990,2905,"CUB","Cuba",928,2242.37746043998,4070.0793,3141.70536472404,0,0,1,0,0,0,1,0,0,0,0,5,2,"Caribbean","Developing"
1991,9104,"CUB","Cuba",928,6716.34083364072,13007.15792,9595.83763924751,0,0,1,0,0,0,1,0,0,0,0,5,2,"Caribbean","Developing"
1992,10472,"CUB","Cuba",928,7192.30769230769,15115.07536,10381.2330769231,0,0,1,0,0,0,1,0,0,0,0,5,2,"Caribbean","Developing"
1993,9956,"CUB","Cuba",928,6729.30043933761,14893.97688,10066.8988712403,0,0,1,0,0,0,1,0,0,0,0,5,2,"Caribbean","Developing"
1994,8230,"CUB","Cuba",928,6275.2573389249,12609.3476,9614.44727411361,0,0,1,0,0,0,1,0,0,0,0,5,2,"Caribbean","Developing"
1995,1200,"CUB","Cuba",928,1043.02477183833,1908.972,1659.25423728814,0,0,1,0,0,0,1,0,0,0,0,5,2,"Caribbean","Developing"
1996,3717,"CUB","Cuba",928,2760.69518716578,5869.62621,4359.49659090909,0,0,1,0,0,0,1,0,0,0,0,5,2,"Caribbean","Developing"
1997,2743,"CUB","Cuba",928,1884.8347419776,4258.01376,2925.86666666667,0,0,1,0,0,0,1,0,0,0,0,5,2,"Caribbean","Developing"
1998,5407,"CUB","Cuba",928,3928.07845986197,8544.84431,6207.66023247367,0,0,1,0,0,0,1,0,0,0,0,5,2,"Caribbean","Developing"
1999,6571,"CUB","Cuba",928,4107.90197549387,8881.95499,5552.61002125531,0,0,1,0,0,0,1,0,0,0,0,5,2,"Caribbean","Developing"
2000,7521,"CUB","Cuba",928,4595.78368469294,10257.06459,6267.68383134739,0,0,1,0,0,0,1,0,0,0,0,5,2,"Caribbean","Developing"
2001,16272,"CUB","Cuba",928,9701.30566982651,22670.964,13516.3441244858,0,0,1,0,0,0,1,0,0,0,0,5,2,"Caribbean","Developing"
2002,9888,"CUB","Cuba",928,7130.08364580329,14035.62048,10120.8685318719,0,0,1,0,0,0,1,0,0,0,0,5,2,"Caribbean","Developing"
2003,11208,"CUB","Cuba",928,9061.36308513219,15503.35392,12534.0398738782,0,0,1,0,0,0,1,0,0,0,0,5,2,"Caribbean","Developing"
2004,11126,"CUB","Cuba",928,9832.09614704843,15770.32618,13936.3080417109,0,0,1,0,0,0,1,0,0,0,0,5,2,"Caribbean","Developing"
2005,25752,"CUB","Cuba",928,19593.7000684775,37314.648,28391.2713992239,0,0,1,0,0,0,1,0,0,0,0,5,2,"Caribbean","Developing"
2006,24164,"CUB","Cuba",928,19801.6881094813,36331.54056,29772.6301401295,0,0,1,0,0,0,1,0,0,0,0,5,2,"Caribbean","Developing"
2007,6902,"CUB","Cuba",928,6132.38560639716,10843.042,9633.97778764993,0,0,1,0,0,0,1,0,0,0,0,5,2,"Caribbean","Developing"
2008,6670,"CUB","Cuba",928,6270.56500893109,10942.135,10286.8618971515,0,0,1,0,0,0,1,0,0,0,0,5,2,"Caribbean","Developing"
2009,11196,"CUB","Cuba",928,10864.6288209607,18742.77576,18188.0405240175,0,0,1,0,0,0,1,0,0,0,0,5,2,"Caribbean","Developing"
2010,9165,"CUB","Cuba",928,9754.15070242656,15051.40455,16018.9490740741,0,0,1,0,0,0,1,0,0,0,0,5,2,"Caribbean","Developing"
2011,6409,"CUB","Cuba",928,6811.5633967478,10934.65126,11621.4807737273,0,0,1,0,0,0,1,0,0,0,0,5,2,"Caribbean","Developing"
2012,1035,"CUB","Cuba",928,1129.17303076587,1791.1089,1954.07909666158,0,0,1,0,0,0,1,0,0,0,0,5,2,"Caribbean","Developing"
2013,416098,"CUB","Cuba",928,466739.203589456,658691.45596,738857.494066181,0,0,1,0,0,0,1,0,0,0,0,5,2,"Caribbean","Developing"
2014,536,"CUB","Cuba",928,541.906783945,816.98192,825.985158224649,0,0,1,0,0,0,1,0,0,0,0,5,2,"Caribbean","Developing"
2015,94.54625,"CUB","Cuba",928,95.2991129926419,127.0295051125,128.041029243524,0,0,1,0,0,0,1,0,0,0,0,5,2,"Caribbean","Developing"
2016,96.78446,"CUB","Cuba",928,95.2602952755906,129.2275788366,127.192498854921,0,0,1,0,0,0,1,0,0,0,0,5,2,"Caribbean","Developing"
2017,92.6949,"CUB","Cuba",928,95.0424484773916,125.46254715,128.639954014149,0,0,1,0,0,0,1,0,0,0,0,5,2,"Caribbean","Developing"
2018,1968.97,"CUB","Cuba",928,1998.95431472081,2699.1625245,2740.26652233503,0,0,1,0,0,0,1,0,0,0,0,5,2,"Caribbean","Developing"
2019,1161.762,"CUB","Cuba",928,1199.85747482572,1569.31972722,1620.77947556933,0,0,1,0,0,0,1,0,0,0,0,5,2,"Caribbean","Developing"
2020,0,"CUB","Cuba",928,0,0,0,0,0,1,0,0,0,1,0,0,0,0,5,2,"Caribbean","Developing"
2021,0,"CUB","Cuba",928,0,0,0,0,0,1,0,0,0,1,0,0,0,0,5,2,"Caribbean","Developing"
2022,0,"CUB","Cuba",928,0,0,0,0,0,1,0,0,0,1,0,0,0,0,5,2,"Caribbean","Developing"
1987,,"CZE","Czech Republic",935,,,,0,0,1,0,0,0,0,0,0,0,1,2,2,"Europe","Developing"
1988,,"CZE","Czech Republic",935,,,,0,0,1,0,0,0,0,0,0,0,1,2,2,"Europe","Developing"
1989,,"CZE","Czech Republic",935,,,,0,0,1,0,0,0,0,0,0,0,1,2,2,"Europe","Developing"
1990,,"CZE","Czech Republic",935,,,,0,0,1,0,0,0,0,0,0,0,1,2,2,"Europe","Developing"
1991,,"CZE","Czech Republic",935,,,,0,0,1,0,0,0,0,0,0,0,1,2,2,"Europe","Developing"
1992,,"CZE","Czech Republic",935,,,,0,0,1,0,0,0,0,0,0,0,1,2,2,"Europe","Developing"
1993,50014,"CZE","Czech Republic",935,33804.6637377492,74819.94372,50571.1008583981,0,0,1,0,0,0,0,0,0,0,1,2,2,"Europe","Developing"
1994,64756,"CZE","Czech Republic",935,49375.5242089211,99213.96272,75649.2281509722,0,0,1,0,0,0,0,0,0,0,1,2,2,"Europe","Developing"
1995,60602,"CZE","Czech Republic",935,52674.4893524554,96406.26762,83795.1044067797,0,0,1,0,0,0,0,0,0,0,1,2,2,"Europe","Developing"
1996,106806,"CZE","Czech Republic",935,79327.0944741533,168660.55878,125267.79469697,0,0,1,0,0,0,0,0,0,0,1,2,2,"Europe","Developing"
1997,85783,"CZE","Czech Republic",935,58945.2346595204,133162.66656,91501.8666666667,0,0,1,0,0,0,0,0,0,0,1,2,2,"Europe","Developing"
1998,92533,"CZE","Czech Republic",935,67223.39266255,146232.67589,106235.144126408,0,0,1,0,0,0,0,0,0,0,1,2,2,"Europe","Developing"
1999,189732,"CZE","Czech Republic",935,118612.15303826,256458.84708,160326.861140285,0,0,1,0,0,0,0,0,0,0,1,2,2,"Europe","Developing"
2000,225429,"CZE","Czech Republic",935,137750.687442713,307437.81591,187863.010027498,0,0,1,0,0,0,0,0,0,0,1,2,2,"Europe","Developing"
2001,255099,"CZE","Czech Republic",935,152089.071722411,355416.68175,211898.099177249,0,0,1,0,0,0,0,0,0,0,1,2,2,"Europe","Developing"
2002,181078,"CZE","Czech Republic",935,130572.541101817,257032.97788,185342.499192385,0,0,1,0,0,0,0,0,0,0,1,2,2,"Europe","Developing"
2003,183729,"CZE","Czech Republic",935,148539.898132428,254141.30196,205466.3286927,0,0,1,0,0,0,0,0,0,0,1,2,2,"Europe","Developing"
2004,284205,"CZE","Czech Republic",935,251153.234358431,402840.69315,355992.12897667,0,0,1,0,0,0,0,0,0,0,1,2,2,"Europe","Developing"
2005,351127,"CZE","Czech Republic",935,267158.943924523,508783.023,387113.309746633,0,0,1,0,0,0,0,0,0,0,1,2,2,"Europe","Developing"
2006,816432,"CZE","Czech Republic",935,669042.038842908,1227538.16928,1005931.46708187,0,0,1,0,0,0,0,0,0,0,1,2,2,"Europe","Developing"
2007,489341,"CZE","Czech Republic",935,434776.54375833,768754.711,683033.950244336,0,0,1,0,0,0,0,0,0,0,1,2,2,"Europe","Developing"
2008,470597,"CZE","Czech Republic",935,442415.154648867,772014.3785,725782.061201466,0,0,1,0,0,0,0,0,0,0,1,2,2,"Europe","Developing"
2009,294705,"CZE","Czech Republic",935,285982.532751092,493353.8523,478751.918777293,0,0,1,0,0,0,0,0,0,0,1,2,2,"Europe","Developing"
2010,282551,"CZE","Czech Republic",935,300714.133673904,464025.03077,493853.800308642,0,0,1,0,0,0,0,0,0,0,1,2,2,"Europe","Developing"
2011,166300,"CZE","Czech Republic",935,176745.669040281,283731.082,301552.855776384,0,0,1,0,0,0,0,0,0,0,1,2,2,"Europe","Developing"
2012,86823,"CZE","Czech Republic",935,94722.8889373773,150250.67442,163921.748221689,0,0,1,0,0,0,0,0,0,0,1,2,2,"Europe","Developing"
2013,78983,"CZE","Czech Republic",935,88595.6253505328,125031.66866,140248.6468424,0,0,1,0,0,0,0,0,0,0,1,2,2,"Europe","Developing"
2014,71340,"CZE","Czech Republic",935,72126.1753108887,108737.8548,109936.158932363,0,0,1,0,0,0,0,0,0,0,1,2,2,"Europe","Developing"
2015,82532.20065,"CZE","Czech Republic",935,83189.3968853946,110887.78882732,111770.77797331,0,0,1,0,0,0,0,0,0,0,1,2,2,"Europe","Developing"
2016,87183.09274,"CZE","Czech Republic",935,85810.1306496063,116407.737257375,114574.544544661,0,0,1,0,0,0,0,0,0,0,1,2,2,"Europe","Developing"
2017,216918.003232,"CZE","Czech Republic",935,222411.568985953,293598.517374512,301034.058622487,0,0,1,0,0,0,0,0,0,0,1,2,2,"Europe","Developing"
2018,302862.858367,"CZE","Czech Republic",935,307474.983113706,415179.549392402,421502.080601423,0,0,1,0,0,0,0,0,0,0,1,2,2,"Europe","Developing"
2019,473231.435347,"CZE","Czech Republic",935,488749.223183062,639245.755181081,660207.338167912,0,0,1,0,0,0,0,0,0,0,1,2,2,"Europe","Developing"
2020,123715.53938,"CZE","Czech Republic",935,140394.393304585,164709.920508957,186915.479469992,0,0,1,0,0,0,0,0,0,0,1,2,2,"Europe","Developing"
2021,168562.414728,"CZE","Czech Republic",935,184685.45494467,239137.812150466,262011.408075453,0,0,1,0,0,0,0,0,0,0,1,2,2,"Europe","Developing"
2022,1316034.53329,"CZE","Czech Republic",935,1430472.31879348,1738060.48742544,1889196.18198417,0,0,1,0,0,0,0,0,0,0,1,2,2,"Europe","Developing"
1987,,"SVK","Slovakia",936,,,,0,0,1,0,0,0,0,0,0,0,1,2,2,"Europe","Developing"
1988,,"SVK","Slovakia",936,,,,0,0,1,0,0,0,0,0,0,0,1,2,2,"Europe","Developing"
1989,,"SVK","Slovakia",936,,,,0,0,1,0,0,0,0,0,0,0,1,2,2,"Europe","Developing"
1990,,"SVK","Slovakia",936,,,,0,0,1,0,0,0,0,0,0,0,1,2,2,"Europe","Developing"
1991,,"SVK","Slovakia",936,,,,0,0,1,0,0,0,0,0,0,0,1,2,2,"Europe","Developing"
1992,,"SVK","Slovakia",936,,,,0,0,1,0,0,0,0,0,0,0,1,2,2,"Europe","Developing"
1993,5912,"SVK","Slovakia",936,3995.94457587023,8844.23376,5977.85316661034,0,0,1,0,0,0,0,0,0,0,1,2,2,"Europe","Developing"
1994,10656,"SVK","Slovakia",936,8125.04765535646,16326.27072,12448.5480137247,0,0,1,0,0,0,0,0,0,0,1,2,2,"Europe","Developing"
1995,18428,"SVK","Slovakia",936,16017.3837461973,29315.44668,25480.6142372881,0,0,1,0,0,0,0,0,0,0,1,2,2,"Europe","Developing"
1996,34572,"SVK","Slovakia",936,25677.3618538324,54593.68236,40547.8924242424,0,0,1,0,0,0,0,0,0,0,1,2,2,"Europe","Developing"
1997,38377,"SVK","Slovakia",936,26370.5077990792,59573.38464,40935.4666666667,0,0,1,0,0,0,0,0,0,0,1,2,2,"Europe","Developing"
1998,40138,"SVK","Slovakia",936,29159.4624046495,63431.28554,46081.5732219397,0,0,1,0,0,0,0,0,0,0,1,2,2,"Europe","Developing"
1999,51318,"SVK","Slovakia",936,32081.7704426107,69366.02742,43364.6082895724,0,0,1,0,0,0,0,0,0,0,1,2,2,"Europe","Developing"
2000,63544,"SVK","Slovakia",936,38829.2086770547,86660.67176,52954.8865016804,0,0,1,0,0,0,0,0,0,0,1,2,2,"Europe","Developing"
2001,81808,"SVK","Slovakia",936,48773.624277112,113978.996,67953.8520240863,0,0,1,0,0,0,0,0,0,0,1,2,2,"Europe","Developing"
2002,75162,"SVK","Slovakia",936,54198.1540236516,106689.45252,76932.1117104125,0,0,1,0,0,0,0,0,0,0,1,2,2,"Europe","Developing"
2003,75637,"SVK","Slovakia",936,61150.4567871291,104624.12388,84585.7578462285,0,0,1,0,0,0,0,0,0,0,1,2,2,"Europe","Developing"
2004,63646,"SVK","Slovakia",936,56244.2559208201,90213.74978,79722.295669848,0,0,1,0,0,0,0,0,0,0,1,2,2,"Europe","Developing"
2005,54626,"SVK","Slovakia",936,41562.8090999011,79153.074,60224.5103857567,0,0,1,0,0,0,0,0,0,0,1,2,2,"Europe","Developing"
2006,61789,"SVK","Slovakia",936,50634.2702614111,92902.23306,76130.6507088421,0,0,1,0,0,0,0,0,0,0,1,2,2,"Europe","Developing"
2007,79075,"SVK","Slovakia",936,70257.663260773,124226.825,110374.788982674,0,0,1,0,0,0,0,0,0,0,1,2,2,"Europe","Developing"
2008,54967,"SVK","Slovakia",936,51675.2843846949,90173.3635,84773.304033092,0,0,1,0,0,0,0,0,0,0,1,2,2,"Europe","Developing"
2009,42384,"SVK","Slovakia",936,41129.5487627365,70953.35904,68853.3324017467,0,0,1,0,0,0,0,0,0,0,1,2,2,"Europe","Developing"
2010,27151,"SVK","Slovakia",936,28896.3388676032,44589.27277,47455.5904320988,0,0,1,0,0,0,0,0,0,0,1,2,2,"Europe","Developing"
2011,31433,"SVK","Slovakia",936,33407.3759166755,53629.09862,56997.6603464768,0,0,1,0,0,0,0,0,0,0,1,2,2,"Europe","Developing"
2012,22647,"SVK","Slovakia",936,24707.61509928,39191.53938,42757.5162339079,0,0,1,0,0,0,0,0,0,0,1,2,2,"Europe","Developing"
2013,58904,"SVK","Slovakia",936,66072.9108244532,93246.21008,104594.739293326,0,0,1,0,0,0,0,0,0,0,1,2,2,"Europe","Developing"
2014,17687,"SVK","Slovakia",936,17881.9128500657,26958.87914,27255.9692043272,0,0,1,0,0,0,0,0,0,0,1,2,2,"Europe","Developing"
2015,33872.47248,"SVK","Slovakia",936,34142.1958270336,45510.0378499536,45872.4300473275,0,0,1,0,0,0,0,0,0,0,1,2,2,"Europe","Developing"
2016,24001.440098,"SVK","Slovakia",936,23623.4646633858,32046.9628332506,31542.2862531994,0,0,1,0,0,0,0,0,0,0,1,2,2,"Europe","Developing"
2017,41654.891114,"SVK","Slovakia",936,42709.8237608941,56379.895122799,57807.7464603701,0,0,1,0,0,0,0,0,0,0,1,2,2,"Europe","Developing"
2018,18706.738986,"SVK","Slovakia",936,18991.6131837563,25644.1331389581,26034.6529329524,0,0,1,0,0,0,0,0,0,0,1,2,2,"Europe","Developing"
2019,29545.105888,"SVK","Slovakia",936,30513.9229413891,39909.8244845693,41218.5122484578,0,0,1,0,0,0,0,0,0,0,1,2,2,"Europe","Developing"
2020,7551.88447,"SVK","Slovakia",936,8570.0005333636,10054.2769079792,11409.755910099,0,0,1,0,0,0,0,0,0,0,1,2,2,"Europe","Developing"
2021,6912.939835,"SVK","Slovakia",936,7574.16438588803,9807.31861451615,10745.3912726155,0,0,1,0,0,0,0,0,0,0,1,2,2,"Europe","Developing"
2022,51754.363024,"SVK","Slovakia",936,56254.7424173913,68350.9521585363,74294.5132158004,0,0,1,0,0,0,0,0,0,0,1,2,2,"Europe","Developing"
1987,,"EST","Estonia",939,,,,0,0,1,0,0,0,0,0,0,0,1,2,2,"Europe","Developing"
1988,,"EST","Estonia",939,,,,0,0,1,0,0,0,0,0,0,0,1,2,2,"Europe","Developing"
1989,,"EST","Estonia",939,,,,0,0,1,0,0,0,0,0,0,0,1,2,2,"Europe","Developing"
1990,,"EST","Estonia",939,,,,0,0,1,0,0,0,0,0,0,0,1,2,2,"Europe","Developing"
1991,0,"EST","Estonia",939,0,0,0,0,0,1,0,0,0,0,0,0,0,1,2,2,"Europe","Developing"
1992,0,"EST","Estonia",939,0,0,0,0,0,1,0,0,0,0,0,0,0,1,2,2,"Europe","Developing"
1993,1332,"EST","Estonia",939,900.304156809733,1992.64536,1346.83701250422,0,0,1,0,0,0,0,0,0,0,1,2,2,"Europe","Developing"
1994,1596,"EST","Estonia",939,1216.92718261533,2445.26352,1864.47847502859,0,0,1,0,0,0,0,0,0,0,1,2,2,"Europe","Developing"
1995,11304,"EST","Estonia",939,9825.29335071708,17982.51624,15630.1749152542,0,0,1,0,0,0,0,0,0,0,1,2,2,"Europe","Developing"
1996,7761,"EST","Estonia",939,5764.26024955437,12255.62793,9102.51628787879,0,0,1,0,0,0,0,0,0,0,1,2,2,"Europe","Developing"
1997,9043,"EST","Estonia",939,6213.83907098193,14037.62976,9645.86666666667,0,0,1,0,0,0,0,0,0,0,1,2,2,"Europe","Developing"
1998,31293,"EST","Estonia",939,22733.7450054486,49453.26669,35926.8192444606,0,0,1,0,0,0,0,0,0,0,1,2,2,"Europe","Developing"
1999,38590,"EST","Estonia",939,24124.7811952988,52161.7171,32609.2254938735,0,0,1,0,0,0,0,0,0,0,1,2,2,"Europe","Developing"
2000,59882,"EST","Estonia",939,36591.5062633669,81666.47278,49903.1303269172,0,0,1,0,0,0,0,0,0,0,1,2,2,"Europe","Developing"
2001,56464,"EST","Estonia",939,33663.6260657008,78668.468,46901.8470160377,0,0,1,0,0,0,0,0,0,0,1,2,2,"Europe","Developing"
2002,43047,"EST","Estonia",939,31040.5249495241,61103.49462,44060.7835448515,0,0,1,0,0,0,0,0,0,0,1,2,2,"Europe","Developing"
2003,45501,"EST","Estonia",939,36786.3206403104,62938.80324,50884.310162503,0,0,1,0,0,0,0,0,0,0,1,2,2,"Europe","Developing"
2004,56419,"EST","Estonia",939,49857.7235772358,79969.98317,70669.8331300813,0,0,1,0,0,0,0,0,0,0,1,2,2,"Europe","Developing"
2005,55973,"EST","Estonia",939,42587.6892642471,81104.877,61709.5617438941,0,0,1,0,0,0,0,0,0,0,1,2,2,"Europe","Developing"
2006,48095,"EST","Estonia",939,39412.4395640416,72312.7563,59258.1793821192,0,0,1,0,0,0,0,0,0,0,1,2,2,"Europe","Developing"
2007,26321,"EST","Estonia",939,23386.0506441582,41350.291,36739.4855619725,0,0,1,0,0,0,0,0,0,0,1,2,2,"Europe","Developing"
2008,29470,"EST","Estonia",939,27705.1800319639,48345.535,45450.3478424368,0,0,1,0,0,0,0,0,0,0,1,2,2,"Europe","Developing"
2009,26965,"EST","Estonia",939,26166.909267346,45141.0279,43804.9761280932,0,0,1,0,0,0,0,0,0,0,1,2,2,"Europe","Developing"
2010,24331,"EST","Estonia",939,25895.0617283951,39958.07137,42526.6830246914,0,0,1,0,0,0,0,0,0,0,1,2,2,"Europe","Developing"
2011,14359,"EST","Estonia",939,15260.9203953661,24498.46426,26037.26672335,0,0,1,0,0,0,0,0,0,0,1,2,2,"Europe","Developing"
2012,6970,"EST","Estonia",939,7604.18939559241,12061.8638,13159.3539166485,0,0,1,0,0,0,0,0,0,0,1,2,2,"Europe","Developing"
2013,6287,"EST","Estonia",939,7052.15928210881,9952.44674,11163.7091867639,0,0,1,0,0,0,0,0,0,0,1,2,2,"Europe","Developing"
2014,4425,"EST","Estonia",939,4473.76402790416,6744.6735,6819.00060661207,0,0,1,0,0,0,0,0,0,0,1,2,2,"Europe","Developing"
2015,2928.14508,"EST","Estonia",939,2951.46162685213,3934.1678851356,3965.49529798972,0,0,1,0,0,0,0,0,0,0,1,2,2,"Europe","Developing"
2016,1353.46261,"EST","Estonia",939,1332.14823818898,1807.1568114981,1778.6976491123,0,0,1,0,0,0,0,0,0,0,1,2,2,"Europe","Developing"
2017,11711.46199,"EST","Estonia",939,12008.061099149,15851.463803465,16252.9106976981,0,0,1,0,0,0,0,0,0,0,1,2,2,"Europe","Developing"
2018,13009.53525,"EST","Estonia",939,13207.65,17834.1213974625,18105.7070025,0,0,1,0,0,0,0,0,0,0,1,2,2,"Europe","Developing"
2019,14251.65924,"EST","Estonia",939,14718.9870797831,19251.2838179844,19882.5549372418,0,0,1,0,0,0,0,0,0,0,1,2,2,"Europe","Developing"
2020,35491.51119,"EST","Estonia",939,40276.3404334998,47251.9783379184,53622.3085995443,0,0,1,0,0,0,0,0,0,0,1,2,2,"Europe","Developing"
2021,22224.97862,"EST","Estonia",939,24350.8037909499,31530.3549184078,34546.2418301828,0,0,1,0,0,0,0,0,0,0,1,2,2,"Europe","Developing"
2022,168238.1218,"EST","Estonia",939,182867.523695652,222188.722698824,241509.481194374,0,0,1,0,0,0,0,0,0,0,1,2,2,"Europe","Developing"
1987,,"LVA","Latvia",941,,,,0,0,1,0,0,0,0,0,0,0,1,2,2,"Europe","Developing"
1988,,"LVA","Latvia",941,,,,0,0,1,0,0,0,0,0,0,0,1,2,2,"Europe","Developing"
1989,,"LVA","Latvia",941,,,,0,0,1,0,0,0,0,0,0,0,1,2,2,"Europe","Developing"
1990,,"LVA","Latvia",941,,,,0,0,1,0,0,0,0,0,0,0,1,2,2,"Europe","Developing"
1991,0,"LVA","Latvia",941,0,0,0,0,0,1,0,0,0,0,0,0,0,1,2,2,"Europe","Developing"
1992,3273,"LVA","Latvia",941,2247.93956043956,4724.18274,3244.63100274725,0,0,1,0,0,0,0,0,0,0,1,2,2,"Europe","Developing"
1993,8959,"LVA","Latvia",941,6055.42412977357,13402.48482,9058.79338965867,0,0,1,0,0,0,0,0,0,0,1,2,2,"Europe","Developing"
1994,15162,"LVA","Latvia",941,11560.8082348456,23230.00344,17712.5455127716,0,0,1,0,0,0,0,0,0,0,1,2,2,"Europe","Developing"
1995,6206,"LVA","Latvia",941,5394.1764450239,9872.56686,8581.10983050847,0,0,1,0,0,0,0,0,0,0,1,2,2,"Europe","Developing"
1996,15340,"LVA","Latvia",941,11393.3452168746,24223.8542,17991.5732323232,0,0,1,0,0,0,0,0,0,0,1,2,2,"Europe","Developing"
1997,42886,"LVA","Latvia",941,29468.8380402666,66572.79552,45745.0666666667,0,0,1,0,0,0,0,0,0,0,1,2,2,"Europe","Developing"
1998,62381,"LVA","Latvia",941,45318.5615691972,98582.56573,71618.2824046495,0,0,1,0,0,0,0,0,0,0,1,2,2,"Europe","Developing"
1999,53457,"LVA","Latvia",941,33418.9797449362,72257.29233,45172.1007314329,0,0,1,0,0,0,0,0,0,0,1,2,2,"Europe","Developing"
2000,65497,"LVA","Latvia",941,40022.6092270089,89324.15363,54582.4342377024,0,0,1,0,0,0,0,0,0,0,1,2,2,"Europe","Developing"
2001,80394,"LVA","Latvia",941,47930.6027544268,112008.9405,66779.3122876051,0,0,1,0,0,0,0,0,0,0,1,2,2,"Europe","Developing"
2002,54372,"LVA","Latvia",941,39206.8070377848,77178.87912,55652.494317854,0,0,1,0,0,0,0,0,0,0,1,2,2,"Europe","Developing"
2003,48665,"LVA","Latvia",941,39344.3285633438,67315.3746,54422.6490419597,0,0,1,0,0,0,0,0,0,0,1,2,2,"Europe","Developing"
2004,41502,"LVA","Latvia",941,36675.5037115589,58826.17986,51984.9592258749,0,0,1,0,0,0,0,0,0,0,1,2,2,"Europe","Developing"
2005,45047,"LVA","Latvia",941,34274.5187552309,65273.103,49663.7776763296,0,0,1,0,0,0,0,0,0,0,1,2,2,"Europe","Developing"
2006,69786,"LVA","Latvia",941,57187.5768253708,104926.04244,85983.809260018,0,0,1,0,0,0,0,0,0,0,1,2,2,"Europe","Developing"
2007,51870,"LVA","Latvia",941,46086.1839182586,81487.77,72401.3949355842,0,0,1,0,0,0,0,0,0,0,1,2,2,"Europe","Developing"
2008,68766,"LVA","Latvia",941,64647.9270470997,112810.623,106054.924320767,0,0,1,0,0,0,0,0,0,0,1,2,2,"Europe","Developing"
2009,30756,"LVA","Latvia",941,29845.7059679767,51487.38936,49963.5025327511,0,0,1,0,0,0,0,0,0,0,1,2,2,"Europe","Developing"
2010,14863,"LVA","Latvia",941,15818.4333759046,24409.05901,25978.1385802469,0,0,1,0,0,0,0,0,0,0,1,2,2,"Europe","Developing"
2011,13279,"LVA","Latvia",941,14113.0832181953,22655.83306,24078.8958018918,0,0,1,0,0,0,0,0,0,0,1,2,2,"Europe","Developing"
2012,7500,"LVA","Latvia",941,8182.41326641938,12979.05,14159.9934540694,0,0,1,0,0,0,0,0,0,0,1,2,2,"Europe","Developing"
2013,7603,"LVA","Latvia",941,8528.32305103758,12035.70106,13500.5059562535,0,0,1,0,0,0,0,0,0,0,1,2,2,"Europe","Developing"
2014,13615,"LVA","Latvia",941,13765.0389242746,20752.2553,20980.9476291578,0,0,1,0,0,0,0,0,0,0,1,2,2,"Europe","Developing"
2015,12302.45652,"LVA","Latvia",941,12400.41983671,16529.2115065764,16660.8320800085,0,0,1,0,0,0,0,0,0,0,1,2,2,"Europe","Developing"
2016,12195.774195,"LVA","Latvia",941,12003.7147588583,16283.919662906,16027.4799831751,0,0,1,0,0,0,0,0,0,0,1,2,2,"Europe","Developing"
2017,8967.880638,"LVA","Latvia",941,9194.9970655183,12138.026443533,12445.428528179,0,0,1,0,0,0,0,0,0,0,1,2,2,"Europe","Developing"
2018,51297.33152,"LVA","Latvia",941,52078.5091573604,70320.946914192,71391.8242783675,0,0,1,0,0,0,0,0,0,0,1,2,2,"Europe","Developing"
2019,40006.26404,"LVA","Latvia",941,41318.1141647302,54040.8615278724,55812.9217948592,0,0,1,0,0,0,0,0,0,0,1,2,2,"Europe","Developing"
2020,6651.9512,"LVA","Latvia",941,7548.74171584203,8856.141749632,10050.0927708035,0,0,1,0,0,0,0,0,0,0,1,2,2,"Europe","Developing"
2021,5516.825032,"LVA","Latvia",941,6044.51082721595,7826.66450464808,8575.287065463,0,0,1,0,0,0,0,0,0,0,1,2,2,"Europe","Developing"
2022,220204.89266,"LVA","Latvia",941,239353.144195652,290820.197638209,316108.910476314,0,0,1,0,0,0,0,0,0,0,1,2,2,"Europe","Developing"
2001,137000,"SRB","Serbia",942,81678.8898418872,190875.25,113799.113272209,0,0,1,0,0,0,0,0,0,0,1,2,2,"Europe","Developing"
2002,116000,"SRB","Serbia",942,83645.8002280002,164657.36,118731.867591637,0,0,1,0,0,0,0,0,0,0,1,2,2,"Europe","Developing"
2003,70000,"SRB","Serbia",942,56593.0969251828,96826.8,78281.8353907899,0,0,1,0,0,0,0,0,0,0,1,2,2,"Europe","Developing"
2004,67000,"SRB","Serbia",942,59208.199610031,94967.81,83923.4783732462,0,0,1,0,0,0,0,0,0,0,1,2,2,"Europe","Developing"
2005,90000,"SRB","Serbia",942,68477.5196194663,130410,99223.9259286067,0,0,1,0,0,0,0,0,0,0,1,2,2,"Europe","Developing"
2006,119000,"SRB","Serbia",942,97517.0072772082,178921.26,146620.721121574,0,0,1,0,0,0,0,0,0,0,1,2,2,"Europe","Developing"
1987,,"MNE","Montenegro",943,,,,0,0,1,0,0,0,0,0,0,0,1,2,2,"Europe","Developing"
1988,,"MNE","Montenegro",943,,,,0,0,1,0,0,0,0,0,0,0,1,2,2,"Europe","Developing"
1989,,"MNE","Montenegro",943,,,,0,0,1,0,0,0,0,0,0,0,1,2,2,"Europe","Developing"
1990,,"MNE","Montenegro",943,,,,0,0,1,0,0,0,0,0,0,0,1,2,2,"Europe","Developing"
1991,,"MNE","Montenegro",943,,,,0,0,1,0,0,0,0,0,0,0,1,2,2,"Europe","Developing"
1992,,"MNE","Montenegro",943,,,,0,0,1,0,0,0,0,0,0,0,1,2,2,"Europe","Developing"
1993,,"MNE","Montenegro",943,,,,0,0,1,0,0,0,0,0,0,0,1,2,2,"Europe","Developing"
1994,,"MNE","Montenegro",943,,,,0,0,1,0,0,0,0,0,0,0,1,2,2,"Europe","Developing"
1995,,"MNE","Montenegro",943,,,,0,0,1,0,0,0,0,0,0,0,1,2,2,"Europe","Developing"
1996,,"MNE","Montenegro",943,,,,0,0,1,0,0,0,0,0,0,0,1,2,2,"Europe","Developing"
1997,,"MNE","Montenegro",943,,,,0,0,1,0,0,0,0,0,0,0,1,2,2,"Europe","Developing"
1998,,"MNE","Montenegro",943,,,,0,0,1,0,0,0,0,0,0,0,1,2,2,"Europe","Developing"
1999,,"MNE","Montenegro",943,,,,0,0,1,0,0,0,0,0,0,0,1,2,2,"Europe","Developing"
2000,,"MNE","Montenegro",943,,,,0,0,1,0,0,0,0,0,0,0,1,2,2,"Europe","Developing"
2001,,"MNE","Montenegro",943,,,,0,0,1,0,0,0,0,0,0,0,1,2,2,"Europe","Developing"
2002,,"MNE","Montenegro",943,,,,0,0,1,0,0,0,0,0,0,0,1,2,2,"Europe","Developing"
2003,,"MNE","Montenegro",943,,,,0,0,1,0,0,0,0,0,0,0,1,2,2,"Europe","Developing"
2004,,"MNE","Montenegro",943,,,,0,0,1,0,0,0,0,0,0,0,1,2,2,"Europe","Developing"
2005,,"MNE","Montenegro",943,,,,0,0,1,0,0,0,0,0,0,0,1,2,2,"Europe","Developing"
2006,,"MNE","Montenegro",943,,,,0,0,1,0,0,0,0,0,0,0,1,2,2,"Europe","Developing"
2007,4208,"MNE","Montenegro",943,3738.78276321635,6610.768,5873.62772101288,0,0,1,0,0,0,0,0,0,0,1,2,2,"Europe","Developing"
2008,15780,"MNE","Montenegro",943,14835.0098712043,25887.09,24336.8336937106,0,0,1,0,0,0,0,0,0,0,1,2,2,"Europe","Developing"
2009,5618,"MNE","Montenegro",943,5451.7224648229,9404.86908,9126.51050946143,0,0,1,0,0,0,0,0,0,0,1,2,2,"Europe","Developing"
2010,7128,"MNE","Montenegro",943,7586.20689655172,11706.10056,12458.6,0,0,1,0,0,0,0,0,0,0,1,2,2,"Europe","Developing"
2011,5476,"MNE","Montenegro",943,5819.95961313636,9342.82264,9929.66589435647,0,0,1,0,0,0,0,0,0,0,1,2,2,"Europe","Developing"
2012,1304,"MNE","Montenegro",943,1422.64891992145,2256.62416,2461.95086188086,0,0,1,0,0,0,0,0,0,0,1,2,2,"Europe","Developing"
2013,613,"MNE","Montenegro",943,687.605159842961,970.39126,1088.4927201346,0,0,1,0,0,0,0,0,0,0,1,2,2,"Europe","Developing"
2014,989,"MNE","Montenegro",943,999.89889798807,1507.45358,1524.06589829138,0,0,1,0,0,0,0,0,0,0,1,2,2,"Europe","Developing"
2015,175.20894,"MNE","Montenegro",943,176.60411248866,235.4054755158,237.279987416389,0,0,1,0,0,0,0,0,0,0,1,2,2,"Europe","Developing"
2016,1663.06385,"MNE","Montenegro",943,1636.87386811024,2220.5394831585,2185.57035743947,0,0,1,0,0,0,0,0,0,0,1,2,2,"Europe","Developing"
2017,4423.5689,"MNE","Montenegro",943,4535.59817492054,5987.30050615,6138.93212975495,0,0,1,0,0,0,0,0,0,0,1,2,2,"Europe","Developing"
2018,6573.48184,"MNE","Montenegro",943,6673.58562436548,9011.257580364,9148.48485316142,0,0,1,0,0,0,0,0,0,0,1,2,2,"Europe","Developing"
2019,6051.13299,"MNE","Montenegro",943,6249.55640588691,8173.9309542219,8441.9632886361,0,0,1,0,0,0,0,0,0,0,1,2,2,"Europe","Developing"
2020,2041.5669,"MNE","Montenegro",943,2316.80310939628,2718.060507984,3084.49898772583,0,0,1,0,0,0,0,0,0,0,1,2,2,"Europe","Developing"
2021,2206.938739,"MNE","Montenegro",943,2418.03302180344,3130.96191963191,3430.43926770232,0,0,1,0,0,0,0,0,0,0,1,2,2,"Europe","Developing"
2022,16872.198976,"MNE","Montenegro",943,18339.3467130435,22282.7757436237,24220.4084169823,0,0,1,0,0,0,0,0,0,0,1,2,2,"Europe","Developing"
1987,2545,"HUN","Hungary",944,1991.39280125196,3458.98585,2706.56169796557,0,0,1,0,0,0,0,0,0,0,1,2,2,"Europe","Developing"
1988,4189,"HUN","Hungary",944,2785.23936170213,5714.50813,3799.53998005319,0,0,1,0,0,0,0,0,0,0,1,2,2,"Europe","Developing"
1989,18351,"HUN","Hungary",944,11866.1493695441,24484.45473,15832.1724733269,0,0,1,0,0,0,0,0,0,0,1,2,2,"Europe","Developing"
1990,19115,"HUN","Hungary",944,14754.9208799691,26781.2619,20672.5294480895,0,0,1,0,0,0,0,0,0,0,1,2,2,"Europe","Developing"
1991,34028,"HUN","Hungary",944,25103.6517890077,48616.82444,35866.340420509,0,0,1,0,0,0,0,0,0,0,1,2,2,"Europe","Developing"
1992,36217,"HUN","Hungary",944,24874.3131868132,52274.89346,35903.0861675824,0,0,1,0,0,0,0,0,0,0,1,2,2,"Europe","Developing"
1993,55276,"HUN","Hungary",944,37361.2706995607,82691.79048,55891.7137411288,0,0,1,0,0,0,0,0,0,0,1,2,2,"Europe","Developing"
1994,46741,"HUN","Hungary",944,35639.3442622951,71612.82092,54603.7521311475,0,0,1,0,0,0,0,0,0,0,1,2,2,"Europe","Developing"
1995,50071,"HUN","Hungary",944,43521.0777922642,79653.44751,69233.7657627119,0,0,1,0,0,0,0,0,0,0,1,2,2,"Europe","Developing"
1996,57661,"HUN","Hungary",944,42826.05466429,91054.21493,67627.9077020202,0,0,1,0,0,0,0,0,0,0,1,2,2,"Europe","Developing"
1997,57327,"HUN","Hungary",944,39391.8779633065,88989.84864,61148.8,0,0,1,0,0,0,0,0,0,0,1,2,2,"Europe","Developing"
1998,102912,"HUN","Hungary",944,74763.5306937886,162634.92096,118151.050461315,0,0,1,0,0,0,0,0,0,0,1,2,2,"Europe","Developing"
1999,89924,"HUN","Hungary",944,56216.5541385346,121549.37156,75987.3540635159,0,0,1,0,0,0,0,0,0,0,1,2,2,"Europe","Developing"
2000,92468,"HUN","Hungary",944,56503.5135960892,126106.93372,77058.9268072105,0,0,1,0,0,0,0,0,0,0,1,2,2,"Europe","Developing"
2001,117346,"HUN","Hungary",944,69961.2472425923,163492.3145,97473.5077207417,0,0,1,0,0,0,0,0,0,0,1,2,2,"Europe","Developing"
2002,134834,"HUN","Hungary",944,97226.7089702913,191391.46964,138009.42431497,0,0,1,0,0,0,0,0,0,0,1,2,2,"Europe","Developing"
2003,98850,"HUN","Hungary",944,79917.5357749212,136733.274,110545.132185302,0,0,1,0,0,0,0,0,0,0,1,2,2,"Europe","Developing"
2004,125337,"HUN","Hungary",944,110760.869565217,177656.42391,156995.779347826,0,0,1,0,0,0,0,0,0,0,1,2,2,"Europe","Developing"
2005,130734,"HUN","Hungary",944,99470.4405386898,189433.566,144132.668340562,0,0,1,0,0,0,0,0,0,0,1,2,2,"Europe","Developing"
2006,289199,"HUN","Hungary",944,236990.084405474,434822.26446,356324.071507007,0,0,1,0,0,0,0,0,0,0,1,2,2,"Europe","Developing"
2007,179518,"HUN","Hungary",944,159500.666370502,282022.778,250575.546868059,0,0,1,0,0,0,0,0,0,0,1,2,2,"Europe","Developing"
2008,180721,"HUN","Hungary",944,169898.467613049,296472.8005,278718.436119207,0,0,1,0,0,0,0,0,0,0,1,2,2,"Europe","Developing"
2009,118187,"HUN","Hungary",944,114688.985929161,197852.12922,191996.243784571,0,0,1,0,0,0,0,0,0,0,1,2,2,"Europe","Developing"
2010,97999,"HUN","Hungary",944,104298.637718178,160940.81773,171286.523765432,0,0,1,0,0,0,0,0,0,0,1,2,2,"Europe","Developing"
2011,94680,"HUN","Hungary",944,100627.05919864,161537.3352,171683.850781167,0,0,1,0,0,0,0,0,0,0,1,2,2,"Europe","Developing"
2012,50752,"HUN","Hungary",944,55369.8450796422,87828.36608,95819.7317041239,0,0,1,0,0,0,0,0,0,0,1,2,2,"Europe","Developing"
2013,27295,"HUN","Hungary",944,30616.937745373,43208.5309,48467.2247896803,0,0,1,0,0,0,0,0,0,0,1,2,2,"Europe","Developing"
2014,12779,"HUN","Hungary",944,12919.8261045395,19478.00738,19692.6573450612,0,0,1,0,0,0,0,0,0,0,1,2,2,"Europe","Developing"
2015,22335.08626,"HUN","Hungary",944,22512.9384739442,30008.7518463482,30247.7087454372,0,0,1,0,0,0,0,0,0,0,1,2,2,"Europe","Developing"
2016,18209.505428,"HUN","Hungary",944,17922.7415629921,24313.5137425199,23930.6237623227,0,0,1,0,0,0,0,0,0,0,1,2,2,"Europe","Developing"
2017,22820.58893,"HUN","Hungary",944,23398.5326873782,30887.667116755,31669.9139923665,0,0,1,0,0,0,0,0,0,0,1,2,2,"Europe","Developing"
2018,19340.5118,"HUN","Hungary",944,19635.0373604061,26512.94060103,26916.6909655127,0,0,1,0,0,0,0,0,0,0,1,2,2,"Europe","Developing"
2019,64197.22476,"HUN","Hungary",944,66302.3235321456,86718.2531780556,89561.8416504576,0,0,1,0,0,0,0,0,0,0,1,2,2,"Europe","Developing"
2020,15929.03857,"HUN","Hungary",944,18076.5303790286,21207.2847905552,24066.3694854235,0,0,1,0,0,0,0,0,0,0,1,2,2,"Europe","Developing"
2021,10430.81965,"HUN","Hungary",944,11428.5303495124,14798.0995292585,16213.5417215498,0,0,1,0,0,0,0,0,0,0,1,2,2,"Europe","Developing"
2022,164166.23005,"HUN","Hungary",944,178441.554402174,216811.056702434,235664.192067863,0,0,1,0,0,0,0,0,0,0,1,2,2,"Europe","Developing"
1987,,"LTU","Lithuania",946,,,,0,0,1,0,0,0,0,0,0,0,1,2,2,"Europe","Developing"
1988,,"LTU","Lithuania",946,,,,0,0,1,0,0,0,0,0,0,0,1,2,2,"Europe","Developing"
1989,,"LTU","Lithuania",946,,,,0,0,1,0,0,0,0,0,0,0,1,2,2,"Europe","Developing"
1990,,"LTU","Lithuania",946,,,,0,0,1,0,0,0,0,0,0,0,1,2,2,"Europe","Developing"
1991,0,"LTU","Lithuania",946,0,0,0,0,0,1,0,0,0,0,0,0,0,1,2,2,"Europe","Developing"
1992,3500,"LTU","Lithuania",946,2403.84615384615,5051.83,3469.66346153846,0,0,1,0,0,0,0,0,0,0,1,2,2,"Europe","Developing"
1993,6723,"LTU","Lithuania",946,4544.10273741129,10057.47354,6797.88681311254,0,0,1,0,0,0,0,0,0,0,1,2,2,"Europe","Developing"
1994,7360,"LTU","Lithuania",946,5611.89477697293,11276.4032,8598.09622569577,0,0,1,0,0,0,0,0,0,0,1,2,2,"Europe","Developing"
1995,6123,"LTU","Lithuania",946,5322.03389830508,9740.52963,8466.34474576271,0,0,1,0,0,0,0,0,0,0,1,2,2,"Europe","Developing"
1996,7429,"LTU","Lithuania",946,5517.67676767677,11731.35677,8713.12891414141,0,0,1,0,0,0,0,0,0,0,1,2,2,"Europe","Developing"
1997,15123,"LTU","Lithuania",946,10391.6718202432,23475.73536,16131.2,0,0,1,0,0,0,0,0,0,0,1,2,2,"Europe","Developing"
1998,24278,"LTU","Lithuania",946,17637.4863784962,38367.25174,27873.0488485289,0,0,1,0,0,0,0,0,0,0,1,2,2,"Europe","Developing"
1999,44163,"LTU","Lithuania",946,27608.7771942986,59694.68547,37318.5080457614,0,0,1,0,0,0,0,0,0,0,1,2,2,"Europe","Developing"
2000,43725,"LTU","Lithuania",946,26718.6067827681,59631.71775,36438.5687442713,0,0,1,0,0,0,0,0,0,0,1,2,2,"Europe","Developing"
2001,43127,"LTU","Lithuania",946,25712.1564419007,60086.69275,35823.4619626781,0,0,1,0,0,0,0,0,0,0,1,2,2,"Europe","Developing"
2002,48885,"LTU","Lithuania",946,35250.2163253533,69390.3021,50036.272065186,0,0,1,0,0,0,0,0,0,0,1,2,2,"Europe","Developing"
2003,35359,"LTU","Lithuania",946,28586.7895545315,48909.98316,39542.3907834101,0,0,1,0,0,0,0,0,0,0,1,2,2,"Europe","Developing"
2004,30134,"LTU","Lithuania",946,26629.5510781195,42712.83562,37745.5245846589,0,0,1,0,0,0,0,0,0,0,1,2,2,"Europe","Developing"
2005,20388,"LTU","Lithuania",946,15512.440082173,29542.212,22477.5256790687,0,0,1,0,0,0,0,0,0,0,1,2,2,"Europe","Developing"
2006,63385,"LTU","Lithuania",946,51942.1453740883,95301.8829,78097.0932557568,0,0,1,0,0,0,0,0,0,0,1,2,2,"Europe","Developing"
2007,171238,"LTU","Lithuania",946,152143.936028432,269014.898,239018.123500666,0,0,1,0,0,0,0,0,0,0,1,2,2,"Europe","Developing"
2008,83994,"LTU","Lithuania",946,78963.9936072201,137792.157,129540.431512645,0,0,1,0,0,0,0,0,0,0,1,2,2,"Europe","Developing"
2009,54572,"LTU","Lithuania",946,52956.8170790878,91356.80232,88652.8891994178,0,0,1,0,0,0,0,0,0,0,1,2,2,"Europe","Developing"
2010,13027,"LTU","Lithuania",946,13864.4103873989,21393.85129,22769.1052469136,0,0,1,0,0,0,0,0,0,0,1,2,2,"Europe","Developing"
2011,13932,"LTU","Lithuania",946,14807.0995855032,23769.94248,25262.9848868105,0,0,1,0,0,0,0,0,0,0,1,2,2,"Europe","Developing"
2012,3390,"LTU","Lithuania",946,3698.45079642156,5866.5306,6400.31704123936,0,0,1,0,0,0,0,0,0,0,1,2,2,"Europe","Developing"
2013,1358,"LTU","Lithuania",946,1523.27537857543,2149.74116,2411.37538979248,0,0,1,0,0,0,0,0,0,0,1,2,2,"Europe","Developing"
2014,1323,"LTU","Lithuania",946,1337.57961783439,2016.54306,2038.76560509554,0,0,1,0,0,0,0,0,0,0,1,2,2,"Europe","Developing"
2015,689.18332,"LTU","Lithuania",946,694.671222659006,925.9660332524,933.339414627961,0,0,1,0,0,0,0,0,0,0,1,2,2,"Europe","Developing"
2016,733.94714,"LTU","Lithuania",946,722.388917322835,979.9735607994,964.540906298622,0,0,1,0,0,0,0,0,0,0,1,2,2,"Europe","Developing"
2017,1545.704,"LTU","Lithuania",946,1584.84978980826,2092.110364,2145.09419050549,0,0,1,0,0,0,0,0,0,0,1,2,2,"Europe","Developing"
2018,7755.10947,"LTU","Lithuania",946,7873.20758375635,10631.0918169495,10792.9866161924,0,0,1,0,0,0,0,0,0,0,1,2,2,"Europe","Developing"
2019,11219.46534,"LTU","Lithuania",946,11587.3641518203,15155.3659759254,15652.3273699204,0,0,1,0,0,0,0,0,0,0,1,2,2,"Europe","Developing"
2020,3142.74967,"LTU","Lithuania",946,3566.44311166591,4184.1312006512,4748.21970114753,0,0,1,0,0,0,0,0,0,0,1,2,2,"Europe","Developing"
2021,929.71554,"LTU","Lithuania",946,1018.64308096855,1318.9781394426,1445.13875253928,0,0,1,0,0,0,0,0,0,0,1,2,2,"Europe","Developing"
2022,48523.54925,"LTU","Lithuania",946,52742.9883152174,64084.08102349,69656.6098081413,0,0,1,0,0,0,0,0,0,0,1,2,2,"Europe","Developing"
1987,0,"MNG","Mongolia",948,0,0,0,0,0,1,0,0,0,0,0,1,0,0,4,2,"Asia","Developing"
1988,0,"MNG","Mongolia",948,0,0,0,0,0,1,0,0,0,0,0,1,0,0,4,2,"Asia","Developing"
1989,0,"MNG","Mongolia",948,0,0,0,0,0,1,0,0,0,0,0,1,0,0,4,2,"Asia","Developing"
1990,0,"MNG","Mongolia",948,0,0,0,0,0,1,0,0,0,0,0,1,0,0,4,2,"Asia","Developing"
1991,0,"MNG","Mongolia",948,0,0,0,0,0,1,0,0,0,0,0,1,0,0,4,2,"Asia","Developing"
1992,0,"MNG","Mongolia",948,0,0,0,0,0,1,0,0,0,0,0,1,0,0,4,2,"Asia","Developing"
1993,0,"MNG","Mongolia",948,0,0,0,0,0,1,0,0,0,0,0,1,0,0,4,2,"Asia","Developing"
1994,78,"MNG","Mongolia",948,59.4738848646588,119.50536,91.121128478841,0,0,1,0,0,0,0,0,1,0,0,4,2,"Asia","Developing"
1995,81,"MNG","Mongolia",948,70.4041720990873,128.85561,111.999661016949,0,0,1,0,0,0,0,0,1,0,0,4,2,"Asia","Developing"
1996,1243,"MNG","Mongolia",948,923.202614379085,1962.85859,1457.85694444444,0,0,1,0,0,0,0,0,1,0,0,4,2,"Asia","Developing"
1997,888,"MNG","Mongolia",948,610.183467326324,1378.46016,947.2,0,0,1,0,0,0,0,0,1,0,0,4,2,"Asia","Developing"
1998,2084,"MNG","Mongolia",948,1513.98474391573,3293.40772,2392.59551035234,0,0,1,0,0,0,0,0,1,0,0,4,2,"Asia","Developing"
1999,1902,"MNG","Mongolia",948,1189.04726181545,2570.91438,1607.22329332333,0,0,1,0,0,0,0,0,1,0,0,4,2,"Asia","Developing"
2000,1941,"MNG","Mongolia",948,1186.06782768103,2647.11639,1617.54744271311,0,0,1,0,0,0,0,0,1,0,0,4,2,"Asia","Developing"
2001,1506,"MNG","Mongolia",948,897.871579323913,2098.2345,1250.95957789304,0,0,1,0,0,0,0,0,1,0,0,4,2,"Asia","Developing"
2002,1337,"MNG","Mongolia",948,964.089991346986,1897.81802,1368.48717911739,0,0,1,0,0,0,0,0,1,0,0,4,2,"Asia","Developing"
2003,1151,"MNG","Mongolia",948,930.55218691891,1592.10924,1287.17700703371,0,0,1,0,0,0,0,0,1,0,0,4,2,"Asia","Developing"
2004,1258,"MNG","Mongolia",948,1111.70024743726,1783.12694,1575.75728172499,0,0,1,0,0,0,0,0,1,0,0,4,2,"Asia","Developing"
2005,834,"MNG","Mongolia",948,634.558320018261,1208.466,919.47500570646,0,0,1,0,0,0,0,0,1,0,0,4,2,"Asia","Developing"
2006,2527,"MNG","Mongolia",948,2070.80226173892,3799.44558,3113.53403261493,0,0,1,0,0,0,0,0,1,0,0,4,2,"Asia","Developing"
2007,2575,"MNG","Mongolia",948,2287.87205686362,4045.325,3594.24700133274,0,0,1,0,0,0,0,0,1,0,0,4,2,"Asia","Developing"
2008,7267,"MNG","Mongolia",948,6831.81348124471,11921.5135,11207.590015982,0,0,1,0,0,0,0,0,1,0,0,4,2,"Asia","Developing"
2009,4145,"MNG","Mongolia",948,4022.31926249394,6938.9787,6733.6037845706,0,0,1,0,0,0,0,0,1,0,0,4,2,"Asia","Developing"
2010,794,"MNG","Mongolia",948,845.040442741592,1303.96238,1387.78456790123,0,0,1,0,0,0,0,0,1,0,0,4,2,"Asia","Developing"
2011,1128,"MNG","Mongolia",948,1198.85216282283,1924.52592,2045.40962907854,0,0,1,0,0,0,0,0,1,0,0,4,2,"Asia","Developing"
2012,686,"MNG","Mongolia",948,748.418066768492,1187.15044,1295.16740126555,0,0,1,0,0,0,0,0,1,0,0,4,2,"Asia","Developing"
2013,2195,"MNG","Mongolia",948,2462.14245653393,3474.7289,3897.62075154234,0,0,1,0,0,0,0,0,1,0,0,4,2,"Asia","Developing"
2014,288,"MNG","Mongolia",948,291.173794358508,438.97536,443.812920837125,0,0,1,0,0,0,0,0,1,0,0,4,2,"Asia","Developing"
2015,370.33709,"MNG","Mongolia",948,373.286049793368,497.5738040113,501.535937920875,0,0,1,0,0,0,0,0,1,0,0,4,2,"Asia","Developing"
2016,245.86885,"MNG","Mongolia",948,241.996899606299,328.2865472085,323.116680323327,0,0,1,0,0,0,0,0,1,0,0,4,2,"Asia","Developing"
2017,5096.44275,"MNG","Mongolia",948,5225.51291910181,6898.035262125,7072.73173600431,0,0,1,0,0,0,0,0,1,0,0,4,2,"Asia","Developing"
2018,1916.12952,"MNG","Mongolia",948,1945.30915736041,2626.726152492,2666.72705836751,0,0,1,0,0,0,0,0,1,0,0,4,2,"Asia","Developing"
2019,1561.78777,"MNG","Mongolia",948,1613.00053705138,2109.6785375937,2178.85725545438,0,0,1,0,0,0,0,0,1,0,0,4,2,"Asia","Developing"
2020,1473.16649,"MNG","Mongolia",948,1671.7731389015,1961.3149381264,2225.7318862079,0,0,1,0,0,0,0,0,1,0,0,4,2,"Asia","Developing"
2021,646.35985,"MNG","Mongolia",948,708.184343157664,916.9842555965,1004.69404579435,0,0,1,0,0,0,0,0,1,0,0,4,2,"Asia","Developing"
2022,0,"MNG","Mongolia",948,0,0,0,0,0,1,0,0,0,0,0,1,0,0,4,2,"Asia","Developing"
1987,8077,"PRK","Korea (Democratic People's Republic of)",954,6320.03129890454,10977.69301,8589.74413928012,0,0,1,0,0,0,0,0,1,0,0,4,2,"Asia","Developing"
1988,14313,"PRK","Korea (Democratic People's Republic of)",954,9516.62234042553,19525.36521,12982.2906981383,0,0,1,0,0,0,0,0,1,0,0,4,2,"Asia","Developing"
1989,4908,"PRK","Korea (Democratic People's Republic of)",954,3173.61784675073,6548.40084,4234.33613967022,0,0,1,0,0,0,0,0,1,0,0,4,2,"Asia","Developing"
1990,7179,"PRK","Korea (Democratic People's Republic of)",954,5541.48977228869,10058.20974,7763.95966036279,0,0,1,0,0,0,0,0,1,0,0,4,2,"Asia","Developing"
1991,17599,"PRK","Korea (Democratic People's Republic of)",954,12983.4009590557,25144.21927,18549.7744522316,0,0,1,0,0,0,0,0,1,0,0,4,2,"Asia","Developing"
1992,8899,"PRK","Korea (Democratic People's Republic of)",954,6111.95054945055,12844.63862,8821.86718406594,0,0,1,0,0,0,0,0,1,0,0,4,2,"Asia","Developing"
1993,19739,"PRK","Korea (Democratic People's Republic of)",954,13341.6694829334,29529.14922,19958.8707130787,0,0,1,0,0,0,0,0,1,0,0,4,2,"Asia","Developing"
1994,4812,"PRK","Korea (Democratic People's Republic of)",954,3669.08120472741,7372.56144,5621.47269538696,0,0,1,0,0,0,0,0,1,0,0,4,2,"Asia","Developing"
1995,2955,"PRK","Korea (Democratic People's Republic of)",954,2568.44850065189,4700.84355,4085.91355932203,0,0,1,0,0,0,0,0,1,0,0,4,2,"Asia","Developing"
1996,3176,"PRK","Korea (Democratic People's Republic of)",954,2358.88294711824,5015.31688,3724.98282828283,0,0,1,0,0,0,0,0,1,0,0,4,2,"Asia","Developing"
1997,3064,"PRK","Korea (Democratic People's Republic of)",954,2105.40781969353,4756.30848,3268.26666666667,0,0,1,0,0,0,0,0,1,0,0,4,2,"Asia","Developing"
1998,9891,"PRK","Korea (Democratic People's Republic of)",954,7185.61569197239,15631.04403,11355.6440464947,0,0,1,0,0,0,0,0,1,0,0,4,2,"Asia","Developing"
1999,16763,"PRK","Korea (Democratic People's Republic of)",954,10479.4948737184,22658.37947,14165.0284258565,0,0,1,0,0,0,0,0,1,0,0,4,2,"Asia","Developing"
2000,10834,"PRK","Korea (Democratic People's Republic of)",954,6620.22609227009,14775.30086,9028.59814237702,0,0,1,0,0,0,0,0,1,0,0,4,2,"Asia","Developing"
2001,9623,"PRK","Korea (Democratic People's Republic of)",954,5737.19668514875,13407.24475,7993.3492815835,0,0,1,0,0,0,0,0,1,0,0,4,2,"Asia","Developing"
2002,3120,"PRK","Korea (Democratic People's Republic of)",954,2249.78367464667,4428.7152,3193.47793481396,0,0,1,0,0,0,0,0,1,0,0,4,2,"Asia","Developing"
2003,1173,"PRK","Korea (Democratic People's Republic of)",954,948.3385884065,1622.54052,1311.77986902741,0,0,1,0,0,0,0,0,1,0,0,4,2,"Asia","Developing"
2004,957,"PRK","Korea (Democratic People's Republic of)",954,845.705196182397,1356.48051,1198.72791622481,0,0,1,0,0,0,0,0,1,0,0,4,2,"Asia","Developing"
2005,0,"PRK","Korea (Democratic People's Republic of)",954,0,0,0,0,0,1,0,0,0,0,0,1,0,0,4,2,"Asia","Developing"
2006,0,"PRK","Korea (Democratic People's Republic of)",954,0,0,0,0,0,1,0,0,0,0,0,1,0,0,4,2,"Asia","Developing"
2007,0,"PRK","Korea (Democratic People's Republic of)",954,0,0,0,0,0,1,0,0,0,0,0,1,0,0,4,2,"Asia","Developing"
2008,0,"PRK","Korea (Democratic People's Republic of)",954,0,0,0,0,0,1,0,0,0,0,0,1,0,0,4,2,"Asia","Developing"
2009,0,"PRK","Korea (Democratic People's Republic of)",954,0,0,0,0,0,1,0,0,0,0,0,1,0,0,4,2,"Asia","Developing"
2010,0,"PRK","Korea (Democratic People's Republic of)",954,0,0,0,0,0,1,0,0,0,0,0,1,0,0,4,2,"Asia","Developing"
2011,0,"PRK","Korea (Democratic People's Republic of)",954,0,0,0,0,0,1,0,0,0,0,0,1,0,0,4,2,"Asia","Developing"
2012,0,"PRK","Korea (Democratic People's Republic of)",954,0,0,0,0,0,1,0,0,0,0,0,1,0,0,4,2,"Asia","Developing"
2013,0,"PRK","Korea (Democratic People's Republic of)",954,0,0,0,0,0,1,0,0,0,0,0,1,0,0,4,2,"Asia","Developing"
2014,0,"PRK","Korea (Democratic People's Republic of)",954,0,0,0,0,0,1,0,0,0,0,0,1,0,0,4,2,"Asia","Developing"
2015,0,"PRK","Korea (Democratic People's Republic of)",954,0,0,0,0,0,1,0,0,0,0,0,1,0,0,4,2,"Asia","Developing"
2016,0,"PRK","Korea (Democratic People's Republic of)",954,0,0,0,0,0,1,0,0,0,0,0,1,0,0,4,2,"Asia","Developing"
2017,0,"PRK","Korea (Democratic People's Republic of)",954,0,0,0,0,0,1,0,0,0,0,0,1,0,0,4,2,"Asia","Developing"
2018,0,"PRK","Korea (Democratic People's Republic of)",954,0,0,0,0,0,1,0,0,0,0,0,1,0,0,4,2,"Asia","Developing"
2019,0,"PRK","Korea (Democratic People's Republic of)",954,0,0,0,0,0,1,0,0,0,0,0,1,0,0,4,2,"Asia","Developing"
2020,0,"PRK","Korea (Democratic People's Republic of)",954,0,0,0,0,0,1,0,0,0,0,0,1,0,0,4,2,"Asia","Developing"
2021,0,"PRK","Korea (Democratic People's Republic of)",954,0,0,0,0,0,1,0,0,0,0,0,1,0,0,4,2,"Asia","Developing"
2022,0,"PRK","Korea (Democratic People's Republic of)",954,0,0,0,0,0,1,0,0,0,0,0,1,0,0,4,2,"Asia","Developing"
1987,,"HRV","Croatia",960,,,,0,0,1,0,0,0,0,0,0,0,1,2,2,"Europe","Developing"
1988,,"HRV","Croatia",960,,,,0,0,1,0,0,0,0,0,0,0,1,2,2,"Europe","Developing"
1989,,"HRV","Croatia",960,,,,0,0,1,0,0,0,0,0,0,0,1,2,2,"Europe","Developing"
1990,,"HRV","Croatia",960,,,,0,0,1,0,0,0,0,0,0,0,1,2,2,"Europe","Developing"
1991,,"HRV","Croatia",960,,,,0,0,1,0,0,0,0,0,0,0,1,2,2,"Europe","Developing"
1992,32265,"HRV","Croatia",960,22160.0274725275,46570.6557,31985.3404532967,0,0,1,0,0,0,0,0,0,0,1,2,2,"Europe","Developing"
1993,80172,"HRV","Croatia",960,54188.5772220345,119935.70856,81065.0277526191,0,0,1,0,0,0,0,0,0,0,1,2,2,"Europe","Developing"
1994,86117,"HRV","Croatia",960,65662.9813191003,131941.57804,100603.56693862,0,0,1,0,0,0,0,0,0,0,1,2,2,"Europe","Developing"
1995,123295,"HRV","Croatia",960,107166.449369839,196138.91895,170481.459322034,0,0,1,0,0,0,0,0,0,0,1,2,2,"Europe","Developing"
1996,272925,"HRV","Croatia",960,202707.219251337,430984.05525,320101.051136364,0,0,1,0,0,0,0,0,0,0,1,2,2,"Europe","Developing"
1997,137449,"HRV","Croatia",960,94447.1930186216,213364.83168,146612.266666667,0,0,1,0,0,0,0,0,0,0,1,2,2,"Europe","Developing"
1998,124465,"HRV","Croatia",960,90421.3585179804,196695.77345,142895.58550672,0,0,1,0,0,0,0,0,0,0,1,2,2,"Europe","Developing"
1999,110565,"HRV","Croatia",960,69120.4051012753,149449.60485,93429.3603713428,0,0,1,0,0,0,0,0,0,0,1,2,2,"Europe","Developing"
2000,137003,"HRV","Croatia",960,83717.0791322945,186843.32137,114172.515349832,0,0,1,0,0,0,0,0,0,0,1,2,2,"Europe","Developing"
2001,168401,"HRV","Croatia",960,100400.047695701,234624.69325,139882.366452036,0,0,1,0,0,0,0,0,0,0,1,2,2,"Europe","Developing"
2002,135370,"HRV","Croatia",960,97613.2102682434,192152.3002,138558.047447361,0,0,1,0,0,0,0,0,0,0,1,2,2,"Europe","Developing"
2003,107948,"HRV","Croatia",960,87273.0212628345,149317.99152,120719.533931603,0,0,1,0,0,0,0,0,0,0,1,2,2,"Europe","Developing"
2004,99240,"HRV","Croatia",960,87698.8335100742,140665.7532,124306.957582185,0,0,1,0,0,0,0,0,0,0,1,2,2,"Europe","Developing"
2005,125177,"HRV","Croatia",960,95242.334322453,181381.473,138006.142433234,0,0,1,0,0,0,0,0,0,0,1,2,2,"Europe","Developing"
2006,125335,"HRV","Croatia",960,102708.350405638,188446.1859,154426.113168893,0,0,1,0,0,0,0,0,0,0,1,2,2,"Europe","Developing"
2007,153795,"HRV","Croatia",960,136645.935139938,241611.945,214670.764104842,0,0,1,0,0,0,0,0,0,0,1,2,2,"Europe","Developing"
2008,194089,"HRV","Croatia",960,182465.920842343,318403.0045,299335.343141863,0,0,1,0,0,0,0,0,0,0,1,2,2,"Europe","Developing"
2009,82031,"HRV","Croatia",960,79603.1052886948,137324.81586,133260.374439592,0,0,1,0,0,0,0,0,0,0,1,2,2,"Europe","Developing"
2010,119902,"HRV","Croatia",960,127609.621115368,196911.45754,209569.452469136,0,0,1,0,0,0,0,0,0,0,1,2,2,"Europe","Developing"
2011,107701,"HRV","Croatia",960,114465.936868955,183752.98414,195294.913529599,0,0,1,0,0,0,0,0,0,0,1,2,2,"Europe","Developing"
2012,100058,"HRV","Croatia",960,109162.120881519,173154.37132,188909.416670303,0,0,1,0,0,0,0,0,0,0,1,2,2,"Europe","Developing"
2013,19477,"HRV","Croatia",960,21847.4481211441,30832.48054,34584.9473247336,0,0,1,0,0,0,0,0,0,0,1,2,2,"Europe","Developing"
2014,13999,"HRV","Croatia",960,14153.2706500859,21337.55578,21572.698190274,0,0,1,0,0,0,0,0,0,0,1,2,2,"Europe","Developing"
2015,5382.91843,"HRV","Croatia",960,5425.7821086584,7232.3277149951,7289.91806773017,0,0,1,0,0,0,0,0,0,0,1,2,2,"Europe","Developing"
2016,2482.22472,"HRV","Croatia",960,2443.13456692913,3314.2912683912,3262.09770510945,0,0,1,0,0,0,0,0,0,0,1,2,2,"Europe","Developing"
2017,6433.79606,"HRV","Croatia",960,6596.73542499744,8708.14296721,8928.68139773403,0,0,1,0,0,0,0,0,0,0,1,2,2,"Europe","Developing"
2018,92641.699052,"HRV","Croatia",960,94052.4863472081,126997.873145434,128931.85090907,0,0,1,0,0,0,0,0,0,0,1,2,2,"Europe","Developing"
2019,85453.432313,"HRV","Croatia",960,88255.5458951717,115431.350902724,119216.473950657,0,0,1,0,0,0,0,0,0,0,1,2,2,"Europe","Developing"
2020,10554.267199,"HRV","Croatia",960,11977.1529720835,14051.5291780606,15945.9023809131,0,0,1,0,0,0,0,0,0,0,1,2,2,"Europe","Developing"
2021,20318.518293,"HRV","Croatia",960,22261.990021913,28825.6787170962,31582.8626241878,0,0,1,0,0,0,0,0,0,0,1,2,2,"Europe","Developing"
2022,79385.838167,"HRV","Croatia",960,86288.9545293478,104843.288750394,113960.096467819,0,0,1,0,0,0,0,0,0,0,1,2,2,"Europe","Developing"
1987,,"SVN","Slovenia",961,,,,1,1,0,0,0,0,0,0,0,0,1,2,1,"Europe","Rich"
1988,,"SVN","Slovenia",961,,,,1,1,0,0,0,0,0,0,0,0,1,2,1,"Europe","Rich"
1989,,"SVN","Slovenia",961,,,,1,1,0,0,0,0,0,0,0,0,1,2,1,"Europe","Rich"
1990,,"SVN","Slovenia",961,,,,1,1,0,0,0,0,0,0,0,0,1,2,1,"Europe","Rich"
1991,,"SVN","Slovenia",961,,,,1,1,0,0,0,0,0,0,0,0,1,2,1,"Europe","Rich"
1992,12337,"SVN","Slovenia",961,8473.21428571429,17806.97906,12230.0680357143,1,1,0,0,0,0,0,0,0,0,1,2,1,"Europe","Rich"
1993,13184,"SVN","Slovenia",961,8911.1186211558,19723.00032,13330.8552348766,1,1,0,0,0,0,0,0,0,0,1,2,1,"Europe","Rich"
1994,14090,"SVN","Slovenia",961,10743.4235608082,21587.5708,16460.2141059855,1,1,0,0,0,0,0,0,0,0,1,2,1,"Europe","Rich"
1995,21543,"SVN","Slovenia",961,18724.9022164276,34270.81983,29787.7616949153,1,1,0,0,0,0,0,0,0,0,1,2,1,"Europe","Rich"
1996,28671,"SVN","Slovenia",961,21294.5632798574,45275.23623,33626.8837121212,1,1,0,0,0,0,0,0,0,0,1,2,1,"Europe","Rich"
1997,28748,"SVN","Slovenia",961,19754.0026111455,44626.09536,30664.5333333333,1,1,0,0,0,0,0,0,0,0,1,2,1,"Europe","Rich"
1998,32644,"SVN","Slovenia",961,23715.2197602615,51588.29252,37477.8732437341,1,1,0,0,0,0,0,0,0,0,1,2,1,"Europe","Rich"
1999,111119,"SVN","Slovenia",961,69466.7416854214,150198.44111,93897.5000687672,1,1,0,0,0,0,0,0,0,0,1,2,1,"Europe","Rich"
2000,25120,"SVN","Slovenia",961,15349.8319584479,34258.4048,20933.9473266117,1,1,0,0,0,0,0,0,0,0,1,2,1,"Europe","Rich"
2001,37531,"SVN","Slovenia",961,22375.8421272283,52290.06575,31175.1420437608,1,1,0,0,0,0,0,0,0,0,1,2,1,"Europe","Rich"
2002,27314,"SVN","Slovenia",961,19695.7023363138,38771.13044,27957.261638304,1,1,0,0,0,0,0,0,0,0,1,2,1,"Europe","Rich"
2003,26095,"SVN","Slovenia",961,21097.0975826663,36095.6478,29182.3492602474,1,1,0,0,0,0,0,0,0,0,1,2,1,"Europe","Rich"
2004,25535,"SVN","Slovenia",961,22565.3941322022,36194.07505,31984.8666048074,1,1,0,0,0,0,0,0,0,0,1,2,1,"Europe","Rich"
2005,24518,"SVN","Slovenia",961,18654.7972304649,35526.582,27030.8011869436,1,1,0,0,0,0,0,0,0,0,1,2,1,"Europe","Rich"
2006,17339,"SVN","Slovenia",961,14208.80111448,26069.88006,21363.5008276653,1,1,0,0,0,0,0,0,0,0,1,2,1,"Europe","Rich"
2007,31655,"SVN","Slovenia",961,28125.2776543758,49730.005,44184.8111950244,1,1,0,0,0,0,0,0,0,0,1,2,1,"Europe","Rich"
2008,29104,"SVN","Slovenia",961,27361.0980539626,47745.112,44885.8813575256,1,1,0,0,0,0,0,0,0,0,1,2,1,"Europe","Rich"
2009,15028,"SVN","Slovenia",961,14583.2120329937,25157.77368,24413.1719359534,1,1,0,0,0,0,0,0,0,0,1,2,1,"Europe","Rich"
2010,13717,"SVN","Slovenia",961,14598.7654320988,22527.01759,23975.1145061728,1,1,0,0,0,0,0,0,0,0,1,2,1,"Europe","Rich"
2011,18155,"SVN","Slovenia",961,19295.3555106813,30974.9717,32920.5778509937,1,1,0,0,0,0,0,0,0,0,1,2,1,"Europe","Rich"
2012,3630,"SVN","Slovenia",961,3960.28802094698,6281.8602,6853.43683176958,1,1,0,0,0,0,0,0,0,0,1,2,1,"Europe","Rich"
2013,3915,"SVN","Slovenia",961,4391.47504206394,6197.5233,6951.79282108805,1,1,0,0,0,0,0,0,0,0,1,2,1,"Europe","Rich"
2014,2236,"SVN","Slovenia",961,2260.64098675564,3408.15592,3445.71420483268,1,1,0,0,0,0,0,0,0,0,1,2,1,"Europe","Rich"
2015,1043.08504,"SVN","Slovenia",961,1051.39102913013,1401.4577671928,1412.61744500837,1,1,0,0,0,0,0,0,0,0,1,2,1,"Europe","Rich"
2016,3293.06669,"SVN","Slovenia",961,3241.20737204724,4396.9355751549,4327.6924952312,1,1,0,0,0,0,0,0,0,0,1,2,1,"Europe","Rich"
2017,3714.91391,"SVN","Slovenia",961,3808.9961140162,5028.135977185,5155.47624032093,1,1,0,0,0,0,0,0,0,0,1,2,1,"Europe","Rich"
2018,6044.79073,"SVN","Slovenia",961,6136.84338071066,8286.5013722205,8412.69174844721,1,1,0,0,0,0,0,0,0,0,1,2,1,"Europe","Rich"
2019,18827.09933,"SVN","Slovenia",961,19444.4609656597,25431.8340459573,26265.7723170228,1,1,0,0,0,0,0,0,0,0,1,2,1,"Europe","Rich"
2020,7988.92109,"SVN","Slovenia",961,9065.95675215615,10636.1299823824,12070.0521815506,1,1,0,0,0,0,0,0,0,0,1,2,1,"Europe","Rich"
2021,5493.469232,"SVN","Slovenia",961,6018.92103867646,7793.52986474608,8538.9830883599,1,1,0,0,0,0,0,0,0,0,1,2,1,"Europe","Rich"
2022,20845.13146,"SVN","Slovenia",961,22657.7515869565,27529.7482165928,29923.6393658617,1,1,0,0,0,0,0,0,0,0,1,2,1,"Europe","Rich"
1987,,"MKD","Macedonia (former Yugoslav)",962,,,,0,0,1,0,0,0,0,0,0,0,1,2,2,"Europe","Developing"
1988,,"MKD","Macedonia (former Yugoslav)",962,,,,0,0,1,0,0,0,0,0,0,0,1,2,2,"Europe","Developing"
1989,,"MKD","Macedonia (former Yugoslav)",962,,,,0,0,1,0,0,0,0,0,0,0,1,2,2,"Europe","Developing"
1990,,"MKD","Macedonia (former Yugoslav)",962,,,,0,0,1,0,0,0,0,0,0,0,1,2,2,"Europe","Developing"
1991,,"MKD","Macedonia (former Yugoslav)",962,,,,0,0,1,0,0,0,0,0,0,0,1,2,2,"Europe","Developing"
1992,6140,"MKD","Macedonia (former Yugoslav)",962,4217.03296703297,8862.3532,6086.78104395605,0,0,1,0,0,0,0,0,0,0,1,2,2,"Europe","Developing"
1993,6518,"MKD","Macedonia (former Yugoslav)",962,4405.54241297736,9750.79764,6590.60333896587,0,0,1,0,0,0,0,0,0,0,1,2,2,"Europe","Developing"
1994,1096,"MKD","Macedonia (former Yugoslav)",962,835.684330918795,1679.20352,1280.3686770873,0,0,1,0,0,0,0,0,0,0,1,2,2,"Europe","Developing"
1995,7186,"MKD","Macedonia (former Yugoslav)",962,6245.98000869187,11431.56066,9936.16745762712,0,0,1,0,0,0,0,0,0,0,1,2,2,"Europe","Developing"
1996,10738,"MKD","Macedonia (former Yugoslav)",962,7975.34165181224,16956.69794,12594.1012626263,0,0,1,0,0,0,0,0,0,0,1,2,2,"Europe","Developing"
1997,17450,"MKD","Macedonia (former Yugoslav)",962,11990.6548477977,27087.984,18613.3333333333,0,0,1,0,0,0,0,0,0,0,1,2,2,"Europe","Developing"
1998,10439,"MKD","Macedonia (former Yugoslav)",962,7583.72684344352,16497.06487,11984.7910424991,0,0,1,0,0,0,0,0,0,0,1,2,2,"Europe","Developing"
1999,19813,"MKD","Macedonia (former Yugoslav)",962,12386.2215553888,26781.03397,16742.3318142036,0,0,1,0,0,0,0,0,0,0,1,2,2,"Europe","Developing"
2000,26326,"MKD","Macedonia (former Yugoslav)",962,16086.7705468989,35903.13554,21938.9768041552,0,0,1,0,0,0,0,0,0,0,1,2,2,"Europe","Developing"
2001,25951,"MKD","Macedonia (former Yugoslav)",962,15471.8893459727,36156.23075,21556.2098312765,0,0,1,0,0,0,0,0,0,0,1,2,2,"Europe","Developing"
2002,16811,"MKD","Macedonia (former Yugoslav)",962,12122.1517161811,23862.54206,17206.9094750505,0,0,1,0,0,0,0,0,0,0,1,2,2,"Europe","Developing"
2003,12136,"MKD","Macedonia (former Yugoslav)",962,9811.62583879052,16787.00064,13571.8333252486,0,0,1,0,0,0,0,0,0,0,1,2,2,"Europe","Developing"
2004,16591,"MKD","Macedonia (former Yugoslav)",962,14661.5411806292,23516.58113,20781.7083156592,0,0,1,0,0,0,0,0,0,0,1,2,2,"Europe","Developing"
2005,31802,"MKD","Macedonia (former Yugoslav)",962,24196.9109031424,46081.098,35061.3238986533,0,0,1,0,0,0,0,0,0,0,1,2,2,"Europe","Developing"
2006,42350,"MKD","Macedonia (former Yugoslav)",962,34704.5808407769,63674.919,52179.7254773416,0,0,1,0,0,0,0,0,0,0,1,2,2,"Europe","Developing"
2007,47660,"MKD","Macedonia (former Yugoslav)",962,42345.6241670369,74873.86,66524.9755664149,0,0,1,0,0,0,0,0,0,0,1,2,2,"Europe","Developing"
2008,45362,"MKD","Macedonia (former Yugoslav)",962,42645.4827488954,74416.361,69959.9144495628,0,0,1,0,0,0,0,0,0,0,1,2,2,"Europe","Developing"
2009,19425,"MKD","Macedonia (former Yugoslav)",962,18850.0727802038,32518.6155,31556.152838428,0,0,1,0,0,0,0,0,0,0,1,2,2,"Europe","Developing"
2010,19107,"MKD","Macedonia (former Yugoslav)",962,20335.2490421456,31378.85289,33395.9694444444,0,0,1,0,0,0,0,0,0,0,1,2,2,"Europe","Developing"
2011,9689,"MKD","Macedonia (former Yugoslav)",962,10297.5874163035,16530.79046,17569.1257944521,0,0,1,0,0,0,0,0,0,0,1,2,2,"Europe","Developing"
2012,3722,"MKD","Macedonia (former Yugoslav)",962,4060.65895701506,6441.06988,7027.13275147283,0,0,1,0,0,0,0,0,0,0,1,2,2,"Europe","Developing"
2013,3694,"MKD","Macedonia (former Yugoslav)",962,4143.57823892316,5847.67588,6559.36722378015,0,0,1,0,0,0,0,0,0,0,1,2,2,"Europe","Developing"
2014,1398,"MKD","Macedonia (former Yugoslav)",962,1413.40612678192,2130.85956,2154.34188656354,0,0,1,0,0,0,0,0,0,0,1,2,2,"Europe","Developing"
2015,23.01778,"MKD","Macedonia (former Yugoslav)",962,23.2010684406814,30.9259986746,31.1722595248463,0,0,1,0,0,0,0,0,0,0,1,2,2,"Europe","Developing"
2016,0,"MKD","Macedonia (former Yugoslav)",962,0,0,0,0,0,1,0,0,0,0,0,0,0,1,2,2,"Europe","Developing"
2017,0,"MKD","Macedonia (former Yugoslav)",962,0,0,0,0,0,1,0,0,0,0,0,0,0,1,2,2,"Europe","Developing"
2018,0,"MKD","Macedonia (former Yugoslav)",962,0,0,0,0,0,1,0,0,0,0,0,0,0,1,2,2,"Europe","Developing"
2019,0,"MKD","Macedonia (former Yugoslav)",962,0,0,0,0,0,1,0,0,0,0,0,0,0,1,2,2,"Europe","Developing"
2020,0,"MKD","Macedonia (former Yugoslav)",962,0,0,0,0,0,1,0,0,0,0,0,0,0,1,2,2,"Europe","Developing"
2021,0,"MKD","Macedonia (former Yugoslav)",962,0,0,0,0,0,1,0,0,0,0,0,0,0,1,2,2,"Europe","Developing"
2022,12839.3436,"MKD","Macedonia (former Yugoslav)",962,13955.8082608696,16956.664305648,18431.1568539652,0,0,1,0,0,0,0,0,0,0,1,2,2,"Europe","Developing"
1987,,"BIH","Bosnia and Herzegovina",963,,,,0,0,1,0,0,0,0,0,0,0,1,2,2,"Europe","Developing"
1988,,"BIH","Bosnia and Herzegovina",963,,,,0,0,1,0,0,0,0,0,0,0,1,2,2,"Europe","Developing"
1989,,"BIH","Bosnia and Herzegovina",963,,,,0,0,1,0,0,0,0,0,0,0,1,2,2,"Europe","Developing"
1990,,"BIH","Bosnia and Herzegovina",963,,,,0,0,1,0,0,0,0,0,0,0,1,2,2,"Europe","Developing"
1991,,"BIH","Bosnia and Herzegovina",963,,,,0,0,1,0,0,0,0,0,0,0,1,2,2,"Europe","Developing"
1992,121,"BIH","Bosnia and Herzegovina",963,83.1043956043956,174.64898,119.951222527473,0,0,1,0,0,0,0,0,0,0,1,2,2,"Europe","Developing"
1993,1629,"BIH","Bosnia and Herzegovina",963,1101.04765123352,2436.95142,1647.14526529233,0,0,1,0,0,0,0,0,0,0,1,2,2,"Europe","Developing"
1994,1030,"BIH","Bosnia and Herzegovina",963,785.360274494853,1578.0836,1203.26618375905,0,0,1,0,0,0,0,0,0,0,1,2,2,"Europe","Developing"
1995,43254,"BIH","Bosnia and Herzegovina",963,37595.8279009126,68808.89574,59807.8189830508,0,0,1,0,0,0,0,0,0,0,1,2,2,"Europe","Developing"
1996,45799,"BIH","Bosnia and Herzegovina",963,34015.8942364825,72322.57487,53715.5190656566,0,0,1,0,0,0,0,0,0,0,1,2,2,"Europe","Developing"
1997,1661,"BIH","Bosnia and Herzegovina",963,1141.34542705971,2578.40352,1771.73333333333,0,0,1,0,0,0,0,0,0,0,1,2,2,"Europe","Developing"
1998,2139,"BIH","Bosnia and Herzegovina",963,1553.94115510352,3380.32587,2455.73982564475,0,0,1,0,0,0,0,0,0,0,1,2,2,"Europe","Developing"
1999,3385,"BIH","Bosnia and Herzegovina",963,2116.15403850963,4575.47065,2860.38425231308,0,0,1,0,0,0,0,0,0,0,1,2,2,"Europe","Developing"
2000,5688,"BIH","Bosnia and Herzegovina",963,3475.71035747021,7757.23752,4740.1390284143,0,0,1,0,0,0,0,0,0,0,1,2,2,"Europe","Developing"
2001,128556,"BIH","Bosnia and Herzegovina",963,76644.6074047576,179110.647,106785.099266679,0,0,1,0,0,0,0,0,0,0,1,2,2,"Europe","Developing"
2002,48876,"BIH","Bosnia and Herzegovina",963,35243.7265647534,69377.52696,50027.0601096048,0,0,1,0,0,0,0,0,0,0,1,2,2,"Europe","Developing"
2003,19480,"BIH","Bosnia and Herzegovina",963,15749.050044466,26945.5152,21784.7159835072,0,0,1,0,0,0,0,0,0,0,1,2,2,"Europe","Developing"
2004,37877,"BIH","Bosnia and Herzegovina",963,33472.0749381407,53687.99611,47444.3231795688,0,0,1,0,0,0,0,0,0,0,1,2,2,"Europe","Developing"
2005,13276,"BIH","Bosnia and Herzegovina",963,10101.1945522331,19236.924,14636.6309061858,0,0,1,0,0,0,0,0,0,0,1,2,2,"Europe","Developing"
2006,13519,"BIH","Bosnia and Herzegovina",963,11078.4233385233,20326.35726,16656.8526264033,0,0,1,0,0,0,0,0,0,0,1,2,2,"Europe","Developing"
2007,18917,"BIH","Bosnia and Herzegovina",963,16807.6410484229,29718.607,26404.8040870724,0,0,1,0,0,0,0,0,0,0,1,2,2,"Europe","Developing"
2008,15785,"BIH","Bosnia and Herzegovina",963,14839.7104446742,25895.2925,24344.5449844881,0,0,1,0,0,0,0,0,0,0,1,2,2,"Europe","Developing"
2009,10703,"BIH","Bosnia and Herzegovina",963,10386.2202814168,17917.46418,17387.1559243086,0,0,1,0,0,0,0,0,0,0,1,2,2,"Europe","Developing"
2010,8948,"BIH","Bosnia and Herzegovina",963,9523.20136228182,14695.03196,15639.6679012346,0,0,1,0,0,0,0,0,0,0,1,2,2,"Europe","Developing"
2011,7163,"BIH","Bosnia and Herzegovina",963,7612.92379636518,12221.08082,12988.7138059305,0,0,1,0,0,0,0,0,0,0,1,2,2,"Europe","Developing"
2012,848,"BIH","Bosnia and Herzegovina",963,925.158193323151,1467.49792,1601.02325987345,0,0,1,0,0,0,0,0,0,0,1,2,2,"Europe","Developing"
2013,20550,"BIH","Bosnia and Herzegovina",963,23051.0375771172,32531.061,36490.2535053281,0,0,1,0,0,0,0,0,0,0,1,2,2,"Europe","Developing"
2014,6738,"BIH","Bosnia and Herzegovina",963,6812.25356384592,10270.19436,10383.3731270852,0,0,1,0,0,0,0,0,0,0,1,2,2,"Europe","Developing"
2015,3720.926,"BIH","Bosnia and Herzegovina",963,3750.55538756174,4999.32454582,5039.13370206632,0,0,1,0,0,0,0,0,0,0,1,2,2,"Europe","Developing"
2016,8829.82497,"BIH","Bosnia and Herzegovina",963,8690.77260826772,11789.6705981937,11604.0064942851,0,0,1,0,0,0,0,0,0,0,1,2,2,"Europe","Developing"
2017,3216.865,"BIH","Bosnia and Herzegovina",963,3298.3338459961,4354.0267775,4464.29486055573,0,0,1,0,0,0,0,0,0,0,1,2,2,"Europe","Developing"
2018,0,"BIH","Bosnia and Herzegovina",963,0,0,0,0,0,1,0,0,0,0,0,0,0,1,2,2,"Europe","Developing"
2019,2285.5892,"BIH","Bosnia and Herzegovina",963,2360.53622514846,3087.396747252,3188.6359382928,0,0,1,0,0,0,0,0,0,0,1,2,2,"Europe","Developing"
2020,442.31,"BIH","Bosnia and Herzegovina",963,501.940535633227,588.8738416,668.263551520654,0,0,1,0,0,0,0,0,0,0,1,2,2,"Europe","Developing"
2021,0,"BIH","Bosnia and Herzegovina",963,0,0,0,0,0,1,0,0,0,0,0,0,0,1,2,2,"Europe","Developing"
2022,14156.909,"BIH","Bosnia and Herzegovina",963,15387.9445652174,18696.74657812,20322.5506283913,0,0,1,0,0,0,0,0,0,0,1,2,2,"Europe","Developing"
1987,15449,"POL","Poland",964,12088.4194053208,20997.19937,16429.7334663537,0,0,1,0,0,0,0,0,0,0,1,2,2,"Europe","Developing"
1988,23331,"POL","Poland",964,15512.6329787234,31827.45027,21161.8685305851,0,0,1,0,0,0,0,0,0,0,1,2,2,"Europe","Developing"
1989,27138,"POL","Poland",964,17548.0116391853,36208.33374,23413.0835693501,0,0,1,0,0,0,0,0,0,0,1,2,2,"Europe","Developing"
1990,42133,"POL","Poland",964,32522.5781551524,59030.86098,45566.0833500579,0,0,1,0,0,0,0,0,0,0,1,2,2,"Europe","Developing"
1991,42498,"POL","Poland",964,31352.2685355957,60718.16754,44793.9266248617,0,0,1,0,0,0,0,0,0,0,1,2,2,"Europe","Developing"
1992,36685,"POL","Poland",964,25195.7417582418,52950.3953,36367.029739011,0,0,1,0,0,0,0,0,0,0,1,2,2,"Europe","Developing"
1993,44268,"POL","Poland",964,29920.9192294694,66224.04264,44761.0967489017,0,0,1,0,0,0,0,0,0,0,1,2,2,"Europe","Developing"
1994,106195,"POL","Poland",964,80972.1692718261,162703.4834,124059.07998475,0,0,1,0,0,0,0,0,0,0,1,2,2,"Europe","Developing"
1995,58434,"POL","Poland",964,50790.0912646675,92957.39154,80797.3850847458,0,0,1,0,0,0,0,0,0,0,1,2,2,"Europe","Developing"
1996,79000,"POL","Poland",964,58674.9851455734,124751.27,92655.4292929293,0,0,1,0,0,0,0,0,0,0,1,2,2,"Europe","Developing"
1997,90452,"POL","Poland",964,62153.5078677936,140410.44864,96482.1333333333,0,0,1,0,0,0,0,0,0,0,1,2,2,"Europe","Developing"
1998,92036,"POL","Poland",964,66862.332001453,145447.25188,105664.549131856,0,0,1,0,0,0,0,0,0,0,1,2,2,"Europe","Developing"
1999,160765,"POL","Poland",964,100503.250812703,217304.44285,135849.239091023,0,0,1,0,0,0,0,0,0,0,1,2,2,"Europe","Developing"
2000,215486,"POL","Poland",964,131674.915979224,293877.65194,179576.933663306,0,0,1,0,0,0,0,0,0,0,1,2,2,"Europe","Developing"
2001,275241,"POL","Poland",964,164097.656948668,383479.52325,228629.060543731,0,0,1,0,0,0,0,0,0,0,1,2,2,"Europe","Developing"
2002,237141,"POL","Poland",964,170998.70204788,336612.16386,242725.817608884,0,0,1,0,0,0,0,0,0,0,1,2,2,"Europe","Developing"
2003,194412,"POL","Poland",964,157176.813000243,268918.45488,217413.254814455,0,0,1,0,0,0,0,0,0,0,1,2,2,"Europe","Developing"
2004,256924,"POL","Poland",964,227044.892188052,364171.78532,321820.241534111,0,0,1,0,0,0,0,0,0,0,1,2,2,"Europe","Developing"
2005,221048,"POL","Poland",964,168186.867534049,320298.552,243702.771056836,0,0,1,0,0,0,0,0,0,0,1,2,2,"Europe","Developing"
2006,378161,"POL","Poland",964,309891.829877899,568580.18994,465934.761894616,0,0,1,0,0,0,0,0,0,0,1,2,2,"Europe","Developing"
2007,398764,"POL","Poland",964,354299.422478898,626458.244,556604.392714349,0,0,1,0,0,0,0,0,0,0,1,2,2,"Europe","Developing"
2008,311901,"POL","Poland",964,293222.713171007,511673.5905,481031.860957037,0,0,1,0,0,0,0,0,0,0,1,2,2,"Europe","Developing"
2009,206914,"POL","Poland",964,200789.907811742,346386.45084,336134.353071325,0,0,1,0,0,0,0,0,0,0,1,2,2,"Europe","Developing"
2010,195089,"POL","Poland",964,207629.842486164,320388.81203,340984.261419753,0,0,1,0,0,0,0,0,0,0,1,2,2,"Europe","Developing"
2011,190661,"POL","Poland",964,202636.83707089,325294.35854,345726.813200128,0,0,1,0,0,0,0,0,0,0,1,2,2,"Europe","Developing"
2012,207272,"POL","Poland",964,226131.355007637,358692.48688,391329.355094916,0,0,1,0,0,0,0,0,0,0,1,2,2,"Europe","Developing"
2013,143562,"POL","Poland",964,161034.212002243,227261.51724,254920.378283791,0,0,1,0,0,0,0,0,0,0,1,2,2,"Europe","Developing"
2014,194616,"POL","Poland",964,196760.691537762,296637.59952,299906.581255687,0,0,1,0,0,0,0,0,0,0,1,2,2,"Europe","Developing"
2015,245120.7423,"POL","Poland",964,247072.615966132,329336.875732011,331959.354633617,0,0,1,0,0,0,0,0,0,0,1,2,2,"Europe","Developing"
2016,275200.663736,"POL","Poland",964,270866.795015748,367450.678226945,361664.053372977,0,0,1,0,0,0,0,0,0,0,1,2,2,"Europe","Developing"
2017,491335.23804,"POL","Poland",964,503778.568686558,665022.24468714,681864.292717256,0,0,1,0,0,0,0,0,0,0,1,2,2,"Europe","Developing"
2018,725662.243611,"POL","Poland",964,736712.937676142,994774.086654139,1009922.93061334,0,0,1,0,0,0,0,0,0,0,1,2,2,"Europe","Developing"
2019,865368.718793,"POL","Poland",964,893745.126561322,1168948.71903277,1207279.8544103,0,0,1,0,0,0,0,0,0,0,1,2,2,"Europe","Developing"
2020,284963.758044,"POL","Poland",964,323381.477580572,379389.34890946,430537.16399167,0,0,1,0,0,0,0,0,0,0,1,2,2,"Europe","Developing"
2021,473607.990254,"POL","Poland",964,518908.721654432,671902.919693447,736170.614323926,0,0,1,0,0,0,0,0,0,0,1,2,2,"Europe","Developing"
2022,1700347.659567,"POL","Poland",964,1848203.97779022,2245615.14703695,2440886.02938798,0,0,1,0,0,0,0,0,0,0,1,2,2,"Europe","Developing"
1987,,"SRB","Serbia",965,,,,0,0,1,0,0,0,0,0,0,0,1,2,2,"Europe","Developing"
1988,,"SRB","Serbia",965,,,,0,0,1,0,0,0,0,0,0,0,1,2,2,"Europe","Developing"
1989,,"SRB","Serbia",965,,,,0,0,1,0,0,0,0,0,0,0,1,2,2,"Europe","Developing"
1990,,"SRB","Serbia",965,,,,0,0,1,0,0,0,0,0,0,0,1,2,2,"Europe","Developing"
1991,,"SRB","Serbia",965,,,,0,0,1,0,0,0,0,0,0,0,1,2,2,"Europe","Developing"
1992,,"SRB","Serbia",965,,,,0,0,1,0,0,0,0,0,0,0,1,2,2,"Europe","Developing"
1993,,"SRB","Serbia",965,,,,0,0,1,0,0,0,0,0,0,0,1,2,2,"Europe","Developing"
1994,,"SRB","Serbia",965,,,,0,0,1,0,0,0,0,0,0,0,1,2,2,"Europe","Developing"
1995,,"SRB","Serbia",965,,,,0,0,1,0,0,0,0,0,0,0,1,2,2,"Europe","Developing"
1996,,"SRB","Serbia",965,,,,0,0,1,0,0,0,0,0,0,0,1,2,2,"Europe","Developing"
1997,,"SRB","Serbia",965,,,,0,0,1,0,0,0,0,0,0,0,1,2,2,"Europe","Developing"
1998,,"SRB","Serbia",965,,,,0,0,1,0,0,0,0,0,0,0,1,2,2,"Europe","Developing"
1999,,"SRB","Serbia",965,,,,0,0,1,0,0,0,0,0,0,0,1,2,2,"Europe","Developing"
2000,,"SRB","Serbia",965,,,,0,0,1,0,0,0,0,0,0,0,1,2,2,"Europe","Developing"
2007,141336,"SRB","Serbia",965,125576.188360729,222038.856,197280.191914705,0,0,1,0,0,0,0,0,0,0,1,2,2,"Europe","Developing"
2008,110367,"SRB","Serbia",965,103757.638431889,181057.0635,170214.405847513,0,0,1,0,0,0,0,0,0,0,1,2,2,"Europe","Developing"
2009,64111,"SRB","Serbia",965,62213.4885977681,107325.66066,104149.11272198,0,0,1,0,0,0,0,0,0,0,1,2,2,"Europe","Developing"
2010,57634,"SRB","Serbia",965,61338.8676032354,94650.58918,100734.982098765,0,0,1,0,0,0,0,0,0,0,1,2,2,"Europe","Developing"
2011,41262,"SRB","Serbia",965,43853.7570411308,70398.74868,74820.649038155,0,0,1,0,0,0,0,0,0,0,1,2,2,"Europe","Developing"
2012,15434,"SRB","Serbia",965,16838.3155138556,26709.15436,29139.3785293476,0,0,1,0,0,0,0,0,0,0,1,2,2,"Europe","Developing"
2013,11230,"SRB","Serbia",965,12596.7470555244,17777.3146,19940.9025238362,0,0,1,0,0,0,0,0,0,0,1,2,2,"Europe","Developing"
2014,5443,"SRB","Serbia",965,5502.98250935194,8296.32946,8387.75600040441,0,0,1,0,0,0,0,0,0,0,1,2,2,"Europe","Developing"
2015,3473.06881,"SRB","Serbia",965,3500.72453381716,4666.3110610517,4703.46846190072,0,0,1,0,0,0,0,0,0,0,1,2,2,"Europe","Developing"
2016,7533.69665,"SRB","Serbia",965,7415.05575787402,10059.0671040465,9900.65659847097,0,0,1,0,0,0,0,0,0,0,1,2,2,"Europe","Developing"
2017,13378.10733,"SRB","Serbia",965,13716.915133805,18107.268271155,18565.844633605,0,0,1,0,0,0,0,0,0,0,1,2,2,"Europe","Developing"
2018,29465.00941,"SRB","Serbia",965,29913.7151370558,40392.1081496985,41007.216395633,0,0,1,0,0,0,0,0,0,0,1,2,2,"Europe","Developing"
2019,29963.25681,"SRB","Serbia",965,30945.7854996127,40474.6669315161,41801.8765107318,0,0,1,0,0,0,0,0,0,0,1,2,2,"Europe","Developing"
2020,268452.94529,"SRB","Serbia",965,304644.740456196,357407.513241294,405591.821653761,0,0,1,0,0,0,0,0,0,0,1,2,2,"Europe","Developing"
2021,8921.7048,"SRB","Serbia",965,9775.06825901172,12657.133382712,13867.7915883773,0,0,1,0,0,0,0,0,0,0,1,2,2,"Europe","Developing"
2022,193021.638232,"SRB","Serbia",965,209806.128513043,254919.817180238,277086.757804606,0,0,1,0,0,0,0,0,0,0,1,2,2,"Europe","Developing"
1987,4314,"ROU","Romania",968,3375.58685446009,5863.28682,4587.86136150235,0,0,1,0,0,0,0,0,0,0,1,2,2,"Europe","Developing"
1988,4325,"ROU","Romania",968,2875.66489361702,5900.03525,3922.89577792553,0,0,1,0,0,0,0,0,0,0,1,2,2,"Europe","Developing"
1989,9298,"ROU","Romania",968,6012.2858066602,12405.67054,8021.77209182024,0,0,1,0,0,0,0,0,0,0,1,2,2,"Europe","Developing"
1990,17402,"ROU","Romania",968,13432.6514859128,24381.24612,18819.950690853,0,0,1,0,0,0,0,0,0,0,1,2,2,"Europe","Developing"
1991,32293,"ROU","Romania",968,23823.6812984139,46137.97789,34037.6081814829,0,0,1,0,0,0,0,0,0,0,1,2,2,"Europe","Developing"
1992,37215,"ROU","Romania",968,25559.7527472527,53715.3867,36892.4359203297,0,0,1,0,0,0,0,0,0,0,1,2,2,"Europe","Developing"
1993,35442,"ROU","Romania",968,23955.3903345725,53020.52316,35836.7848327138,0,0,1,0,0,0,0,0,0,0,1,2,2,"Europe","Developing"
1994,28422,"ROU","Romania",968,21671.3686618376,43545.91464,33203.1373541746,0,0,1,0,0,0,0,0,0,0,1,2,2,"Europe","Developing"
1995,32671,"ROU","Romania",968,28397.2186006084,51973.35351,45174.5793220339,0,0,1,0,0,0,0,0,0,0,1,2,2,"Europe","Developing"
1996,36527,"ROU","Romania",968,27129.3820558526,57680.88151,42840.8210858586,0,0,1,0,0,0,0,0,0,0,1,2,2,"Europe","Developing"
1997,42676,"ROU","Romania",968,29324.5378959665,66246.80832,45521.0666666667,0,0,1,0,0,0,0,0,0,0,1,2,2,"Europe","Developing"
1998,56025,"ROU","Romania",968,40701.053396295,88537.98825,64321.0957137668,0,0,1,0,0,0,0,0,0,0,1,2,2,"Europe","Developing"
1999,102816,"ROU","Romania",968,64276.0690172543,138975.35904,86881.3197299325,0,0,1,0,0,0,0,0,0,0,1,2,2,"Europe","Developing"
2000,167569,"ROU","Romania",968,102394.744882371,228528.92651,139644.929123129,0,0,1,0,0,0,0,0,0,0,1,2,2,"Europe","Developing"
2001,100262,"ROU","Romania",968,59775.8302033029,139690.0315,83282.6754307518,0,0,1,0,0,0,0,0,0,0,1,2,2,"Europe","Developing"
2002,79958,"ROU","Romania",968,57656.4753389097,113497.18268,81841.0604845688,0,0,1,0,0,0,0,0,0,0,1,2,2,"Europe","Developing"
2003,82699,"ROU","Romania",968,66859.8916646455,114392.56476,92483.2765462042,0,0,1,0,0,0,0,0,0,0,1,2,2,"Europe","Developing"
2004,84601,"ROU","Romania",968,74762.2834924002,119915.99543,105970.303490633,0,0,1,0,0,0,0,0,0,0,1,2,2,"Europe","Developing"
2005,132988,"ROU","Romania",968,101185.421897588,192699.612,146617.676329605,0,0,1,0,0,0,0,0,0,0,1,2,2,"Europe","Developing"
2006,153603,"ROU","Romania",968,125873.145947718,230948.25462,189255.309858232,0,0,1,0,0,0,0,0,0,0,1,2,2,"Europe","Developing"
2007,126845,"ROU","Romania",968,112701.021768103,199273.495,177053.30519769,0,0,1,0,0,0,0,0,0,0,1,2,2,"Europe","Developing"
2008,156000,"ROU","Romania",968,146657.892262856,255918,240592.272257215,0,0,1,0,0,0,0,0,0,0,1,2,2,"Europe","Developing"
2009,142918,"ROU","Romania",968,138688.015526443,239253.30708,232172.059272198,0,0,1,0,0,0,0,0,0,0,1,2,2,"Europe","Developing"
2010,66165,"ROU","Romania",968,70418.2630906769,108660.79455,115645.800925926,0,0,1,0,0,0,0,0,0,0,1,2,2,"Europe","Developing"
2011,78767,"ROU","Romania",968,83714.5286427888,134387.52938,142828.705898608,0,0,1,0,0,0,0,0,0,0,1,2,2,"Europe","Developing"
2012,52197,"ROU","Romania",968,56946.3233689723,90328.99638,98547.8904429413,0,0,1,0,0,0,0,0,0,0,1,2,2,"Europe","Developing"
2013,152308,"ROU","Romania",968,170844.643858665,241106.61016,270450.488121144,0,0,1,0,0,0,0,0,0,0,1,2,2,"Europe","Developing"
2014,132805,"ROU","Romania",968,134268.526943686,202424.0371,204654.774138105,0,0,1,0,0,0,0,0,0,0,1,2,2,"Europe","Developing"
2015,109760.36164,"ROU","Romania",968,110634.373188187,147470.729088655,148645.024784452,0,0,1,0,0,0,0,0,0,0,1,2,2,"Europe","Developing"
2016,113318.69931,"ROU","Romania",968,111534.152864173,151304.260505705,148921.516245773,0,0,1,0,0,0,0,0,0,0,1,2,2,"Europe","Developing"
2017,148307.04993,"ROU","Romania",968,152063.006182713,200733.592080255,205817.278868302,0,0,1,0,0,0,0,0,0,0,1,2,2,"Europe","Developing"
2018,189762.7128,"ROU","Romania",968,192652.500304569,260136.21484188,264097.680042518,0,0,1,0,0,0,0,0,0,0,1,2,2,"Europe","Developing"
2019,315484.61201,"ROU","Romania",968,325829.705148464,426159.768749228,440134.024011596,0,0,1,0,0,0,0,0,0,0,1,2,2,"Europe","Developing"
2020,46618.72177,"ROU","Romania",968,52903.6788129823,62066.3014157072,70433.8418244521,0,0,1,0,0,0,0,0,0,0,1,2,2,"Europe","Developing"
2021,30651.80926,"ROU","Romania",968,33583.6630437164,43485.4152790694,47644.8069234901,0,0,1,0,0,0,0,0,0,0,1,2,2,"Europe","Developing"
2022,192519.71048,"ROU","Romania",968,209260.554869565,254256.931236726,276366.229605137,0,0,1,0,0,0,0,0,0,0,1,2,2,"Europe","Developing"
1987,46070,"AND","Andorra",1001,36048.5133020344,62615.1191,48994.615884194,0,0,0,1,0,0,0,0,0,0,0,8,3,"OFC","OFC"
1988,66800,"AND","Andorra",1001,44414.8936170213,91126.556,60589.4654255319,0,0,0,1,0,0,0,0,0,0,0,8,3,"OFC","OFC"
1989,120303,"AND","Andorra",1001,77790.4946653734,160511.87169,103790.411697381,0,0,0,1,0,0,0,0,0,0,0,8,3,"OFC","OFC"
1990,100555,"AND","Andorra",1001,77618.6800463142,140883.5883,108748.427865689,0,0,0,1,0,0,0,0,0,0,0,8,3,"OFC","OFC"
1991,98019,"AND","Andorra",1001,72312.0619697529,140042.68587,103314.412298045,0,0,0,1,0,0,0,0,0,0,0,8,3,"OFC","OFC"
1992,98734,"AND","Andorra",1001,67811.8131868132,142510.68092,97878.2149175824,0,0,0,1,0,0,0,0,0,0,0,8,3,"OFC","OFC"
1993,54600,"AND","Andorra",1001,36904.3595809395,81680.508,55208.1838458939,0,0,0,1,0,0,0,0,0,0,0,8,3,"OFC","OFC"
1994,106112,"AND","Andorra",1001,80908.8829584445,162576.31744,123962.117758292,0,0,0,1,0,0,0,0,0,0,0,8,3,"OFC","OFC"
1995,94683,"AND","Andorra",1001,82297.2620599739,150622.66323,130919.307457627,0,0,0,1,0,0,0,0,0,0,0,8,3,"OFC","OFC"
1996,123718,"AND","Andorra",1001,91887.9976232917,195366.80534,145103.093686869,0,0,0,1,0,0,0,0,0,0,0,8,3,"OFC","OFC"
1997,115259,"AND","Andorra",1001,79199.4777709063,178918.85088,122942.933333333,0,0,0,1,0,0,0,0,0,0,0,8,3,"OFC","OFC"
1998,205008,"AND","Andorra",1001,148934.253541591,323980.29264,235365.268899382,0,0,0,1,0,0,0,0,0,0,0,8,3,"OFC","OFC"
1999,116538,"AND","Andorra",1001,72854.463615904,157523.24922,98476.6499249812,0,0,0,1,0,0,0,0,0,0,0,8,3,"OFC","OFC"
2000,139448,"AND","Andorra",1001,85211.1212954476,190177.78792,116210.075111518,0,0,0,1,0,0,0,0,0,0,0,8,3,"OFC","OFC"
2001,161228,"AND","Andorra",1001,96123.5318666905,224630.911,133924.110773267,0,0,0,1,0,0,0,0,0,0,0,8,3,"OFC","OFC"
2002,151997,"AND","Andorra",1001,109602.682434381,215753.66162,155576.623608307,0,0,0,1,0,0,0,0,0,0,0,8,3,"OFC","OFC"
2003,158774,"AND","Andorra",1001,128364.459535937,219622.54776,177558.855008489,0,0,0,1,0,0,0,0,0,0,0,8,3,"OFC","OFC"
2004,174150,"AND","Andorra",1001,153897.136797455,246845.4345,218138.418610817,0,0,0,1,0,0,0,0,0,0,0,8,3,"OFC","OFC"
2005,251335,"AND","Andorra",1001,191231.073575287,364184.415,277093.825610591,0,0,0,1,0,0,0,0,0,0,0,8,3,"OFC","OFC"
2006,275277,"AND","Andorra",1001,225581.414406294,413889.98058,339170.679816439,0,0,0,1,0,0,0,0,0,0,0,8,3,"OFC","OFC"
2007,252810,"AND","Andorra",1001,224620.16881386,397164.51,352878.285206575,0,0,0,1,0,0,0,0,0,0,0,8,3,"OFC","OFC"
2008,195350,"AND","Andorra",1001,183651.405471468,320471.675,301280.130675942,0,0,0,1,0,0,0,0,0,0,0,8,3,"OFC","OFC"
2009,138553,"AND","Andorra",1001,134452.207666181,231946.03518,225081.062765648,0,0,0,1,0,0,0,0,0,0,0,8,3,"OFC","OFC"
2010,72819,"AND","Andorra",1001,77500,119588.45913,127275.925,0,0,0,1,0,0,0,0,0,0,0,8,3,"OFC","OFC"
2011,61774,"AND","Andorra",1001,65654.1609097672,105395.09236,112015.19009459,0,0,0,1,0,0,0,0,0,0,0,8,3,"OFC","OFC"
2012,81458,"AND","Andorra",1001,88869.7359807986,140966.32732,153792.632904211,0,0,0,1,0,0,0,0,0,0,0,8,3,"OFC","OFC"
2013,68236,"AND","Andorra",1001,76540.661805945,108018.95272,121165.398452047,0,0,0,1,0,0,0,0,0,0,0,8,3,"OFC","OFC"
2014,17394,"AND","Andorra",1001,17585.6839551107,26512.28268,26804.4511980588,0,0,0,1,0,0,0,0,0,0,0,8,3,"OFC","OFC"
2015,33278.28079,"AND","Andorra",1001,33543.2726438867,44711.6997210203,45067.7348261469,0,0,0,1,0,0,0,0,0,0,0,8,3,"OFC","OFC"
2016,11430.226056,"AND","Andorra",1001,11250.222496063,15261.7521322318,15021.4095789683,0,0,0,1,0,0,0,0,0,0,0,8,3,"OFC","OFC"
2017,55911.787539,"AND","Andorra",1001,57327.7837988311,75676.6044340365,77593.1553717179,0,0,0,1,0,0,0,0,0,0,0,8,3,"OFC","OFC"
2018,62653.669204,"AND","Andorra",1001,63607.7859939086,85888.7824283034,87196.7334297496,0,0,0,1,0,0,0,0,0,0,0,8,3,"OFC","OFC"
2019,118072.61336,"AND","Andorra",1001,121944.346356829,159493.666852822,164723.642502269,0,0,0,1,0,0,0,0,0,0,0,8,3,"OFC","OFC"
2020,52727.66133,"AND","Andorra",1001,59836.2021448025,70199.4991883088,79663.5260875043,0,0,0,1,0,0,0,0,0,0,0,8,3,"OFC","OFC"
2021,27045.250964,"AND","Andorra",1001,29632.13647858,38368.8270901172,42038.8157007967,0,0,0,1,0,0,0,0,0,0,0,8,3,"OFC","OFC"
2022,64243.432657,"AND","Andorra",1001,69829.8181054348,84845.0166414468,92222.8441754856,0,0,0,1,0,0,0,0,0,0,0,8,3,"OFC","OFC"
1987,,"GGY","Guernsey",1006,,,,0,0,0,1,0,0,0,0,0,0,0,8,3,"OFC","OFC"
1988,,"GGY","Guernsey",1006,,,,0,0,0,1,0,0,0,0,0,0,0,8,3,"OFC","OFC"
1989,,"GGY","Guernsey",1006,,,,0,0,0,1,0,0,0,0,0,0,0,8,3,"OFC","OFC"
1990,,"GGY","Guernsey",1006,,,,0,0,0,1,0,0,0,0,0,0,0,8,3,"OFC","OFC"
1991,,"GGY","Guernsey",1006,,,,0,0,0,1,0,0,0,0,0,0,0,8,3,"OFC","OFC"
1992,,"GGY","Guernsey",1006,,,,0,0,0,1,0,0,0,0,0,0,0,8,3,"OFC","OFC"
1993,,"GGY","Guernsey",1006,,,,0,0,0,1,0,0,0,0,0,0,0,8,3,"OFC","OFC"
1994,216017,"GGY","Guernsey",1006,164709.874189859,330963.96604,252355.292443767,0,0,0,1,0,0,0,0,0,0,0,8,3,"OFC","OFC"
1995,397737,"GGY","Guernsey",1006,345707.953063885,632723.99697,549955.668813559,0,0,0,1,0,0,0,0,0,0,0,8,3,"OFC","OFC"
1996,727379,"GGY","Guernsey",1006,540239.898989899,1148626.00027,853109.031691919,0,0,0,1,0,0,0,0,0,0,0,8,3,"OFC","OFC"
1997,836232,"GGY","Guernsey",1006,574611.420325706,1298099.65824,891980.8,0,0,0,1,0,0,0,0,0,0,0,8,3,"OFC","OFC"
1998,883417,"GGY","Guernsey",1006,641784.961859789,1396090.38761,1014232.02877588,0,0,0,1,0,0,0,0,0,0,0,8,3,"OFC","OFC"
1999,1978877,"GGY","Guernsey",1006,1237107.40185046,2674828.25213,1672185.70400725,0,0,0,1,0,0,0,0,0,0,0,8,3,"OFC","OFC"
2000,2430071,"GGY","Guernsey",1006,1484919.64558509,3314106.52909,2025118.56345249,0,0,0,1,0,0,0,0,0,0,0,8,3,"OFC","OFC"
2001,2471619,"GGY","Guernsey",1006,1473570.02325165,3443583.17175,2053051.43489537,0,0,0,1,0,0,0,0,0,0,0,8,3,"OFC","OFC"
2002,2204991,"GGY","Guernsey",1006,1589984.85722527,3129896.52486,2256919.90543698,0,0,0,1,0,0,0,0,0,0,0,8,3,"OFC","OFC"
2003,2212816,"GGY","Guernsey",1006,1789001.53609831,3060855.60384,2474618.48479263,0,0,0,1,0,0,0,0,0,0,0,8,3,"OFC","OFC"
2004,2054913,"GGY","Guernsey",1006,1815935.84305408,2912695.33359,2573961.94202015,0,0,0,1,0,0,0,0,0,0,0,8,3,"OFC","OFC"
2005,2918682,"GGY","Guernsey",1006,2220712.16617211,4229170.218,3217811.92878338,0,0,0,1,0,0,0,0,0,0,0,8,3,"OFC","OFC"
2006,3672474,"GGY","Guernsey",1006,3009484.55297878,5521711.55796,4524880.40478571,0,0,0,1,0,0,0,0,0,0,0,8,3,"OFC","OFC"
2007,4124397,"GGY","Guernsey",1006,3664501.99911151,6479427.687,5756932.64060418,0,0,0,1,0,0,0,0,0,0,0,8,3,"OFC","OFC"
2008,2703183,"GGY","Guernsey",1006,2541302.05885118,4434571.7115,4169006.02754536,0,0,0,1,0,0,0,0,0,0,0,8,3,"OFC","OFC"
2009,2443917,"GGY","Guernsey",1006,2371583.69723435,4091263.69302,3970173.40419214,0,0,0,1,0,0,0,0,0,0,0,8,3,"OFC","OFC"
2010,2504700,"GGY","Guernsey",1006,2665708.81226054,4113393.669,4377813.61111111,0,0,0,1,0,0,0,0,0,0,0,8,3,"OFC","OFC"
2011,1308527,"GGY","Guernsey",1006,1390718.46104793,2232530.25578,2372760.39513232,0,0,0,1,0,0,0,0,0,0,0,8,3,"OFC","OFC"
2012,1041306,"GGY","Guernsey",1006,1136052.80384028,1802021.68524,1965984.81915776,0,0,0,1,0,0,0,0,0,0,0,8,3,"OFC","OFC"
2013,690027,"GGY","Guernsey",1006,774006.73022995,1092326.54154,1225268.13408861,0,0,0,1,0,0,0,0,0,0,0,8,3,"OFC","OFC"
2014,913669,"GGY","Guernsey",1006,923737.741381053,1392632.56318,1407979.54016783,0,0,0,1,0,0,0,0,0,0,0,8,3,"OFC","OFC"
2015,1054802.81138,"GGY","Guernsey",1006,1063202.10803346,1417201.41328583,1428486.45629052,0,0,0,1,0,0,0,0,0,0,0,8,3,"OFC","OFC"
2016,1195843.25416,"GGY","Guernsey",1006,1177011.07692913,1596701.87138697,1571556.96002655,0,0,0,1,0,0,0,0,0,0,0,8,3,"OFC","OFC"
2017,1450774.828558,"GGY","Guernsey",1006,1487516.48575618,1963623.73045325,2013353.56347099,0,0,0,1,0,0,0,0,0,0,0,8,3,"OFC","OFC"
2018,1829359.45273,"GGY","Guernsey",1006,1857217.71850761,2507777.40577492,2545966.90941616,0,0,0,1,0,0,0,0,0,0,0,8,3,"OFC","OFC"
2019,2078893.72495,"GGY","Guernsey",1006,2147062.97438678,2808190.43259971,2900274.13643141,0,0,0,1,0,0,0,0,0,0,0,8,3,"OFC","OFC"
2020,1750853.78265,"GGY","Guernsey",1006,1986897.16596686,2331016.6920689,2645275.41088164,0,0,0,1,0,0,0,0,0,0,0,8,3,"OFC","OFC"
2021,1548350.761947,"GGY","Guernsey",1006,1696450.92795771,2196629.74246659,2406737.96698432,0,0,0,1,0,0,0,0,0,0,0,8,3,"OFC","OFC"
2022,3731649.486067,"GGY","Guernsey",1006,4056140.745725,4928314.84325897,5356863.96006409,0,0,0,1,0,0,0,0,0,0,0,8,3,"OFC","OFC"
1987,,"IMN","Isle of Man",1012,,,,0,0,0,1,0,0,0,0,0,0,0,8,3,"OFC","OFC"
1988,,"IMN","Isle of Man",1012,,,,0,0,0,1,0,0,0,0,0,0,0,8,3,"OFC","OFC"
1989,,"IMN","Isle of Man",1012,,,,0,0,0,1,0,0,0,0,0,0,0,8,3,"OFC","OFC"
1990,,"IMN","Isle of Man",1012,,,,0,0,0,1,0,0,0,0,0,0,0,8,3,"OFC","OFC"
1991,,"IMN","Isle of Man",1012,,,,0,0,0,1,0,0,0,0,0,0,0,8,3,"OFC","OFC"
1992,,"IMN","Isle of Man",1012,,,,0,0,0,1,0,0,0,0,0,0,0,8,3,"OFC","OFC"
1993,,"IMN","Isle of Man",1012,,,,0,0,0,1,0,0,0,0,0,0,0,8,3,"OFC","OFC"
1994,2399611,"IMN","Isle of Man",1012,1829669.08120473,3676492.00532,2803272.59269539,0,0,0,1,0,0,0,0,0,0,0,8,3,"OFC","OFC"
1995,2417714,"IMN","Isle of Man",1012,2101446.32768362,3846123.60834,3343001.83254237,0,0,0,1,0,0,0,0,0,0,0,8,3,"OFC","OFC"
1996,2878675,"IMN","Isle of Man",1012,2138053.32739156,4545802.05275,3376264.15088384,0,0,0,1,0,0,0,0,0,0,0,8,3,"OFC","OFC"
1997,3376758,"IMN","Isle of Man",1012,2320317.46031746,5241808.97856,3601875.2,0,0,0,1,0,0,0,0,0,0,0,8,3,"OFC","OFC"
1998,3364252,"IMN","Isle of Man",1012,2444062.47729749,5316628.36316,3862425.25474755,0,0,0,1,0,0,0,0,0,0,0,8,3,"OFC","OFC"
1999,4810715,"IMN","Isle of Man",1012,3007448.7371843,6502595.35835,4065138.38356464,0,0,0,1,0,0,0,0,0,0,0,8,3,"OFC","OFC"
2000,5812479,"IMN","Isle of Man",1012,3551774.5187901,7927000.73541,4843874.57098075,0,0,0,1,0,0,0,0,0,0,0,8,3,"OFC","OFC"
2001,6169097,"IMN","Isle of Man",1012,3677992.60716628,8595094.39525,5124363.19993442,0,0,0,1,0,0,0,0,0,0,0,8,3,"OFC","OFC"
2002,5389555,"IMN","Isle of Man",1012,3886324.6322469,7650257.7403,5516482.36248918,0,0,0,1,0,0,0,0,0,0,0,8,3,"OFC","OFC"
2003,6952718,"IMN","Isle of Man",1012,5621083.35354515,9617277.64632,7775307.3379578,0,0,0,1,0,0,0,0,0,0,0,8,3,"OFC","OFC"
2004,6089791,"IMN","Isle of Man",1012,5381575.64510428,8631852.45713,7628006.76664016,0,0,0,1,0,0,0,0,0,0,0,8,3,"OFC","OFC"
2005,9174835,"IMN","Isle of Man",1012,6980776.83938218,13294335.915,10115145.6402648,0,0,0,1,0,0,0,0,0,0,0,8,3,"OFC","OFC"
2006,10962983,"IMN","Isle of Man",1012,8983842.49774646,16483283.45982,13507566.5490617,0,0,0,1,0,0,0,0,0,0,0,8,3,"OFC","OFC"
2007,13186586,"IMN","Isle of Man",1012,11716202.5766326,20716126.606,18406154.2478898,0,0,0,1,0,0,0,0,0,0,0,8,3,"OFC","OFC"
2008,9525976,"IMN","Isle of Man",1012,8955510.01222149,15627363.628,14691514.1750494,0,0,0,1,0,0,0,0,0,0,0,8,3,"OFC","OFC"
2009,1406695,"IMN","Isle of Man",1012,1365060.65016982,2354891.8317,2285193.43202329,0,0,0,1,0,0,0,0,0,0,0,8,3,"OFC","OFC"
2010,918197,"IMN","Isle of Man",1012,977221.157939549,1507927.38719,1604860.99104938,0,0,0,1,0,0,0,0,0,0,0,8,3,"OFC","OFC"
2011,688089,"IMN","Isle of Man",1012,731309.384631736,1173976.16646,1247716.19349559,0,0,0,1,0,0,0,0,0,0,0,8,3,"OFC","OFC"
2012,459649,"IMN","Isle of Man",1012,501471.74339952,795440.98046,867816.910822605,0,0,0,1,0,0,0,0,0,0,0,8,3,"OFC","OFC"
2013,425388,"IMN","Isle of Man",1012,477159.842961301,673397.71176,755353.574604599,0,0,0,1,0,0,0,0,0,0,0,8,3,"OFC","OFC"
2014,421957,"IMN","Isle of Man",1012,426607.016479628,643155.29854,650242.946658578,0,0,0,1,0,0,0,0,0,0,0,8,3,"OFC","OFC"
2015,424356.24158,"IMN","Isle of Man",1012,427735.350851729,570152.31549964,574692.385343857,0,0,0,1,0,0,0,0,0,0,0,8,3,"OFC","OFC"
2016,542999.38407,"IMN","Isle of Man",1012,534448.212667323,725018.207604105,713600.598035536,0,0,0,1,0,0,0,0,0,0,0,8,3,"OFC","OFC"
2017,344658.33782,"IMN","Isle of Man",1012,353386.996636932,466495.06023937,478309.299948088,0,0,0,1,0,0,0,0,0,0,0,8,3,"OFC","OFC"
2018,287943.53707,"IMN","Isle of Man",1012,292328.464030457,394727.39779241,400738.474916152,0,0,0,1,0,0,0,0,0,0,0,8,3,"OFC","OFC"
2019,421500.731722,"IMN","Isle of Man",1012,435322.211951459,569367.403417395,588037.59712615,0,0,0,1,0,0,0,0,0,0,0,8,3,"OFC","OFC"
2020,242401.9393,"IMN","Isle of Man",1012,275081.637880163,322724.245906448,366232.689408134,0,0,0,1,0,0,0,0,0,0,0,8,3,"OFC","OFC"
2021,294219.10225,"IMN","Isle of Man",1012,322361.238358716,417405.698171052,457330.665247127,0,0,0,1,0,0,0,0,0,0,0,8,3,"OFC","OFC"
2022,640412.455162,"IMN","Isle of Man",1012,696100.494741304,845779.92128335,919326.001394946,0,0,0,1,0,0,0,0,0,0,0,8,3,"OFC","OFC"
1987,,"JEY","Jersey",1017,,,,0,0,0,1,0,0,0,0,0,0,0,8,3,"OFC","OFC"
1988,,"JEY","Jersey",1017,,,,0,0,0,1,0,0,0,0,0,0,0,8,3,"OFC","OFC"
1989,,"JEY","Jersey",1017,,,,0,0,0,1,0,0,0,0,0,0,0,8,3,"OFC","OFC"
1990,,"JEY","Jersey",1017,,,,0,0,0,1,0,0,0,0,0,0,0,8,3,"OFC","OFC"
1991,,"JEY","Jersey",1017,,,,0,0,0,1,0,0,0,0,0,0,0,8,3,"OFC","OFC"
1992,,"JEY","Jersey",1017,,,,0,0,0,1,0,0,0,0,0,0,0,8,3,"OFC","OFC"
1993,,"JEY","Jersey",1017,,,,0,0,0,1,0,0,0,0,0,0,0,8,3,"OFC","OFC"
1994,844748,"JEY","Jersey",1017,644108.272969882,1294255.30576,986851.167182615,0,0,0,1,0,0,0,0,0,0,0,8,3,"OFC","OFC"
1995,1531159,"JEY","Jersey",1017,1330863.97218601,2435783.04879,2117151.71559322,0,0,0,1,0,0,0,0,0,0,0,8,3,"OFC","OFC"
1996,1539360,"JEY","Jersey",1017,1143315.50802139,2430849.5568,1805443.81818182,0,0,0,1,0,0,0,0,0,0,0,8,3,"OFC","OFC"
1997,3583175,"JEY","Jersey",1017,2462155.56929843,5562234.216,3822053.33333333,0,0,0,1,0,0,0,0,0,0,0,8,3,"OFC","OFC"
1998,3564118,"JEY","Jersey",1017,2589261.16963313,5632482.59894,4091887.10420632,0,0,0,1,0,0,0,0,0,0,0,8,3,"OFC","OFC"
1999,4847022,"JEY","Jersey",1017,3030146.28657164,6551671.16718,4095818.43409602,0,0,0,1,0,0,0,0,0,0,0,8,3,"OFC","OFC"
2000,4200099,"JEY","Jersey",1017,2566513.29055912,5728053.01521,3500185.16053162,0,0,0,1,0,0,0,0,0,0,0,8,3,"OFC","OFC"
2001,16006222,"JEY","Jersey",1017,9542849.81816014,22300668.8015,13295575.5091516,0,0,0,1,0,0,0,0,0,0,0,8,3,"OFC","OFC"
2002,13878040,"JEY","Jersey",1017,10007239.6884915,19699322.6584,14204876.4482261,0,0,0,1,0,0,0,0,0,0,0,8,3,"OFC","OFC"
2003,5752731,"JEY","Jersey",1017,4650926.50982294,7957407.62844,6433347.58544749,0,0,0,1,0,0,0,0,0,0,0,8,3,"OFC","OFC"
2004,3371035,"JEY","Jersey",1017,2978998.76281372,4778206.14005,4222522.21637504,0,0,0,1,0,0,0,0,0,0,0,8,3,"OFC","OFC"
2005,3583696,"JEY","Jersey",1017,2726695.57939588,5192775.504,3950981.89454462,0,0,0,1,0,0,0,0,0,0,0,8,3,"OFC","OFC"
2006,4108353,"JEY","Jersey",1017,3366674.58821601,6177073.06962,5061929.9103663,0,0,0,1,0,0,0,0,0,0,0,8,3,"OFC","OFC"
2007,4961924,"JEY","Jersey",1017,4408639.71568192,7795182.604,6925972.9933363,0,0,0,1,0,0,0,0,0,0,0,8,3,"OFC","OFC"
2008,3770860,"JEY","Jersey",1017,3545040.89498919,6186095.83,5815639.58822976,0,0,0,1,0,0,0,0,0,0,0,8,3,"OFC","OFC"
2009,3408484,"JEY","Jersey",1017,3307602.13488598,5706006.72504,5537124.42992722,0,0,0,1,0,0,0,0,0,0,0,8,3,"OFC","OFC"
2010,1581293,"JEY","Jersey",1017,1682942.74159217,2596910.05511,2763846.37623457,0,0,0,1,0,0,0,0,0,0,0,8,3,"OFC","OFC"
2011,1775576,"JEY","Jersey",1017,1887103.83675205,3029381.23664,3219663.34003614,0,0,0,1,0,0,0,0,0,0,0,8,3,"OFC","OFC"
2012,2816000,"JEY","Jersey",1017,3072223.4344316,4873200.64,5316605.54222125,0,0,0,1,0,0,0,0,0,0,0,8,3,"OFC","OFC"
2013,2198808,"JEY","Jersey",1017,2466413.9091419,3480757.04016,3904382.5464498,0,0,0,1,0,0,0,0,0,0,0,8,3,"OFC","OFC"
2014,3398109,"JEY","Jersey",1017,3435556.56657567,5179465.69998,5236544.02990597,0,0,0,1,0,0,0,0,0,0,0,8,3,"OFC","OFC"
2015,2437240.34382,"JEY","Jersey",1017,2456647.86192924,3274603.00874624,3300678.36785227,0,0,0,1,0,0,0,0,0,0,0,8,3,"OFC","OFC"
2016,2615162.79504,"JEY","Jersey",1017,2573979.12897638,3491791.51556536,3436802.67280055,0,0,0,1,0,0,0,0,0,0,0,8,3,"OFC","OFC"
2017,4243108.10829,"JEY","Jersey",1017,4350567.1160566,5743046.82457051,5888492.5915826,0,0,0,1,0,0,0,0,0,0,0,8,3,"OFC","OFC"
2018,6279438.993018,"JEY","Jersey",1017,6375064.96753096,8608168.94357873,8739257.81073982,0,0,0,1,0,0,0,0,0,0,0,8,3,"OFC","OFC"
2019,3751429.593522,"JEY","Jersey",1017,3874443.16397831,5067468.60922545,5233636.57033354,0,0,0,1,0,0,0,0,0,0,0,8,3,"OFC","OFC"
2020,4193975.352051,"JEY","Jersey",1017,4759391.00323536,5583691.02470662,6336462.80606743,0,0,0,1,0,0,0,0,0,0,0,8,3,"OFC","OFC"
2021,6049927.641583,"JEY","Jersey",1017,6628604.8445086,8582971.84583739,9403935.40685591,0,0,0,1,0,0,0,0,0,0,0,8,3,"OFC","OFC"
2022,6645740.319309,"JEY","Jersey",1017,7223630.78185761,8776896.32490501,9540104.70098371,0,0,0,1,0,0,0,0,0,0,0,8,3,"OFC","OFC"
1987,774000,"MCO","Monaco",1028,605633.804172717,1051966.62,823135.072265265,0,0,0,1,0,0,0,0,0,0,0,8,3,"OFC","OFC"
1988,931000,"MCO","Monaco",1028,619015.978642514,1270042.27,844443.027584758,0,0,0,1,0,0,0,0,0,0,0,8,3,"OFC","OFC"
1989,1101000,"MCO","Monaco",1028,711930.17981525,1468987.23,949878.603814901,0,0,0,1,0,0,0,0,0,0,0,8,3,"OFC","OFC"
1990,1218000,"MCO","Monaco",1028,940177.508561812,1706491.08,1317245.10014561,0,0,0,1,0,0,0,0,0,0,0,8,3,"OFC","OFC"
1991,1302000,"MCO","Monaco",1028,960531.181474445,1860206.46,1372339.71490798,0,0,0,1,0,0,0,0,0,0,0,8,3,"OFC","OFC"
1992,1365000,"MCO","Monaco",1028,937500.019035824,1970213.7,1353168.77747593,0,0,0,1,0,0,0,0,0,0,0,8,3,"OFC","OFC"
1993,1143000,"MCO","Monaco",1028,772558.267838729,1709905.14,1155731.71752138,0,0,0,1,0,0,0,0,0,0,0,8,3,"OFC","OFC"
1994,1294000,"MCO","Monaco",1028,986656.535346169,1982563.28,1511676.21093457,0,0,0,1,0,0,0,0,0,0,0,8,3,"OFC","OFC"
1995,1304000,"MCO","Monaco",1028,1133420.1938143,2074416.24,1803056.17852172,0,0,0,1,0,0,0,0,0,0,0,8,3,"OFC","OFC"
1996,1440000,"MCO","Monaco",1028,1069518.69869923,2273947.2,1688909.06267692,0,0,0,1,0,0,0,0,0,0,0,8,3,"OFC","OFC"
1997,1915000,"MCO","Monaco",1028,1315879.9112807,2972692.8,2042666.70387925,0,0,0,1,0,0,0,0,0,0,0,8,3,"OFC","OFC"
1998,1951000,"MCO","Monaco",1028,1417362.86605977,3083223.83,2239901.05812023,0,0,0,1,0,0,0,0,0,0,0,8,3,"OFC","OFC"
1999,2275000,"MCO","Monaco",1028,1422230.59545698,3075094.75,1922414.87357324,0,0,0,1,0,0,0,0,0,0,0,8,3,"OFC","OFC"
2000,2581000,"MCO","Monaco",1028,1577146.34799628,3519941.99,2150896.41793385,0,0,0,1,0,0,0,0,0,0,0,8,3,"OFC","OFC"
2001,2436000,"MCO","Monaco",1028,1452334.12886743,3393957,2023464.52504454,0,0,0,1,0,0,0,0,0,0,0,8,3,"OFC","OFC"
2002,2681000,"MCO","Monaco",1028,1933227.50354542,3805572.26,2744139.11218258,0,0,0,1,0,0,0,0,0,0,0,8,3,"OFC","OFC"
2003,1970000,"MCO","Monaco",1028,1592691.44203729,2724982.8,2203074.51028366,0,0,0,1,0,0,0,0,0,0,0,8,3,"OFC","OFC"
2004,2085000,"MCO","Monaco",1028,1842523.82368529,2955341.55,2611648.54340624,0,0,0,1,0,0,0,0,0,0,0,8,3,"OFC","OFC"
2005,2454000,"MCO","Monaco",1028,1867153.70162411,3555846,2705505.71365334,0,0,0,1,0,0,0,0,0,0,0,8,3,"OFC","OFC"
2006,,"MCO","Monaco",1028,,,,0,0,0,1,0,0,0,0,0,0,0,8,3,"OFC","OFC"
2007,,"MCO","Monaco",1028,,,,0,0,0,1,0,0,0,0,0,0,0,8,3,"OFC","OFC"
2008,,"MCO","Monaco",1028,,,,0,0,0,1,0,0,0,0,0,0,0,8,3,"OFC","OFC"
1987,14000,"USSR","USSR",8000,10954.6166129432,19027.82,14888.7480771495,0,0,1,0,0,0,0,0,1,0,0,4,2,"Asia","Developing"
1988,25000,"USSR","USSR",8000,16622.3409946969,34104.25,22675.6989147357,0,0,1,0,0,0,0,0,1,0,0,4,2,"Asia","Developing"
1989,29000,"USSR","USSR",8000,18752.021085052,38692.67,25019.5090923089,0,0,1,0,0,0,0,0,1,0,0,4,2,"Asia","Developing"
1990,46000,"USSR","USSR",8000,35507.5249538944,64448.76,49748.1729119033,0,0,1,0,0,0,0,0,1,0,0,4,2,"Asia","Developing"
1991,65000,"USSR","USSR",8000,47952.78555748,92867.45,68511.5833095384,0,0,1,0,0,0,0,0,1,0,0,4,2,"Asia","Developing"
1992,,"USSR","USSR",8000,,,,0,0,1,0,0,0,0,0,1,0,0,4,2,"Asia","Developing"
1993,,"USSR","USSR",8000,,,,0,0,1,0,0,0,0,0,1,0,0,4,2,"Asia","Developing"
1994,,"USSR","USSR",8000,,,,0,0,1,0,0,0,0,0,1,0,0,4,2,"Asia","Developing"
1995,,"USSR","USSR",8000,,,,0,0,1,0,0,0,0,0,1,0,0,4,2,"Asia","Developing"
1996,,"USSR","USSR",8000,,,,0,0,1,0,0,0,0,0,1,0,0,4,2,"Asia","Developing"
1997,,"USSR","USSR",8000,,,,0,0,1,0,0,0,0,0,1,0,0,4,2,"Asia","Developing"
1998,,"USSR","USSR",8000,,,,0,0,1,0,0,0,0,0,1,0,0,4,2,"Asia","Developing"
1999,,"USSR","USSR",8000,,,,0,0,1,0,0,0,0,0,1,0,0,4,2,"Asia","Developing"
2000,,"USSR","USSR",8000,,,,0,0,1,0,0,0,0,0,1,0,0,4,2,"Asia","Developing"
2001,,"USSR","USSR",8000,,,,0,0,1,0,0,0,0,0,1,0,0,4,2,"Asia","Developing"
2002,,"USSR","USSR",8000,,,,0,0,1,0,0,0,0,0,1,0,0,4,2,"Asia","Developing"
2003,,"USSR","USSR",8000,,,,0,0,1,0,0,0,0,0,1,0,0,4,2,"Asia","Developing"
2004,,"USSR","USSR",8000,,,,0,0,1,0,0,0,0,0,1,0,0,4,2,"Asia","Developing"
2005,,"USSR","USSR",8000,,,,0,0,1,0,0,0,0,0,1,0,0,4,2,"Asia","Developing"
2006,,"USSR","USSR",8000,,,,0,0,1,0,0,0,0,0,1,0,0,4,2,"Asia","Developing"
2007,,"USSR","USSR",8000,,,,0,0,1,0,0,0,0,0,1,0,0,4,2,"Asia","Developing"
2008,,"USSR","USSR",8000,,,,0,0,1,0,0,0,0,0,1,0,0,4,2,"Asia","Developing"
1987,4000,"Tcheco","Tchecoslovakia",8001,3129.89046084091,5436.52,4253.92802204271,0,0,1,0,0,0,0,0,0,0,1,2,2,"Europe","Developing"
1988,5000,"Tcheco","Tchecoslovakia",8001,3324.46819893939,6820.85,4535.13978294714,0,0,1,0,0,0,0,0,0,0,1,2,2,"Europe","Developing"
1989,7000,"Tcheco","Tchecoslovakia",8001,4526.34991708152,9339.61,6039.19184986767,0,0,1,0,0,0,0,0,0,0,1,2,2,"Europe","Developing"
1990,13000,"Tcheco","Tchecoslovakia",8001,10034.7353130571,18213.78,14059.2662577118,0,0,1,0,0,0,0,0,0,0,1,2,2,"Europe","Developing"
1991,26000,"Tcheco","Tchecoslovakia",8001,19181.114222992,37146.98,27404.6333238154,0,0,1,0,0,0,0,0,0,0,1,2,2,"Europe","Developing"
1992,41000,"Tcheco","Tchecoslovakia",8001,28159.3412311127,59178.58,40644.6299461634,0,0,1,0,0,0,0,0,0,0,1,2,2,"Europe","Developing"
1993,,"Tcheco","Tchecoslovakia",8001,,,,0,0,1,0,0,0,0,0,0,0,1,2,2,"Europe","Developing"
1994,,"Tcheco","Tchecoslovakia",8001,,,,0,0,1,0,0,0,0,0,0,0,1,2,2,"Europe","Developing"
1995,,"Tcheco","Tchecoslovakia",8001,,,,0,0,1,0,0,0,0,0,0,0,1,2,2,"Europe","Developing"
1996,,"Tcheco","Tchecoslovakia",8001,,,,0,0,1,0,0,0,0,0,0,0,1,2,2,"Europe","Developing"
1997,,"Tcheco","Tchecoslovakia",8001,,,,0,0,1,0,0,0,0,0,0,0,1,2,2,"Europe","Developing"
1998,,"Tcheco","Tchecoslovakia",8001,,,,0,0,1,0,0,0,0,0,0,0,1,2,2,"Europe","Developing"
1999,,"Tcheco","Tchecoslovakia",8001,,,,0,0,1,0,0,0,0,0,0,0,1,2,2,"Europe","Developing"
2000,,"Tcheco","Tchecoslovakia",8001,,,,0,0,1,0,0,0,0,0,0,0,1,2,2,"Europe","Developing"
2001,,"Tcheco","Tchecoslovakia",8001,,,,0,0,1,0,0,0,0,0,0,0,1,2,2,"Europe","Developing"
2002,,"Tcheco","Tchecoslovakia",8001,,,,0,0,1,0,0,0,0,0,0,0,1,2,2,"Europe","Developing"
2003,,"Tcheco","Tchecoslovakia",8001,,,,0,0,1,0,0,0,0,0,0,0,1,2,2,"Europe","Developing"
2004,,"Tcheco","Tchecoslovakia",8001,,,,0,0,1,0,0,0,0,0,0,0,1,2,2,"Europe","Developing"
2005,,"Tcheco","Tchecoslovakia",8001,,,,0,0,1,0,0,0,0,0,0,0,1,2,2,"Europe","Developing"
2006,,"Tcheco","Tchecoslovakia",8001,,,,0,0,1,0,0,0,0,0,0,0,1,2,2,"Europe","Developing"
2007,,"Tcheco","Tchecoslovakia",8001,,,,0,0,1,0,0,0,0,0,0,0,1,2,2,"Europe","Developing"
2008,,"Tcheco","Tchecoslovakia",8001,,,,0,0,1,0,0,0,0,0,0,0,1,2,2,"Europe","Developing"
1987,163000,"YUG","Yugoslavia",8002,127543.036279267,221538.19,173347.56689824,0,0,1,0,0,0,0,0,0,0,1,2,2,"Europe","Developing"
1988,183000,"YUG","Yugoslavia",8002,121675.536081182,249643.11,165986.116055865,0,0,1,0,0,0,0,0,0,0,1,2,2,"Europe","Developing"
1989,212000,"YUG","Yugoslavia",8002,137083.740345897,282856.76,182901.238881707,0,0,1,0,0,0,0,0,0,0,1,2,2,"Europe","Developing"
1990,232000,"YUG","Yugoslavia",8002,179081.43020225,325045.92,250903.828599164,0,0,1,0,0,0,0,0,0,0,1,2,2,"Europe","Developing"
1991,356000,"YUG","Yugoslavia",8002,262633.717822506,508627.88,375232.671664549,0,0,1,0,0,0,0,0,0,0,1,2,2,"Europe","Developing"
1992,,"YUG","Yugoslavia",8002,,,,0,0,1,0,0,0,0,0,0,0,1,2,2,"Europe","Developing"
1993,,"YUG","Yugoslavia",8002,,,,0,0,1,0,0,0,0,0,0,0,1,2,2,"Europe","Developing"
1994,,"YUG","Yugoslavia",8002,,,,0,0,1,0,0,0,0,0,0,0,1,2,2,"Europe","Developing"
1995,,"YUG","Yugoslavia",8002,,,,0,0,1,0,0,0,0,0,0,0,1,2,2,"Europe","Developing"
1996,,"YUG","Yugoslavia",8002,,,,0,0,1,0,0,0,0,0,0,0,1,2,2,"Europe","Developing"
1997,,"YUG","Yugoslavia",8002,,,,0,0,1,0,0,0,0,0,0,0,1,2,2,"Europe","Developing"
1998,,"YUG","Yugoslavia",8002,,,,0,0,1,0,0,0,0,0,0,0,1,2,2,"Europe","Developing"
1999,,"YUG","Yugoslavia",8002,,,,0,0,1,0,0,0,0,0,0,0,1,2,2,"Europe","Developing"
2000,,"YUG","Yugoslavia",8002,,,,0,0,1,0,0,0,0,0,0,0,1,2,2,"Europe","Developing"
2001,,"YUG","Yugoslavia",8002,,,,0,0,1,0,0,0,0,0,0,0,1,2,2,"Europe","Developing"
2002,,"YUG","Yugoslavia",8002,,,,0,0,1,0,0,0,0,0,0,0,1,2,2,"Europe","Developing"
2003,,"YUG","Yugoslavia",8002,,,,0,0,1,0,0,0,0,0,0,0,1,2,2,"Europe","Developing"
2004,,"YUG","Yugoslavia",8002,,,,0,0,1,0,0,0,0,0,0,0,1,2,2,"Europe","Developing"
2005,,"YUG","Yugoslavia",8002,,,,0,0,1,0,0,0,0,0,0,0,1,2,2,"Europe","Developing"
2006,,"YUG","Yugoslavia",8002,,,,0,0,1,0,0,0,0,0,0,0,1,2,2,"Europe","Developing"
2007,,"YUG","Yugoslavia",8002,,,,0,0,1,0,0,0,0,0,0,0,1,2,2,"Europe","Developing"
2008,,"YUG","Yugoslavia",8002,,,,0,0,1,0,0,0,0,0,0,0,1,2,2,"Europe","Developing"
1987,30000,"GDR","German Democratic Republic",8003,23474.1784563069,40773.9,31904.4601653203,0,0,1,0,0,0,0,0,0,0,1,2,2,"Europe","Developing"
1988,38000,"GDR","German Democratic Republic",8003,25265.9583119393,51838.46,34467.0623503983,0,0,1,0,0,0,0,0,0,0,1,2,2,"Europe","Developing"
1989,39000,"GDR","German Democratic Republic",8003,25218.2352523113,52034.97,33646.9260206913,0,0,1,0,0,0,0,0,0,0,1,2,2,"Europe","Developing"
1990,,"GDR","German Democratic Republic",8003,,,,0,0,1,0,0,0,0,0,0,0,1,2,2,"Europe","Developing"
1991,,"GDR","German Democratic Republic",8003,,,,0,0,1,0,0,0,0,0,0,0,1,2,2,"Europe","Developing"
1992,,"GDR","German Democratic Republic",8003,,,,0,0,1,0,0,0,0,0,0,0,1,2,2,"Europe","Developing"
1993,,"GDR","German Democratic Republic",8003,,,,0,0,1,0,0,0,0,0,0,0,1,2,2,"Europe","Developing"
1994,,"GDR","German Democratic Republic",8003,,,,0,0,1,0,0,0,0,0,0,0,1,2,2,"Europe","Developing"
1995,,"GDR","German Democratic Republic",8003,,,,0,0,1,0,0,0,0,0,0,0,1,2,2,"Europe","Developing"
1996,,"GDR","German Democratic Republic",8003,,,,0,0,1,0,0,0,0,0,0,0,1,2,2,"Europe","Developing"
1997,,"GDR","German Democratic Republic",8003,,,,0,0,1,0,0,0,0,0,0,0,1,2,2,"Europe","Developing"
1998,,"GDR","German Democratic Republic",8003,,,,0,0,1,0,0,0,0,0,0,0,1,2,2,"Europe","Developing"
1999,,"GDR","German Democratic Republic",8003,,,,0,0,1,0,0,0,0,0,0,0,1,2,2,"Europe","Developing"
2000,,"GDR","German Democratic Republic",8003,,,,0,0,1,0,0,0,0,0,0,0,1,2,2,"Europe","Developing"
2001,,"GDR","German Democratic Republic",8003,,,,0,0,1,0,0,0,0,0,0,0,1,2,2,"Europe","Developing"
2002,,"GDR","German Democratic Republic",8003,,,,0,0,1,0,0,0,0,0,0,0,1,2,2,"Europe","Developing"
2003,,"GDR","German Democratic Republic",8003,,,,0,0,1,0,0,0,0,0,0,0,1,2,2,"Europe","Developing"
2004,,"GDR","German Democratic Republic",8003,,,,0,0,1,0,0,0,0,0,0,0,1,2,2,"Europe","Developing"
2005,,"GDR","German Democratic Republic",8003,,,,0,0,1,0,0,0,0,0,0,0,1,2,2,"Europe","Developing"
2006,,"GDR","German Democratic Republic",8003,,,,0,0,1,0,0,0,0,0,0,0,1,2,2,"Europe","Developing"
2007,,"GDR","German Democratic Republic",8003,,,,0,0,1,0,0,0,0,0,0,0,1,2,2,"Europe","Developing"
2008,,"GDR","German Democratic Republic",8003,,,,0,0,1,0,0,0,0,0,0,0,1,2,2,"Europe","Developing"
1987,21479336.55,"LIE","Liechtenstein",9006,16806992.6056338,29193210.6852015,22842887.8600951,0,0,0,1,0,0,0,0,0,0,0,8,3,"OFC","OFC"
1988,26349256.8,"LIE","Liechtenstein",9006,17519452.6595745,35944865.648856,23899511.7346117,0,0,0,1,0,0,0,0,0,0,0,8,3,"OFC","OFC"
1989,37618240.05,"LIE","Liechtenstein",9006,24324759.1658584,50191384.4219115,32454823.4218632,0,0,0,1,0,0,0,0,0,0,0,8,3,"OFC","OFC"
1990,42748409.25,"LIE","Liechtenstein",9006,32997614.2416056,59893086.263805,46231637.4093439,0,0,0,1,0,0,0,0,0,0,0,8,3,"OFC","OFC"
1991,41741785.35,"LIE","Liechtenstein",9006,30794382.4050166,59637740.9831055,43996857.9735194,0,0,0,1,0,0,0,0,0,0,0,8,3,"OFC","OFC"
1992,42298069.95,"LIE","Liechtenstein",9006,29050872.2184066,61052188.204431,41931447.9426037,0,0,0,1,0,0,0,0,0,0,0,8,3,"OFC","OFC"
1993,35918460.45,"LIE","Liechtenstein",9006,24277431.8688746,53733298.463991,36318552.5271991,0,0,0,1,0,0,0,0,0,0,0,8,3,"OFC","OFC"
1994,34467821.55,"LIE","Liechtenstein",9006,26281221.1589783,52808838.753186,40265984.5620938,0,0,0,1,0,0,0,0,0,0,0,8,3,"OFC","OFC"
1995,28634366.7,"LIE","Liechtenstein",9006,24888628.1616688,45551836.890027,39593078.5658644,0,0,0,1,0,0,0,0,0,0,0,8,3,"OFC","OFC"
1996,32299580.7,"LIE","Liechtenstein",9006,23989587.5668449,51005236.870791,37882677.4144318,0,0,0,1,0,0,0,0,0,0,0,8,3,"OFC","OFC"
1997,34384837.95,"LIE","Liechtenstein",9006,23627319.4186766,53376271.646544,36677160.48,0,0,0,1,0,0,0,0,0,0,0,8,3,"OFC","OFC"
1998,33244218.9,"LIE","Liechtenstein",9006,24151266.9088267,52536836.454237,38166971.6340262,0,0,0,1,0,0,0,0,0,0,0,8,3,"OFC","OFC"
1999,34918052.85,"LIE","Liechtenstein",9006,21829240.3413353,47198382.8568165,29506365.8769796,0,0,0,1,0,0,0,0,0,0,0,8,3,"OFC","OFC"
2000,43468746.3,"LIE","Liechtenstein",9006,26562020.3483043,59282241.516477,36225017.7308139,0,0,0,1,0,0,0,0,0,0,0,8,3,"OFC","OFC"
2001,40667013.9,"LIE","Liechtenstein",9006,24245521.9102128,56659317.116175,33780073.401404,0,0,0,1,0,0,0,0,0,0,0,8,3,"OFC","OFC"
2002,31914158.4,"LIE","Liechtenstein",9006,23012805.307182,45300871.282464,32665756.6213326,0,0,0,1,0,0,0,0,0,0,0,8,3,"OFC","OFC"
2003,27946557,"LIE","Liechtenstein",9006,22594031.0453553,38656795.50468,31252967.5031773,0,0,0,1,0,0,0,0,0,0,0,8,3,"OFC","OFC"
2004,28194801.3,"LIE","Liechtenstein",9006,24915872.4814422,39964157.206659,35316505.1313706,0,0,0,1,0,0,0,0,0,0,0,8,3,"OFC","OFC"
2005,35524055.25,"LIE","Liechtenstein",9006,27028878.6806665,51474356.05725,39164845.2082858,0,0,0,1,0,0,0,0,0,0,0,8,3,"OFC","OFC"
2006,43990664.85,"LIE","Liechtenstein",9006,36049057.4858641,66141724.228569,54201199.8922962,0,0,0,1,0,0,0,0,0,0,0,8,3,"OFC","OFC"
2007,51398599.95,"LIE","Liechtenstein",9006,45667347.8009773,80747200.52145,71743403.3953354,0,0,0,1,0,0,0,0,0,0,0,8,3,"OFC","OFC"
2008,41390574.75,"LIE","Liechtenstein",9006,38911887.5152769,67901237.877375,63834951.4688117,0,0,0,1,0,0,0,0,0,0,0,8,3,"OFC","OFC"
2009,27846619.65,"LIE","Liechtenstein",9006,27035553.0582524,46616912.091279,45259137.9526981,0,0,0,1,0,0,0,0,0,0,0,8,3,"OFC","OFC"
2010,21293121.6,"LIE","Liechtenstein",9006,22652257.0212766,34969054.810032,37201122.1383319,0,0,0,1,0,0,0,0,0,0,0,8,3,"OFC","OFC"
2011,19129855.95,"LIE","Liechtenstein",9006,20350910.5851064,32638212.430533,34721502.5856734,0,0,0,1,0,0,0,0,0,0,0,8,3,"OFC","OFC"
2012,15468846.75,"LIE","Liechtenstein",9006,16813963.8586957,26769458.054745,29097237.0160272,0,0,0,1,0,0,0,0,0,0,0,8,3,"OFC","OFC"
2013,13716279.45,"LIE","Liechtenstein",9006,15411549.9438202,21713144.694939,24396791.7920663,0,0,0,1,0,0,0,0,0,0,0,8,3,"OFC","OFC"
2014,11830154.85,"LIE","Liechtenstein",9006,11949651.3636364,18031758.625467,18213897.6014818,0,0,0,1,0,0,0,0,0,0,0,8,3,"OFC","OFC"
2015,10480844.007189,"LIE","Liechtenstein",9006,10586711.1183727,14081747.5827389,14223987.457312,0,0,0,1,0,0,0,0,0,0,0,8,3,"OFC","OFC"
2016,10724961.4845894,"LIE","Liechtenstein",9006,10514668.1221465,14320075.8238386,14039290.0233712,0,0,0,1,0,0,0,0,0,0,0,8,3,"OFC","OFC"
2017,11338333.1866395,"LIE","Liechtenstein",9006,11569727.7414689,15346433.9681166,15659626.4980781,0,0,0,1,0,0,0,0,0,0,0,8,3,"OFC","OFC"
2018,14257450.0248214,"LIE","Liechtenstein",9006,14401464.6715368,19544825.3665265,19742247.8449762,0,0,0,1,0,0,0,0,0,0,0,8,3,"OFC","OFC"
2019,26416598.1322518,"LIE","Liechtenstein",9006,27233606.3219091,35683804.9230271,36787427.755698,0,0,0,1,0,0,0,0,0,0,0,8,3,"OFC","OFC"
2020,19096174.9409189,"LIE","Liechtenstein",9006,21700198.7964987,25423883.4693417,28890776.6697065,0,0,0,1,0,0,0,0,0,0,0,8,3,"OFC","OFC"
2021,16866157.1918814,"LIE","Liechtenstein",9006,18534238.6723971,23927848.5465502,26294339.0621431,0,0,0,1,0,0,0,0,0,0,0,8,3,"OFC","OFC"
2022,25483717.2267477,"LIE","Liechtenstein",9006,27699692.6377692,33655835.6670212,36582430.0728491,0,0,0,1,0,0,0,0,0,0,0,8,3,"OFC","OFC"
